StateFIPS,State,CountyFIPS,County,Value,Start Year,End Year
1,Alabama,1003,Baldwin,9.02,2011,2015
1,Alabama,1027,Clay,8.940000000000001,2011,2015
1,Alabama,1033,Colbert,9.16,2011,2015
1,Alabama,1049,DeKalb,9.6,2011,2015
1,Alabama,1055,Etowah,9.72,2011,2015
1,Alabama,1069,Houston,8.66,2011,2015
1,Alabama,1073,Jefferson,11.9,2011,2015
1,Alabama,1089,Madison,9.3,2011,2015
1,Alabama,1097,Mobile,8.9,2011,2015
1,Alabama,1101,Montgomery,10.02,2011,2015
1,Alabama,1103,Morgan,9.22,2011,2015
1,Alabama,1113,Russell,10.98,2011,2015
1,Alabama,1117,Shelby,9.75,2011,2015
1,Alabama,1121,Talladega,10.22,2011,2015
1,Alabama,1125,Tuscaloosa,9.459999999999999,2011,2015
1,Alabama,1127,Walker,11.2,2011,2015
2,Alaska,2020,Anchorage,6.3,2011,2015
2,Alaska,2090,Fairbanks North Star,13.26,2011,2015
2,Alaska,2110,Juneau,6.6,2011,2015
2,Alaska,2170,Matanuska-Susitna,6.68,2011,2015
4,Arizona,4003,Cochise,6.133333333333333,2011,2015
4,Arizona,4005,Coconino,5.333333333333333,2011,2015
4,Arizona,4012,La Paz,1.5,2011,2015
4,Arizona,4013,Maricopa,10.540000000000001,2011,2015
4,Arizona,4019,Pima,5.68,2011,2015
4,Arizona,4021,Pinal,13.540000000000001,2011,2015
4,Arizona,4023,Santa Cruz,9.440000000000001,2011,2015
4,Arizona,4025,Yavapai,4.133333333333334,2011,2015
4,Arizona,4027,Yuma,7.233333333333333,2011,2015
5,Arkansas,5001,Arkansas,9.7,2011,2015
5,Arkansas,5003,Ashley,9.44,2011,2015
5,Arkansas,5035,Crittenden,9.940000000000001,2011,2015
5,Arkansas,5045,Faulkner,11.5,2011,2015
5,Arkansas,5051,Garland,9.8,2011,2015
5,Arkansas,5067,Jackson,9.28,2011,2015
5,Arkansas,5107,Phillips,10.9,2011,2015
5,Arkansas,5113,Polk,9.8,2011,2015
5,Arkansas,5115,Pope,12.0,2011,2015
5,Arkansas,5119,Pulaski,11.22,2011,2015
5,Arkansas,5139,Union,9.98,2011,2015
5,Arkansas,5143,Washington,9.42,2011,2015
5,Arkansas,5145,White,11.8,2011,2015
6,California,6001,Alameda,10.2,2011,2015
6,California,6007,Butte,10.025,2011,2015
6,California,6009,Calaveras,8.7,2011,2015
6,California,6011,Colusa,7.38,2011,2015
6,California,6013,Contra Costa,7.866666666666667,2011,2015
6,California,6019,Fresno,15.5,2011,2015
6,California,6023,Humboldt,6.08,2011,2015
6,California,6025,Imperial,14.02,2011,2015
6,California,6027,Inyo,7.359999999999999,2011,2015
6,California,6029,Kern,18.7,2011,2015
6,California,6031,Kings,15.833333333333334,2011,2015
6,California,6033,Lake,3.9,2011,2015
6,California,6037,Los Angeles,12.68,2011,2015
6,California,6039,Madera,13.9,2011,2015
6,California,6041,Marin,8.6,2011,2015
6,California,6045,Mendocino,8.6,2011,2015
6,California,6047,Merced,11.459999999999999,2011,2015
6,California,6053,Monterey,5.14,2011,2015
6,California,6055,Napa,10.6,2011,2015
6,California,6057,Nevada,6.42,2011,2015
6,California,6059,Orange,10.36,2011,2015
6,California,6061,Placer,7.74,2011,2015
6,California,6063,Plumas,13.280000000000001,2011,2015
6,California,6065,Riverside,14.52,2011,2015
6,California,6067,Sacramento,10.120000000000001,2011,2015
6,California,6069,San Benito,4.3,2011,2015
6,California,6071,San Bernardino,13.219999999999999,2011,2015
6,California,6073,San Diego,10.42,2011,2015
6,California,6075,San Francisco,7.7,2011,2015
6,California,6077,San Joaquin,13.4,2011,2015
6,California,6079,San Luis Obispo,11.1,2011,2015
6,California,6081,San Mateo,7.0,2011,2015
6,California,6083,Santa Barbara,8.3,2011,2015
6,California,6085,Santa Clara,9.82,2011,2015
6,California,6087,Santa Cruz,6.1,2011,2015
6,California,6089,Shasta,5.98,2011,2015
6,California,6093,Siskiyou,7.025,2011,2015
6,California,6095,Solano,10.4,2011,2015
6,California,6097,Sonoma,6.8,2011,2015
6,California,6099,Stanislaus,14.2,2011,2015
6,California,6101,Sutter,8.42,2011,2015
6,California,6107,Tulare,16.759999999999998,2011,2015
6,California,6111,Ventura,9.25,2011,2015
6,California,6113,Yolo,7.0,2011,2015
8,Colorado,8001,Adams,8.525,2011,2015
8,Colorado,8005,Arapahoe,6.32,2011,2015
8,Colorado,8013,Boulder,6.94,2011,2015
8,Colorado,8031,Denver,8.52,2011,2015
8,Colorado,8035,Douglas,5.619999999999999,2011,2015
8,Colorado,8041,El Paso,5.9799999999999995,2011,2015
8,Colorado,8045,Garfield,4.9,2011,2015
8,Colorado,8067,La Plata,3.4,2011,2015
8,Colorado,8069,Larimer,6.720000000000001,2011,2015
8,Colorado,8077,Mesa,7.279999999999999,2011,2015
8,Colorado,8083,Montezuma,5.75,2011,2015
8,Colorado,8101,Pueblo,5.92,2011,2015
8,Colorado,8103,Rio Blanco,8.2,2011,2015
8,Colorado,8123,Weld,7.74,2011,2015
9,Connecticut,9001,Fairfield,9.28,2011,2015
9,Connecticut,9003,Hartford,8.78,2011,2015
9,Connecticut,9005,Litchfield,5.38,2011,2015
9,Connecticut,9009,New Haven,9.2,2011,2015
9,Connecticut,9011,New London,7.625,2011,2015
10,Delaware,10001,Kent,8.3,2011,2015
10,Delaware,10003,New Castle,10.120000000000001,2011,2015
10,Delaware,10005,Sussex,8.440000000000001,2011,2015
11,District of Columbia,11001,District of Columbia,9.84,2011,2015
12,Florida,12001,Alachua,7.0200000000000005,2011,2015
12,Florida,12009,Brevard,5.86,2011,2015
12,Florida,12011,Broward,6.88,2011,2015
12,Florida,12017,Citrus,6.68,2011,2015
12,Florida,12031,Duval,8.28,2011,2015
12,Florida,12033,Escambia,8.24,2011,2015
12,Florida,12057,Hillsborough,7.62,2011,2015
12,Florida,12071,Lee,6.34,2011,2015
12,Florida,12073,Leon,8.82,2011,2015
12,Florida,12086,Miami-Dade,7.06,2011,2015
12,Florida,12095,Orange,6.5,2011,2015
12,Florida,12099,Palm Beach,5.68,2011,2015
12,Florida,12103,Pinellas,6.779999999999999,2011,2015
12,Florida,12105,Polk,6.859999999999999,2011,2015
12,Florida,12115,Sarasota,6.5,2011,2015
12,Florida,12117,Seminole,6.68,2011,2015
12,Florida,12127,Volusia,6.5,2011,2015
13,Georgia,13021,Bibb,11.28,2011,2015
13,Georgia,13051,Chatham,9.8,2011,2015
13,Georgia,13059,Clarke,9.68,2011,2015
13,Georgia,13063,Clayton,10.7,2011,2015
13,Georgia,13067,Cobb,10.08,2011,2015
13,Georgia,13089,DeKalb,10.68,2011,2015
13,Georgia,13095,Dougherty,10.919999999999998,2011,2015
13,Georgia,13115,Floyd,10.58,2011,2015
13,Georgia,13121,Fulton,11.24,2011,2015
13,Georgia,13127,Glynn,8.1,2011,2015
13,Georgia,13135,Gwinnett,9.64,2011,2015
13,Georgia,13139,Hall,9.059999999999999,2011,2015
13,Georgia,13153,Houston,9.52,2011,2015
13,Georgia,13185,Lowndes,8.9,2011,2015
13,Georgia,13215,Muscogee,10.379999999999999,2011,2015
13,Georgia,13223,Paulding,8.84,2011,2015
13,Georgia,13245,Richmond,10.26,2011,2015
13,Georgia,13295,Walker,10.18,2011,2015
13,Georgia,13303,Washington,9.72,2011,2015
13,Georgia,13319,Wilkinson,10.760000000000002,2011,2015
15,Hawaii,15001,Hawaii,12.9,2011,2015
15,Hawaii,15003,Honolulu,4.05,2011,2015
15,Hawaii,15007,Kauai,3.6,2011,2015
15,Hawaii,15009,Maui,5.4,2011,2015
16,Idaho,16001,Ada,8.825,2011,2015
16,Idaho,16005,Bannock,6.075,2011,2015
16,Idaho,16009,Benewah,9.9,2011,2015
16,Idaho,16027,Canyon,10.45,2011,2015
16,Idaho,16041,Franklin,7.55,2011,2015
16,Idaho,16059,Lemhi,12.0,2011,2015
16,Idaho,16079,Shoshone,12.75,2011,2015
17,Illinois,17001,Adams,10.05,2011,2015
17,Illinois,17019,Champaign,9.725,2011,2015
17,Illinois,17031,Cook,12.8,2011,2015
17,Illinois,17043,DuPage,10.0,2011,2015
17,Illinois,17065,Hamilton,9.066666666666666,2011,2015
17,Illinois,17083,Jersey,8.866666666666667,2011,2015
17,Illinois,17089,Kane,9.825,2011,2015
17,Illinois,17111,McHenry,10.1,2011,2015
17,Illinois,17113,McLean,9.2,2011,2015
17,Illinois,17115,Macon,10.025,2011,2015
17,Illinois,17119,Madison,13.125,2011,2015
17,Illinois,17143,Peoria,9.65,2011,2015
17,Illinois,17157,Randolph,8.625,2011,2015
17,Illinois,17161,Rock Island,9.825,2011,2015
17,Illinois,17163,St. Clair,11.175,2011,2015
17,Illinois,17167,Sangamon,9.675,2011,2015
17,Illinois,17197,Will,10.0,2011,2015
17,Illinois,17201,Winnebago,9.45,2011,2015
18,Indiana,18003,Allen,10.32,2011,2015
18,Indiana,18005,Bartholomew,9.8,2011,2015
18,Indiana,18019,Clark,11.76,2011,2015
18,Indiana,18035,Delaware,10.02,2011,2015
18,Indiana,18037,Dubois,11.02,2011,2015
18,Indiana,18039,Elkhart,10.8,2011,2015
18,Indiana,18043,Floyd,10.68,2011,2015
18,Indiana,18051,Gibson,11.2,2011,2015
18,Indiana,18055,Greene,9.6,2011,2015
18,Indiana,18057,Hamilton,9.850000000000001,2011,2015
18,Indiana,18065,Henry,9.4,2011,2015
18,Indiana,18067,Howard,11.95,2011,2015
18,Indiana,18083,Knox,11.4,2011,2015
18,Indiana,18089,Lake,12.3,2011,2015
18,Indiana,18091,LaPorte,9.58,2011,2015
18,Indiana,18095,Madison,10.02,2011,2015
18,Indiana,18097,Marion,12.540000000000001,2011,2015
18,Indiana,18105,Monroe,9.52,2011,2015
18,Indiana,18127,Porter,10.18,2011,2015
18,Indiana,18141,St. Joseph,10.4,2011,2015
18,Indiana,18147,Spencer,10.66,2011,2015
18,Indiana,18157,Tippecanoe,10.16,2011,2015
18,Indiana,18163,Vanderburgh,11.34,2011,2015
18,Indiana,18167,Vigo,10.940000000000001,2011,2015
18,Indiana,18183,Whitley,9.72,2011,2015
19,Iowa,19013,Black Hawk,9.540000000000001,2011,2015
19,Iowa,19045,Clinton,10.52,2011,2015
19,Iowa,19055,Delaware,9.040000000000001,2011,2015
19,Iowa,19103,Johnson,9.26,2011,2015
19,Iowa,19111,Lee,10.48,2011,2015
19,Iowa,19113,Linn,9.6,2011,2015
19,Iowa,19137,Montgomery,8.14,2011,2015
19,Iowa,19139,Muscatine,10.940000000000001,2011,2015
19,Iowa,19147,Palo Alto,8.239999999999998,2011,2015
19,Iowa,19153,Polk,8.82,2011,2015
19,Iowa,19155,Pottawattamie,9.72,2011,2015
19,Iowa,19163,Scott,10.52,2011,2015
19,Iowa,19177,Van Buren,8.620000000000001,2011,2015
19,Iowa,19193,Woodbury,8.82,2011,2015
20,Kansas,20091,Johnson,8.040000000000001,2011,2015
20,Kansas,20107,Linn,8.8,2011,2015
20,Kansas,20133,Neosho,8.6,2011,2015
20,Kansas,20173,Sedgwick,9.28,2011,2015
20,Kansas,20177,Shawnee,8.52,2011,2015
20,Kansas,20191,Sumner,8.16,2011,2015
20,Kansas,20209,Wyandotte,9.66,2011,2015
21,Kentucky,21013,Bell,9.540000000000001,2011,2015
21,Kentucky,21019,Boyd,9.559999999999999,2011,2015
21,Kentucky,21029,Bullitt,11.3,2011,2015
21,Kentucky,21037,Campbell,9.74,2011,2015
21,Kentucky,21043,Carter,7.94,2011,2015
21,Kentucky,21047,Christian,10.02,2011,2015
21,Kentucky,21059,Daviess,10.76,2011,2015
21,Kentucky,21067,Fayette,9.620000000000001,2011,2015
21,Kentucky,21073,Franklin,10.2,2011,2015
21,Kentucky,21093,Hardin,10.0,2011,2015
21,Kentucky,21101,Henderson,10.459999999999999,2011,2015
21,Kentucky,21111,Jefferson,11.120000000000001,2011,2015
21,Kentucky,21145,McCracken,10.025,2011,2015
21,Kentucky,21151,Madison,8.459999999999999,2011,2015
21,Kentucky,21193,Perry,8.4,2011,2015
21,Kentucky,21195,Pike,8.620000000000001,2011,2015
21,Kentucky,21199,Pulaski,8.95,2011,2015
21,Kentucky,21227,Warren,9.600000000000001,2011,2015
22,Louisiana,22017,Caddo,11.26,2011,2015
22,Louisiana,22019,Calcasieu,7.9799999999999995,2011,2015
22,Louisiana,22033,East Baton Rouge,9.92,2011,2015
22,Louisiana,22047,Iberville,9.1,2011,2015
22,Louisiana,22051,Jefferson,8.4,2011,2015
22,Louisiana,22055,Lafayette,8.2,2011,2015
22,Louisiana,22071,Orleans,9.0,2011,2015
22,Louisiana,22073,Ouachita,8.459999999999999,2011,2015
22,Louisiana,22079,Rapides,7.88,2011,2015
22,Louisiana,22087,St. Bernard,9.64,2011,2015
22,Louisiana,22105,Tangipahoa,8.32,2011,2015
22,Louisiana,22109,Terrebonne,7.6,2011,2015
22,Louisiana,22121,West Baton Rouge,9.559999999999999,2011,2015
23,Maine,23001,Androscoggin,7.42,2011,2015
23,Maine,23003,Aroostook,7.840000000000001,2011,2015
23,Maine,23005,Cumberland,8.14,2011,2015
23,Maine,23009,Hancock,4.62,2011,2015
23,Maine,23011,Kennebec,7.275,2011,2015
23,Maine,23017,Oxford,7.859999999999999,2011,2015
23,Maine,23019,Penobscot,6.94,2011,2015
24,Maryland,24003,Anne Arundel,9.76,2011,2015
24,Maryland,24005,Baltimore,10.139999999999999,2011,2015
24,Maryland,24015,Cecil,9.8,2011,2015
24,Maryland,24019,Dorchester,7.9,2011,2015
24,Maryland,24023,Garrett,5.3,2011,2015
24,Maryland,24025,Harford,8.3,2011,2015
24,Maryland,24027,Howard,9.2,2011,2015
24,Maryland,24029,Kent,9.3,2011,2015
24,Maryland,24031,Montgomery,9.7,2011,2015
24,Maryland,24033,Prince George's,9.1,2011,2015
24,Maryland,24043,Washington,10.2,2011,2015
24,Maryland,24510,Baltimore City,10.14,2011,2015
25,Massachusetts,25003,Berkshire,7.62,2011,2015
25,Massachusetts,25005,Bristol,6.779999999999999,2011,2015
25,Massachusetts,25009,Essex,6.92,2011,2015
25,Massachusetts,25011,Franklin,6.3,2011,2015
25,Massachusetts,25013,Hampden,8.120000000000001,2011,2015
25,Massachusetts,25017,Middlesex,7.5,2011,2015
25,Massachusetts,25021,Norfolk,5.2,2011,2015
25,Massachusetts,25023,Plymouth,7.1,2011,2015
25,Massachusetts,25025,Suffolk,9.14,2011,2015
25,Massachusetts,25027,Worcester,7.5600000000000005,2011,2015
26,Michigan,26005,Allegan,8.26,2011,2015
26,Michigan,26017,Bay,7.76,2011,2015
26,Michigan,26021,Berrien,8.4,2011,2015
26,Michigan,26033,Chippewa,6.720000000000001,2011,2015
26,Michigan,26049,Genesee,8.2,2011,2015
26,Michigan,26065,Ingham,8.58,2011,2015
26,Michigan,26077,Kalamazoo,9.18,2011,2015
26,Michigan,26081,Kent,9.5,2011,2015
26,Michigan,26091,Lenawee,8.78,2011,2015
26,Michigan,26099,Macomb,8.84,2011,2015
26,Michigan,26101,Manistee,6.540000000000001,2011,2015
26,Michigan,26113,Missaukee,5.76,2011,2015
26,Michigan,26115,Monroe,9.425,2011,2015
26,Michigan,26121,Muskegon,8.600000000000001,2011,2015
26,Michigan,26125,Oakland,9.14,2011,2015
26,Michigan,26139,Ottawa,8.733333333333333,2011,2015
26,Michigan,26147,St. Clair,9.16,2011,2015
26,Michigan,26161,Washtenaw,9.440000000000001,2011,2015
26,Michigan,26163,Wayne,11.58,2011,2015
27,Minnesota,27003,Anoka,7.8,2011,2015
27,Minnesota,27005,Becker,5.6,2011,2015
27,Minnesota,27007,Beltrami,5.0,2011,2015
27,Minnesota,27035,Crow Wing,6.2,2011,2015
27,Minnesota,27037,Dakota,8.38,2011,2015
27,Minnesota,27053,Hennepin,8.72,2011,2015
27,Minnesota,27075,Lake,5.4,2011,2015
27,Minnesota,27083,Lyon,5.6,2011,2015
27,Minnesota,27109,Olmsted,8.033333333333333,2011,2015
27,Minnesota,27123,Ramsey,9.440000000000001,2011,2015
27,Minnesota,27137,St. Louis,6.34,2011,2015
27,Minnesota,27139,Scott,8.040000000000001,2011,2015
27,Minnesota,27145,Stearns,5.8,2011,2015
27,Minnesota,27163,Washington,8.4,2011,2015
27,Minnesota,27171,Wright,6.1,2011,2015
28,Mississippi,28033,DeSoto,9.48,2011,2015
28,Mississippi,28035,Forrest,10.6,2011,2015
28,Mississippi,28043,Grenada,8.559999999999999,2011,2015
28,Mississippi,28045,Hancock,8.9,2011,2015
28,Mississippi,28047,Harrison,9.28,2011,2015
28,Mississippi,28049,Hinds,10.059999999999999,2011,2015
28,Mississippi,28059,Jackson,9.26,2011,2015
28,Mississippi,28067,Jones,11.35,2011,2015
28,Mississippi,28075,Lauderdale,10.600000000000001,2011,2015
28,Mississippi,28081,Lee,10.149999999999999,2011,2015
29,Missouri,29021,Buchanan,9.9,2011,2015
29,Missouri,29037,Cass,8.6,2011,2015
29,Missouri,29039,Cedar,7.1,2011,2015
29,Missouri,29047,Clay,8.1,2011,2015
29,Missouri,29095,Jackson,9.940000000000001,2011,2015
29,Missouri,29099,Jefferson,11.6,2011,2015
29,Missouri,29189,St. Louis,10.3,2011,2015
29,Missouri,29510,St. Louis City,11.64,2011,2015
30,Montana,30027,Fergus,5.7,2011,2015
30,Montana,30029,Flathead,11.2,2011,2015
30,Montana,30049,Lewis and Clark,6.38,2011,2015
30,Montana,30053,Lincoln,14.9,2011,2015
30,Montana,30063,Missoula,12.2,2011,2015
30,Montana,30071,Phillips,6.7,2011,2015
30,Montana,30075,Powder River,7.4,2011,2015
30,Montana,30081,Ravalli,11.1,2011,2015
30,Montana,30083,Richland,7.1,2011,2015
30,Montana,30087,Rosebud,6.8,2011,2015
30,Montana,30093,Silver Bow,9.733333333333333,2011,2015
31,Nebraska,31055,Douglas,9.8,2011,2015
31,Nebraska,31079,Hall,6.9799999999999995,2011,2015
31,Nebraska,31109,Lancaster,8.14,2011,2015
31,Nebraska,31153,Sarpy,8.4,2011,2015
31,Nebraska,31157,Scotts Bluff,5.24,2011,2015
31,Nebraska,31177,Washington,8.120000000000001,2011,2015
32,Nevada,32003,Clark,8.82,2011,2015
32,Nevada,32005,Douglas,10.1,2011,2015
32,Nevada,32031,Washoe,7.42,2011,2015
32,Nevada,32510,Carson City,4.9,2011,2015
33,New Hampshire,33001,Belknap,5.4799999999999995,2011,2015
33,New Hampshire,33005,Cheshire,8.3,2011,2015
33,New Hampshire,33009,Grafton,6.5,2011,2015
33,New Hampshire,33011,Hillsborough,7.18,2011,2015
33,New Hampshire,33013,Merrimack,8.1,2011,2015
33,New Hampshire,33015,Rockingham,6.540000000000001,2011,2015
34,New Jersey,34001,Atlantic,8.379999999999999,2011,2015
34,New Jersey,34003,Bergen,9.48,2011,2015
34,New Jersey,34007,Camden,10.08,2011,2015
34,New Jersey,34013,Essex,9.26,2011,2015
34,New Jersey,34015,Gloucester,9.1,2011,2015
34,New Jersey,34017,Hudson,11.02,2011,2015
34,New Jersey,34021,Mercer,9.02,2011,2015
34,New Jersey,34023,Middlesex,8.14,2011,2015
34,New Jersey,34027,Morris,8.48,2011,2015
34,New Jersey,34029,Ocean,8.0,2011,2015
34,New Jersey,34031,Passaic,9.18,2011,2015
34,New Jersey,34039,Union,10.940000000000001,2011,2015
34,New Jersey,34041,Warren,9.0,2011,2015
35,New Mexico,35001,Bernalillo,6.540000000000001,2011,2015
35,New Mexico,35013,Dona Ana,10.28,2011,2015
35,New Mexico,35025,Lea,8.14,2011,2015
35,New Mexico,35045,San Juan,4.36,2011,2015
35,New Mexico,35049,Santa Fe,4.8999999999999995,2011,2015
36,New York,36001,Albany,7.88,2011,2015
36,New York,36005,Bronx,9.82,2011,2015
36,New York,36013,Chautauqua,7.699999999999999,2011,2015
36,New York,36029,Erie,9.040000000000001,2011,2015
36,New York,36031,Essex,4.2,2011,2015
36,New York,36047,Kings,9.48,2011,2015
36,New York,36055,Monroe,8.08,2011,2015
36,New York,36059,Nassau,8.9,2011,2015
36,New York,36061,New York,11.34,2011,2015
36,New York,36063,Niagara,8.1,2011,2015
36,New York,36067,Onondaga,6.94,2011,2015
36,New York,36071,Orange,7.62,2011,2015
36,New York,36081,Queens,8.440000000000001,2011,2015
36,New York,36085,Richmond,8.86,2011,2015
36,New York,36101,Steuben,6.3,2011,2015
36,New York,36103,Suffolk,7.859999999999999,2011,2015
36,New York,36119,Westchester,9.3,2011,2015
37,North Carolina,37001,Alamance,8.675,2011,2015
37,North Carolina,37021,Buncombe,8.28,2011,2015
37,North Carolina,37033,Caswell,8.25,2011,2015
37,North Carolina,37035,Catawba,9.58,2011,2015
37,North Carolina,37037,Chatham,7.65,2011,2015
37,North Carolina,37051,Cumberland,8.82,2011,2015
37,North Carolina,37057,Davidson,10.24,2011,2015
37,North Carolina,37061,Duplin,7.779999999999999,2011,2015
37,North Carolina,37063,Durham,8.6,2011,2015
37,North Carolina,37065,Edgecombe,8.266666666666667,2011,2015
37,North Carolina,37067,Forsyth,8.78,2011,2015
37,North Carolina,37071,Gaston,9.025,2011,2015
37,North Carolina,37081,Guilford,8.719999999999999,2011,2015
37,North Carolina,37087,Haywood,8.7,2011,2015
37,North Carolina,37099,Jackson,8.02,2011,2015
37,North Carolina,37101,Johnston,7.779999999999999,2011,2015
37,North Carolina,37105,Lee,11.2,2011,2015
37,North Carolina,37107,Lenoir,8.333333333333334,2011,2015
37,North Carolina,37111,McDowell,8.92,2011,2015
37,North Carolina,37117,Martin,7.42,2011,2015
37,North Carolina,37119,Mecklenburg,9.620000000000001,2011,2015
37,North Carolina,37121,Mitchell,8.120000000000001,2011,2015
37,North Carolina,37123,Montgomery,8.14,2011,2015
37,North Carolina,37129,New Hanover,6.92,2011,2015
37,North Carolina,37147,Pitt,7.6,2011,2015
37,North Carolina,37155,Robeson,8.825,2011,2015
37,North Carolina,37159,Rowan,9.66,2011,2015
37,North Carolina,37173,Swain,7.1,2011,2015
37,North Carolina,37183,Wake,9.26,2011,2015
37,North Carolina,37189,Watauga,7.18,2011,2015
37,North Carolina,37191,Wayne,8.975000000000001,2011,2015
38,North Dakota,38007,Billings,4.62,2011,2015
38,North Dakota,38013,Burke,6.9,2011,2015
38,North Dakota,38015,Burleigh,5.9799999999999995,2011,2015
38,North Dakota,38017,Cass,7.4,2011,2015
38,North Dakota,38025,Dunn,6.6,2011,2015
38,North Dakota,38053,McKenzie,3.9,2011,2015
38,North Dakota,38057,Mercer,5.8,2011,2015
38,North Dakota,38065,Oliver,5.2,2011,2015
38,North Dakota,38105,Williams,5.1,2011,2015
39,Ohio,39003,Allen,9.933333333333334,2011,2015
39,Ohio,39009,Athens,8.3,2011,2015
39,Ohio,39017,Butler,12.919999999999998,2011,2015
39,Ohio,39023,Clark,10.34,2011,2015
39,Ohio,39025,Clermont,11.0,2011,2015
39,Ohio,39035,Cuyahoga,12.7,2011,2015
39,Ohio,39049,Franklin,10.780000000000001,2011,2015
39,Ohio,39057,Greene,9.84,2011,2015
39,Ohio,39061,Hamilton,12.2,2011,2015
39,Ohio,39081,Jefferson,11.86,2011,2015
39,Ohio,39085,Lake,8.92,2011,2015
39,Ohio,39087,Lawrence,9.120000000000001,2011,2015
39,Ohio,39093,Lorain,9.120000000000001,2011,2015
39,Ohio,39095,Lucas,10.440000000000001,2011,2015
39,Ohio,39099,Mahoning,10.9,2011,2015
39,Ohio,39103,Medina,9.86,2011,2015
39,Ohio,39113,Montgomery,10.825,2011,2015
39,Ohio,39133,Portage,9.4,2011,2015
39,Ohio,39135,Preble,9.5,2011,2015
39,Ohio,39145,Scioto,9.32,2011,2015
39,Ohio,39151,Stark,11.959999999999999,2011,2015
39,Ohio,39153,Summit,11.620000000000001,2011,2015
39,Ohio,39155,Trumbull,10.0,2011,2015
39,Ohio,39165,Warren,11.0,2011,2015
40,Oklahoma,40027,Cleveland,8.3,2011,2015
40,Oklahoma,40031,Comanche,7.6,2011,2015
40,Oklahoma,40043,Dewey,6.5,2011,2015
40,Oklahoma,40071,Kay,8.4,2011,2015
40,Oklahoma,40085,Love,7.3,2011,2015
40,Oklahoma,40109,Oklahoma,9.3,2011,2015
40,Oklahoma,40121,Pittsburg,9.440000000000001,2011,2015
40,Oklahoma,40135,Sequoyah,9.74,2011,2015
40,Oklahoma,40143,Tulsa,9.7,2011,2015
41,Oregon,41013,Crook,9.85,2011,2015
41,Oregon,41025,Harney,9.275,2011,2015
41,Oregon,41029,Jackson,11.25,2011,2015
41,Oregon,41033,Josephine,8.8,2011,2015
41,Oregon,41035,Klamath,10.775,2011,2015
41,Oregon,41037,Lake,10.2,2011,2015
41,Oregon,41039,Lane,9.675,2011,2015
41,Oregon,41043,Linn,8.3,2011,2015
41,Oregon,41051,Multnomah,7.625,2011,2015
41,Oregon,41059,Umatilla,7.466666666666666,2011,2015
41,Oregon,41067,Washington,8.175,2011,2015
42,Pennsylvania,42001,Adams,9.9,2011,2015
42,Pennsylvania,42003,Allegheny,13.24,2011,2015
42,Pennsylvania,42005,Armstrong,11.2,2011,2015
42,Pennsylvania,42007,Beaver,11.4,2011,2015
42,Pennsylvania,42011,Berks,11.08,2011,2015
42,Pennsylvania,42013,Blair,11.0,2011,2015
42,Pennsylvania,42017,Bucks,11.040000000000001,2011,2015
42,Pennsylvania,42021,Cambria,11.7,2011,2015
42,Pennsylvania,42027,Centre,9.08,2011,2015
42,Pennsylvania,42029,Chester,10.4,2011,2015
42,Pennsylvania,42041,Cumberland,11.059999999999999,2011,2015
42,Pennsylvania,42043,Dauphin,11.275,2011,2015
42,Pennsylvania,42045,Delaware,10.540000000000001,2011,2015
42,Pennsylvania,42049,Erie,9.3,2011,2015
42,Pennsylvania,42069,Lackawanna,10.4,2011,2015
42,Pennsylvania,42071,Lancaster,11.940000000000001,2011,2015
42,Pennsylvania,42075,Lebanon,11.2,2011,2015
42,Pennsylvania,42085,Mercer,10.36,2011,2015
42,Pennsylvania,42089,Monroe,7.7,2011,2015
42,Pennsylvania,42091,Montgomery,9.6,2011,2015
42,Pennsylvania,42095,Northampton,10.940000000000001,2011,2015
42,Pennsylvania,42101,Philadelphia,10.86,2011,2015
42,Pennsylvania,42117,Tioga,7.8,2011,2015
42,Pennsylvania,42125,Washington,10.440000000000001,2011,2015
42,Pennsylvania,42129,Westmoreland,9.866666666666667,2011,2015
42,Pennsylvania,42133,York,11.34,2011,2015
44,Rhode Island,44003,Kent,5.9,2011,2015
44,Rhode Island,44007,Providence,8.78,2011,2015
44,Rhode Island,44009,Washington,7.1,2011,2015
45,South Carolina,45019,Charleston,8.58,2011,2015
45,South Carolina,45025,Chesterfield,8.3,2011,2015
45,South Carolina,45037,Edgefield,8.940000000000001,2011,2015
45,South Carolina,45041,Florence,9.32,2011,2015
45,South Carolina,45045,Greenville,9.68,2011,2015
45,South Carolina,45063,Lexington,9.879999999999999,2011,2015
45,South Carolina,45073,Oconee,5.1,2011,2015
45,South Carolina,45079,Richland,9.7,2011,2015
45,South Carolina,45083,Spartanburg,9.440000000000001,2011,2015
46,South Dakota,46011,Brookings,7.659999999999999,2011,2015
46,South Dakota,46013,Brown,6.88,2011,2015
46,South Dakota,46029,Codington,7.55,2011,2015
46,South Dakota,46033,Custer,4.1,2011,2015
46,South Dakota,46065,Hughes,4.5,2011,2015
46,South Dakota,46071,Jackson,4.5,2011,2015
46,South Dakota,46099,Minnehaha,8.620000000000001,2011,2015
46,South Dakota,46103,Pennington,6.459999999999999,2011,2015
46,South Dakota,46127,Union,8.2,2011,2015
47,Tennessee,47009,Blount,9.1,2011,2015
47,Tennessee,47037,Davidson,10.28,2011,2015
47,Tennessee,47045,Dyer,8.76,2011,2015
47,Tennessee,47065,Hamilton,9.66,2011,2015
47,Tennessee,47093,Knox,10.84,2011,2015
47,Tennessee,47099,Lawrence,8.0,2011,2015
47,Tennessee,47105,Loudon,9.98,2011,2015
47,Tennessee,47107,McMinn,9.120000000000001,2011,2015
47,Tennessee,47113,Madison,8.82,2011,2015
47,Tennessee,47119,Maury,8.34,2011,2015
47,Tennessee,47125,Montgomery,9.34,2011,2015
47,Tennessee,47141,Putnam,8.559999999999999,2011,2015
47,Tennessee,47145,Roane,9.3,2011,2015
47,Tennessee,47157,Shelby,9.440000000000001,2011,2015
47,Tennessee,47163,Sullivan,8.86,2011,2015
47,Tennessee,47165,Sumner,9.52,2011,2015
48,Texas,48029,Bexar,8.84,2011,2015
48,Texas,48037,Bowie,10.18,2011,2015
48,Texas,48061,Cameron,9.8,2011,2015
48,Texas,48113,Dallas,10.5,2011,2015
48,Texas,48139,Ellis,9.8,2011,2015
48,Texas,48141,El Paso,10.18,2011,2015
48,Texas,48167,Galveston,7.8,2011,2015
48,Texas,48201,Harris,11.86,2011,2015
48,Texas,48203,Harrison,9.88,2011,2015
48,Texas,48215,Hidalgo,10.0,2011,2015
48,Texas,48355,Nueces,10.34,2011,2015
48,Texas,48439,Tarrant,10.28,2011,2015
48,Texas,48453,Travis,9.48,2011,2015
49,Utah,49003,Box Elder,7.4799999999999995,2011,2015
49,Utah,49005,Cache,8.8,2011,2015
49,Utah,49011,Davis,7.9,2011,2015
49,Utah,49013,Duchesne,6.0,2011,2015
49,Utah,49035,Salt Lake,9.379999999999999,2011,2015
49,Utah,49045,Tooele,6.175000000000001,2011,2015
49,Utah,49047,Uintah,4.9,2011,2015
49,Utah,49049,Utah,8.7,2011,2015
49,Utah,49053,Washington,4.35,2011,2015
49,Utah,49057,Weber,8.82,2011,2015
50,Vermont,50003,Bennington,6.56,2011,2015
50,Vermont,50007,Chittenden,6.9,2011,2015
50,Vermont,50021,Rutland,9.24,2011,2015
51,Virginia,51003,Albemarle,7.7,2011,2015
51,Virginia,51013,Arlington,9.2,2011,2015
51,Virginia,51036,Charles City,7.9799999999999995,2011,2015
51,Virginia,51041,Chesterfield,8.620000000000001,2011,2015
51,Virginia,51059,Fairfax,8.48,2011,2015
51,Virginia,51069,Frederick,9.32,2011,2015
51,Virginia,51087,Henrico,8.48,2011,2015
51,Virginia,51107,Loudoun,8.82,2011,2015
51,Virginia,51139,Page,8.05,2011,2015
51,Virginia,51161,Roanoke,7.9,2011,2015
51,Virginia,51165,Rockingham,8.76,2011,2015
51,Virginia,51510,Alexandria,10.2,2011,2015
51,Virginia,51520,Bristol,8.620000000000001,2011,2015
51,Virginia,51650,Hampton,7.74,2011,2015
51,Virginia,51680,Lynchburg,7.62,2011,2015
51,Virginia,51710,Norfolk,8.48,2011,2015
51,Virginia,51760,Richmond City,10.0,2011,2015
51,Virginia,51770,Roanoke City,9.649999999999999,2011,2015
51,Virginia,51775,Salem,8.879999999999999,2011,2015
51,Virginia,51810,Virginia Beach,8.28,2011,2015
53,Washington,53007,Chelan,5.4,2011,2015
53,Washington,53011,Clark,7.733333333333333,2011,2015
53,Washington,53033,King,6.659999999999999,2011,2015
53,Washington,53035,Kitsap,4.9,2011,2015
53,Washington,53037,Kittitas,5.5,2011,2015
53,Washington,53053,Pierce,7.76,2011,2015
53,Washington,53057,Skagit,6.7,2011,2015
53,Washington,53061,Snohomish,7.9,2011,2015
53,Washington,53063,Spokane,8.1,2011,2015
53,Washington,53073,Whatcom,6.5,2011,2015
53,Washington,53077,Yakima,8.819999999999999,2011,2015
54,West Virginia,54003,Berkeley,10.66,2011,2015
54,West Virginia,54009,Brooke,11.459999999999999,2011,2015
54,West Virginia,54011,Cabell,9.940000000000001,2011,2015
54,West Virginia,54029,Hancock,10.2,2011,2015
54,West Virginia,54033,Harrison,9.025,2011,2015
54,West Virginia,54039,Kanawha,10.3,2011,2015
54,West Virginia,54049,Marion,9.959999999999999,2011,2015
54,West Virginia,54051,Marshall,11.3,2011,2015
54,West Virginia,54061,Monongalia,9.040000000000001,2011,2015
54,West Virginia,54069,Ohio,10.48,2011,2015
54,West Virginia,54081,Raleigh,8.333333333333334,2011,2015
54,West Virginia,54107,Wood,10.040000000000001,2011,2015
55,Wisconsin,55003,Ashland,5.4,2011,2015
55,Wisconsin,55009,Brown,8.68,2011,2015
55,Wisconsin,55025,Dane,9.38,2011,2015
55,Wisconsin,55027,Dodge,8.32,2011,2015
55,Wisconsin,55035,Eau Claire,7.625,2011,2015
55,Wisconsin,55041,Forest,5.7,2011,2015
55,Wisconsin,55043,Grant,8.879999999999999,2011,2015
55,Wisconsin,55059,Kenosha,8.75,2011,2015
55,Wisconsin,55063,La Crosse,8.05,2011,2015
55,Wisconsin,55079,Milwaukee,10.26,2011,2015
55,Wisconsin,55087,Outagamie,8.379999999999999,2011,2015
55,Wisconsin,55089,Ozaukee,8.2,2011,2015
55,Wisconsin,55111,Sauk,7.94,2011,2015
55,Wisconsin,55119,Taylor,7.1,2011,2015
55,Wisconsin,55125,Vilas,5.699999999999999,2011,2015
55,Wisconsin,55133,Waukesha,10.425,2011,2015
56,Wyoming,56001,Albany,4.64,2011,2015
56,Wyoming,56005,Campbell,5.0,2011,2015
56,Wyoming,56007,Carbon,2.3,2011,2015
56,Wyoming,56009,Converse,4.2,2011,2015
56,Wyoming,56013,Fremont,7.26,2011,2015
56,Wyoming,56021,Laramie,4.62,2011,2015
56,Wyoming,56025,Natrona,4.74,2011,2015
56,Wyoming,56029,Park,4.34,2011,2015
56,Wyoming,56033,Sheridan,7.44,2011,2015
56,Wyoming,56035,Sublette,5.35,2011,2015
56,Wyoming,56037,Sweetwater,5.3,2011,2015
56,Wyoming,56039,Teton,4.96,2011,2015
1,Alabama,1003,Baldwin,8.459999999999999,2012,2016
1,Alabama,1027,Clay,8.3,2012,2016
1,Alabama,1033,Colbert,8.6,2012,2016
1,Alabama,1049,DeKalb,8.9,2012,2016
1,Alabama,1055,Etowah,9.08,2012,2016
1,Alabama,1069,Houston,8.040000000000001,2012,2016
1,Alabama,1073,Jefferson,11.4,2012,2016
1,Alabama,1089,Madison,8.540000000000001,2012,2016
1,Alabama,1097,Mobile,8.52,2012,2016
1,Alabama,1101,Montgomery,9.48,2012,2016
1,Alabama,1103,Morgan,8.6,2012,2016
1,Alabama,1113,Russell,10.625,2012,2016
1,Alabama,1117,Shelby,9.4,2012,2016
1,Alabama,1121,Talladega,9.459999999999999,2012,2016
1,Alabama,1125,Tuscaloosa,8.78,2012,2016
2,Alaska,2020,Anchorage,6.4,2012,2016
2,Alaska,2090,Fairbanks North Star,13.780000000000001,2012,2016
2,Alaska,2110,Juneau,6.35,2012,2016
2,Alaska,2170,Matanuska-Susitna,6.68,2012,2016
4,Arizona,4003,Cochise,5.266666666666667,2012,2016
4,Arizona,4005,Coconino,5.4,2012,2016
4,Arizona,4012,La Paz,2.2,2012,2016
4,Arizona,4013,Maricopa,10.16,2012,2016
4,Arizona,4019,Pima,5.82,2012,2016
4,Arizona,4021,Pinal,13.38,2012,2016
4,Arizona,4023,Santa Cruz,9.36,2012,2016
4,Arizona,4025,Yavapai,4.300000000000001,2012,2016
4,Arizona,4027,Yuma,7.466666666666666,2012,2016
5,Arkansas,5001,Arkansas,9.18,2012,2016
5,Arkansas,5003,Ashley,8.86,2012,2016
5,Arkansas,5035,Crittenden,9.28,2012,2016
5,Arkansas,5051,Garland,9.24,2012,2016
5,Arkansas,5067,Jackson,8.879999999999999,2012,2016
5,Arkansas,5113,Polk,9.16,2012,2016
5,Arkansas,5119,Pulaski,10.68,2012,2016
5,Arkansas,5139,Union,9.440000000000001,2012,2016
5,Arkansas,5143,Washington,8.7,2012,2016
6,California,6001,Alameda,9.45,2012,2016
6,California,6007,Butte,8.925,2012,2016
6,California,6009,Calaveras,8.399999999999999,2012,2016
6,California,6011,Colusa,7.279999999999999,2012,2016
6,California,6013,Contra Costa,7.933333333333333,2012,2016
6,California,6019,Fresno,15.3,2012,2016
6,California,6023,Humboldt,5.9799999999999995,2012,2016
6,California,6025,Imperial,13.76,2012,2016
6,California,6027,Inyo,7.18,2012,2016
6,California,6029,Kern,18.580000000000002,2012,2016
6,California,6031,Kings,15.75,2012,2016
6,California,6033,Lake,3.8,2012,2016
6,California,6037,Los Angeles,12.440000000000001,2012,2016
6,California,6039,Madera,13.0,2012,2016
6,California,6041,Marin,7.5,2012,2016
6,California,6045,Mendocino,7.5,2012,2016
6,California,6047,Merced,11.76,2012,2016
6,California,6053,Monterey,5.5200000000000005,2012,2016
6,California,6055,Napa,9.6,2012,2016
6,California,6057,Nevada,6.32,2012,2016
6,California,6059,Orange,10.040000000000001,2012,2016
6,California,6061,Placer,7.4799999999999995,2012,2016
6,California,6063,Plumas,13.680000000000001,2012,2016
6,California,6065,Riverside,14.280000000000001,2012,2016
6,California,6067,Sacramento,9.78,2012,2016
6,California,6069,San Benito,4.3,2012,2016
6,California,6071,San Bernardino,13.52,2012,2016
6,California,6073,San Diego,9.98,2012,2016
6,California,6075,San Francisco,7.65,2012,2016
6,California,6077,San Joaquin,13.7,2012,2016
6,California,6079,San Luis Obispo,9.649999999999999,2012,2016
6,California,6081,San Mateo,7.050000000000001,2012,2016
6,California,6083,Santa Barbara,7.7,2012,2016
6,California,6085,Santa Clara,9.66,2012,2016
6,California,6087,Santa Cruz,5.699999999999999,2012,2016
6,California,6089,Shasta,5.94,2012,2016
6,California,6093,Siskiyou,6.875,2012,2016
6,California,6095,Solano,9.7,2012,2016
6,California,6097,Sonoma,5.75,2012,2016
6,California,6099,Stanislaus,13.399999999999999,2012,2016
6,California,6101,Sutter,8.440000000000001,2012,2016
6,California,6103,Tehama,4.2,2012,2016
6,California,6107,Tulare,16.48,2012,2016
6,California,6111,Ventura,9.425,2012,2016
6,California,6113,Yolo,6.76,2012,2016
8,Colorado,8001,Adams,8.8,2012,2016
8,Colorado,8005,Arapahoe,6.24,2012,2016
8,Colorado,8013,Boulder,7.040000000000001,2012,2016
8,Colorado,8031,Denver,8.92,2012,2016
8,Colorado,8035,Douglas,5.459999999999999,2012,2016
8,Colorado,8041,El Paso,5.96,2012,2016
8,Colorado,8045,Garfield,4.2,2012,2016
8,Colorado,8067,La Plata,4.75,2012,2016
8,Colorado,8069,Larimer,6.959999999999999,2012,2016
8,Colorado,8077,Mesa,7.140000000000001,2012,2016
8,Colorado,8083,Montezuma,5.633333333333333,2012,2016
8,Colorado,8093,Park,2.6,2012,2016
8,Colorado,8101,Pueblo,5.74,2012,2016
8,Colorado,8103,Rio Blanco,7.8999999999999995,2012,2016
8,Colorado,8123,Weld,8.16,2012,2016
9,Connecticut,9001,Fairfield,9.18,2012,2016
9,Connecticut,9003,Hartford,8.4,2012,2016
9,Connecticut,9005,Litchfield,5.32,2012,2016
9,Connecticut,9009,New Haven,8.7,2012,2016
9,Connecticut,9011,New London,6.825,2012,2016
10,Delaware,10001,Kent,7.92,2012,2016
10,Delaware,10003,New Castle,9.92,2012,2016
10,Delaware,10005,Sussex,8.16,2012,2016
11,District of Columbia,11001,District of Columbia,9.72,2012,2016
12,Florida,12001,Alachua,6.58,2012,2016
12,Florida,12009,Brevard,5.6,2012,2016
12,Florida,12011,Broward,6.8,2012,2016
12,Florida,12017,Citrus,6.32,2012,2016
12,Florida,12031,Duval,8.26,2012,2016
12,Florida,12033,Escambia,7.74,2012,2016
12,Florida,12057,Hillsborough,7.779999999999999,2012,2016
12,Florida,12071,Lee,6.04,2012,2016
12,Florida,12073,Leon,8.1,2012,2016
12,Florida,12086,Miami-Dade,7.12,2012,2016
12,Florida,12095,Orange,6.44,2012,2016
12,Florida,12099,Palm Beach,5.64,2012,2016
12,Florida,12103,Pinellas,6.659999999999999,2012,2016
12,Florida,12105,Polk,6.58,2012,2016
12,Florida,12115,Sarasota,6.42,2012,2016
12,Florida,12117,Seminole,6.36,2012,2016
12,Florida,12127,Volusia,6.1,2012,2016
13,Georgia,13021,Bibb,10.4,2012,2016
13,Georgia,13051,Chatham,9.02,2012,2016
13,Georgia,13059,Clarke,9.2,2012,2016
13,Georgia,13063,Clayton,10.02,2012,2016
13,Georgia,13067,Cobb,9.64,2012,2016
13,Georgia,13089,DeKalb,10.72,2012,2016
13,Georgia,13095,Dougherty,10.5,2012,2016
13,Georgia,13115,Floyd,9.959999999999999,2012,2016
13,Georgia,13121,Fulton,10.78,2012,2016
13,Georgia,13127,Glynn,7.9,2012,2016
13,Georgia,13135,Gwinnett,9.14,2012,2016
13,Georgia,13139,Hall,8.620000000000001,2012,2016
13,Georgia,13153,Houston,8.82,2012,2016
13,Georgia,13185,Lowndes,8.26,2012,2016
13,Georgia,13215,Muscogee,9.92,2012,2016
13,Georgia,13223,Paulding,8.16,2012,2016
13,Georgia,13245,Richmond,9.76,2012,2016
13,Georgia,13295,Walker,9.86,2012,2016
13,Georgia,13303,Washington,9.08,2012,2016
13,Georgia,13319,Wilkinson,10.080000000000002,2012,2016
15,Hawaii,15001,Hawaii,14.45,2012,2016
15,Hawaii,15003,Honolulu,4.225,2012,2016
15,Hawaii,15007,Kauai,3.55,2012,2016
15,Hawaii,15009,Maui,4.95,2012,2016
16,Idaho,16001,Ada,8.65,2012,2016
16,Idaho,16005,Bannock,6.45,2012,2016
16,Idaho,16009,Benewah,9.925,2012,2016
16,Idaho,16027,Canyon,10.325,2012,2016
16,Idaho,16041,Franklin,7.375,2012,2016
16,Idaho,16053,Jerome,4.7,2012,2016
16,Idaho,16059,Lemhi,12.233333333333334,2012,2016
16,Idaho,16079,Shoshone,12.075,2012,2016
17,Illinois,17001,Adams,9.7,2012,2016
17,Illinois,17019,Champaign,8.975,2012,2016
17,Illinois,17031,Cook,11.975,2012,2016
17,Illinois,17043,DuPage,9.325,2012,2016
17,Illinois,17065,Hamilton,8.299999999999999,2012,2016
17,Illinois,17083,Jersey,8.0,2012,2016
17,Illinois,17089,Kane,9.125,2012,2016
17,Illinois,17111,McHenry,10.1,2012,2016
17,Illinois,17113,McLean,8.425,2012,2016
17,Illinois,17115,Macon,9.075,2012,2016
17,Illinois,17119,Madison,12.0,2012,2016
17,Illinois,17143,Peoria,8.625,2012,2016
17,Illinois,17157,Randolph,8.25,2012,2016
17,Illinois,17161,Rock Island,8.9,2012,2016
17,Illinois,17163,St. Clair,10.475,2012,2016
17,Illinois,17167,Sangamon,8.925,2012,2016
17,Illinois,17197,Will,9.4,2012,2016
17,Illinois,17201,Winnebago,8.85,2012,2016
18,Indiana,18003,Allen,10.059999999999999,2012,2016
18,Indiana,18005,Bartholomew,9.2,2012,2016
18,Indiana,18019,Clark,11.040000000000001,2012,2016
18,Indiana,18035,Delaware,9.34,2012,2016
18,Indiana,18037,Dubois,10.24,2012,2016
18,Indiana,18039,Elkhart,10.42,2012,2016
18,Indiana,18043,Floyd,9.959999999999999,2012,2016
18,Indiana,18055,Greene,9.24,2012,2016
18,Indiana,18057,Hamilton,9.566666666666668,2012,2016
18,Indiana,18065,Henry,8.76,2012,2016
18,Indiana,18067,Howard,11.05,2012,2016
18,Indiana,18089,Lake,11.540000000000001,2012,2016
18,Indiana,18091,LaPorte,9.16,2012,2016
18,Indiana,18095,Madison,9.440000000000001,2012,2016
18,Indiana,18097,Marion,11.84,2012,2016
18,Indiana,18105,Monroe,8.68,2012,2016
18,Indiana,18127,Porter,9.6,2012,2016
18,Indiana,18141,St. Joseph,10.24,2012,2016
18,Indiana,18147,Spencer,9.86,2012,2016
18,Indiana,18157,Tippecanoe,9.620000000000001,2012,2016
18,Indiana,18163,Vanderburgh,10.7,2012,2016
18,Indiana,18167,Vigo,10.440000000000001,2012,2016
18,Indiana,18183,Whitley,9.24,2012,2016
19,Iowa,19013,Black Hawk,8.92,2012,2016
19,Iowa,19045,Clinton,9.959999999999999,2012,2016
19,Iowa,19055,Delaware,8.48,2012,2016
19,Iowa,19103,Johnson,8.68,2012,2016
19,Iowa,19111,Lee,9.9,2012,2016
19,Iowa,19113,Linn,9.120000000000001,2012,2016
19,Iowa,19137,Montgomery,7.5600000000000005,2012,2016
19,Iowa,19139,Muscatine,10.08,2012,2016
19,Iowa,19147,Palo Alto,7.720000000000001,2012,2016
19,Iowa,19153,Polk,8.32,2012,2016
19,Iowa,19155,Pottawattamie,9.14,2012,2016
19,Iowa,19163,Scott,9.86,2012,2016
19,Iowa,19177,Van Buren,7.9,2012,2016
19,Iowa,19193,Woodbury,8.440000000000001,2012,2016
20,Kansas,20091,Johnson,7.6,2012,2016
20,Kansas,20107,Linn,8.3,2012,2016
20,Kansas,20133,Neosho,8.233333333333333,2012,2016
20,Kansas,20173,Sedgwick,8.84,2012,2016
20,Kansas,20177,Shawnee,7.959999999999999,2012,2016
20,Kansas,20191,Sumner,7.68,2012,2016
20,Kansas,20195,Trego,4.1,2012,2016
20,Kansas,20209,Wyandotte,9.18,2012,2016
21,Kentucky,21013,Bell,9.440000000000001,2012,2016
21,Kentucky,21019,Boyd,9.02,2012,2016
21,Kentucky,21037,Campbell,9.3,2012,2016
21,Kentucky,21043,Carter,7.540000000000001,2012,2016
21,Kentucky,21047,Christian,9.440000000000001,2012,2016
21,Kentucky,21059,Daviess,10.059999999999999,2012,2016
21,Kentucky,21067,Fayette,9.08,2012,2016
21,Kentucky,21093,Hardin,9.4,2012,2016
21,Kentucky,21101,Henderson,9.98,2012,2016
21,Kentucky,21111,Jefferson,10.7,2012,2016
21,Kentucky,21145,McCracken,9.4,2012,2016
21,Kentucky,21151,Madison,8.2,2012,2016
21,Kentucky,21193,Perry,8.533333333333333,2012,2016
21,Kentucky,21195,Pike,8.26,2012,2016
21,Kentucky,21199,Pulaski,8.76,2012,2016
21,Kentucky,21227,Warren,8.950000000000001,2012,2016
22,Louisiana,22017,Caddo,10.82,2012,2016
22,Louisiana,22019,Calcasieu,7.7,2012,2016
22,Louisiana,22033,East Baton Rouge,10.32,2012,2016
22,Louisiana,22047,Iberville,8.76,2012,2016
22,Louisiana,22051,Jefferson,7.859999999999999,2012,2016
22,Louisiana,22055,Lafayette,7.859999999999999,2012,2016
22,Louisiana,22071,Orleans,8.25,2012,2016
22,Louisiana,22073,Ouachita,8.28,2012,2016
22,Louisiana,22079,Rapides,7.76,2012,2016
22,Louisiana,22087,St. Bernard,9.14,2012,2016
22,Louisiana,22105,Tangipahoa,7.82,2012,2016
22,Louisiana,22109,Terrebonne,7.24,2012,2016
22,Louisiana,22121,West Baton Rouge,9.14,2012,2016
23,Maine,23001,Androscoggin,6.959999999999999,2012,2016
23,Maine,23003,Aroostook,7.720000000000001,2012,2016
23,Maine,23005,Cumberland,7.74,2012,2016
23,Maine,23009,Hancock,4.5600000000000005,2012,2016
23,Maine,23011,Kennebec,6.875,2012,2016
23,Maine,23017,Oxford,7.56,2012,2016
23,Maine,23019,Penobscot,6.9799999999999995,2012,2016
24,Maryland,24003,Anne Arundel,9.26,2012,2016
24,Maryland,24005,Baltimore,9.719999999999999,2012,2016
24,Maryland,24015,Cecil,8.8,2012,2016
24,Maryland,24019,Dorchester,7.9,2012,2016
24,Maryland,24023,Garrett,5.449999999999999,2012,2016
24,Maryland,24025,Harford,8.0,2012,2016
24,Maryland,24027,Howard,9.45,2012,2016
24,Maryland,24029,Kent,7.7,2012,2016
24,Maryland,24031,Montgomery,8.05,2012,2016
24,Maryland,24033,Prince George's,8.8,2012,2016
24,Maryland,24043,Washington,8.95,2012,2016
24,Maryland,24510,Baltimore City,9.74,2012,2016
25,Massachusetts,25003,Berkshire,7.159999999999999,2012,2016
25,Massachusetts,25005,Bristol,6.3,2012,2016
25,Massachusetts,25009,Essex,6.36,2012,2016
25,Massachusetts,25011,Franklin,6.0,2012,2016
25,Massachusetts,25013,Hampden,7.44,2012,2016
25,Massachusetts,25015,Hampshire,5.0,2012,2016
25,Massachusetts,25021,Norfolk,5.2,2012,2016
25,Massachusetts,25023,Plymouth,6.6,2012,2016
25,Massachusetts,25025,Suffolk,8.7,2012,2016
25,Massachusetts,25027,Worcester,7.0200000000000005,2012,2016
26,Michigan,26005,Allegan,7.9799999999999995,2012,2016
26,Michigan,26017,Bay,7.58,2012,2016
26,Michigan,26021,Berrien,8.14,2012,2016
26,Michigan,26033,Chippewa,6.88,2012,2016
26,Michigan,26049,Genesee,7.94,2012,2016
26,Michigan,26065,Ingham,8.3,2012,2016
26,Michigan,26077,Kalamazoo,8.98,2012,2016
26,Michigan,26081,Kent,9.34,2012,2016
26,Michigan,26091,Lenawee,8.36,2012,2016
26,Michigan,26099,Macomb,8.62,2012,2016
26,Michigan,26101,Manistee,6.36,2012,2016
26,Michigan,26113,Missaukee,5.5,2012,2016
26,Michigan,26115,Monroe,8.85,2012,2016
26,Michigan,26121,Muskegon,8.8,2012,2016
26,Michigan,26125,Oakland,8.9,2012,2016
26,Michigan,26139,Ottawa,8.55,2012,2016
26,Michigan,26147,St. Clair,8.9,2012,2016
26,Michigan,26161,Washtenaw,9.080000000000002,2012,2016
26,Michigan,26163,Wayne,11.58,2012,2016
27,Minnesota,27003,Anoka,7.58,2012,2016
27,Minnesota,27005,Becker,4.699999999999999,2012,2016
27,Minnesota,27007,Beltrami,4.95,2012,2016
27,Minnesota,27017,Carlton,5.1,2012,2016
27,Minnesota,27031,Cook,3.7,2012,2016
27,Minnesota,27035,Crow Wing,6.050000000000001,2012,2016
27,Minnesota,27037,Dakota,8.1,2012,2016
27,Minnesota,27053,Hennepin,8.559999999999999,2012,2016
27,Minnesota,27075,Lake,4.2,2012,2016
27,Minnesota,27083,Lyon,5.0,2012,2016
27,Minnesota,27109,Olmsted,7.6,2012,2016
27,Minnesota,27123,Ramsey,9.0,2012,2016
27,Minnesota,27137,St. Louis,6.16,2012,2016
27,Minnesota,27139,Scott,7.7,2012,2016
27,Minnesota,27145,Stearns,5.699999999999999,2012,2016
27,Minnesota,27163,Washington,7.7,2012,2016
27,Minnesota,27171,Wright,6.199999999999999,2012,2016
28,Mississippi,28033,DeSoto,9.120000000000001,2012,2016
28,Mississippi,28035,Forrest,10.08,2012,2016
28,Mississippi,28043,Grenada,8.260000000000002,2012,2016
28,Mississippi,28045,Hancock,8.64,2012,2016
28,Mississippi,28047,Harrison,8.879999999999999,2012,2016
28,Mississippi,28049,Hinds,9.5,2012,2016
28,Mississippi,28059,Jackson,8.9,2012,2016
28,Mississippi,28067,Jones,10.7,2012,2016
28,Mississippi,28075,Lauderdale,10.4,2012,2016
28,Mississippi,28081,Lee,9.7,2012,2016
29,Missouri,29021,Buchanan,9.15,2012,2016
29,Missouri,29037,Cass,7.449999999999999,2012,2016
29,Missouri,29039,Cedar,6.85,2012,2016
29,Missouri,29047,Clay,7.25,2012,2016
29,Missouri,29077,Greene,7.1,2012,2016
29,Missouri,29095,Jackson,9.6,2012,2016
29,Missouri,29099,Jefferson,9.95,2012,2016
29,Missouri,29189,St. Louis,9.5,2012,2016
29,Missouri,29510,St. Louis City,10.8,2012,2016
30,Montana,30027,Fergus,4.7,2012,2016
30,Montana,30029,Flathead,8.35,2012,2016
30,Montana,30049,Lewis and Clark,7.26,2012,2016
30,Montana,30053,Lincoln,12.350000000000001,2012,2016
30,Montana,30063,Missoula,10.5,2012,2016
30,Montana,30071,Phillips,5.7,2012,2016
30,Montana,30075,Powder River,6.85,2012,2016
30,Montana,30081,Ravalli,10.149999999999999,2012,2016
30,Montana,30083,Richland,6.25,2012,2016
30,Montana,30087,Rosebud,5.85,2012,2016
30,Montana,30093,Silver Bow,9.175,2012,2016
30,Montana,30111,Yellowstone,6.3,2012,2016
31,Nebraska,31055,Douglas,9.3,2012,2016
31,Nebraska,31079,Hall,6.659999999999999,2012,2016
31,Nebraska,31109,Lancaster,7.76,2012,2016
31,Nebraska,31153,Sarpy,8.15,2012,2016
31,Nebraska,31157,Scotts Bluff,5.35,2012,2016
31,Nebraska,31177,Washington,7.58,2012,2016
32,Nevada,32003,Clark,9.32,2012,2016
32,Nevada,32005,Douglas,8.5,2012,2016
32,Nevada,32031,Washoe,7.5,2012,2016
32,Nevada,32510,Carson City,4.766666666666667,2012,2016
33,New Hampshire,33001,Belknap,5.16,2012,2016
33,New Hampshire,33005,Cheshire,7.550000000000001,2012,2016
33,New Hampshire,33009,Grafton,5.85,2012,2016
33,New Hampshire,33011,Hillsborough,6.56,2012,2016
33,New Hampshire,33013,Merrimack,7.8,2012,2016
33,New Hampshire,33015,Rockingham,6.4,2012,2016
34,New Jersey,34001,Atlantic,7.959999999999999,2012,2016
34,New Jersey,34003,Bergen,9.540000000000001,2012,2016
34,New Jersey,34007,Camden,10.08,2012,2016
34,New Jersey,34011,Cumberland,7.8,2012,2016
34,New Jersey,34013,Essex,8.940000000000001,2012,2016
34,New Jersey,34015,Gloucester,8.7,2012,2016
34,New Jersey,34017,Hudson,10.58,2012,2016
34,New Jersey,34019,Hunterdon,8.5,2012,2016
34,New Jersey,34021,Mercer,8.68,2012,2016
34,New Jersey,34023,Middlesex,8.14,2012,2016
34,New Jersey,34027,Morris,7.94,2012,2016
34,New Jersey,34029,Ocean,7.5,2012,2016
34,New Jersey,34031,Passaic,8.64,2012,2016
34,New Jersey,34039,Union,10.52,2012,2016
34,New Jersey,34041,Warren,8.92,2012,2016
35,New Mexico,35001,Bernalillo,6.62,2012,2016
35,New Mexico,35013,Dona Ana,9.34,2012,2016
35,New Mexico,35025,Lea,7.4,2012,2016
35,New Mexico,35045,San Juan,4.375,2012,2016
35,New Mexico,35049,Santa Fe,4.9,2012,2016
36,New York,36001,Albany,7.42,2012,2016
36,New York,36005,Bronx,9.14,2012,2016
36,New York,36013,Chautauqua,7.325,2012,2016
36,New York,36029,Erie,8.48,2012,2016
36,New York,36031,Essex,4.08,2012,2016
36,New York,36047,Kings,9.0,2012,2016
36,New York,36055,Monroe,7.5,2012,2016
36,New York,36061,New York,10.7,2012,2016
36,New York,36063,Niagara,8.1,2012,2016
36,New York,36067,Onondaga,6.36,2012,2016
36,New York,36071,Orange,7.140000000000001,2012,2016
36,New York,36081,Queens,7.9799999999999995,2012,2016
36,New York,36085,Richmond,8.32,2012,2016
36,New York,36101,Steuben,5.84,2012,2016
36,New York,36103,Suffolk,7.4,2012,2016
37,North Carolina,37001,Alamance,8.4,2012,2016
37,North Carolina,37021,Buncombe,8.2,2012,2016
37,North Carolina,37033,Caswell,8.233333333333333,2012,2016
37,North Carolina,37035,Catawba,9.379999999999999,2012,2016
37,North Carolina,37037,Chatham,7.3999999999999995,2012,2016
37,North Carolina,37051,Cumberland,8.6,2012,2016
37,North Carolina,37057,Davidson,9.88,2012,2016
37,North Carolina,37061,Duplin,7.45,2012,2016
37,North Carolina,37063,Durham,8.68,2012,2016
37,North Carolina,37065,Edgecombe,7.9,2012,2016
37,North Carolina,37067,Forsyth,8.36,2012,2016
37,North Carolina,37071,Gaston,8.533333333333333,2012,2016
37,North Carolina,37081,Guilford,8.559999999999999,2012,2016
37,North Carolina,37087,Haywood,8.375,2012,2016
37,North Carolina,37099,Jackson,8.0,2012,2016
37,North Carolina,37101,Johnston,7.459999999999999,2012,2016
37,North Carolina,37105,Lee,11.2,2012,2016
37,North Carolina,37107,Lenoir,7.5,2012,2016
37,North Carolina,37111,McDowell,8.7,2012,2016
37,North Carolina,37117,Martin,7.025,2012,2016
37,North Carolina,37119,Mecklenburg,9.24,2012,2016
37,North Carolina,37121,Mitchell,8.0,2012,2016
37,North Carolina,37123,Montgomery,7.6,2012,2016
37,North Carolina,37129,New Hanover,6.26,2012,2016
37,North Carolina,37147,Pitt,7.359999999999999,2012,2016
37,North Carolina,37155,Robeson,8.4,2012,2016
37,North Carolina,37159,Rowan,9.525,2012,2016
37,North Carolina,37173,Swain,8.149999999999999,2012,2016
37,North Carolina,37183,Wake,9.36,2012,2016
37,North Carolina,37189,Watauga,6.95,2012,2016
37,North Carolina,37191,Wayne,8.833333333333334,2012,2016
38,North Dakota,38007,Billings,4.380000000000001,2012,2016
38,North Dakota,38013,Burke,4.800000000000001,2012,2016
38,North Dakota,38015,Burleigh,5.8,2012,2016
38,North Dakota,38017,Cass,7.0,2012,2016
38,North Dakota,38025,Dunn,5.5,2012,2016
38,North Dakota,38053,McKenzie,3.05,2012,2016
38,North Dakota,38057,Mercer,5.3,2012,2016
38,North Dakota,38065,Oliver,4.25,2012,2016
38,North Dakota,38105,Williams,3.8499999999999996,2012,2016
39,Ohio,39003,Allen,9.45,2012,2016
39,Ohio,39009,Athens,7.859999999999999,2012,2016
39,Ohio,39013,Belmont,8.3,2012,2016
39,Ohio,39017,Butler,12.7,2012,2016
39,Ohio,39023,Clark,9.559999999999999,2012,2016
39,Ohio,39035,Cuyahoga,12.32,2012,2016
39,Ohio,39049,Franklin,10.14,2012,2016
39,Ohio,39057,Greene,9.16,2012,2016
39,Ohio,39061,Hamilton,11.559999999999999,2012,2016
39,Ohio,39081,Jefferson,11.78,2012,2016
39,Ohio,39085,Lake,8.4,2012,2016
39,Ohio,39087,Lawrence,8.3,2012,2016
39,Ohio,39093,Lorain,8.66,2012,2016
39,Ohio,39095,Lucas,9.92,2012,2016
39,Ohio,39099,Mahoning,10.28,2012,2016
39,Ohio,39103,Medina,9.24,2012,2016
39,Ohio,39113,Montgomery,10.025,2012,2016
39,Ohio,39133,Portage,8.55,2012,2016
39,Ohio,39135,Preble,8.82,2012,2016
39,Ohio,39145,Scioto,8.959999999999999,2012,2016
39,Ohio,39151,Stark,11.3,2012,2016
39,Ohio,39153,Summit,11.34,2012,2016
39,Ohio,39155,Trumbull,9.225000000000001,2012,2016
40,Oklahoma,40027,Cleveland,7.9,2012,2016
40,Oklahoma,40031,Comanche,7.199999999999999,2012,2016
40,Oklahoma,40043,Dewey,6.2,2012,2016
40,Oklahoma,40071,Kay,7.800000000000001,2012,2016
40,Oklahoma,40085,Love,7.3,2012,2016
40,Oklahoma,40109,Oklahoma,8.9,2012,2016
40,Oklahoma,40121,Pittsburg,8.86,2012,2016
40,Oklahoma,40135,Sequoyah,9.080000000000002,2012,2016
40,Oklahoma,40143,Tulsa,9.379999999999999,2012,2016
41,Oregon,41013,Crook,9.175,2012,2016
41,Oregon,41025,Harney,8.85,2012,2016
41,Oregon,41029,Jackson,10.674999999999999,2012,2016
41,Oregon,41033,Josephine,8.35,2012,2016
41,Oregon,41035,Klamath,9.725,2012,2016
41,Oregon,41037,Lake,9.5,2012,2016
41,Oregon,41039,Lane,8.85,2012,2016
41,Oregon,41051,Multnomah,6.949999999999999,2012,2016
41,Oregon,41059,Umatilla,7.45,2012,2016
41,Oregon,41067,Washington,7.6,2012,2016
42,Pennsylvania,42001,Adams,8.65,2012,2016
42,Pennsylvania,42003,Allegheny,12.98,2012,2016
42,Pennsylvania,42005,Armstrong,10.85,2012,2016
42,Pennsylvania,42007,Beaver,10.879999999999999,2012,2016
42,Pennsylvania,42011,Berks,11.02,2012,2016
42,Pennsylvania,42013,Blair,9.6,2012,2016
42,Pennsylvania,42015,Bradford,7.9,2012,2016
42,Pennsylvania,42017,Bucks,10.875,2012,2016
42,Pennsylvania,42021,Cambria,10.35,2012,2016
42,Pennsylvania,42027,Centre,8.98,2012,2016
42,Pennsylvania,42029,Chester,10.4,2012,2016
42,Pennsylvania,42041,Cumberland,10.8,2012,2016
42,Pennsylvania,42043,Dauphin,10.940000000000001,2012,2016
42,Pennsylvania,42045,Delaware,10.8,2012,2016
42,Pennsylvania,42049,Erie,8.55,2012,2016
42,Pennsylvania,42059,Greene,4.7,2012,2016
42,Pennsylvania,42069,Lackawanna,9.3,2012,2016
42,Pennsylvania,42071,Lancaster,11.780000000000001,2012,2016
42,Pennsylvania,42075,Lebanon,11.7,2012,2016
42,Pennsylvania,42077,Lehigh,10.6,2012,2016
42,Pennsylvania,42085,Mercer,10.059999999999999,2012,2016
42,Pennsylvania,42089,Monroe,7.050000000000001,2012,2016
42,Pennsylvania,42091,Montgomery,9.45,2012,2016
42,Pennsylvania,42095,Northampton,10.92,2012,2016
42,Pennsylvania,42101,Philadelphia,10.64,2012,2016
42,Pennsylvania,42117,Tioga,7.55,2012,2016
42,Pennsylvania,42125,Washington,10.2,2012,2016
42,Pennsylvania,42129,Westmoreland,10.05,2012,2016
42,Pennsylvania,42133,York,10.98,2012,2016
44,Rhode Island,44003,Kent,5.64,2012,2016
44,Rhode Island,44007,Providence,8.66,2012,2016
44,Rhode Island,44009,Washington,6.05,2012,2016
45,South Carolina,45019,Charleston,8.08,2012,2016
45,South Carolina,45025,Chesterfield,7.82,2012,2016
45,South Carolina,45037,Edgefield,8.7,2012,2016
45,South Carolina,45041,Florence,8.74,2012,2016
45,South Carolina,45045,Greenville,9.440000000000001,2012,2016
45,South Carolina,45063,Lexington,9.459999999999999,2012,2016
45,South Carolina,45073,Oconee,5.75,2012,2016
45,South Carolina,45079,Richland,9.16,2012,2016
45,South Carolina,45083,Spartanburg,8.940000000000001,2012,2016
46,South Dakota,46011,Brookings,6.9799999999999995,2012,2016
46,South Dakota,46013,Brown,6.58,2012,2016
46,South Dakota,46029,Codington,6.1,2012,2016
46,South Dakota,46033,Custer,3.05,2012,2016
46,South Dakota,46065,Hughes,4.4,2012,2016
46,South Dakota,46071,Jackson,3.5,2012,2016
46,South Dakota,46099,Minnehaha,8.2,2012,2016
46,South Dakota,46103,Pennington,6.62,2012,2016
46,South Dakota,46127,Union,7.0,2012,2016
47,Tennessee,47009,Blount,8.64,2012,2016
47,Tennessee,47037,Davidson,9.9,2012,2016
47,Tennessee,47045,Dyer,8.1,2012,2016
47,Tennessee,47065,Hamilton,9.26,2012,2016
47,Tennessee,47093,Knox,10.6,2012,2016
47,Tennessee,47099,Lawrence,7.5200000000000005,2012,2016
47,Tennessee,47105,Loudon,9.620000000000001,2012,2016
47,Tennessee,47107,McMinn,8.78,2012,2016
47,Tennessee,47113,Madison,8.18,2012,2016
47,Tennessee,47119,Maury,7.76,2012,2016
47,Tennessee,47125,Montgomery,8.82,2012,2016
47,Tennessee,47141,Putnam,8.1,2012,2016
47,Tennessee,47145,Roane,8.78,2012,2016
47,Tennessee,47157,Shelby,8.98,2012,2016
47,Tennessee,47163,Sullivan,8.26,2012,2016
47,Tennessee,47165,Sumner,9.0,2012,2016
48,Texas,48029,Bexar,8.48,2012,2016
48,Texas,48037,Bowie,9.975,2012,2016
48,Texas,48061,Cameron,9.7,2012,2016
48,Texas,48113,Dallas,10.02,2012,2016
48,Texas,48139,Ellis,9.3,2012,2016
48,Texas,48141,El Paso,9.559999999999999,2012,2016
48,Texas,48167,Galveston,7.366666666666667,2012,2016
48,Texas,48201,Harris,11.440000000000001,2012,2016
48,Texas,48203,Harrison,9.24,2012,2016
48,Texas,48215,Hidalgo,10.133333333333333,2012,2016
48,Texas,48355,Nueces,10.08,2012,2016
48,Texas,48439,Tarrant,9.82,2012,2016
48,Texas,48453,Travis,9.22,2012,2016
49,Utah,49003,Box Elder,7.459999999999999,2012,2016
49,Utah,49005,Cache,8.78,2012,2016
49,Utah,49011,Davis,7.9,2012,2016
49,Utah,49013,Duchesne,5.95,2012,2016
49,Utah,49035,Salt Lake,9.5,2012,2016
49,Utah,49045,Tooele,6.2,2012,2016
49,Utah,49047,Uintah,5.300000000000001,2012,2016
49,Utah,49049,Utah,8.86,2012,2016
49,Utah,49053,Washington,4.633333333333334,2012,2016
49,Utah,49057,Weber,8.84,2012,2016
50,Vermont,50003,Bennington,6.1,2012,2016
50,Vermont,50007,Chittenden,6.459999999999999,2012,2016
50,Vermont,50021,Rutland,8.48,2012,2016
51,Virginia,51003,Albemarle,7.38,2012,2016
51,Virginia,51013,Arlington,8.9,2012,2016
51,Virginia,51036,Charles City,7.5200000000000005,2012,2016
51,Virginia,51041,Chesterfield,8.24,2012,2016
51,Virginia,51059,Fairfax,7.9799999999999995,2012,2016
51,Virginia,51069,Frederick,8.82,2012,2016
51,Virginia,51087,Henrico,7.9799999999999995,2012,2016
51,Virginia,51107,Loudoun,8.42,2012,2016
51,Virginia,51139,Page,7.833333333333333,2012,2016
51,Virginia,51161,Roanoke,7.5,2012,2016
51,Virginia,51165,Rockingham,8.32,2012,2016
51,Virginia,51520,Bristol,8.26,2012,2016
51,Virginia,51650,Hampton,7.140000000000001,2012,2016
51,Virginia,51680,Lynchburg,7.3,2012,2016
51,Virginia,51710,Norfolk,7.68,2012,2016
51,Virginia,51760,Richmond City,9.3,2012,2016
51,Virginia,51770,Roanoke City,9.1,2012,2016
51,Virginia,51775,Salem,8.42,2012,2016
51,Virginia,51810,Virginia Beach,7.7,2012,2016
53,Washington,53007,Chelan,5.4,2012,2016
53,Washington,53011,Clark,7.233333333333333,2012,2016
53,Washington,53033,King,7.08,2012,2016
53,Washington,53035,Kitsap,4.550000000000001,2012,2016
53,Washington,53037,Kittitas,5.85,2012,2016
53,Washington,53053,Pierce,7.56,2012,2016
53,Washington,53057,Skagit,6.0,2012,2016
53,Washington,53061,Snohomish,7.4,2012,2016
53,Washington,53063,Spokane,8.120000000000001,2012,2016
53,Washington,53073,Whatcom,5.65,2012,2016
53,Washington,53077,Yakima,9.059999999999999,2012,2016
54,West Virginia,54003,Berkeley,10.16,2012,2016
54,West Virginia,54009,Brooke,10.76,2012,2016
54,West Virginia,54011,Cabell,9.34,2012,2016
54,West Virginia,54029,Hancock,9.540000000000001,2012,2016
54,West Virginia,54033,Harrison,8.72,2012,2016
54,West Virginia,54039,Kanawha,9.5,2012,2016
54,West Virginia,54049,Marion,9.65,2012,2016
54,West Virginia,54051,Marshall,10.58,2012,2016
54,West Virginia,54061,Monongalia,8.4,2012,2016
54,West Virginia,54069,Ohio,9.86,2012,2016
54,West Virginia,54081,Raleigh,7.9,2012,2016
54,West Virginia,54107,Wood,9.3,2012,2016
55,Wisconsin,55003,Ashland,5.0600000000000005,2012,2016
55,Wisconsin,55009,Brown,8.059999999999999,2012,2016
55,Wisconsin,55025,Dane,8.940000000000001,2012,2016
55,Wisconsin,55027,Dodge,8.0,2012,2016
55,Wisconsin,55035,Eau Claire,7.3199999999999985,2012,2016
55,Wisconsin,55041,Forest,4.8,2012,2016
55,Wisconsin,55043,Grant,8.16,2012,2016
55,Wisconsin,55059,Kenosha,8.459999999999999,2012,2016
55,Wisconsin,55063,La Crosse,7.68,2012,2016
55,Wisconsin,55079,Milwaukee,9.76,2012,2016
55,Wisconsin,55087,Outagamie,7.859999999999999,2012,2016
55,Wisconsin,55089,Ozaukee,7.866666666666667,2012,2016
55,Wisconsin,55111,Sauk,7.4,2012,2016
55,Wisconsin,55119,Taylor,6.45,2012,2016
55,Wisconsin,55125,Vilas,5.1,2012,2016
55,Wisconsin,55133,Waukesha,9.45,2012,2016
56,Wyoming,56001,Albany,4.5,2012,2016
56,Wyoming,56005,Campbell,4.55,2012,2016
56,Wyoming,56007,Carbon,2.3,2012,2016
56,Wyoming,56009,Converse,3.45,2012,2016
56,Wyoming,56013,Fremont,7.06,2012,2016
56,Wyoming,56015,Goshen,3.7,2012,2016
56,Wyoming,56021,Laramie,4.64,2012,2016
56,Wyoming,56025,Natrona,4.74,2012,2016
56,Wyoming,56029,Park,4.2,2012,2016
56,Wyoming,56033,Sheridan,7.220000000000001,2012,2016
56,Wyoming,56035,Sublette,4.8,2012,2016
56,Wyoming,56037,Sweetwater,5.279999999999999,2012,2016
56,Wyoming,56039,Teton,4.92,2012,2016
56,Wyoming,56045,Weston,2.9,2012,2016
1,Alabama,1003,Baldwin,8.1,2013,2017
1,Alabama,1027,Clay,8.1,2013,2017
1,Alabama,1033,Colbert,8.32,2013,2017
1,Alabama,1049,DeKalb,8.66,2013,2017
1,Alabama,1055,Etowah,8.940000000000001,2013,2017
1,Alabama,1069,Houston,8.0,2013,2017
1,Alabama,1073,Jefferson,11.080000000000002,2013,2017
1,Alabama,1089,Madison,8.18,2013,2017
1,Alabama,1097,Mobile,8.36,2013,2017
1,Alabama,1101,Montgomery,9.14,2013,2017
1,Alabama,1103,Morgan,8.360000000000001,2013,2017
1,Alabama,1113,Russell,10.125,2013,2017
1,Alabama,1117,Shelby,9.35,2013,2017
1,Alabama,1121,Talladega,9.14,2013,2017
1,Alabama,1125,Tuscaloosa,8.540000000000001,2013,2017
2,Alaska,2020,Anchorage,6.1000000000000005,2013,2017
2,Alaska,2090,Fairbanks North Star,14.419999999999998,2013,2017
2,Alaska,2110,Juneau,6.133333333333333,2013,2017
2,Alaska,2170,Matanuska-Susitna,6.220000000000001,2013,2017
4,Arizona,4001,Apache,2.8,2013,2017
4,Arizona,4003,Cochise,5.0,2013,2017
4,Arizona,4005,Coconino,5.4,2013,2017
4,Arizona,4012,La Paz,3.3333333333333335,2013,2017
4,Arizona,4013,Maricopa,9.78,2013,2017
4,Arizona,4019,Pima,6.12,2013,2017
4,Arizona,4021,Pinal,13.52,2013,2017
4,Arizona,4023,Santa Cruz,9.18,2013,2017
4,Arizona,4025,Yavapai,4.2,2013,2017
4,Arizona,4027,Yuma,7.466666666666666,2013,2017
5,Arkansas,5001,Arkansas,8.72,2013,2017
5,Arkansas,5003,Ashley,8.5,2013,2017
5,Arkansas,5035,Crittenden,8.879999999999999,2013,2017
5,Arkansas,5051,Garland,8.82,2013,2017
5,Arkansas,5067,Jackson,8.620000000000001,2013,2017
5,Arkansas,5113,Polk,8.78,2013,2017
5,Arkansas,5119,Pulaski,10.28,2013,2017
5,Arkansas,5139,Union,9.040000000000001,2013,2017
5,Arkansas,5143,Washington,8.34,2013,2017
6,California,6001,Alameda,10.566666666666666,2013,2017
6,California,6007,Butte,8.940000000000001,2013,2017
6,California,6009,Calaveras,8.399999999999999,2013,2017
6,California,6011,Colusa,7.42,2013,2017
6,California,6013,Contra Costa,9.700000000000001,2013,2017
6,California,6015,Del Norte,5.8,2013,2017
6,California,6019,Fresno,15.680000000000001,2013,2017
6,California,6023,Humboldt,6.480000000000001,2013,2017
6,California,6025,Imperial,13.2,2013,2017
6,California,6027,Inyo,7.539999999999999,2013,2017
6,California,6029,Kern,19.28,2013,2017
6,California,6031,Kings,16.04,2013,2017
6,California,6033,Lake,3.7750000000000004,2013,2017
6,California,6037,Los Angeles,12.919999999999998,2013,2017
6,California,6039,Madera,12.833333333333334,2013,2017
6,California,6041,Marin,8.233333333333333,2013,2017
6,California,6045,Mendocino,8.133333333333333,2013,2017
6,California,6047,Merced,12.52,2013,2017
6,California,6053,Monterey,5.9399999999999995,2013,2017
6,California,6055,Napa,10.966666666666667,2013,2017
6,California,6057,Nevada,6.4,2013,2017
6,California,6059,Orange,10.18,2013,2017
6,California,6061,Placer,7.659999999999999,2013,2017
6,California,6063,Plumas,14.24,2013,2017
6,California,6065,Riverside,13.98,2013,2017
6,California,6067,Sacramento,9.879999999999999,2013,2017
6,California,6069,San Benito,4.566666666666666,2013,2017
6,California,6071,San Bernardino,14.38,2013,2017
6,California,6073,San Diego,9.68,2013,2017
6,California,6075,San Francisco,8.333333333333334,2013,2017
6,California,6077,San Joaquin,13.433333333333332,2013,2017
6,California,6079,San Luis Obispo,9.633333333333333,2013,2017
6,California,6081,San Mateo,7.733333333333333,2013,2017
6,California,6083,Santa Barbara,8.266666666666667,2013,2017
6,California,6085,Santa Clara,10.02,2013,2017
6,California,6087,Santa Cruz,6.166666666666667,2013,2017
6,California,6089,Shasta,6.32,2013,2017
6,California,6093,Siskiyou,8.225,2013,2017
6,California,6095,Solano,10.333333333333334,2013,2017
6,California,6097,Sonoma,6.533333333333334,2013,2017
6,California,6099,Stanislaus,13.233333333333334,2013,2017
6,California,6101,Sutter,8.92,2013,2017
6,California,6103,Tehama,5.7,2013,2017
6,California,6107,Tulare,16.78,2013,2017
6,California,6111,Ventura,10.525,2013,2017
6,California,6113,Yolo,7.220000000000001,2013,2017
8,Colorado,8001,Adams,9.133333333333335,2013,2017
8,Colorado,8005,Arapahoe,6.1,2013,2017
8,Colorado,8013,Boulder,6.94,2013,2017
8,Colorado,8031,Denver,9.1,2013,2017
8,Colorado,8035,Douglas,5.58,2013,2017
8,Colorado,8041,El Paso,5.779999999999999,2013,2017
8,Colorado,8045,Garfield,4.166666666666667,2013,2017
8,Colorado,8067,La Plata,5.266666666666667,2013,2017
8,Colorado,8069,Larimer,6.9799999999999995,2013,2017
8,Colorado,8077,Mesa,6.82,2013,2017
8,Colorado,8083,Montezuma,5.65,2013,2017
8,Colorado,8093,Park,3.0,2013,2017
8,Colorado,8101,Pueblo,5.54,2013,2017
8,Colorado,8103,Rio Blanco,7.833333333333333,2013,2017
8,Colorado,8123,Weld,8.3,2013,2017
9,Connecticut,9001,Fairfield,8.84,2013,2017
9,Connecticut,9003,Hartford,8.3,2013,2017
9,Connecticut,9005,Litchfield,4.9799999999999995,2013,2017
9,Connecticut,9009,New Haven,8.18,2013,2017
9,Connecticut,9011,New London,6.2,2013,2017
10,Delaware,10001,Kent,7.68,2013,2017
10,Delaware,10003,New Castle,9.82,2013,2017
10,Delaware,10005,Sussex,8.02,2013,2017
11,District of Columbia,11001,District of Columbia,9.8,2013,2017
12,Florida,12001,Alachua,6.5200000000000005,2013,2017
12,Florida,12009,Brevard,5.720000000000001,2013,2017
12,Florida,12011,Broward,7.24,2013,2017
12,Florida,12017,Citrus,6.2,2013,2017
12,Florida,12031,Duval,8.34,2013,2017
12,Florida,12033,Escambia,7.62,2013,2017
12,Florida,12057,Hillsborough,8.08,2013,2017
12,Florida,12071,Lee,6.0600000000000005,2013,2017
12,Florida,12073,Leon,7.959999999999999,2013,2017
12,Florida,12086,Miami-Dade,7.220000000000001,2013,2017
12,Florida,12095,Orange,6.720000000000001,2013,2017
12,Florida,12099,Palm Beach,5.76,2013,2017
12,Florida,12103,Pinellas,6.840000000000001,2013,2017
12,Florida,12105,Polk,6.640000000000001,2013,2017
12,Florida,12115,Sarasota,6.42,2013,2017
12,Florida,12117,Seminole,6.16,2013,2017
12,Florida,12127,Volusia,6.24,2013,2017
13,Georgia,13021,Bibb,10.08,2013,2017
13,Georgia,13051,Chatham,8.64,2013,2017
13,Georgia,13059,Clarke,8.9,2013,2017
13,Georgia,13063,Clayton,9.8,2013,2017
13,Georgia,13067,Cobb,9.38,2013,2017
13,Georgia,13069,Coffee,7.4,2013,2017
13,Georgia,13089,DeKalb,10.64,2013,2017
13,Georgia,13095,Dougherty,10.379999999999999,2013,2017
13,Georgia,13115,Floyd,9.8,2013,2017
13,Georgia,13121,Fulton,10.66,2013,2017
13,Georgia,13127,Glynn,7.9,2013,2017
13,Georgia,13135,Gwinnett,8.940000000000001,2013,2017
13,Georgia,13139,Hall,8.3,2013,2017
13,Georgia,13153,Houston,8.58,2013,2017
13,Georgia,13185,Lowndes,8.18,2013,2017
13,Georgia,13215,Muscogee,9.7,2013,2017
13,Georgia,13223,Paulding,8.0,2013,2017
13,Georgia,13245,Richmond,9.540000000000001,2013,2017
13,Georgia,13295,Walker,9.5,2013,2017
13,Georgia,13303,Washington,8.84,2013,2017
13,Georgia,13319,Wilkinson,9.875,2013,2017
15,Hawaii,15001,Hawaii,13.266666666666666,2013,2017
15,Hawaii,15003,Honolulu,4.4,2013,2017
15,Hawaii,15007,Kauai,3.3333333333333335,2013,2017
15,Hawaii,15009,Maui,4.733333333333333,2013,2017
16,Idaho,16001,Ada,8.9,2013,2017
16,Idaho,16005,Bannock,7.1499999999999995,2013,2017
16,Idaho,16009,Benewah,10.925,2013,2017
16,Idaho,16027,Canyon,10.3,2013,2017
16,Idaho,16041,Franklin,7.725,2013,2017
16,Idaho,16053,Jerome,5.9,2013,2017
16,Idaho,16059,Lemhi,12.475,2013,2017
16,Idaho,16079,Shoshone,12.75,2013,2017
17,Illinois,17019,Champaign,8.575,2013,2017
17,Illinois,17031,Cook,11.275,2013,2017
17,Illinois,17043,DuPage,8.85,2013,2017
17,Illinois,17065,Hamilton,8.399999999999999,2013,2017
17,Illinois,17083,Jersey,7.800000000000001,2013,2017
17,Illinois,17089,Kane,8.65,2013,2017
17,Illinois,17111,McHenry,8.65,2013,2017
17,Illinois,17113,McLean,8.3,2013,2017
17,Illinois,17115,Macon,8.75,2013,2017
17,Illinois,17119,Madison,11.2,2013,2017
17,Illinois,17143,Peoria,8.25,2013,2017
17,Illinois,17157,Randolph,8.575,2013,2017
17,Illinois,17161,Rock Island,8.45,2013,2017
17,Illinois,17163,St. Clair,9.95,2013,2017
17,Illinois,17167,Sangamon,8.7,2013,2017
17,Illinois,17197,Will,8.8,2013,2017
17,Illinois,17201,Winnebago,8.55,2013,2017
18,Indiana,18003,Allen,9.76,2013,2017
18,Indiana,18005,Bartholomew,8.5,2013,2017
18,Indiana,18019,Clark,10.4,2013,2017
18,Indiana,18035,Delaware,8.9,2013,2017
18,Indiana,18037,Dubois,9.74,2013,2017
18,Indiana,18039,Elkhart,9.88,2013,2017
18,Indiana,18043,Floyd,9.66,2013,2017
18,Indiana,18055,Greene,8.78,2013,2017
18,Indiana,18057,Hamilton,9.125,2013,2017
18,Indiana,18065,Henry,8.379999999999999,2013,2017
18,Indiana,18067,Howard,10.200000000000001,2013,2017
18,Indiana,18089,Lake,10.919999999999998,2013,2017
18,Indiana,18091,LaPorte,8.7,2013,2017
18,Indiana,18095,Madison,9.3,2013,2017
18,Indiana,18097,Marion,11.48,2013,2017
18,Indiana,18105,Monroe,8.14,2013,2017
18,Indiana,18127,Porter,9.120000000000001,2013,2017
18,Indiana,18141,St. Joseph,9.84,2013,2017
18,Indiana,18147,Spencer,9.440000000000001,2013,2017
18,Indiana,18157,Tippecanoe,9.440000000000001,2013,2017
18,Indiana,18163,Vanderburgh,10.28,2013,2017
18,Indiana,18167,Vigo,10.4,2013,2017
18,Indiana,18183,Whitley,9.040000000000001,2013,2017
19,Iowa,19013,Black Hawk,8.440000000000001,2013,2017
19,Iowa,19045,Clinton,9.379999999999999,2013,2017
19,Iowa,19055,Delaware,8.35,2013,2017
19,Iowa,19103,Johnson,8.22,2013,2017
19,Iowa,19111,Lee,9.319999999999999,2013,2017
19,Iowa,19113,Linn,8.9,2013,2017
19,Iowa,19137,Montgomery,7.08,2013,2017
19,Iowa,19139,Muscatine,9.52,2013,2017
19,Iowa,19147,Palo Alto,7.24,2013,2017
19,Iowa,19153,Polk,8.12,2013,2017
19,Iowa,19155,Pottawattamie,8.64,2013,2017
19,Iowa,19163,Scott,9.379999999999999,2013,2017
19,Iowa,19177,Van Buren,7.5,2013,2017
19,Iowa,19193,Woodbury,8.02,2013,2017
20,Kansas,20091,Johnson,7.56,2013,2017
20,Kansas,20107,Linn,8.3,2013,2017
20,Kansas,20133,Neosho,8.2,2013,2017
20,Kansas,20173,Sedgwick,8.52,2013,2017
20,Kansas,20177,Shawnee,8.0,2013,2017
20,Kansas,20191,Sumner,7.459999999999999,2013,2017
20,Kansas,20195,Trego,4.3,2013,2017
20,Kansas,20209,Wyandotte,9.14,2013,2017
21,Kentucky,21013,Bell,8.9,2013,2017
21,Kentucky,21019,Boyd,8.5,2013,2017
21,Kentucky,21037,Campbell,8.879999999999999,2013,2017
21,Kentucky,21043,Carter,7.12,2013,2017
21,Kentucky,21047,Christian,9.1,2013,2017
21,Kentucky,21059,Daviess,9.62,2013,2017
21,Kentucky,21067,Fayette,8.68,2013,2017
21,Kentucky,21093,Hardin,9.18,2013,2017
21,Kentucky,21101,Henderson,9.58,2013,2017
21,Kentucky,21111,Jefferson,10.6,2013,2017
21,Kentucky,21145,McCracken,9.225000000000001,2013,2017
21,Kentucky,21151,Madison,7.94,2013,2017
21,Kentucky,21193,Perry,8.1,2013,2017
21,Kentucky,21195,Pike,7.8,2013,2017
21,Kentucky,21199,Pulaski,8.34,2013,2017
21,Kentucky,21227,Warren,8.760000000000002,2013,2017
22,Louisiana,22017,Caddo,10.36,2013,2017
22,Louisiana,22019,Calcasieu,7.6,2013,2017
22,Louisiana,22033,East Baton Rouge,10.42,2013,2017
22,Louisiana,22047,Iberville,8.52,2013,2017
22,Louisiana,22051,Jefferson,7.62,2013,2017
22,Louisiana,22055,Lafayette,7.74,2013,2017
22,Louisiana,22071,Orleans,8.200000000000001,2013,2017
22,Louisiana,22073,Ouachita,8.0,2013,2017
22,Louisiana,22079,Rapides,7.62,2013,2017
22,Louisiana,22087,St. Bernard,8.68,2013,2017
22,Louisiana,22105,Tangipahoa,7.68,2013,2017
22,Louisiana,22109,Terrebonne,7.2,2013,2017
22,Louisiana,22121,West Baton Rouge,8.98,2013,2017
23,Maine,23001,Androscoggin,7.1,2013,2017
23,Maine,23003,Aroostook,7.580000000000001,2013,2017
23,Maine,23005,Cumberland,7.32,2013,2017
23,Maine,23009,Hancock,4.4,2013,2017
23,Maine,23011,Kennebec,6.525,2013,2017
23,Maine,23017,Oxford,7.26,2013,2017
23,Maine,23019,Penobscot,6.5200000000000005,2013,2017
24,Maryland,24003,Anne Arundel,9.024999999999999,2013,2017
24,Maryland,24005,Baltimore,9.18,2013,2017
24,Maryland,24015,Cecil,8.466666666666667,2013,2017
24,Maryland,24019,Dorchester,7.833333333333333,2013,2017
24,Maryland,24023,Garrett,5.6000000000000005,2013,2017
24,Maryland,24025,Harford,8.1,2013,2017
24,Maryland,24027,Howard,9.066666666666666,2013,2017
24,Maryland,24029,Kent,7.933333333333334,2013,2017
24,Maryland,24031,Montgomery,7.3999999999999995,2013,2017
24,Maryland,24033,Prince George's,8.58,2013,2017
24,Maryland,24043,Washington,8.566666666666666,2013,2017
24,Maryland,24510,Baltimore City,9.459999999999999,2013,2017
25,Massachusetts,25003,Berkshire,7.08,2013,2017
25,Massachusetts,25005,Bristol,6.26,2013,2017
25,Massachusetts,25009,Essex,5.880000000000001,2013,2017
25,Massachusetts,25011,Franklin,5.825,2013,2017
25,Massachusetts,25013,Hampden,7.040000000000001,2013,2017
25,Massachusetts,25015,Hampshire,4.8,2013,2017
25,Massachusetts,25021,Norfolk,5.2,2013,2017
25,Massachusetts,25023,Plymouth,6.08,2013,2017
25,Massachusetts,25025,Suffolk,8.72,2013,2017
25,Massachusetts,25027,Worcester,6.42,2013,2017
26,Michigan,26005,Allegan,7.779999999999999,2013,2017
26,Michigan,26017,Bay,7.4,2013,2017
26,Michigan,26021,Berrien,8.0,2013,2017
26,Michigan,26033,Chippewa,7.12,2013,2017
26,Michigan,26049,Genesee,7.76,2013,2017
26,Michigan,26065,Ingham,8.02,2013,2017
26,Michigan,26077,Kalamazoo,8.7,2013,2017
26,Michigan,26081,Kent,9.24,2013,2017
26,Michigan,26091,Lenawee,8.02,2013,2017
26,Michigan,26099,Macomb,8.36,2013,2017
26,Michigan,26101,Manistee,6.08,2013,2017
26,Michigan,26113,Missaukee,5.279999999999999,2013,2017
26,Michigan,26115,Monroe,8.425,2013,2017
26,Michigan,26125,Oakland,8.620000000000001,2013,2017
26,Michigan,26139,Ottawa,8.1,2013,2017
26,Michigan,26147,St. Clair,8.620000000000001,2013,2017
26,Michigan,26161,Washtenaw,8.82,2013,2017
26,Michigan,26163,Wayne,11.42,2013,2017
27,Minnesota,27003,Anoka,7.5,2013,2017
27,Minnesota,27005,Becker,4.833333333333333,2013,2017
27,Minnesota,27007,Beltrami,5.2,2013,2017
27,Minnesota,27017,Carlton,4.8,2013,2017
27,Minnesota,27031,Cook,4.2,2013,2017
27,Minnesota,27035,Crow Wing,5.833333333333333,2013,2017
27,Minnesota,27037,Dakota,7.68,2013,2017
27,Minnesota,27053,Hennepin,8.34,2013,2017
27,Minnesota,27075,Lake,4.0,2013,2017
27,Minnesota,27083,Lyon,5.0,2013,2017
27,Minnesota,27109,Olmsted,7.539999999999999,2013,2017
27,Minnesota,27123,Ramsey,8.58,2013,2017
27,Minnesota,27137,St. Louis,5.9399999999999995,2013,2017
27,Minnesota,27139,Scott,7.24,2013,2017
27,Minnesota,27145,Stearns,5.733333333333333,2013,2017
27,Minnesota,27163,Washington,8.033333333333333,2013,2017
27,Minnesota,27171,Wright,6.333333333333333,2013,2017
28,Mississippi,28033,DeSoto,8.82,2013,2017
28,Mississippi,28035,Forrest,9.540000000000001,2013,2017
28,Mississippi,28043,Grenada,7.840000000000001,2013,2017
28,Mississippi,28045,Hancock,8.28,2013,2017
28,Mississippi,28047,Harrison,8.459999999999999,2013,2017
28,Mississippi,28049,Hinds,9.22,2013,2017
28,Mississippi,28059,Jackson,8.66,2013,2017
29,Missouri,29021,Buchanan,9.066666666666668,2013,2017
29,Missouri,29037,Cass,7.266666666666667,2013,2017
29,Missouri,29039,Cedar,6.833333333333333,2013,2017
29,Missouri,29047,Clay,7.066666666666666,2013,2017
29,Missouri,29077,Greene,7.25,2013,2017
29,Missouri,29095,Jackson,9.66,2013,2017
29,Missouri,29099,Jefferson,9.366666666666667,2013,2017
29,Missouri,29189,St. Louis,9.466666666666667,2013,2017
29,Missouri,29510,St. Louis City,10.52,2013,2017
30,Montana,30027,Fergus,5.1000000000000005,2013,2017
30,Montana,30029,Flathead,9.1,2013,2017
30,Montana,30031,Gallatin,3.7,2013,2017
30,Montana,30049,Lewis and Clark,8.1,2013,2017
30,Montana,30053,Lincoln,13.0,2013,2017
30,Montana,30063,Missoula,11.4,2013,2017
30,Montana,30071,Phillips,5.633333333333333,2013,2017
30,Montana,30075,Powder River,7.766666666666667,2013,2017
30,Montana,30081,Ravalli,11.700000000000001,2013,2017
30,Montana,30083,Richland,6.25,2013,2017
30,Montana,30087,Rosebud,6.533333333333334,2013,2017
30,Montana,30093,Silver Bow,10.02,2013,2017
30,Montana,30111,Yellowstone,6.9,2013,2017
31,Nebraska,31055,Douglas,8.9,2013,2017
31,Nebraska,31079,Hall,6.34,2013,2017
31,Nebraska,31109,Lancaster,7.359999999999999,2013,2017
31,Nebraska,31153,Sarpy,8.666666666666666,2013,2017
31,Nebraska,31157,Scotts Bluff,5.85,2013,2017
31,Nebraska,31177,Washington,7.08,2013,2017
32,Nevada,32003,Clark,9.42,2013,2017
32,Nevada,32005,Douglas,7.8999999999999995,2013,2017
32,Nevada,32031,Washoe,7.92,2013,2017
32,Nevada,32510,Carson City,5.1,2013,2017
33,New Hampshire,33001,Belknap,4.82,2013,2017
33,New Hampshire,33005,Cheshire,7.08,2013,2017
33,New Hampshire,33009,Grafton,5.833333333333333,2013,2017
33,New Hampshire,33011,Hillsborough,5.5600000000000005,2013,2017
33,New Hampshire,33013,Merrimack,7.15,2013,2017
33,New Hampshire,33015,Rockingham,6.0600000000000005,2013,2017
34,New Jersey,34001,Atlantic,7.76,2013,2017
34,New Jersey,34003,Bergen,9.540000000000001,2013,2017
34,New Jersey,34007,Camden,10.6,2013,2017
34,New Jersey,34011,Cumberland,7.85,2013,2017
34,New Jersey,34013,Essex,8.879999999999999,2013,2017
34,New Jersey,34015,Gloucester,8.525,2013,2017
34,New Jersey,34017,Hudson,10.36,2013,2017
34,New Jersey,34019,Hunterdon,8.25,2013,2017
34,New Jersey,34021,Mercer,8.54,2013,2017
34,New Jersey,34023,Middlesex,8.16,2013,2017
34,New Jersey,34027,Morris,7.540000000000001,2013,2017
34,New Jersey,34029,Ocean,7.279999999999999,2013,2017
34,New Jersey,34031,Passaic,8.379999999999999,2013,2017
34,New Jersey,34039,Union,10.52,2013,2017
34,New Jersey,34041,Warren,8.74,2013,2017
35,New Mexico,35001,Bernalillo,6.659999999999999,2013,2017
35,New Mexico,35013,Dona Ana,7.9799999999999995,2013,2017
35,New Mexico,35025,Lea,7.640000000000001,2013,2017
35,New Mexico,35045,San Juan,4.066666666666666,2013,2017
35,New Mexico,35049,Santa Fe,5.0,2013,2017
36,New York,36001,Albany,7.26,2013,2017
36,New York,36005,Bronx,8.84,2013,2017
36,New York,36013,Chautauqua,6.975,2013,2017
36,New York,36029,Erie,8.06,2013,2017
36,New York,36031,Essex,3.9200000000000004,2013,2017
36,New York,36047,Kings,8.559999999999999,2013,2017
36,New York,36055,Monroe,7.1,2013,2017
36,New York,36061,New York,10.18,2013,2017
36,New York,36067,Onondaga,6.0200000000000005,2013,2017
36,New York,36071,Orange,6.8,2013,2017
36,New York,36081,Queens,7.7,2013,2017
36,New York,36085,Richmond,7.88,2013,2017
36,New York,36101,Steuben,5.4,2013,2017
36,New York,36103,Suffolk,7.140000000000001,2013,2017
37,North Carolina,37001,Alamance,8.35,2013,2017
37,North Carolina,37021,Buncombe,7.9,2013,2017
37,North Carolina,37033,Caswell,8.25,2013,2017
37,North Carolina,37035,Catawba,9.219999999999999,2013,2017
37,North Carolina,37037,Chatham,7.5,2013,2017
37,North Carolina,37051,Cumberland,8.6,2013,2017
37,North Carolina,37057,Davidson,9.48,2013,2017
37,North Carolina,37061,Duplin,7.333333333333333,2013,2017
37,North Carolina,37063,Durham,8.86,2013,2017
37,North Carolina,37065,Edgecombe,7.9,2013,2017
37,North Carolina,37067,Forsyth,8.059999999999999,2013,2017
37,North Carolina,37071,Gaston,8.350000000000001,2013,2017
37,North Carolina,37081,Guilford,8.42,2013,2017
37,North Carolina,37087,Haywood,8.200000000000001,2013,2017
37,North Carolina,37099,Jackson,7.76,2013,2017
37,North Carolina,37101,Johnston,7.6,2013,2017
37,North Carolina,37105,Lee,11.2,2013,2017
37,North Carolina,37107,Lenoir,7.4,2013,2017
37,North Carolina,37111,McDowell,8.566666666666666,2013,2017
37,North Carolina,37117,Martin,6.866666666666667,2013,2017
37,North Carolina,37119,Mecklenburg,9.040000000000001,2013,2017
37,North Carolina,37121,Mitchell,7.68,2013,2017
37,North Carolina,37123,Montgomery,7.18,2013,2017
37,North Carolina,37129,New Hanover,6.18,2013,2017
37,North Carolina,37147,Pitt,7.140000000000001,2013,2017
37,North Carolina,37155,Robeson,8.25,2013,2017
37,North Carolina,37159,Rowan,9.6,2013,2017
37,North Carolina,37173,Swain,8.133333333333333,2013,2017
37,North Carolina,37183,Wake,9.52,2013,2017
37,North Carolina,37189,Watauga,6.766666666666667,2013,2017
37,North Carolina,37191,Wayne,8.850000000000001,2013,2017
38,North Dakota,38007,Billings,4.32,2013,2017
38,North Dakota,38013,Burke,4.733333333333333,2013,2017
38,North Dakota,38015,Burleigh,6.0600000000000005,2013,2017
38,North Dakota,38017,Cass,7.040000000000001,2013,2017
38,North Dakota,38025,Dunn,5.766666666666667,2013,2017
38,North Dakota,38053,McKenzie,3.9,2013,2017
38,North Dakota,38057,Mercer,4.88,2013,2017
38,North Dakota,38065,Oliver,4.933333333333334,2013,2017
38,North Dakota,38101,Ward,4.6,2013,2017
38,North Dakota,38105,Williams,4.233333333333333,2013,2017
39,Ohio,39003,Allen,8.875,2013,2017
39,Ohio,39009,Athens,7.459999999999999,2013,2017
39,Ohio,39013,Belmont,8.0,2013,2017
39,Ohio,39017,Butler,11.98,2013,2017
39,Ohio,39023,Clark,9.1,2013,2017
39,Ohio,39035,Cuyahoga,12.0,2013,2017
39,Ohio,39049,Franklin,9.74,2013,2017
39,Ohio,39057,Greene,8.7,2013,2017
39,Ohio,39061,Hamilton,11.3,2013,2017
39,Ohio,39081,Jefferson,11.36,2013,2017
39,Ohio,39085,Lake,8.02,2013,2017
39,Ohio,39087,Lawrence,7.44,2013,2017
39,Ohio,39093,Lorain,8.28,2013,2017
39,Ohio,39095,Lucas,9.58,2013,2017
39,Ohio,39099,Mahoning,9.739999999999998,2013,2017
39,Ohio,39103,Medina,9.0,2013,2017
39,Ohio,39113,Montgomery,9.375,2013,2017
39,Ohio,39133,Portage,8.075,2013,2017
39,Ohio,39135,Preble,8.42,2013,2017
39,Ohio,39145,Scioto,8.36,2013,2017
39,Ohio,39151,Stark,10.9,2013,2017
39,Ohio,39153,Summit,10.86,2013,2017
39,Ohio,39155,Trumbull,8.95,2013,2017
40,Oklahoma,40019,Carter,8.0,2013,2017
40,Oklahoma,40027,Cleveland,7.866666666666667,2013,2017
40,Oklahoma,40031,Comanche,7.133333333333333,2013,2017
40,Oklahoma,40043,Dewey,6.3999999999999995,2013,2017
40,Oklahoma,40071,Kay,7.8,2013,2017
40,Oklahoma,40085,Love,7.3,2013,2017
40,Oklahoma,40109,Oklahoma,8.68,2013,2017
40,Oklahoma,40121,Pittsburg,8.559999999999999,2013,2017
40,Oklahoma,40135,Sequoyah,8.66,2013,2017
40,Oklahoma,40143,Tulsa,9.540000000000001,2013,2017
40,Oklahoma,40147,Washington,8.3,2013,2017
41,Oregon,41013,Crook,9.68,2013,2017
41,Oregon,41025,Harney,9.3,2013,2017
41,Oregon,41029,Jackson,11.64,2013,2017
41,Oregon,41033,Josephine,9.84,2013,2017
41,Oregon,41035,Klamath,10.120000000000001,2013,2017
41,Oregon,41037,Lake,9.8,2013,2017
41,Oregon,41039,Lane,9.8,2013,2017
41,Oregon,41051,Multnomah,7.140000000000001,2013,2017
41,Oregon,41059,Umatilla,7.45,2013,2017
41,Oregon,41067,Washington,7.719999999999999,2013,2017
42,Pennsylvania,42001,Adams,8.299999999999999,2013,2017
42,Pennsylvania,42003,Allegheny,12.84,2013,2017
42,Pennsylvania,42005,Armstrong,10.433333333333332,2013,2017
42,Pennsylvania,42007,Beaver,10.64,2013,2017
42,Pennsylvania,42011,Berks,10.74,2013,2017
42,Pennsylvania,42013,Blair,9.200000000000001,2013,2017
42,Pennsylvania,42015,Bradford,7.25,2013,2017
42,Pennsylvania,42017,Bucks,10.866666666666667,2013,2017
42,Pennsylvania,42021,Cambria,10.833333333333334,2013,2017
42,Pennsylvania,42027,Centre,8.74,2013,2017
42,Pennsylvania,42029,Chester,10.6,2013,2017
42,Pennsylvania,42041,Cumberland,10.36,2013,2017
42,Pennsylvania,42043,Dauphin,10.5,2013,2017
42,Pennsylvania,42045,Delaware,10.5,2013,2017
42,Pennsylvania,42049,Erie,8.333333333333334,2013,2017
42,Pennsylvania,42059,Greene,6.2,2013,2017
42,Pennsylvania,42069,Lackawanna,9.066666666666666,2013,2017
42,Pennsylvania,42071,Lancaster,11.42,2013,2017
42,Pennsylvania,42075,Lebanon,11.9,2013,2017
42,Pennsylvania,42077,Lehigh,9.15,2013,2017
42,Pennsylvania,42085,Mercer,10.24,2013,2017
42,Pennsylvania,42089,Monroe,7.166666666666667,2013,2017
42,Pennsylvania,42091,Montgomery,9.275,2013,2017
42,Pennsylvania,42095,Northampton,11.18,2013,2017
42,Pennsylvania,42101,Philadelphia,10.559999999999999,2013,2017
42,Pennsylvania,42117,Tioga,8.433333333333332,2013,2017
42,Pennsylvania,42125,Washington,10.18,2013,2017
42,Pennsylvania,42129,Westmoreland,10.36,2013,2017
42,Pennsylvania,42133,York,10.32,2013,2017
44,Rhode Island,44003,Kent,5.24,2013,2017
44,Rhode Island,44007,Providence,8.760000000000002,2013,2017
44,Rhode Island,44009,Washington,5.7,2013,2017
45,South Carolina,45019,Charleston,7.859999999999999,2013,2017
45,South Carolina,45025,Chesterfield,7.56,2013,2017
45,South Carolina,45037,Edgefield,8.5,2013,2017
45,South Carolina,45041,Florence,8.42,2013,2017
45,South Carolina,45045,Greenville,9.26,2013,2017
45,South Carolina,45063,Lexington,9.14,2013,2017
45,South Carolina,45073,Oconee,5.833333333333333,2013,2017
45,South Carolina,45079,Richland,8.86,2013,2017
45,South Carolina,45083,Spartanburg,8.56,2013,2017
46,South Dakota,46011,Brookings,6.2,2013,2017
46,South Dakota,46013,Brown,6.26,2013,2017
46,South Dakota,46029,Codington,6.566666666666666,2013,2017
46,South Dakota,46033,Custer,3.766666666666667,2013,2017
46,South Dakota,46065,Hughes,4.133333333333334,2013,2017
46,South Dakota,46071,Jackson,3.5666666666666664,2013,2017
46,South Dakota,46099,Minnehaha,7.640000000000001,2013,2017
46,South Dakota,46103,Pennington,6.9799999999999995,2013,2017
46,South Dakota,46127,Union,6.8,2013,2017
47,Tennessee,47009,Blount,8.36,2013,2017
47,Tennessee,47037,Davidson,9.76,2013,2017
47,Tennessee,47045,Dyer,7.779999999999999,2013,2017
47,Tennessee,47065,Hamilton,9.120000000000001,2013,2017
47,Tennessee,47093,Knox,10.18,2013,2017
47,Tennessee,47099,Lawrence,7.2,2013,2017
47,Tennessee,47105,Loudon,9.525,2013,2017
47,Tennessee,47107,McMinn,8.540000000000001,2013,2017
47,Tennessee,47113,Madison,7.74,2013,2017
47,Tennessee,47119,Maury,7.540000000000001,2013,2017
47,Tennessee,47125,Montgomery,8.540000000000001,2013,2017
47,Tennessee,47141,Putnam,7.840000000000001,2013,2017
47,Tennessee,47145,Roane,8.42,2013,2017
47,Tennessee,47157,Shelby,8.76,2013,2017
47,Tennessee,47163,Sullivan,7.92,2013,2017
47,Tennessee,47165,Sumner,8.58,2013,2017
48,Texas,48029,Bexar,8.52,2013,2017
48,Texas,48037,Bowie,9.6,2013,2017
48,Texas,48061,Cameron,9.5,2013,2017
48,Texas,48113,Dallas,9.78,2013,2017
48,Texas,48139,Ellis,8.9,2013,2017
48,Texas,48141,El Paso,9.440000000000001,2013,2017
48,Texas,48167,Galveston,7.075,2013,2017
48,Texas,48201,Harris,11.059999999999999,2013,2017
48,Texas,48203,Harrison,8.86,2013,2017
48,Texas,48215,Hidalgo,10.125,2013,2017
48,Texas,48355,Nueces,9.64,2013,2017
48,Texas,48439,Tarrant,9.459999999999999,2013,2017
48,Texas,48453,Travis,9.22,2013,2017
49,Utah,49003,Box Elder,7.859999999999999,2013,2017
49,Utah,49005,Cache,9.26,2013,2017
49,Utah,49011,Davis,8.28,2013,2017
49,Utah,49013,Duchesne,6.033333333333334,2013,2017
49,Utah,49035,Salt Lake,9.6,2013,2017
49,Utah,49045,Tooele,6.6,2013,2017
49,Utah,49047,Uintah,5.7,2013,2017
49,Utah,49049,Utah,9.040000000000001,2013,2017
49,Utah,49053,Washington,4.7,2013,2017
49,Utah,49057,Weber,8.879999999999999,2013,2017
50,Vermont,50003,Bennington,5.8,2013,2017
50,Vermont,50007,Chittenden,6.0600000000000005,2013,2017
50,Vermont,50021,Rutland,8.1,2013,2017
51,Virginia,51003,Albemarle,7.2,2013,2017
51,Virginia,51013,Arlington,8.52,2013,2017
51,Virginia,51036,Charles City,7.279999999999999,2013,2017
51,Virginia,51041,Chesterfield,7.88,2013,2017
51,Virginia,51059,Fairfax,7.62,2013,2017
51,Virginia,51069,Frederick,8.379999999999999,2013,2017
51,Virginia,51087,Henrico,7.76,2013,2017
51,Virginia,51107,Loudoun,8.08,2013,2017
51,Virginia,51139,Page,7.6,2013,2017
51,Virginia,51161,Roanoke,7.275,2013,2017
51,Virginia,51165,Rockingham,7.94,2013,2017
51,Virginia,51520,Bristol,7.94,2013,2017
51,Virginia,51650,Hampton,6.94,2013,2017
51,Virginia,51680,Lynchburg,7.08,2013,2017
51,Virginia,51710,Norfolk,7.42,2013,2017
51,Virginia,51760,Richmond City,9.033333333333333,2013,2017
51,Virginia,51775,Salem,8.040000000000001,2013,2017
51,Virginia,51810,Virginia Beach,7.42,2013,2017
53,Washington,53007,Chelan,5.4,2013,2017
53,Washington,53011,Clark,7.8999999999999995,2013,2017
53,Washington,53033,King,7.840000000000001,2013,2017
53,Washington,53035,Kitsap,4.666666666666667,2013,2017
53,Washington,53037,Kittitas,7.566666666666666,2013,2017
53,Washington,53047,Okanogan,11.5,2013,2017
53,Washington,53053,Pierce,7.720000000000001,2013,2017
53,Washington,53057,Skagit,5.8999999999999995,2013,2017
53,Washington,53061,Snohomish,7.7,2013,2017
53,Washington,53063,Spokane,8.82,2013,2017
53,Washington,53073,Whatcom,5.533333333333334,2013,2017
53,Washington,53077,Yakima,9.959999999999999,2013,2017
54,West Virginia,54003,Berkeley,9.6,2013,2017
54,West Virginia,54009,Brooke,10.36,2013,2017
54,West Virginia,54011,Cabell,8.78,2013,2017
54,West Virginia,54029,Hancock,9.2,2013,2017
54,West Virginia,54033,Harrison,8.3,2013,2017
54,West Virginia,54039,Kanawha,9.040000000000001,2013,2017
54,West Virginia,54049,Marion,9.025,2013,2017
54,West Virginia,54051,Marshall,10.08,2013,2017
54,West Virginia,54061,Monongalia,8.08,2013,2017
54,West Virginia,54069,Ohio,9.36,2013,2017
54,West Virginia,54081,Raleigh,7.5,2013,2017
54,West Virginia,54107,Wood,8.879999999999999,2013,2017
55,Wisconsin,55003,Ashland,4.66,2013,2017
55,Wisconsin,55009,Brown,7.540000000000001,2013,2017
55,Wisconsin,55025,Dane,8.620000000000001,2013,2017
55,Wisconsin,55027,Dodge,7.4,2013,2017
55,Wisconsin,55035,Eau Claire,7.08,2013,2017
55,Wisconsin,55041,Forest,4.15,2013,2017
55,Wisconsin,55043,Grant,7.7,2013,2017
55,Wisconsin,55059,Kenosha,7.919999999999999,2013,2017
55,Wisconsin,55063,La Crosse,7.359999999999999,2013,2017
55,Wisconsin,55079,Milwaukee,9.18,2013,2017
55,Wisconsin,55087,Outagamie,7.32,2013,2017
55,Wisconsin,55089,Ozaukee,6.733333333333333,2013,2017
55,Wisconsin,55111,Sauk,7.08,2013,2017
55,Wisconsin,55119,Taylor,5.800000000000001,2013,2017
55,Wisconsin,55125,Vilas,4.55,2013,2017
55,Wisconsin,55133,Waukesha,8.825,2013,2017
56,Wyoming,56001,Albany,4.34,2013,2017
56,Wyoming,56005,Campbell,4.8999999999999995,2013,2017
56,Wyoming,56007,Carbon,2.3,2013,2017
56,Wyoming,56009,Converse,4.233333333333333,2013,2017
56,Wyoming,56013,Fremont,6.9799999999999995,2013,2017
56,Wyoming,56015,Goshen,3.7,2013,2017
56,Wyoming,56021,Laramie,4.4399999999999995,2013,2017
56,Wyoming,56025,Natrona,4.7,2013,2017
56,Wyoming,56029,Park,4.18,2013,2017
56,Wyoming,56033,Sheridan,7.08,2013,2017
56,Wyoming,56035,Sublette,5.1000000000000005,2013,2017
56,Wyoming,56037,Sweetwater,5.0,2013,2017
56,Wyoming,56039,Teton,4.62,2013,2017
56,Wyoming,56045,Weston,2.9,2013,2017
1,Alabama,1003,Baldwin,7.840000000000001,2014,2018
1,Alabama,1027,Clay,7.9,2014,2018
1,Alabama,1033,Colbert,8.1,2014,2018
1,Alabama,1049,DeKalb,8.26,2014,2018
1,Alabama,1055,Etowah,8.66,2014,2018
1,Alabama,1069,Houston,7.88,2014,2018
1,Alabama,1073,Jefferson,11.02,2014,2018
1,Alabama,1089,Madison,7.959999999999999,2014,2018
1,Alabama,1097,Mobile,8.32,2014,2018
1,Alabama,1101,Montgomery,8.959999999999999,2014,2018
1,Alabama,1103,Morgan,8.120000000000001,2014,2018
1,Alabama,1113,Russell,9.975,2014,2018
1,Alabama,1117,Shelby,9.7,2014,2018
1,Alabama,1121,Talladega,9.125,2014,2018
1,Alabama,1125,Tuscaloosa,8.28,2014,2018
2,Alaska,2020,Anchorage,5.925,2014,2018
2,Alaska,2090,Fairbanks North Star,14.3,2014,2018
2,Alaska,2110,Juneau,6.325,2014,2018
2,Alaska,2170,Matanuska-Susitna,6.0,2014,2018
4,Arizona,4001,Apache,2.7,2014,2018
4,Arizona,4003,Cochise,5.15,2014,2018
4,Arizona,4012,La Paz,3.775,2014,2018
4,Arizona,4013,Maricopa,9.76,2014,2018
4,Arizona,4019,Pima,6.2,2014,2018
4,Arizona,4021,Pinal,13.1,2014,2018
4,Arizona,4023,Santa Cruz,8.940000000000001,2014,2018
4,Arizona,4027,Yuma,7.775,2014,2018
5,Arkansas,5001,Arkansas,8.48,2014,2018
5,Arkansas,5003,Ashley,8.3,2014,2018
5,Arkansas,5035,Crittenden,8.64,2014,2018
5,Arkansas,5051,Garland,8.6,2014,2018
5,Arkansas,5067,Jackson,8.379999999999999,2014,2018
5,Arkansas,5113,Polk,8.52,2014,2018
5,Arkansas,5119,Pulaski,10.02,2014,2018
5,Arkansas,5139,Union,8.879999999999999,2014,2018
5,Arkansas,5143,Washington,8.16,2014,2018
6,California,6001,Alameda,11.525,2014,2018
6,California,6007,Butte,9.66,2014,2018
6,California,6009,Calaveras,10.466666666666667,2014,2018
6,California,6011,Colusa,8.24,2014,2018
6,California,6013,Contra Costa,10.625,2014,2018
6,California,6015,Del Norte,5.8,2014,2018
6,California,6019,Fresno,15.74,2014,2018
6,California,6023,Humboldt,6.68,2014,2018
6,California,6025,Imperial,13.180000000000001,2014,2018
6,California,6027,Inyo,7.4,2014,2018
6,California,6029,Kern,18.6,2014,2018
6,California,6031,Kings,16.46,2014,2018
6,California,6033,Lake,5.125,2014,2018
6,California,6037,Los Angeles,13.440000000000001,2014,2018
6,California,6039,Madera,13.125,2014,2018
6,California,6041,Marin,8.95,2014,2018
6,California,6045,Mendocino,8.95,2014,2018
6,California,6047,Merced,12.84,2014,2018
6,California,6053,Monterey,6.32,2014,2018
6,California,6055,Napa,10.966666666666667,2014,2018
6,California,6057,Nevada,6.1,2014,2018
6,California,6059,Orange,10.459999999999999,2014,2018
6,California,6061,Placer,8.559999999999999,2014,2018
6,California,6063,Plumas,15.1,2014,2018
6,California,6065,Riverside,13.98,2014,2018
6,California,6067,Sacramento,10.120000000000001,2014,2018
6,California,6069,San Benito,5.225,2014,2018
6,California,6071,San Bernardino,15.440000000000001,2014,2018
6,California,6073,San Diego,10.16,2014,2018
6,California,6075,San Francisco,9.175,2014,2018
6,California,6077,San Joaquin,14.525,2014,2018
6,California,6079,San Luis Obispo,9.425,2014,2018
6,California,6081,San Mateo,8.45,2014,2018
6,California,6083,Santa Barbara,8.35,2014,2018
6,California,6085,Santa Clara,10.459999999999999,2014,2018
6,California,6087,Santa Cruz,6.7,2014,2018
6,California,6089,Shasta,8.32,2014,2018
6,California,6093,Siskiyou,9.85,2014,2018
6,California,6095,Solano,11.125,2014,2018
6,California,6097,Sonoma,7.0,2014,2018
6,California,6099,Stanislaus,14.225,2014,2018
6,California,6101,Sutter,9.34,2014,2018
6,California,6103,Tehama,7.333333333333333,2014,2018
6,California,6107,Tulare,16.46,2014,2018
6,California,6111,Ventura,10.825,2014,2018
6,California,6113,Yolo,8.28,2014,2018
8,Colorado,8001,Adams,9.833333333333334,2014,2018
8,Colorado,8005,Arapahoe,6.0,2014,2018
8,Colorado,8013,Boulder,7.06,2014,2018
8,Colorado,8031,Denver,9.42,2014,2018
8,Colorado,8035,Douglas,5.96,2014,2018
8,Colorado,8041,El Paso,5.82,2014,2018
8,Colorado,8045,Garfield,4.325,2014,2018
8,Colorado,8067,La Plata,7.4,2014,2018
8,Colorado,8069,Larimer,7.159999999999999,2014,2018
8,Colorado,8077,Mesa,6.24,2014,2018
8,Colorado,8083,Montezuma,5.2,2014,2018
8,Colorado,8093,Park,3.0,2014,2018
8,Colorado,8101,Pueblo,5.4799999999999995,2014,2018
8,Colorado,8103,Rio Blanco,8.0,2014,2018
8,Colorado,8123,Weld,8.78,2014,2018
9,Connecticut,9001,Fairfield,8.68,2014,2018
9,Connecticut,9003,Hartford,8.32,2014,2018
9,Connecticut,9005,Litchfield,4.82,2014,2018
9,Connecticut,9009,New Haven,8.14,2014,2018
9,Connecticut,9011,New London,5.8,2014,2018
10,Delaware,10001,Kent,7.42,2014,2018
10,Delaware,10003,New Castle,9.620000000000001,2014,2018
10,Delaware,10005,Sussex,7.82,2014,2018
11,District of Columbia,11001,District of Columbia,9.84,2014,2018
12,Florida,12001,Alachua,6.38,2014,2018
12,Florida,12009,Brevard,5.64,2014,2018
12,Florida,12011,Broward,7.68,2014,2018
12,Florida,12017,Citrus,6.0,2014,2018
12,Florida,12031,Duval,8.64,2014,2018
12,Florida,12033,Escambia,7.62,2014,2018
12,Florida,12057,Hillsborough,8.379999999999999,2014,2018
12,Florida,12071,Lee,6.38,2014,2018
12,Florida,12073,Leon,7.8,2014,2018
12,Florida,12086,Miami-Dade,7.58,2014,2018
12,Florida,12095,Orange,6.9,2014,2018
12,Florida,12099,Palm Beach,5.96,2014,2018
12,Florida,12103,Pinellas,7.08,2014,2018
12,Florida,12105,Polk,6.76,2014,2018
12,Florida,12115,Sarasota,6.56,2014,2018
12,Florida,12117,Seminole,6.18,2014,2018
12,Florida,12127,Volusia,6.42,2014,2018
13,Georgia,13021,Bibb,9.76,2014,2018
13,Georgia,13051,Chatham,8.540000000000001,2014,2018
13,Georgia,13059,Clarke,8.680000000000001,2014,2018
13,Georgia,13063,Clayton,9.52,2014,2018
13,Georgia,13067,Cobb,9.06,2014,2018
13,Georgia,13069,Coffee,6.65,2014,2018
13,Georgia,13089,DeKalb,10.58,2014,2018
13,Georgia,13095,Dougherty,10.059999999999999,2014,2018
13,Georgia,13115,Floyd,9.933333333333334,2014,2018
13,Georgia,13121,Fulton,10.42,2014,2018
13,Georgia,13127,Glynn,7.5200000000000005,2014,2018
13,Georgia,13135,Gwinnett,9.18,2014,2018
13,Georgia,13139,Hall,8.16,2014,2018
13,Georgia,13153,Houston,8.72,2014,2018
13,Georgia,13185,Lowndes,7.859999999999999,2014,2018
13,Georgia,13215,Muscogee,9.419999999999998,2014,2018
13,Georgia,13223,Paulding,7.833333333333333,2014,2018
13,Georgia,13245,Richmond,9.68,2014,2018
13,Georgia,13295,Walker,9.319999999999999,2014,2018
13,Georgia,13303,Washington,8.379999999999999,2014,2018
13,Georgia,13319,Wilkinson,9.9,2014,2018
15,Hawaii,15001,Hawaii,12.85,2014,2018
15,Hawaii,15003,Honolulu,4.425,2014,2018
15,Hawaii,15007,Kauai,3.25,2014,2018
15,Hawaii,15009,Maui,4.675,2014,2018
16,Idaho,16001,Ada,7.8,2014,2018
16,Idaho,16005,Bannock,7.766666666666666,2014,2018
16,Idaho,16009,Benewah,10.375,2014,2018
16,Idaho,16027,Canyon,9.4,2014,2018
16,Idaho,16041,Franklin,6.925,2014,2018
16,Idaho,16053,Jerome,5.933333333333334,2014,2018
16,Idaho,16059,Lemhi,11.825,2014,2018
16,Idaho,16079,Shoshone,12.5,2014,2018
17,Illinois,17019,Champaign,8.175,2014,2018
17,Illinois,17031,Cook,11.05,2014,2018
17,Illinois,17043,DuPage,8.875,2014,2018
17,Illinois,17065,Hamilton,8.4,2014,2018
17,Illinois,17083,Jersey,7.966666666666668,2014,2018
17,Illinois,17089,Kane,8.525,2014,2018
17,Illinois,17111,McHenry,7.699999999999999,2014,2018
17,Illinois,17113,McLean,8.475,2014,2018
17,Illinois,17115,Macon,8.9,2014,2018
17,Illinois,17119,Madison,10.625,2014,2018
17,Illinois,17143,Peoria,8.475,2014,2018
17,Illinois,17157,Randolph,8.325,2014,2018
17,Illinois,17161,Rock Island,8.275,2014,2018
17,Illinois,17163,St. Clair,9.95,2014,2018
17,Illinois,17167,Sangamon,8.5,2014,2018
17,Illinois,17197,Will,8.725,2014,2018
17,Illinois,17201,Winnebago,8.333333333333334,2014,2018
18,Indiana,18003,Allen,9.64,2014,2018
18,Indiana,18005,Bartholomew,8.25,2014,2018
18,Indiana,18019,Clark,9.959999999999999,2014,2018
18,Indiana,18035,Delaware,8.6,2014,2018
18,Indiana,18037,Dubois,9.34,2014,2018
18,Indiana,18039,Elkhart,9.620000000000001,2014,2018
18,Indiana,18043,Floyd,9.425,2014,2018
18,Indiana,18055,Greene,8.459999999999999,2014,2018
18,Indiana,18057,Hamilton,8.940000000000001,2014,2018
18,Indiana,18065,Henry,8.08,2014,2018
18,Indiana,18067,Howard,9.65,2014,2018
18,Indiana,18089,Lake,10.64,2014,2018
18,Indiana,18091,LaPorte,8.32,2014,2018
18,Indiana,18095,Madison,9.16,2014,2018
18,Indiana,18097,Marion,11.34,2014,2018
18,Indiana,18105,Monroe,8.120000000000001,2014,2018
18,Indiana,18127,Porter,8.6,2014,2018
18,Indiana,18141,St. Joseph,9.92,2014,2018
18,Indiana,18147,Spencer,9.1,2014,2018
18,Indiana,18153,Sullivan,8.8,2014,2018
18,Indiana,18157,Tippecanoe,9.18,2014,2018
18,Indiana,18163,Vanderburgh,9.98,2014,2018
18,Indiana,18167,Vigo,10.2,2014,2018
18,Indiana,18183,Whitley,8.84,2014,2018
19,Iowa,19013,Black Hawk,8.22,2014,2018
19,Iowa,19045,Clinton,9.040000000000001,2014,2018
19,Iowa,19055,Delaware,8.166666666666666,2014,2018
19,Iowa,19103,Johnson,8.02,2014,2018
19,Iowa,19111,Lee,8.98,2014,2018
19,Iowa,19113,Linn,8.88,2014,2018
19,Iowa,19137,Montgomery,6.8,2014,2018
19,Iowa,19139,Muscatine,9.059999999999999,2014,2018
19,Iowa,19147,Palo Alto,7.1,2014,2018
19,Iowa,19153,Polk,7.919999999999999,2014,2018
19,Iowa,19155,Pottawattamie,8.440000000000001,2014,2018
19,Iowa,19163,Scott,9.059999999999999,2014,2018
19,Iowa,19177,Van Buren,7.340000000000001,2014,2018
19,Iowa,19193,Woodbury,7.82,2014,2018
20,Kansas,20091,Johnson,7.5,2014,2018
20,Kansas,20133,Neosho,8.2,2014,2018
20,Kansas,20173,Sedgwick,8.26,2014,2018
20,Kansas,20177,Shawnee,8.26,2014,2018
20,Kansas,20191,Sumner,7.38,2014,2018
20,Kansas,20195,Trego,4.733333333333333,2014,2018
20,Kansas,20209,Wyandotte,9.26,2014,2018
21,Kentucky,21013,Bell,8.6,2014,2018
21,Kentucky,21019,Boyd,8.260000000000002,2014,2018
21,Kentucky,21037,Campbell,8.68,2014,2018
21,Kentucky,21043,Carter,6.88,2014,2018
21,Kentucky,21047,Christian,8.78,2014,2018
21,Kentucky,21059,Daviess,9.4,2014,2018
21,Kentucky,21067,Fayette,8.52,2014,2018
21,Kentucky,21093,Hardin,8.82,2014,2018
21,Kentucky,21101,Henderson,9.42,2014,2018
21,Kentucky,21111,Jefferson,10.68,2014,2018
21,Kentucky,21145,McCracken,9.34,2014,2018
21,Kentucky,21151,Madison,7.875,2014,2018
21,Kentucky,21193,Perry,7.88,2014,2018
21,Kentucky,21195,Pike,7.659999999999999,2014,2018
21,Kentucky,21199,Pulaski,8.08,2014,2018
21,Kentucky,21227,Warren,8.42,2014,2018
22,Louisiana,22017,Caddo,10.32,2014,2018
22,Louisiana,22019,Calcasieu,7.6,2014,2018
22,Louisiana,22033,East Baton Rouge,10.8,2014,2018
22,Louisiana,22047,Iberville,8.540000000000001,2014,2018
22,Louisiana,22051,Jefferson,7.640000000000001,2014,2018
22,Louisiana,22055,Lafayette,7.840000000000001,2014,2018
22,Louisiana,22071,Orleans,8.25,2014,2018
22,Louisiana,22073,Ouachita,7.960000000000001,2014,2018
22,Louisiana,22079,Rapides,7.8,2014,2018
22,Louisiana,22087,St. Bernard,8.84,2014,2018
22,Louisiana,22105,Tangipahoa,7.68,2014,2018
22,Louisiana,22109,Terrebonne,7.2,2014,2018
22,Louisiana,22121,West Baton Rouge,9.08,2014,2018
23,Maine,23001,Androscoggin,6.739999999999999,2014,2018
23,Maine,23003,Aroostook,7.640000000000001,2014,2018
23,Maine,23005,Cumberland,7.26,2014,2018
23,Maine,23009,Hancock,4.36,2014,2018
23,Maine,23011,Kennebec,6.05,2014,2018
23,Maine,23017,Oxford,6.92,2014,2018
23,Maine,23019,Penobscot,6.359999999999999,2014,2018
24,Maryland,24003,Anne Arundel,9.0,2014,2018
24,Maryland,24005,Baltimore,8.9,2014,2018
24,Maryland,24015,Cecil,8.35,2014,2018
24,Maryland,24019,Dorchester,7.325,2014,2018
24,Maryland,24023,Garrett,5.6,2014,2018
24,Maryland,24025,Harford,7.800000000000001,2014,2018
24,Maryland,24027,Howard,9.075,2014,2018
24,Maryland,24029,Kent,7.6,2014,2018
24,Maryland,24031,Montgomery,7.675,2014,2018
24,Maryland,24033,Prince George's,8.26,2014,2018
24,Maryland,24043,Washington,8.325,2014,2018
24,Maryland,24510,Baltimore City,9.48,2014,2018
25,Massachusetts,25003,Berkshire,6.779999999999999,2014,2018
25,Massachusetts,25005,Bristol,6.26,2014,2018
25,Massachusetts,25009,Essex,5.82,2014,2018
25,Massachusetts,25011,Franklin,5.84,2014,2018
25,Massachusetts,25013,Hampden,6.5200000000000005,2014,2018
25,Massachusetts,25015,Hampshire,5.133333333333333,2014,2018
25,Massachusetts,25021,Norfolk,5.2,2014,2018
25,Massachusetts,25023,Plymouth,5.9399999999999995,2014,2018
25,Massachusetts,25025,Suffolk,8.92,2014,2018
25,Massachusetts,25027,Worcester,6.32,2014,2018
26,Michigan,26005,Allegan,7.74,2014,2018
26,Michigan,26017,Bay,7.32,2014,2018
26,Michigan,26021,Berrien,8.0,2014,2018
26,Michigan,26033,Chippewa,7.859999999999999,2014,2018
26,Michigan,26049,Genesee,7.8,2014,2018
26,Michigan,26065,Ingham,8.125,2014,2018
26,Michigan,26077,Kalamazoo,8.74,2014,2018
26,Michigan,26081,Kent,9.2,2014,2018
26,Michigan,26091,Lenawee,8.040000000000001,2014,2018
26,Michigan,26099,Macomb,8.32,2014,2018
26,Michigan,26101,Manistee,6.0,2014,2018
26,Michigan,26113,Missaukee,5.26,2014,2018
26,Michigan,26115,Monroe,8.425,2014,2018
26,Michigan,26125,Oakland,8.6,2014,2018
26,Michigan,26139,Ottawa,8.3,2014,2018
26,Michigan,26147,St. Clair,8.559999999999999,2014,2018
26,Michigan,26161,Washtenaw,8.76,2014,2018
26,Michigan,26163,Wayne,11.52,2014,2018
27,Minnesota,27003,Anoka,7.459999999999999,2014,2018
27,Minnesota,27005,Becker,5.0249999999999995,2014,2018
27,Minnesota,27007,Beltrami,5.45,2014,2018
27,Minnesota,27017,Carlton,4.766666666666667,2014,2018
27,Minnesota,27021,Cass,6.5,2014,2018
27,Minnesota,27031,Cook,4.3999999999999995,2014,2018
27,Minnesota,27035,Crow Wing,5.75,2014,2018
27,Minnesota,27037,Dakota,7.44,2014,2018
27,Minnesota,27053,Hennepin,8.26,2014,2018
27,Minnesota,27075,Lake,3.875,2014,2018
27,Minnesota,27083,Lyon,5.275,2014,2018
27,Minnesota,27109,Olmsted,7.540000000000001,2014,2018
27,Minnesota,27123,Ramsey,8.32,2014,2018
27,Minnesota,27137,St. Louis,5.76,2014,2018
27,Minnesota,27139,Scott,6.9,2014,2018
27,Minnesota,27145,Stearns,5.925,2014,2018
27,Minnesota,27163,Washington,8.15,2014,2018
27,Minnesota,27171,Wright,6.475,2014,2018
28,Mississippi,28011,Bolivar,8.7,2014,2018
28,Mississippi,28033,DeSoto,8.74,2014,2018
28,Mississippi,28035,Forrest,9.4,2014,2018
28,Mississippi,28043,Grenada,7.4,2014,2018
28,Mississippi,28045,Hancock,8.22,2014,2018
28,Mississippi,28047,Harrison,8.379999999999999,2014,2018
28,Mississippi,28049,Hinds,9.379999999999999,2014,2018
28,Mississippi,28059,Jackson,8.6,2014,2018
29,Missouri,29021,Buchanan,9.025,2014,2018
29,Missouri,29037,Cass,7.075,2014,2018
29,Missouri,29039,Cedar,6.975,2014,2018
29,Missouri,29047,Clay,6.825,2014,2018
29,Missouri,29077,Greene,7.366666666666667,2014,2018
29,Missouri,29095,Jackson,9.28,2014,2018
29,Missouri,29099,Jefferson,8.825,2014,2018
29,Missouri,29189,St. Louis,9.45,2014,2018
29,Missouri,29510,St. Louis City,10.419999999999998,2014,2018
30,Montana,30027,Fergus,5.15,2014,2018
30,Montana,30029,Flathead,9.35,2014,2018
30,Montana,30031,Gallatin,3.6500000000000004,2014,2018
30,Montana,30049,Lewis and Clark,9.14,2014,2018
30,Montana,30053,Lincoln,13.4,2014,2018
30,Montana,30063,Missoula,10.875,2014,2018
30,Montana,30071,Phillips,5.675,2014,2018
30,Montana,30075,Powder River,7.575,2014,2018
30,Montana,30081,Ravalli,10.275,2014,2018
30,Montana,30083,Richland,6.033333333333334,2014,2018
30,Montana,30087,Rosebud,6.375,2014,2018
30,Montana,30093,Silver Bow,9.14,2014,2018
30,Montana,30111,Yellowstone,7.3999999999999995,2014,2018
31,Nebraska,31055,Douglas,8.86,2014,2018
31,Nebraska,31079,Hall,6.0600000000000005,2014,2018
31,Nebraska,31109,Lancaster,7.159999999999999,2014,2018
31,Nebraska,31153,Sarpy,8.775,2014,2018
31,Nebraska,31157,Scotts Bluff,6.15,2014,2018
31,Nebraska,31177,Washington,6.959999999999999,2014,2018
32,Nevada,32003,Clark,9.68,2014,2018
32,Nevada,32005,Douglas,7.75,2014,2018
32,Nevada,32031,Washoe,7.5200000000000005,2014,2018
32,Nevada,32510,Carson City,5.5,2014,2018
33,New Hampshire,33001,Belknap,4.7,2014,2018
33,New Hampshire,33005,Cheshire,6.58,2014,2018
33,New Hampshire,33009,Grafton,5.925,2014,2018
33,New Hampshire,33011,Hillsborough,4.74,2014,2018
33,New Hampshire,33013,Merrimack,6.8,2014,2018
33,New Hampshire,33015,Rockingham,5.68,2014,2018
34,New Jersey,34001,Atlantic,7.4,2014,2018
34,New Jersey,34003,Bergen,10.0,2014,2018
34,New Jersey,34007,Camden,10.62,2014,2018
34,New Jersey,34011,Cumberland,8.133333333333333,2014,2018
34,New Jersey,34013,Essex,8.879999999999999,2014,2018
34,New Jersey,34015,Gloucester,8.0,2014,2018
34,New Jersey,34017,Hudson,10.120000000000001,2014,2018
34,New Jersey,34019,Hunterdon,8.133333333333333,2014,2018
34,New Jersey,34021,Mercer,8.28,2014,2018
34,New Jersey,34023,Middlesex,8.18,2014,2018
34,New Jersey,34027,Morris,7.0200000000000005,2014,2018
34,New Jersey,34029,Ocean,6.92,2014,2018
34,New Jersey,34031,Passaic,8.14,2014,2018
34,New Jersey,34039,Union,10.48,2014,2018
34,New Jersey,34041,Warren,8.64,2014,2018
35,New Mexico,35001,Bernalillo,7.12,2014,2018
35,New Mexico,35013,Dona Ana,8.42,2014,2018
35,New Mexico,35025,Lea,7.659999999999999,2014,2018
35,New Mexico,35045,San Juan,3.6,2014,2018
35,New Mexico,35049,Santa Fe,3.8,2014,2018
35,New Mexico,35055,Taos,6.3,2014,2018
36,New York,36001,Albany,7.4,2014,2018
36,New York,36005,Bronx,8.68,2014,2018
36,New York,36013,Chautauqua,6.9,2014,2018
36,New York,36029,Erie,7.9799999999999995,2014,2018
36,New York,36031,Essex,3.72,2014,2018
36,New York,36047,Kings,8.28,2014,2018
36,New York,36055,Monroe,7.12,2014,2018
36,New York,36061,New York,10.0,2014,2018
36,New York,36067,Onondaga,5.76,2014,2018
36,New York,36071,Orange,6.659999999999999,2014,2018
36,New York,36081,Queens,7.68,2014,2018
36,New York,36085,Richmond,7.88,2014,2018
36,New York,36101,Steuben,5.220000000000001,2014,2018
36,New York,36103,Suffolk,6.9799999999999995,2014,2018
37,North Carolina,37001,Alamance,8.1,2014,2018
37,North Carolina,37021,Buncombe,7.56,2014,2018
37,North Carolina,37033,Caswell,8.2,2014,2018
37,North Carolina,37035,Catawba,9.059999999999999,2014,2018
37,North Carolina,37037,Chatham,7.8,2014,2018
37,North Carolina,37051,Cumberland,8.3,2014,2018
37,North Carolina,37057,Davidson,9.48,2014,2018
37,North Carolina,37061,Duplin,7.25,2014,2018
37,North Carolina,37063,Durham,9.1,2014,2018
37,North Carolina,37067,Forsyth,8.24,2014,2018
37,North Carolina,37071,Gaston,7.9,2014,2018
37,North Carolina,37081,Guilford,8.14,2014,2018
37,North Carolina,37087,Haywood,8.1,2014,2018
37,North Carolina,37099,Jackson,7.58,2014,2018
37,North Carolina,37101,Johnston,7.74,2014,2018
37,North Carolina,37105,Lee,11.2,2014,2018
37,North Carolina,37111,McDowell,8.55,2014,2018
37,North Carolina,37117,Martin,6.95,2014,2018
37,North Carolina,37119,Mecklenburg,9.02,2014,2018
37,North Carolina,37121,Mitchell,7.18,2014,2018
37,North Carolina,37123,Montgomery,6.94,2014,2018
37,North Carolina,37129,New Hanover,5.5600000000000005,2014,2018
37,North Carolina,37147,Pitt,6.92,2014,2018
37,North Carolina,37155,Robeson,8.6,2014,2018
37,North Carolina,37159,Rowan,9.850000000000001,2014,2018
37,North Carolina,37173,Swain,8.025,2014,2018
37,North Carolina,37183,Wake,9.84,2014,2018
37,North Carolina,37189,Watauga,6.6,2014,2018
37,North Carolina,37191,Wayne,8.9,2014,2018
38,North Dakota,38007,Billings,4.26,2014,2018
38,North Dakota,38013,Burke,4.3,2014,2018
38,North Dakota,38015,Burleigh,6.4799999999999995,2014,2018
38,North Dakota,38017,Cass,7.0,2014,2018
38,North Dakota,38025,Dunn,5.766666666666667,2014,2018
38,North Dakota,38053,McKenzie,4.25,2014,2018
38,North Dakota,38057,Mercer,4.779999999999999,2014,2018
38,North Dakota,38065,Oliver,5.275,2014,2018
38,North Dakota,38101,Ward,5.15,2014,2018
38,North Dakota,38105,Williams,4.699999999999999,2014,2018
39,Ohio,39003,Allen,8.8,2014,2018
39,Ohio,39009,Athens,7.220000000000001,2014,2018
39,Ohio,39013,Belmont,7.900000000000001,2014,2018
39,Ohio,39017,Butler,11.5,2014,2018
39,Ohio,39023,Clark,9.14,2014,2018
39,Ohio,39035,Cuyahoga,11.76,2014,2018
39,Ohio,39049,Franklin,9.5,2014,2018
39,Ohio,39057,Greene,8.459999999999999,2014,2018
39,Ohio,39061,Hamilton,11.440000000000001,2014,2018
39,Ohio,39081,Jefferson,10.9,2014,2018
39,Ohio,39085,Lake,7.68,2014,2018
39,Ohio,39087,Lawrence,6.9,2014,2018
39,Ohio,39093,Lorain,8.120000000000001,2014,2018
39,Ohio,39095,Lucas,9.4,2014,2018
39,Ohio,39099,Mahoning,9.08,2014,2018
39,Ohio,39103,Medina,8.78,2014,2018
39,Ohio,39113,Montgomery,8.975,2014,2018
39,Ohio,39133,Portage,7.675,2014,2018
39,Ohio,39135,Preble,8.34,2014,2018
39,Ohio,39145,Scioto,7.94,2014,2018
39,Ohio,39151,Stark,10.58,2014,2018
39,Ohio,39153,Summit,10.559999999999999,2014,2018
39,Ohio,39155,Trumbull,8.45,2014,2018
40,Oklahoma,40019,Carter,8.3,2014,2018
40,Oklahoma,40027,Cleveland,8.425,2014,2018
40,Oklahoma,40031,Comanche,7.125,2014,2018
40,Oklahoma,40043,Dewey,6.85,2014,2018
40,Oklahoma,40071,Kay,7.925000000000001,2014,2018
40,Oklahoma,40085,Love,7.3,2014,2018
40,Oklahoma,40105,Nowata,9.0,2014,2018
40,Oklahoma,40109,Oklahoma,8.78,2014,2018
40,Oklahoma,40121,Pittsburg,8.4,2014,2018
40,Oklahoma,40135,Sequoyah,8.36,2014,2018
40,Oklahoma,40143,Tulsa,10.0,2014,2018
40,Oklahoma,40147,Washington,8.3,2014,2018
41,Oregon,41013,Crook,9.26,2014,2018
41,Oregon,41025,Harney,9.34,2014,2018
41,Oregon,41029,Jackson,11.0,2014,2018
41,Oregon,41033,Josephine,9.9,2014,2018
41,Oregon,41035,Klamath,11.24,2014,2018
41,Oregon,41037,Lake,9.440000000000001,2014,2018
41,Oregon,41039,Lane,9.64,2014,2018
41,Oregon,41051,Multnomah,6.88,2014,2018
41,Oregon,41059,Umatilla,6.9,2014,2018
41,Oregon,41067,Washington,7.5200000000000005,2014,2018
42,Pennsylvania,42001,Adams,8.15,2014,2018
42,Pennsylvania,42003,Allegheny,13.1,2014,2018
42,Pennsylvania,42005,Armstrong,9.8,2014,2018
42,Pennsylvania,42007,Beaver,10.4,2014,2018
42,Pennsylvania,42011,Berks,10.26,2014,2018
42,Pennsylvania,42013,Blair,8.8,2014,2018
42,Pennsylvania,42015,Bradford,7.066666666666666,2014,2018
42,Pennsylvania,42017,Bucks,10.85,2014,2018
42,Pennsylvania,42021,Cambria,10.225,2014,2018
42,Pennsylvania,42027,Centre,8.66,2014,2018
42,Pennsylvania,42029,Chester,10.38,2014,2018
42,Pennsylvania,42041,Cumberland,10.08,2014,2018
42,Pennsylvania,42043,Dauphin,10.24,2014,2018
42,Pennsylvania,42045,Delaware,10.78,2014,2018
42,Pennsylvania,42049,Erie,8.425,2014,2018
42,Pennsylvania,42059,Greene,6.266666666666667,2014,2018
42,Pennsylvania,42069,Lackawanna,8.875,2014,2018
42,Pennsylvania,42071,Lancaster,11.18,2014,2018
42,Pennsylvania,42075,Lebanon,11.275,2014,2018
42,Pennsylvania,42077,Lehigh,9.066666666666666,2014,2018
42,Pennsylvania,42085,Mercer,9.879999999999999,2014,2018
42,Pennsylvania,42089,Monroe,7.166666666666667,2014,2018
42,Pennsylvania,42091,Montgomery,8.675,2014,2018
42,Pennsylvania,42095,Northampton,11.059999999999999,2014,2018
42,Pennsylvania,42101,Philadelphia,10.4,2014,2018
42,Pennsylvania,42117,Tioga,7.699999999999999,2014,2018
42,Pennsylvania,42125,Washington,10.1,2014,2018
42,Pennsylvania,42129,Westmoreland,9.84,2014,2018
42,Pennsylvania,42133,York,9.98,2014,2018
44,Rhode Island,44003,Kent,5.2,2014,2018
44,Rhode Island,44007,Providence,8.84,2014,2018
44,Rhode Island,44009,Washington,5.625,2014,2018
45,South Carolina,45019,Charleston,7.62,2014,2018
45,South Carolina,45025,Chesterfield,7.4,2014,2018
45,South Carolina,45037,Edgefield,8.26,2014,2018
45,South Carolina,45041,Florence,8.24,2014,2018
45,South Carolina,45045,Greenville,9.040000000000001,2014,2018
45,South Carolina,45063,Lexington,9.02,2014,2018
45,South Carolina,45073,Oconee,5.8,2014,2018
45,South Carolina,45079,Richland,8.459999999999999,2014,2018
45,South Carolina,45083,Spartanburg,8.34,2014,2018
46,South Dakota,46011,Brookings,5.5,2014,2018
46,South Dakota,46013,Brown,6.14,2014,2018
46,South Dakota,46029,Codington,6.85,2014,2018
46,South Dakota,46033,Custer,3.725,2014,2018
46,South Dakota,46065,Hughes,4.125,2014,2018
46,South Dakota,46071,Jackson,3.925,2014,2018
46,South Dakota,46099,Minnehaha,7.08,2014,2018
46,South Dakota,46103,Pennington,7.1,2014,2018
46,South Dakota,46127,Union,6.675,2014,2018
47,Tennessee,47009,Blount,8.120000000000001,2014,2018
47,Tennessee,47037,Davidson,9.58,2014,2018
47,Tennessee,47045,Dyer,7.4799999999999995,2014,2018
47,Tennessee,47065,Hamilton,9.059999999999999,2014,2018
47,Tennessee,47093,Knox,10.02,2014,2018
47,Tennessee,47099,Lawrence,7.06,2014,2018
47,Tennessee,47105,Loudon,8.9,2014,2018
47,Tennessee,47107,McMinn,8.26,2014,2018
47,Tennessee,47113,Madison,7.38,2014,2018
47,Tennessee,47119,Maury,7.359999999999999,2014,2018
47,Tennessee,47125,Montgomery,8.32,2014,2018
47,Tennessee,47141,Putnam,7.5600000000000005,2014,2018
47,Tennessee,47145,Roane,8.059999999999999,2014,2018
47,Tennessee,47157,Shelby,8.66,2014,2018
47,Tennessee,47163,Sullivan,7.659999999999999,2014,2018
47,Tennessee,47165,Sumner,8.08,2014,2018
48,Texas,48029,Bexar,8.559999999999999,2014,2018
48,Texas,48037,Bowie,9.35,2014,2018
48,Texas,48043,Brewster,6.2,2014,2018
48,Texas,48061,Cameron,9.833333333333334,2014,2018
48,Texas,48113,Dallas,9.7,2014,2018
48,Texas,48139,Ellis,8.775,2014,2018
48,Texas,48141,El Paso,9.38,2014,2018
48,Texas,48167,Galveston,7.1,2014,2018
48,Texas,48201,Harris,10.98,2014,2018
48,Texas,48203,Harrison,8.66,2014,2018
48,Texas,48215,Hidalgo,10.440000000000001,2014,2018
48,Texas,48245,Jefferson,10.2,2014,2018
48,Texas,48273,Kleberg,11.8,2014,2018
48,Texas,48355,Nueces,9.64,2014,2018
48,Texas,48361,Orange,10.5,2014,2018
48,Texas,48439,Tarrant,9.08,2014,2018
48,Texas,48453,Travis,9.82,2014,2018
49,Utah,49003,Box Elder,7.6,2014,2018
49,Utah,49005,Cache,8.540000000000001,2014,2018
49,Utah,49011,Davis,8.059999999999999,2014,2018
49,Utah,49013,Duchesne,6.25,2014,2018
49,Utah,49021,Iron,4.8,2014,2018
49,Utah,49035,Salt Lake,9.18,2014,2018
49,Utah,49045,Tooele,6.95,2014,2018
49,Utah,49047,Uintah,5.666666666666667,2014,2018
49,Utah,49049,Utah,8.32,2014,2018
49,Utah,49053,Washington,4.86,2014,2018
49,Utah,49057,Weber,8.419999999999998,2014,2018
50,Vermont,50003,Bennington,5.8,2014,2018
50,Vermont,50007,Chittenden,6.1,2014,2018
50,Vermont,50021,Rutland,7.959999999999999,2014,2018
51,Virginia,51003,Albemarle,6.9,2014,2018
51,Virginia,51013,Arlington,8.2,2014,2018
51,Virginia,51036,Charles City,7.040000000000001,2014,2018
51,Virginia,51041,Chesterfield,7.540000000000001,2014,2018
51,Virginia,51059,Fairfax,7.74,2014,2018
51,Virginia,51069,Frederick,8.08,2014,2018
51,Virginia,51087,Henrico,7.5200000000000005,2014,2018
51,Virginia,51107,Loudoun,7.779999999999999,2014,2018
51,Virginia,51139,Page,8.0,2014,2018
51,Virginia,51161,Roanoke,7.140000000000001,2014,2018
51,Virginia,51165,Rockingham,7.62,2014,2018
51,Virginia,51520,Bristol,7.58,2014,2018
51,Virginia,51650,Hampton,6.74,2014,2018
51,Virginia,51680,Lynchburg,6.88,2014,2018
51,Virginia,51710,Norfolk,7.220000000000001,2014,2018
51,Virginia,51760,Richmond City,8.85,2014,2018
51,Virginia,51775,Salem,7.720000000000001,2014,2018
51,Virginia,51810,Virginia Beach,7.220000000000001,2014,2018
53,Washington,53007,Chelan,5.4,2014,2018
53,Washington,53011,Clark,7.75,2014,2018
53,Washington,53033,King,8.459999999999999,2014,2018
53,Washington,53035,Kitsap,4.7,2014,2018
53,Washington,53037,Kittitas,7.449999999999999,2014,2018
53,Washington,53047,Okanogan,12.45,2014,2018
53,Washington,53053,Pierce,7.779999999999999,2014,2018
53,Washington,53057,Skagit,6.0,2014,2018
53,Washington,53061,Snohomish,7.800000000000001,2014,2018
53,Washington,53063,Spokane,9.040000000000001,2014,2018
53,Washington,53073,Whatcom,5.475,2014,2018
53,Washington,53077,Yakima,10.28,2014,2018
54,West Virginia,54003,Berkeley,9.26,2014,2018
54,West Virginia,54009,Brooke,9.92,2014,2018
54,West Virginia,54011,Cabell,8.440000000000001,2014,2018
54,West Virginia,54029,Hancock,8.74,2014,2018
54,West Virginia,54033,Harrison,7.959999999999999,2014,2018
54,West Virginia,54039,Kanawha,8.8,2014,2018
54,West Virginia,54049,Marion,8.55,2014,2018
54,West Virginia,54051,Marshall,9.8,2014,2018
54,West Virginia,54061,Monongalia,7.68,2014,2018
54,West Virginia,54069,Ohio,8.86,2014,2018
54,West Virginia,54107,Wood,8.540000000000001,2014,2018
55,Wisconsin,55003,Ashland,4.720000000000001,2014,2018
55,Wisconsin,55009,Brown,7.3,2014,2018
55,Wisconsin,55025,Dane,8.5,2014,2018
55,Wisconsin,55027,Dodge,7.340000000000001,2014,2018
55,Wisconsin,55035,Eau Claire,7.12,2014,2018
55,Wisconsin,55041,Forest,4.166666666666667,2014,2018
55,Wisconsin,55043,Grant,7.6,2014,2018
55,Wisconsin,55059,Kenosha,7.62,2014,2018
55,Wisconsin,55063,La Crosse,7.26,2014,2018
55,Wisconsin,55079,Milwaukee,9.0,2014,2018
55,Wisconsin,55087,Outagamie,7.0200000000000005,2014,2018
55,Wisconsin,55089,Ozaukee,6.466666666666666,2014,2018
55,Wisconsin,55111,Sauk,7.0200000000000005,2014,2018
55,Wisconsin,55119,Taylor,5.825,2014,2018
55,Wisconsin,55125,Vilas,4.733333333333333,2014,2018
55,Wisconsin,55133,Waukesha,8.9,2014,2018
56,Wyoming,56001,Albany,4.4,2014,2018
56,Wyoming,56005,Campbell,4.85,2014,2018
56,Wyoming,56007,Carbon,2.3,2014,2018
56,Wyoming,56009,Converse,4.025,2014,2018
56,Wyoming,56013,Fremont,6.88,2014,2018
56,Wyoming,56015,Goshen,3.7,2014,2018
56,Wyoming,56021,Laramie,4.5200000000000005,2014,2018
56,Wyoming,56025,Natrona,4.9,2014,2018
56,Wyoming,56029,Park,4.14,2014,2018
56,Wyoming,56033,Sheridan,7.2,2014,2018
56,Wyoming,56035,Sublette,5.225,2014,2018
56,Wyoming,56037,Sweetwater,5.0600000000000005,2014,2018
56,Wyoming,56039,Teton,4.66,2014,2018
56,Wyoming,56045,Weston,2.9,2014,2018
1,Alabama,1003,Baldwin,7.56,2015,2019
1,Alabama,1027,Clay,7.6,2015,2019
1,Alabama,1033,Colbert,7.775,2015,2019
1,Alabama,1049,DeKalb,7.840000000000001,2015,2019
1,Alabama,1055,Etowah,8.459999999999999,2015,2019
1,Alabama,1069,Houston,7.76,2015,2019
1,Alabama,1073,Jefferson,10.78,2015,2019
1,Alabama,1089,Madison,7.640000000000001,2015,2019
1,Alabama,1097,Mobile,8.18,2015,2019
1,Alabama,1101,Montgomery,8.84,2015,2019
1,Alabama,1103,Morgan,7.779999999999999,2015,2019
1,Alabama,1113,Russell,9.6,2015,2019
1,Alabama,1121,Talladega,9.066666666666666,2015,2019
1,Alabama,1125,Tuscaloosa,7.9799999999999995,2015,2019
2,Alaska,2020,Anchorage,6.38,2015,2019
2,Alaska,2090,Fairbanks North Star,15.319999999999999,2015,2019
2,Alaska,2110,Juneau,6.42,2015,2019
2,Alaska,2170,Matanuska-Susitna,5.92,2015,2019
4,Arizona,4001,Apache,2.6333333333333333,2015,2019
4,Arizona,4003,Cochise,5.14,2015,2019
4,Arizona,4012,La Paz,3.6799999999999997,2015,2019
4,Arizona,4013,Maricopa,9.440000000000001,2015,2019
4,Arizona,4019,Pima,5.720000000000001,2015,2019
4,Arizona,4021,Pinal,12.440000000000001,2015,2019
4,Arizona,4023,Santa Cruz,9.02,2015,2019
4,Arizona,4027,Yuma,7.8,2015,2019
5,Arkansas,5001,Arkansas,8.24,2015,2019
5,Arkansas,5003,Ashley,8.2,2015,2019
5,Arkansas,5035,Crittenden,8.440000000000001,2015,2019
5,Arkansas,5051,Garland,8.559999999999999,2015,2019
5,Arkansas,5067,Jackson,8.14,2015,2019
5,Arkansas,5113,Polk,8.36,2015,2019
5,Arkansas,5119,Pulaski,9.92,2015,2019
5,Arkansas,5139,Union,8.879999999999999,2015,2019
5,Arkansas,5143,Washington,8.02,2015,2019
6,California,6001,Alameda,11.1,2015,2019
6,California,6007,Butte,9.3,2015,2019
6,California,6009,Calaveras,9.225,2015,2019
6,California,6011,Colusa,8.2,2015,2019
6,California,6013,Contra Costa,10.059999999999999,2015,2019
6,California,6015,Del Norte,5.8,2015,2019
6,California,6019,Fresno,15.059999999999999,2015,2019
6,California,6023,Humboldt,6.959999999999999,2015,2019
6,California,6025,Imperial,12.58,2015,2019
6,California,6027,Inyo,6.88,2015,2019
6,California,6029,Kern,16.880000000000003,2015,2019
6,California,6031,Kings,15.84,2015,2019
6,California,6033,Lake,4.8500000000000005,2015,2019
6,California,6037,Los Angeles,13.6,2015,2019
6,California,6039,Madera,12.42,2015,2019
6,California,6041,Marin,8.440000000000001,2015,2019
6,California,6045,Mendocino,8.36,2015,2019
6,California,6047,Merced,12.52,2015,2019
6,California,6051,Mono,8.5,2015,2019
6,California,6053,Monterey,6.459999999999999,2015,2019
6,California,6055,Napa,9.7,2015,2019
6,California,6057,Nevada,6.1,2015,2019
6,California,6059,Orange,10.24,2015,2019
6,California,6061,Placer,8.440000000000001,2015,2019
6,California,6063,Plumas,14.419999999999998,2015,2019
6,California,6065,Riverside,13.6,2015,2019
6,California,6067,Sacramento,10.040000000000001,2015,2019
6,California,6069,San Benito,5.16,2015,2019
6,California,6071,San Bernardino,15.920000000000002,2015,2019
6,California,6073,San Diego,10.86,2015,2019
6,California,6075,San Francisco,8.879999999999999,2015,2019
6,California,6077,San Joaquin,13.559999999999999,2015,2019
6,California,6079,San Luis Obispo,8.940000000000001,2015,2019
6,California,6081,San Mateo,8.16,2015,2019
6,California,6083,Santa Barbara,8.040000000000001,2015,2019
6,California,6085,Santa Clara,10.440000000000001,2015,2019
6,California,6087,Santa Cruz,6.659999999999999,2015,2019
6,California,6089,Shasta,8.620000000000001,2015,2019
6,California,6093,Siskiyou,9.075,2015,2019
6,California,6095,Solano,10.7,2015,2019
6,California,6097,Sonoma,6.74,2015,2019
6,California,6099,Stanislaus,13.5,2015,2019
6,California,6101,Sutter,9.14,2015,2019
6,California,6103,Tehama,6.85,2015,2019
6,California,6107,Tulare,15.459999999999999,2015,2019
6,California,6111,Ventura,10.22,2015,2019
6,California,6113,Yolo,8.66,2015,2019
8,Colorado,8001,Adams,9.766666666666667,2015,2019
8,Colorado,8005,Arapahoe,6.0,2015,2019
8,Colorado,8013,Boulder,7.12,2015,2019
8,Colorado,8029,Delta,3.7,2015,2019
8,Colorado,8031,Denver,9.540000000000001,2015,2019
8,Colorado,8035,Douglas,6.08,2015,2019
8,Colorado,8041,El Paso,5.66,2015,2019
8,Colorado,8045,Garfield,4.16,2015,2019
8,Colorado,8067,La Plata,7.4,2015,2019
8,Colorado,8069,Larimer,7.06,2015,2019
8,Colorado,8077,Mesa,5.98,2015,2019
8,Colorado,8093,Park,3.0,2015,2019
8,Colorado,8101,Pueblo,5.279999999999999,2015,2019
8,Colorado,8103,Rio Blanco,7.9799999999999995,2015,2019
8,Colorado,8123,Weld,8.959999999999999,2015,2019
9,Connecticut,9001,Fairfield,8.540000000000001,2015,2019
9,Connecticut,9003,Hartford,8.24,2015,2019
9,Connecticut,9005,Litchfield,4.76,2015,2019
9,Connecticut,9009,New Haven,8.059999999999999,2015,2019
9,Connecticut,9011,New London,5.9399999999999995,2015,2019
10,Delaware,10001,Kent,7.279999999999999,2015,2019
10,Delaware,10003,New Castle,9.36,2015,2019
10,Delaware,10005,Sussex,7.659999999999999,2015,2019
11,District of Columbia,11001,District of Columbia,9.72,2015,2019
12,Florida,12001,Alachua,6.4,2015,2019
12,Florida,12009,Brevard,5.720000000000001,2015,2019
12,Florida,12011,Broward,8.14,2015,2019
12,Florida,12017,Citrus,5.65,2015,2019
12,Florida,12031,Duval,8.74,2015,2019
12,Florida,12033,Escambia,7.659999999999999,2015,2019
12,Florida,12057,Hillsborough,8.58,2015,2019
12,Florida,12071,Lee,6.640000000000001,2015,2019
12,Florida,12073,Leon,7.459999999999999,2015,2019
12,Florida,12086,Miami-Dade,7.74,2015,2019
12,Florida,12095,Orange,6.9,2015,2019
12,Florida,12099,Palm Beach,6.2,2015,2019
12,Florida,12103,Pinellas,7.32,2015,2019
12,Florida,12105,Polk,6.92,2015,2019
12,Florida,12115,Sarasota,6.56,2015,2019
12,Florida,12117,Seminole,6.279999999999999,2015,2019
12,Florida,12127,Volusia,6.640000000000001,2015,2019
13,Georgia,13021,Bibb,9.34,2015,2019
13,Georgia,13051,Chatham,8.379999999999999,2015,2019
13,Georgia,13059,Clarke,8.6,2015,2019
13,Georgia,13063,Clayton,9.14,2015,2019
13,Georgia,13067,Cobb,8.72,2015,2019
13,Georgia,13069,Coffee,6.833333333333333,2015,2019
13,Georgia,13089,DeKalb,10.5,2015,2019
13,Georgia,13095,Dougherty,10.1,2015,2019
13,Georgia,13115,Floyd,9.4,2015,2019
13,Georgia,13121,Fulton,10.08,2015,2019
13,Georgia,13127,Glynn,7.32,2015,2019
13,Georgia,13135,Gwinnett,9.48,2015,2019
13,Georgia,13139,Hall,8.24,2015,2019
13,Georgia,13153,Houston,8.879999999999999,2015,2019
13,Georgia,13185,Lowndes,7.58,2015,2019
13,Georgia,13215,Muscogee,9.219999999999999,2015,2019
13,Georgia,13223,Paulding,7.4,2015,2019
13,Georgia,13245,Richmond,9.76,2015,2019
13,Georgia,13295,Walker,9.12,2015,2019
13,Georgia,13303,Washington,8.04,2015,2019
13,Georgia,13319,Wilkinson,9.4,2015,2019
15,Hawaii,15001,Hawaii,10.940000000000001,2015,2019
15,Hawaii,15003,Honolulu,4.32,2015,2019
15,Hawaii,15007,Kauai,3.18,2015,2019
15,Hawaii,15009,Maui,4.5600000000000005,2015,2019
16,Idaho,16001,Ada,7.3,2015,2019
16,Idaho,16005,Bannock,7.766666666666666,2015,2019
16,Idaho,16009,Benewah,10.28,2015,2019
16,Idaho,16027,Canyon,8.9,2015,2019
16,Idaho,16041,Franklin,6.7,2015,2019
16,Idaho,16053,Jerome,5.425,2015,2019
16,Idaho,16059,Lemhi,11.120000000000001,2015,2019
16,Idaho,16079,Shoshone,11.92,2015,2019
17,Illinois,17019,Champaign,8.16,2015,2019
17,Illinois,17031,Cook,11.0,2015,2019
17,Illinois,17043,DuPage,8.875,2015,2019
17,Illinois,17065,Hamilton,8.379999999999999,2015,2019
17,Illinois,17083,Jersey,7.9750000000000005,2015,2019
17,Illinois,17089,Kane,8.58,2015,2019
17,Illinois,17111,McHenry,7.733333333333333,2015,2019
17,Illinois,17113,McLean,8.66,2015,2019
17,Illinois,17115,Macon,9.02,2015,2019
17,Illinois,17119,Madison,10.74,2015,2019
17,Illinois,17143,Peoria,8.379999999999999,2015,2019
17,Illinois,17157,Randolph,8.2,2015,2019
17,Illinois,17161,Rock Island,8.34,2015,2019
17,Illinois,17163,St. Clair,9.78,2015,2019
17,Illinois,17167,Sangamon,8.440000000000001,2015,2019
17,Illinois,17197,Will,8.92,2015,2019
17,Illinois,17201,Winnebago,8.825,2015,2019
18,Indiana,18003,Allen,9.28,2015,2019
18,Indiana,18005,Bartholomew,7.9799999999999995,2015,2019
18,Indiana,18019,Clark,9.04,2015,2019
18,Indiana,18035,Delaware,8.2,2015,2019
18,Indiana,18037,Dubois,8.8,2015,2019
18,Indiana,18039,Elkhart,8.959999999999999,2015,2019
18,Indiana,18043,Floyd,9.133333333333333,2015,2019
18,Indiana,18055,Greene,8.02,2015,2019
18,Indiana,18057,Hamilton,8.819999999999999,2015,2019
18,Indiana,18065,Henry,7.640000000000001,2015,2019
18,Indiana,18067,Howard,9.18,2015,2019
18,Indiana,18089,Lake,10.2,2015,2019
18,Indiana,18091,LaPorte,7.9,2015,2019
18,Indiana,18095,Madison,8.760000000000002,2015,2019
18,Indiana,18097,Marion,11.3,2015,2019
18,Indiana,18105,Monroe,7.640000000000001,2015,2019
18,Indiana,18127,Porter,8.2,2015,2019
18,Indiana,18141,St. Joseph,9.540000000000001,2015,2019
18,Indiana,18147,Spencer,8.540000000000001,2015,2019
18,Indiana,18153,Sullivan,8.45,2015,2019
18,Indiana,18157,Tippecanoe,8.8,2015,2019
18,Indiana,18163,Vanderburgh,9.440000000000001,2015,2019
18,Indiana,18167,Vigo,10.02,2015,2019
18,Indiana,18183,Whitley,8.6,2015,2019
19,Iowa,19013,Black Hawk,7.9,2015,2019
19,Iowa,19045,Clinton,8.76,2015,2019
19,Iowa,19055,Delaware,7.75,2015,2019
19,Iowa,19103,Johnson,8.14,2015,2019
19,Iowa,19111,Lee,8.5,2015,2019
19,Iowa,19113,Linn,8.66,2015,2019
19,Iowa,19137,Montgomery,6.56,2015,2019
19,Iowa,19139,Muscatine,8.440000000000001,2015,2019
19,Iowa,19147,Palo Alto,6.82,2015,2019
19,Iowa,19153,Polk,7.720000000000001,2015,2019
19,Iowa,19155,Pottawattamie,8.16,2015,2019
19,Iowa,19163,Scott,8.940000000000001,2015,2019
19,Iowa,19177,Van Buren,7.06,2015,2019
19,Iowa,19193,Woodbury,7.62,2015,2019
20,Kansas,20091,Johnson,7.2,2015,2019
20,Kansas,20133,Neosho,8.05,2015,2019
20,Kansas,20173,Sedgwick,7.6,2015,2019
20,Kansas,20177,Shawnee,8.440000000000001,2015,2019
20,Kansas,20191,Sumner,7.24,2015,2019
20,Kansas,20195,Trego,4.824999999999999,2015,2019
20,Kansas,20209,Wyandotte,9.24,2015,2019
21,Kentucky,21013,Bell,8.26,2015,2019
21,Kentucky,21019,Boyd,7.959999999999999,2015,2019
21,Kentucky,21037,Campbell,8.4,2015,2019
21,Kentucky,21043,Carter,6.42,2015,2019
21,Kentucky,21047,Christian,8.440000000000001,2015,2019
21,Kentucky,21059,Daviess,8.94,2015,2019
21,Kentucky,21067,Fayette,8.28,2015,2019
21,Kentucky,21093,Hardin,8.26,2015,2019
21,Kentucky,21101,Henderson,9.075,2015,2019
21,Kentucky,21111,Jefferson,10.379999999999999,2015,2019
21,Kentucky,21145,McCracken,9.16,2015,2019
21,Kentucky,21151,Madison,7.666666666666667,2015,2019
21,Kentucky,21193,Perry,7.779999999999999,2015,2019
21,Kentucky,21195,Pike,7.340000000000001,2015,2019
21,Kentucky,21199,Pulaski,7.62,2015,2019
21,Kentucky,21227,Warren,8.22,2015,2019
22,Louisiana,22017,Caddo,10.440000000000001,2015,2019
22,Louisiana,22019,Calcasieu,7.4799999999999995,2015,2019
22,Louisiana,22033,East Baton Rouge,10.92,2015,2019
22,Louisiana,22047,Iberville,8.379999999999999,2015,2019
22,Louisiana,22051,Jefferson,7.62,2015,2019
22,Louisiana,22055,Lafayette,7.82,2015,2019
22,Louisiana,22071,Orleans,8.16,2015,2019
22,Louisiana,22073,Ouachita,7.859999999999999,2015,2019
22,Louisiana,22079,Rapides,7.76,2015,2019
22,Louisiana,22087,St. Bernard,8.4,2015,2019
22,Louisiana,22105,Tangipahoa,7.6,2015,2019
22,Louisiana,22109,Terrebonne,7.2,2015,2019
22,Louisiana,22121,West Baton Rouge,9.059999999999999,2015,2019
23,Maine,23001,Androscoggin,6.459999999999999,2015,2019
23,Maine,23003,Aroostook,7.359999999999999,2015,2019
23,Maine,23005,Cumberland,7.540000000000001,2015,2019
23,Maine,23009,Hancock,4.16,2015,2019
23,Maine,23011,Kennebec,5.6000000000000005,2015,2019
23,Maine,23017,Oxford,6.3,2015,2019
23,Maine,23019,Penobscot,5.9,2015,2019
24,Maryland,24003,Anne Arundel,8.95,2015,2019
24,Maryland,24005,Baltimore,8.6,2015,2019
24,Maryland,24015,Cecil,7.959999999999999,2015,2019
24,Maryland,24019,Dorchester,7.040000000000001,2015,2019
24,Maryland,24023,Garrett,5.6,2015,2019
24,Maryland,24025,Harford,7.640000000000001,2015,2019
24,Maryland,24027,Howard,8.74,2015,2019
24,Maryland,24029,Kent,7.26,2015,2019
24,Maryland,24031,Montgomery,7.359999999999999,2015,2019
24,Maryland,24033,Prince George's,8.14,2015,2019
24,Maryland,24043,Washington,8.059999999999999,2015,2019
24,Maryland,24510,Baltimore City,9.34,2015,2019
25,Massachusetts,25003,Berkshire,7.0200000000000005,2015,2019
25,Massachusetts,25005,Bristol,6.6,2015,2019
25,Massachusetts,25009,Essex,6.1,2015,2019
25,Massachusetts,25011,Franklin,6.0200000000000005,2015,2019
25,Massachusetts,25013,Hampden,6.779999999999999,2015,2019
25,Massachusetts,25015,Hampshire,5.25,2015,2019
25,Massachusetts,25017,Middlesex,7.0,2015,2019
25,Massachusetts,25021,Norfolk,5.2,2015,2019
25,Massachusetts,25023,Plymouth,6.14,2015,2019
25,Massachusetts,25025,Suffolk,9.08,2015,2019
25,Massachusetts,25027,Worcester,6.779999999999999,2015,2019
26,Michigan,26005,Allegan,7.44,2015,2019
26,Michigan,26017,Bay,7.040000000000001,2015,2019
26,Michigan,26021,Berrien,7.833333333333333,2015,2019
26,Michigan,26033,Chippewa,8.275,2015,2019
26,Michigan,26049,Genesee,7.539999999999999,2015,2019
26,Michigan,26065,Ingham,7.6,2015,2019
26,Michigan,26077,Kalamazoo,8.22,2015,2019
26,Michigan,26081,Kent,8.84,2015,2019
26,Michigan,26091,Lenawee,7.9799999999999995,2015,2019
26,Michigan,26099,Macomb,7.94,2015,2019
26,Michigan,26101,Manistee,5.74,2015,2019
26,Michigan,26113,Missaukee,5.3,2015,2019
26,Michigan,26115,Monroe,8.233333333333334,2015,2019
26,Michigan,26125,Oakland,8.28,2015,2019
26,Michigan,26139,Ottawa,8.3,2015,2019
26,Michigan,26147,St. Clair,8.2,2015,2019
26,Michigan,26153,Schoolcraft,4.2,2015,2019
26,Michigan,26161,Washtenaw,8.540000000000001,2015,2019
26,Michigan,26163,Wayne,11.68,2015,2019
27,Minnesota,27003,Anoka,7.18,2015,2019
27,Minnesota,27005,Becker,5.04,2015,2019
27,Minnesota,27007,Beltrami,5.5600000000000005,2015,2019
27,Minnesota,27017,Carlton,4.35,2015,2019
27,Minnesota,27021,Cass,5.35,2015,2019
27,Minnesota,27031,Cook,4.4,2015,2019
27,Minnesota,27035,Crow Wing,5.46,2015,2019
27,Minnesota,27037,Dakota,7.18,2015,2019
27,Minnesota,27053,Hennepin,8.120000000000001,2015,2019
27,Minnesota,27075,Lake,3.96,2015,2019
27,Minnesota,27083,Lyon,5.4,2015,2019
27,Minnesota,27109,Olmsted,7.42,2015,2019
27,Minnesota,27123,Ramsey,7.959999999999999,2015,2019
27,Minnesota,27137,St. Louis,5.58,2015,2019
27,Minnesota,27139,Scott,6.525,2015,2019
27,Minnesota,27145,Stearns,5.88,2015,2019
27,Minnesota,27163,Washington,8.15,2015,2019
27,Minnesota,27171,Wright,6.279999999999999,2015,2019
28,Mississippi,28011,Bolivar,8.85,2015,2019
28,Mississippi,28033,DeSoto,8.440000000000001,2015,2019
28,Mississippi,28035,Forrest,9.1,2015,2019
28,Mississippi,28043,Grenada,7.15,2015,2019
28,Mississippi,28045,Hancock,7.94,2015,2019
28,Mississippi,28047,Harrison,8.379999999999999,2015,2019
28,Mississippi,28049,Hinds,9.4,2015,2019
28,Mississippi,28059,Jackson,8.4,2015,2019
29,Missouri,29021,Buchanan,8.940000000000001,2015,2019
29,Missouri,29037,Cass,6.92,2015,2019
29,Missouri,29039,Cedar,7.08,2015,2019
29,Missouri,29047,Clay,6.7,2015,2019
29,Missouri,29077,Greene,7.325,2015,2019
29,Missouri,29095,Jackson,9.08,2015,2019
29,Missouri,29099,Jefferson,8.379999999999999,2015,2019
29,Missouri,29189,St. Louis,9.4,2015,2019
29,Missouri,29510,St. Louis City,10.239999999999998,2015,2019
30,Montana,30027,Fergus,4.88,2015,2019
30,Montana,30029,Flathead,8.8,2015,2019
30,Montana,30031,Gallatin,2.8666666666666667,2015,2019
30,Montana,30049,Lewis and Clark,9.559999999999999,2015,2019
30,Montana,30053,Lincoln,13.0,2015,2019
30,Montana,30063,Missoula,10.4,2015,2019
30,Montana,30071,Phillips,5.36,2015,2019
30,Montana,30075,Powder River,7.12,2015,2019
30,Montana,30081,Ravalli,9.14,2015,2019
30,Montana,30083,Richland,5.65,2015,2019
30,Montana,30087,Rosebud,5.96,2015,2019
30,Montana,30093,Silver Bow,8.66,2015,2019
30,Montana,30111,Yellowstone,7.05,2015,2019
31,Nebraska,31055,Douglas,8.5,2015,2019
31,Nebraska,31079,Hall,5.76,2015,2019
31,Nebraska,31109,Lancaster,6.88,2015,2019
31,Nebraska,31153,Sarpy,8.58,2015,2019
31,Nebraska,31157,Scotts Bluff,6.05,2015,2019
31,Nebraska,31177,Washington,6.8,2015,2019
32,Nevada,32003,Clark,9.620000000000001,2015,2019
32,Nevada,32005,Douglas,6.959999999999999,2015,2019
32,Nevada,32031,Washoe,7.38,2015,2019
32,Nevada,32510,Carson City,5.4,2015,2019
33,New Hampshire,33001,Belknap,4.5600000000000005,2015,2019
33,New Hampshire,33005,Cheshire,6.12,2015,2019
33,New Hampshire,33009,Grafton,5.720000000000001,2015,2019
33,New Hampshire,33011,Hillsborough,4.2,2015,2019
33,New Hampshire,33015,Rockingham,5.779999999999999,2015,2019
34,New Jersey,34001,Atlantic,7.2,2015,2019
34,New Jersey,34003,Bergen,10.48,2015,2019
34,New Jersey,34007,Camden,10.559999999999999,2015,2019
34,New Jersey,34011,Cumberland,8.049999999999999,2015,2019
34,New Jersey,34013,Essex,8.84,2015,2019
34,New Jersey,34015,Gloucester,7.55,2015,2019
34,New Jersey,34017,Hudson,9.82,2015,2019
34,New Jersey,34019,Hunterdon,8.05,2015,2019
34,New Jersey,34021,Mercer,8.08,2015,2019
34,New Jersey,34023,Middlesex,8.120000000000001,2015,2019
34,New Jersey,34027,Morris,6.16,2015,2019
34,New Jersey,34029,Ocean,6.640000000000001,2015,2019
34,New Jersey,34031,Passaic,7.9,2015,2019
34,New Jersey,34039,Union,10.459999999999999,2015,2019
34,New Jersey,34041,Warren,8.42,2015,2019
35,New Mexico,35001,Bernalillo,7.68,2015,2019
35,New Mexico,35013,Dona Ana,8.82,2015,2019
35,New Mexico,35025,Lea,7.58,2015,2019
35,New Mexico,35045,San Juan,3.5,2015,2019
35,New Mexico,35049,Santa Fe,3.3499999999999996,2015,2019
35,New Mexico,35055,Taos,5.65,2015,2019
36,New York,36001,Albany,7.42,2015,2019
36,New York,36005,Bronx,8.540000000000001,2015,2019
36,New York,36013,Chautauqua,6.4799999999999995,2015,2019
36,New York,36029,Erie,7.640000000000001,2015,2019
36,New York,36031,Essex,3.7750000000000004,2015,2019
36,New York,36047,Kings,8.02,2015,2019
36,New York,36055,Monroe,6.9799999999999995,2015,2019
36,New York,36061,New York,9.6,2015,2019
36,New York,36067,Onondaga,5.7,2015,2019
36,New York,36071,Orange,6.38,2015,2019
36,New York,36081,Queens,7.68,2015,2019
36,New York,36085,Richmond,7.659999999999999,2015,2019
36,New York,36101,Steuben,5.220000000000001,2015,2019
36,New York,36103,Suffolk,6.76,2015,2019
37,North Carolina,37021,Buncombe,7.220000000000001,2015,2019
37,North Carolina,37033,Caswell,8.2,2015,2019
37,North Carolina,37035,Catawba,8.879999999999999,2015,2019
37,North Carolina,37051,Cumberland,8.02,2015,2019
37,North Carolina,37057,Davidson,9.3,2015,2019
37,North Carolina,37061,Duplin,6.7,2015,2019
37,North Carolina,37063,Durham,9.08,2015,2019
37,North Carolina,37067,Forsyth,8.32,2015,2019
37,North Carolina,37081,Guilford,7.779999999999999,2015,2019
37,North Carolina,37087,Haywood,7.5,2015,2019
37,North Carolina,37099,Jackson,7.359999999999999,2015,2019
37,North Carolina,37101,Johnston,7.840000000000001,2015,2019
37,North Carolina,37105,Lee,11.2,2015,2019
37,North Carolina,37111,McDowell,8.4,2015,2019
37,North Carolina,37117,Martin,6.5,2015,2019
37,North Carolina,37119,Mecklenburg,9.040000000000001,2015,2019
37,North Carolina,37121,Mitchell,6.74,2015,2019
37,North Carolina,37123,Montgomery,6.9,2015,2019
37,North Carolina,37129,New Hanover,5.0,2015,2019
37,North Carolina,37147,Pitt,6.7,2015,2019
37,North Carolina,37159,Rowan,10.4,2015,2019
37,North Carolina,37173,Swain,7.859999999999999,2015,2019
37,North Carolina,37183,Wake,10.040000000000001,2015,2019
37,North Carolina,37189,Watauga,6.0,2015,2019
38,North Dakota,38007,Billings,4.12,2015,2019
38,North Dakota,38013,Burke,4.12,2015,2019
38,North Dakota,38015,Burleigh,6.6,2015,2019
38,North Dakota,38017,Cass,6.959999999999999,2015,2019
38,North Dakota,38025,Dunn,5.35,2015,2019
38,North Dakota,38053,McKenzie,4.14,2015,2019
38,North Dakota,38057,Mercer,4.82,2015,2019
38,North Dakota,38065,Oliver,5.14,2015,2019
38,North Dakota,38101,Ward,4.933333333333334,2015,2019
38,North Dakota,38105,Williams,4.58,2015,2019
39,Ohio,39003,Allen,8.36,2015,2019
39,Ohio,39009,Athens,6.88,2015,2019
39,Ohio,39013,Belmont,8.1,2015,2019
39,Ohio,39017,Butler,11.3,2015,2019
39,Ohio,39023,Clark,9.24,2015,2019
39,Ohio,39035,Cuyahoga,11.440000000000001,2015,2019
39,Ohio,39049,Franklin,9.440000000000001,2015,2019
39,Ohio,39057,Greene,8.1,2015,2019
39,Ohio,39061,Hamilton,11.26,2015,2019
39,Ohio,39067,Harrison,7.6,2015,2019
39,Ohio,39081,Jefferson,10.559999999999999,2015,2019
39,Ohio,39085,Lake,7.2,2015,2019
39,Ohio,39087,Lawrence,6.74,2015,2019
39,Ohio,39093,Lorain,7.76,2015,2019
39,Ohio,39095,Lucas,9.02,2015,2019
39,Ohio,39099,Mahoning,8.719999999999999,2015,2019
39,Ohio,39103,Medina,8.72,2015,2019
39,Ohio,39113,Montgomery,9.28,2015,2019
39,Ohio,39133,Portage,7.659999999999999,2015,2019
39,Ohio,39135,Preble,8.24,2015,2019
39,Ohio,39145,Scioto,7.6,2015,2019
39,Ohio,39151,Stark,10.28,2015,2019
39,Ohio,39153,Summit,10.16,2015,2019
39,Ohio,39155,Trumbull,7.725,2015,2019
40,Oklahoma,40019,Carter,8.1,2015,2019
40,Oklahoma,40027,Cleveland,8.74,2015,2019
40,Oklahoma,40031,Comanche,7.340000000000001,2015,2019
40,Oklahoma,40043,Dewey,7.06,2015,2019
40,Oklahoma,40071,Kay,7.92,2015,2019
40,Oklahoma,40085,Love,7.3,2015,2019
40,Oklahoma,40105,Nowata,8.65,2015,2019
40,Oklahoma,40109,Oklahoma,8.9,2015,2019
40,Oklahoma,40115,Ottawa,8.2,2015,2019
40,Oklahoma,40121,Pittsburg,8.2,2015,2019
40,Oklahoma,40135,Sequoyah,8.120000000000001,2015,2019
40,Oklahoma,40143,Tulsa,10.040000000000001,2015,2019
40,Oklahoma,40147,Washington,8.3,2015,2019
41,Oregon,41013,Crook,8.8,2015,2019
41,Oregon,41025,Harney,9.559999999999999,2015,2019
41,Oregon,41029,Jackson,10.899999999999999,2015,2019
41,Oregon,41033,Josephine,10.36,2015,2019
41,Oregon,41035,Klamath,11.580000000000002,2015,2019
41,Oregon,41037,Lake,9.040000000000001,2015,2019
41,Oregon,41039,Lane,9.48,2015,2019
41,Oregon,41051,Multnomah,6.92,2015,2019
41,Oregon,41059,Umatilla,6.9,2015,2019
41,Oregon,41067,Washington,7.5,2015,2019
42,Pennsylvania,42001,Adams,8.4,2015,2019
42,Pennsylvania,42003,Allegheny,13.36,2015,2019
42,Pennsylvania,42005,Armstrong,9.379999999999999,2015,2019
42,Pennsylvania,42007,Beaver,10.18,2015,2019
42,Pennsylvania,42011,Berks,10.120000000000001,2015,2019
42,Pennsylvania,42013,Blair,8.879999999999999,2015,2019
42,Pennsylvania,42015,Bradford,7.15,2015,2019
42,Pennsylvania,42017,Bucks,11.7,2015,2019
42,Pennsylvania,42021,Cambria,10.0,2015,2019
42,Pennsylvania,42027,Centre,8.959999999999999,2015,2019
42,Pennsylvania,42029,Chester,10.34,2015,2019
42,Pennsylvania,42041,Cumberland,10.26,2015,2019
42,Pennsylvania,42043,Dauphin,10.080000000000002,2015,2019
42,Pennsylvania,42045,Delaware,10.86,2015,2019
42,Pennsylvania,42049,Erie,8.24,2015,2019
42,Pennsylvania,42051,Fayette,7.3,2015,2019
42,Pennsylvania,42059,Greene,6.325,2015,2019
42,Pennsylvania,42069,Lackawanna,8.4,2015,2019
42,Pennsylvania,42071,Lancaster,11.2,2015,2019
42,Pennsylvania,42075,Lebanon,10.9,2015,2019
42,Pennsylvania,42077,Lehigh,8.925,2015,2019
42,Pennsylvania,42085,Mercer,9.6,2015,2019
42,Pennsylvania,42089,Monroe,7.166666666666667,2015,2019
42,Pennsylvania,42091,Montgomery,8.3,2015,2019
42,Pennsylvania,42095,Northampton,10.9,2015,2019
42,Pennsylvania,42101,Philadelphia,10.059999999999999,2015,2019
42,Pennsylvania,42115,Susquehanna,6.6,2015,2019
42,Pennsylvania,42117,Tioga,7.26,2015,2019
42,Pennsylvania,42125,Washington,9.959999999999999,2015,2019
42,Pennsylvania,42129,Westmoreland,9.34,2015,2019
42,Pennsylvania,42133,York,9.780000000000001,2015,2019
44,Rhode Island,44003,Kent,4.96,2015,2019
44,Rhode Island,44007,Providence,8.92,2015,2019
44,Rhode Island,44009,Washington,5.279999999999999,2015,2019
45,South Carolina,45019,Charleston,7.26,2015,2019
45,South Carolina,45025,Chesterfield,7.159999999999999,2015,2019
45,South Carolina,45037,Edgefield,8.040000000000001,2015,2019
45,South Carolina,45041,Florence,7.9,2015,2019
45,South Carolina,45045,Greenville,8.86,2015,2019
45,South Carolina,45063,Lexington,8.68,2015,2019
45,South Carolina,45073,Oconee,5.82,2015,2019
45,South Carolina,45079,Richland,8.1,2015,2019
45,South Carolina,45083,Spartanburg,8.02,2015,2019
45,South Carolina,45091,York,7.8,2015,2019
46,South Dakota,46011,Brookings,4.8,2015,2019
46,South Dakota,46013,Brown,6.08,2015,2019
46,South Dakota,46029,Codington,6.74,2015,2019
46,South Dakota,46033,Custer,3.5,2015,2019
46,South Dakota,46065,Hughes,3.96,2015,2019
46,South Dakota,46071,Jackson,3.88,2015,2019
46,South Dakota,46099,Minnehaha,6.459999999999999,2015,2019
46,South Dakota,46103,Pennington,7.18,2015,2019
46,South Dakota,46127,Union,6.5,2015,2019
47,Tennessee,47009,Blount,7.6,2015,2019
47,Tennessee,47037,Davidson,9.319999999999999,2015,2019
47,Tennessee,47045,Dyer,7.0,2015,2019
47,Tennessee,47065,Hamilton,9.0,2015,2019
47,Tennessee,47093,Knox,9.8,2015,2019
47,Tennessee,47099,Lawrence,6.779999999999999,2015,2019
47,Tennessee,47105,Loudon,8.275,2015,2019
47,Tennessee,47107,McMinn,7.94,2015,2019
47,Tennessee,47113,Madison,7.050000000000001,2015,2019
47,Tennessee,47119,Maury,6.859999999999999,2015,2019
47,Tennessee,47125,Montgomery,8.025,2015,2019
47,Tennessee,47141,Putnam,7.040000000000001,2015,2019
47,Tennessee,47145,Roane,7.659999999999999,2015,2019
47,Tennessee,47157,Shelby,8.620000000000001,2015,2019
47,Tennessee,47163,Sullivan,7.340000000000001,2015,2019
47,Tennessee,47165,Sumner,7.58,2015,2019
48,Texas,48027,Bell,8.3,2015,2019
48,Texas,48029,Bexar,8.6,2015,2019
48,Texas,48037,Bowie,9.275,2015,2019
48,Texas,48043,Brewster,5.95,2015,2019
48,Texas,48061,Cameron,9.8,2015,2019
48,Texas,48113,Dallas,9.48,2015,2019
48,Texas,48135,Ector,7.6,2015,2019
48,Texas,48139,Ellis,8.4,2015,2019
48,Texas,48141,El Paso,9.16,2015,2019
48,Texas,48167,Galveston,7.0,2015,2019
48,Texas,48201,Harris,10.78,2015,2019
48,Texas,48203,Harrison,8.559999999999999,2015,2019
48,Texas,48215,Hidalgo,10.6,2015,2019
48,Texas,48245,Jefferson,9.35,2015,2019
48,Texas,48273,Kleberg,10.0,2015,2019
48,Texas,48303,Lubbock,6.4,2015,2019
48,Texas,48323,Maverick,7.5,2015,2019
48,Texas,48355,Nueces,9.459999999999999,2015,2019
48,Texas,48361,Orange,9.35,2015,2019
48,Texas,48375,Potter,5.2,2015,2019
48,Texas,48439,Tarrant,8.819999999999999,2015,2019
48,Texas,48453,Travis,9.72,2015,2019
48,Texas,48479,Webb,10.7,2015,2019
49,Utah,49003,Box Elder,7.925000000000001,2015,2019
49,Utah,49005,Cache,8.74,2015,2019
49,Utah,49011,Davis,7.840000000000001,2015,2019
49,Utah,49013,Duchesne,6.220000000000001,2015,2019
49,Utah,49021,Iron,4.55,2015,2019
49,Utah,49035,Salt Lake,9.34,2015,2019
49,Utah,49045,Tooele,7.0249999999999995,2015,2019
49,Utah,49047,Uintah,5.525,2015,2019
49,Utah,49049,Utah,8.14,2015,2019
49,Utah,49053,Washington,4.92,2015,2019
49,Utah,49057,Weber,8.625,2015,2019
50,Vermont,50003,Bennington,5.66,2015,2019
50,Vermont,50007,Chittenden,6.06,2015,2019
50,Vermont,50021,Rutland,7.6,2015,2019
51,Virginia,51003,Albemarle,6.7,2015,2019
51,Virginia,51013,Arlington,8.02,2015,2019
51,Virginia,51036,Charles City,6.8,2015,2019
51,Virginia,51041,Chesterfield,7.2,2015,2019
51,Virginia,51059,Fairfax,7.92,2015,2019
51,Virginia,51069,Frederick,7.82,2015,2019
51,Virginia,51087,Henrico,7.279999999999999,2015,2019
51,Virginia,51107,Loudoun,7.5200000000000005,2015,2019
51,Virginia,51161,Roanoke,6.779999999999999,2015,2019
51,Virginia,51165,Rockingham,7.3,2015,2019
51,Virginia,51520,Bristol,7.140000000000001,2015,2019
51,Virginia,51650,Hampton,6.5200000000000005,2015,2019
51,Virginia,51680,Lynchburg,6.6,2015,2019
51,Virginia,51710,Norfolk,7.0200000000000005,2015,2019
51,Virginia,51760,Richmond City,8.76,2015,2019
51,Virginia,51775,Salem,7.340000000000001,2015,2019
51,Virginia,51810,Virginia Beach,6.959999999999999,2015,2019
53,Washington,53007,Chelan,5.4,2015,2019
53,Washington,53011,Clark,7.6,2015,2019
53,Washington,53033,King,8.98,2015,2019
53,Washington,53035,Kitsap,4.74,2015,2019
53,Washington,53037,Kittitas,7.359999999999999,2015,2019
53,Washington,53047,Okanogan,10.766666666666666,2015,2019
53,Washington,53053,Pierce,8.040000000000001,2015,2019
53,Washington,53057,Skagit,5.9,2015,2019
53,Washington,53061,Snohomish,7.94,2015,2019
53,Washington,53063,Spokane,9.120000000000001,2015,2019
53,Washington,53073,Whatcom,5.3,2015,2019
53,Washington,53077,Yakima,10.78,2015,2019
54,West Virginia,54003,Berkeley,9.0,2015,2019
54,West Virginia,54009,Brooke,9.58,2015,2019
54,West Virginia,54011,Cabell,7.9799999999999995,2015,2019
54,West Virginia,54029,Hancock,8.475,2015,2019
54,West Virginia,54033,Harrison,7.68,2015,2019
54,West Virginia,54039,Kanawha,8.34,2015,2019
54,West Virginia,54049,Marion,8.075,2015,2019
54,West Virginia,54051,Marshall,9.42,2015,2019
54,West Virginia,54061,Monongalia,7.4,2015,2019
54,West Virginia,54069,Ohio,8.379999999999999,2015,2019
54,West Virginia,54107,Wood,8.16,2015,2019
55,Wisconsin,55003,Ashland,4.58,2015,2019
55,Wisconsin,55009,Brown,6.94,2015,2019
55,Wisconsin,55025,Dane,8.36,2015,2019
55,Wisconsin,55027,Dodge,7.18,2015,2019
55,Wisconsin,55035,Eau Claire,7.0200000000000005,2015,2019
55,Wisconsin,55041,Forest,4.4750000000000005,2015,2019
55,Wisconsin,55043,Grant,7.659999999999999,2015,2019
55,Wisconsin,55059,Kenosha,7.359999999999999,2015,2019
55,Wisconsin,55063,La Crosse,7.159999999999999,2015,2019
55,Wisconsin,55079,Milwaukee,8.64,2015,2019
55,Wisconsin,55087,Outagamie,6.92,2015,2019
55,Wisconsin,55089,Ozaukee,6.266666666666667,2015,2019
55,Wisconsin,55111,Sauk,7.0,2015,2019
55,Wisconsin,55119,Taylor,5.75,2015,2019
55,Wisconsin,55125,Vilas,4.775,2015,2019
55,Wisconsin,55133,Waukesha,8.74,2015,2019
56,Wyoming,56001,Albany,4.3,2015,2019
56,Wyoming,56005,Campbell,4.36,2015,2019
56,Wyoming,56007,Carbon,2.3,2015,2019
56,Wyoming,56009,Converse,3.6799999999999997,2015,2019
56,Wyoming,56013,Fremont,6.94,2015,2019
56,Wyoming,56015,Goshen,3.7,2015,2019
56,Wyoming,56021,Laramie,4.46,2015,2019
56,Wyoming,56025,Natrona,4.74,2015,2019
56,Wyoming,56029,Park,3.9799999999999995,2015,2019
56,Wyoming,56033,Sheridan,7.1,2015,2019
56,Wyoming,56035,Sublette,4.74,2015,2019
56,Wyoming,56037,Sweetwater,5.04,2015,2019
56,Wyoming,56039,Teton,4.5200000000000005,2015,2019
56,Wyoming,56045,Weston,2.9,2015,2019
1,Alabama,1003,Baldwin,7.42,2016,2020
1,Alabama,1027,Clay,7.279999999999999,2016,2020
1,Alabama,1033,Colbert,7.466666666666666,2016,2020
1,Alabama,1049,DeKalb,7.459999999999999,2016,2020
1,Alabama,1055,Etowah,8.22,2016,2020
1,Alabama,1069,Houston,7.875,2016,2020
1,Alabama,1073,Jefferson,10.459999999999999,2016,2020
1,Alabama,1089,Madison,7.4,2016,2020
1,Alabama,1097,Mobile,8.1,2016,2020
1,Alabama,1101,Montgomery,8.6,2016,2020
1,Alabama,1103,Morgan,7.5,2016,2020
1,Alabama,1113,Russell,9.275,2016,2020
1,Alabama,1121,Talladega,8.649999999999999,2016,2020
1,Alabama,1125,Tuscaloosa,7.74,2016,2020
2,Alaska,2020,Anchorage,6.3,2016,2020
2,Alaska,2090,Fairbanks North Star,13.5,2016,2020
2,Alaska,2110,Juneau,6.0600000000000005,2016,2020
2,Alaska,2170,Matanuska-Susitna,5.5,2016,2020
4,Arizona,4001,Apache,2.8,2016,2020
4,Arizona,4003,Cochise,5.125,2016,2020
4,Arizona,4012,La Paz,4.220000000000001,2016,2020
4,Arizona,4013,Maricopa,10.28,2016,2020
4,Arizona,4019,Pima,5.9,2016,2020
4,Arizona,4021,Pinal,13.62,2016,2020
4,Arizona,4023,Santa Cruz,9.3,2016,2020
4,Arizona,4027,Yuma,8.5,2016,2020
5,Arkansas,5001,Arkansas,7.9,2016,2020
5,Arkansas,5003,Ashley,8.040000000000001,2016,2020
5,Arkansas,5035,Crittenden,8.2,2016,2020
5,Arkansas,5051,Garland,8.48,2016,2020
5,Arkansas,5067,Jackson,7.92,2016,2020
5,Arkansas,5113,Polk,8.16,2016,2020
5,Arkansas,5119,Pulaski,9.82,2016,2020
5,Arkansas,5139,Union,8.84,2016,2020
5,Arkansas,5143,Washington,7.840000000000001,2016,2020
6,California,6001,Alameda,11.42,2016,2020
6,California,6007,Butte,10.68,2016,2020
6,California,6009,Calaveras,10.2,2016,2020
6,California,6011,Colusa,8.959999999999999,2016,2020
6,California,6013,Contra Costa,10.48,2016,2020
6,California,6015,Del Norte,5.8,2016,2020
6,California,6019,Fresno,15.940000000000001,2016,2020
6,California,6023,Humboldt,7.5,2016,2020
6,California,6025,Imperial,12.14,2016,2020
6,California,6027,Inyo,7.840000000000001,2016,2020
6,California,6029,Kern,17.36,2016,2020
6,California,6031,Kings,16.52,2016,2020
6,California,6033,Lake,6.175000000000001,2016,2020
6,California,6037,Los Angeles,14.14,2016,2020
6,California,6039,Madera,13.040000000000001,2016,2020
6,California,6041,Marin,8.440000000000001,2016,2020
6,California,6045,Mendocino,9.120000000000001,2016,2020
6,California,6047,Merced,13.080000000000002,2016,2020
6,California,6051,Mono,24.45,2016,2020
6,California,6053,Monterey,6.959999999999999,2016,2020
6,California,6055,Napa,9.65,2016,2020
6,California,6057,Nevada,8.02,2016,2020
6,California,6059,Orange,10.9,2016,2020
6,California,6061,Placer,9.440000000000001,2016,2020
6,California,6063,Plumas,15.5,2016,2020
6,California,6065,Riverside,13.88,2016,2020
6,California,6067,Sacramento,10.879999999999999,2016,2020
6,California,6069,San Benito,6.08,2016,2020
6,California,6071,San Bernardino,16.5,2016,2020
6,California,6073,San Diego,13.1,2016,2020
6,California,6075,San Francisco,9.440000000000001,2016,2020
6,California,6077,San Joaquin,13.9,2016,2020
6,California,6079,San Luis Obispo,8.68,2016,2020
6,California,6081,San Mateo,8.98,2016,2020
6,California,6083,Santa Barbara,8.24,2016,2020
6,California,6085,Santa Clara,10.9,2016,2020
6,California,6087,Santa Cruz,7.640000000000001,2016,2020
6,California,6089,Shasta,9.16,2016,2020
6,California,6093,Siskiyou,9.440000000000001,2016,2020
6,California,6095,Solano,11.08,2016,2020
6,California,6097,Sonoma,7.040000000000001,2016,2020
6,California,6099,Stanislaus,13.76,2016,2020
6,California,6101,Sutter,10.5,2016,2020
6,California,6103,Tehama,8.120000000000001,2016,2020
6,California,6107,Tulare,16.160000000000004,2016,2020
6,California,6111,Ventura,9.84,2016,2020
6,California,6113,Yolo,8.925,2016,2020
8,Colorado,8001,Adams,9.825,2016,2020
8,Colorado,8005,Arapahoe,5.9799999999999995,2016,2020
8,Colorado,8013,Boulder,7.859999999999999,2016,2020
8,Colorado,8029,Delta,3.7,2016,2020
8,Colorado,8031,Denver,9.620000000000001,2016,2020
8,Colorado,8035,Douglas,6.44,2016,2020
8,Colorado,8041,El Paso,5.8,2016,2020
8,Colorado,8045,Garfield,4.24,2016,2020
8,Colorado,8067,La Plata,8.733333333333333,2016,2020
8,Colorado,8069,Larimer,7.220000000000001,2016,2020
8,Colorado,8077,Mesa,5.82,2016,2020
8,Colorado,8093,Park,3.0,2016,2020
8,Colorado,8101,Pueblo,5.4399999999999995,2016,2020
8,Colorado,8103,Rio Blanco,8.02,2016,2020
8,Colorado,8123,Weld,9.3,2016,2020
9,Connecticut,9001,Fairfield,8.22,2016,2020
9,Connecticut,9003,Hartford,7.82,2016,2020
9,Connecticut,9005,Litchfield,4.86,2016,2020
9,Connecticut,9009,New Haven,7.779999999999999,2016,2020
9,Connecticut,9011,New London,6.04,2016,2020
10,Delaware,10001,Kent,7.18,2016,2020
10,Delaware,10003,New Castle,8.940000000000001,2016,2020
10,Delaware,10005,Sussex,7.42,2016,2020
11,District of Columbia,11001,District of Columbia,9.24,2016,2020
12,Florida,12001,Alachua,6.8,2016,2020
12,Florida,12009,Brevard,6.26,2016,2020
12,Florida,12011,Broward,8.7,2016,2020
12,Florida,12017,Citrus,5.8,2016,2020
12,Florida,12031,Duval,8.58,2016,2020
12,Florida,12033,Escambia,8.1,2016,2020
12,Florida,12057,Hillsborough,8.3,2016,2020
12,Florida,12071,Lee,6.94,2016,2020
12,Florida,12073,Leon,7.459999999999999,2016,2020
12,Florida,12086,Miami-Dade,7.9,2016,2020
12,Florida,12095,Orange,6.9799999999999995,2016,2020
12,Florida,12099,Palm Beach,6.62,2016,2020
12,Florida,12103,Pinellas,7.540000000000001,2016,2020
12,Florida,12105,Polk,7.38,2016,2020
12,Florida,12115,Sarasota,6.9799999999999995,2016,2020
12,Florida,12117,Seminole,6.6,2016,2020
12,Florida,12127,Volusia,7.1,2016,2020
13,Georgia,13021,Bibb,9.08,2016,2020
13,Georgia,13051,Chatham,8.540000000000001,2016,2020
13,Georgia,13059,Clarke,8.6,2016,2020
13,Georgia,13063,Clayton,8.82,2016,2020
13,Georgia,13067,Cobb,8.58,2016,2020
13,Georgia,13069,Coffee,6.825,2016,2020
13,Georgia,13089,DeKalb,9.9,2016,2020
13,Georgia,13095,Dougherty,9.940000000000001,2016,2020
13,Georgia,13115,Floyd,9.4,2016,2020
13,Georgia,13121,Fulton,9.879999999999999,2016,2020
13,Georgia,13127,Glynn,7.4,2016,2020
13,Georgia,13135,Gwinnett,9.4,2016,2020
13,Georgia,13139,Hall,8.4,2016,2020
13,Georgia,13153,Houston,9.059999999999999,2016,2020
13,Georgia,13185,Lowndes,7.62,2016,2020
13,Georgia,13215,Muscogee,9.059999999999999,2016,2020
13,Georgia,13223,Paulding,7.3,2016,2020
13,Georgia,13245,Richmond,10.12,2016,2020
13,Georgia,13295,Walker,9.1,2016,2020
13,Georgia,13303,Washington,8.139999999999999,2016,2020
13,Georgia,13319,Wilkinson,9.5,2016,2020
15,Hawaii,15001,Hawaii,9.059999999999999,2016,2020
15,Hawaii,15003,Honolulu,4.0200000000000005,2016,2020
15,Hawaii,15007,Kauai,3.1,2016,2020
15,Hawaii,15009,Maui,4.26,2016,2020
16,Idaho,16001,Ada,7.279999999999999,2016,2020
16,Idaho,16005,Bannock,7.8999999999999995,2016,2020
16,Idaho,16009,Benewah,10.36,2016,2020
16,Idaho,16027,Canyon,9.120000000000001,2016,2020
16,Idaho,16041,Franklin,6.74,2016,2020
16,Idaho,16053,Jerome,5.425,2016,2020
16,Idaho,16059,Lemhi,10.64,2016,2020
16,Idaho,16079,Shoshone,11.26,2016,2020
17,Illinois,17019,Champaign,7.94,2016,2020
17,Illinois,17031,Cook,10.66,2016,2020
17,Illinois,17043,DuPage,8.9,2016,2020
17,Illinois,17065,Hamilton,8.5,2016,2020
17,Illinois,17083,Jersey,7.925000000000001,2016,2020
17,Illinois,17089,Kane,8.559999999999999,2016,2020
17,Illinois,17111,McHenry,7.85,2016,2020
17,Illinois,17113,McLean,8.92,2016,2020
17,Illinois,17115,Macon,9.0,2016,2020
17,Illinois,17119,Madison,10.6,2016,2020
17,Illinois,17143,Peoria,8.32,2016,2020
17,Illinois,17157,Randolph,8.28,2016,2020
17,Illinois,17161,Rock Island,8.14,2016,2020
17,Illinois,17163,St. Clair,9.540000000000001,2016,2020
17,Illinois,17167,Sangamon,8.319999999999999,2016,2020
17,Illinois,17197,Will,9.2,2016,2020
17,Illinois,17201,Winnebago,8.825,2016,2020
18,Indiana,18003,Allen,8.76,2016,2020
18,Indiana,18005,Bartholomew,7.359999999999999,2016,2020
18,Indiana,18019,Clark,8.86,2016,2020
18,Indiana,18035,Delaware,8.0,2016,2020
18,Indiana,18037,Dubois,8.540000000000001,2016,2020
18,Indiana,18039,Elkhart,8.34,2016,2020
18,Indiana,18043,Floyd,8.4,2016,2020
18,Indiana,18055,Greene,7.779999999999999,2016,2020
18,Indiana,18057,Hamilton,8.92,2016,2020
18,Indiana,18065,Henry,7.4799999999999995,2016,2020
18,Indiana,18067,Howard,8.0,2016,2020
18,Indiana,18089,Lake,9.959999999999999,2016,2020
18,Indiana,18091,LaPorte,7.68,2016,2020
18,Indiana,18095,Madison,8.540000000000001,2016,2020
18,Indiana,18097,Marion,11.14,2016,2020
18,Indiana,18105,Monroe,7.6,2016,2020
18,Indiana,18127,Porter,7.859999999999999,2016,2020
18,Indiana,18141,St. Joseph,9.18,2016,2020
18,Indiana,18147,Spencer,8.26,2016,2020
18,Indiana,18153,Sullivan,8.45,2016,2020
18,Indiana,18157,Tippecanoe,8.66,2016,2020
18,Indiana,18163,Vanderburgh,9.02,2016,2020
18,Indiana,18167,Vigo,9.66,2016,2020
18,Indiana,18183,Whitley,8.540000000000001,2016,2020
19,Iowa,19013,Black Hawk,7.76,2016,2020
19,Iowa,19045,Clinton,8.52,2016,2020
19,Iowa,19055,Delaware,7.4,2016,2020
19,Iowa,19103,Johnson,8.36,2016,2020
19,Iowa,19111,Lee,8.32,2016,2020
19,Iowa,19113,Linn,8.8,2016,2020
19,Iowa,19137,Montgomery,6.5200000000000005,2016,2020
19,Iowa,19139,Muscatine,8.26,2016,2020
19,Iowa,19147,Palo Alto,6.74,2016,2020
19,Iowa,19153,Polk,7.779999999999999,2016,2020
19,Iowa,19155,Pottawattamie,8.120000000000001,2016,2020
19,Iowa,19163,Scott,8.8,2016,2020
19,Iowa,19177,Van Buren,6.94,2016,2020
19,Iowa,19193,Woodbury,7.640000000000001,2016,2020
20,Kansas,20091,Johnson,7.359999999999999,2016,2020
20,Kansas,20133,Neosho,8.3,2016,2020
20,Kansas,20173,Sedgwick,7.279999999999999,2016,2020
20,Kansas,20177,Shawnee,8.940000000000001,2016,2020
20,Kansas,20191,Sumner,7.6,2016,2020
20,Kansas,20195,Trego,5.1,2016,2020
20,Kansas,20209,Wyandotte,9.66,2016,2020
21,Kentucky,21013,Bell,8.0,2016,2020
21,Kentucky,21019,Boyd,7.7,2016,2020
21,Kentucky,21037,Campbell,8.1,2016,2020
21,Kentucky,21043,Carter,6.08,2016,2020
21,Kentucky,21047,Christian,8.2,2016,2020
21,Kentucky,21059,Daviess,8.58,2016,2020
21,Kentucky,21067,Fayette,8.139999999999999,2016,2020
21,Kentucky,21093,Hardin,7.9,2016,2020
21,Kentucky,21101,Henderson,8.933333333333334,2016,2020
21,Kentucky,21111,Jefferson,10.1,2016,2020
21,Kentucky,21145,McCracken,9.06,2016,2020
21,Kentucky,21151,Madison,7.7,2016,2020
21,Kentucky,21193,Perry,7.56,2016,2020
21,Kentucky,21195,Pike,7.12,2016,2020
21,Kentucky,21199,Pulaski,7.459999999999999,2016,2020
21,Kentucky,21227,Warren,8.2,2016,2020
22,Louisiana,22017,Caddo,10.36,2016,2020
22,Louisiana,22019,Calcasieu,7.5200000000000005,2016,2020
22,Louisiana,22033,East Baton Rouge,10.14,2016,2020
22,Louisiana,22047,Iberville,8.24,2016,2020
22,Louisiana,22051,Jefferson,7.640000000000001,2016,2020
22,Louisiana,22055,Lafayette,7.959999999999999,2016,2020
22,Louisiana,22071,Orleans,7.92,2016,2020
22,Louisiana,22073,Ouachita,7.74,2016,2020
22,Louisiana,22079,Rapides,7.779999999999999,2016,2020
22,Louisiana,22087,St. Bernard,8.139999999999999,2016,2020
22,Louisiana,22105,Tangipahoa,7.56,2016,2020
22,Louisiana,22109,Terrebonne,7.3,2016,2020
22,Louisiana,22121,West Baton Rouge,8.98,2016,2020
23,Maine,23001,Androscoggin,5.859999999999999,2016,2020
23,Maine,23003,Aroostook,6.74,2016,2020
23,Maine,23005,Cumberland,7.459999999999999,2016,2020
23,Maine,23009,Hancock,3.7399999999999998,2016,2020
23,Maine,23011,Kennebec,5.675,2016,2020
23,Maine,23017,Oxford,5.92,2016,2020
23,Maine,23019,Penobscot,5.4,2016,2020
24,Maryland,24003,Anne Arundel,8.2,2016,2020
24,Maryland,24005,Baltimore,8.1,2016,2020
24,Maryland,24015,Cecil,7.12,2016,2020
24,Maryland,24019,Dorchester,6.340000000000001,2016,2020
24,Maryland,24023,Garrett,5.459999999999999,2016,2020
24,Maryland,24025,Harford,7.140000000000001,2016,2020
24,Maryland,24027,Howard,8.3,2016,2020
24,Maryland,24029,Kent,6.32,2016,2020
24,Maryland,24031,Montgomery,6.6,2016,2020
24,Maryland,24033,Prince George's,7.08,2016,2020
24,Maryland,24043,Washington,7.340000000000001,2016,2020
24,Maryland,24510,Baltimore City,8.4,2016,2020
25,Massachusetts,25003,Berkshire,7.159999999999999,2016,2020
25,Massachusetts,25005,Bristol,6.42,2016,2020
25,Massachusetts,25009,Essex,5.88,2016,2020
25,Massachusetts,25011,Franklin,6.340000000000001,2016,2020
25,Massachusetts,25013,Hampden,7.0,2016,2020
25,Massachusetts,25015,Hampshire,5.56,2016,2020
25,Massachusetts,25017,Middlesex,6.85,2016,2020
25,Massachusetts,25021,Norfolk,5.2,2016,2020
25,Massachusetts,25023,Plymouth,6.42,2016,2020
25,Massachusetts,25025,Suffolk,9.02,2016,2020
25,Massachusetts,25027,Worcester,7.0200000000000005,2016,2020
26,Michigan,26005,Allegan,7.06,2016,2020
26,Michigan,26017,Bay,6.459999999999999,2016,2020
26,Michigan,26021,Berrien,7.7,2016,2020
26,Michigan,26033,Chippewa,8.200000000000001,2016,2020
26,Michigan,26049,Genesee,7.12,2016,2020
26,Michigan,26065,Ingham,7.225,2016,2020
26,Michigan,26077,Kalamazoo,7.9799999999999995,2016,2020
26,Michigan,26081,Kent,8.5,2016,2020
26,Michigan,26091,Lenawee,7.9,2016,2020
26,Michigan,26099,Macomb,7.2,2016,2020
26,Michigan,26101,Manistee,5.4799999999999995,2016,2020
26,Michigan,26113,Missaukee,5.779999999999999,2016,2020
26,Michigan,26115,Monroe,7.7,2016,2020
26,Michigan,26125,Oakland,7.88,2016,2020
26,Michigan,26139,Ottawa,8.0,2016,2020
26,Michigan,26147,St. Clair,7.640000000000001,2016,2020
26,Michigan,26153,Schoolcraft,4.4,2016,2020
26,Michigan,26161,Washtenaw,8.32,2016,2020
26,Michigan,26163,Wayne,11.540000000000001,2016,2020
27,Minnesota,27003,Anoka,7.18,2016,2020
27,Minnesota,27005,Becker,4.76,2016,2020
27,Minnesota,27007,Beltrami,5.7,2016,2020
27,Minnesota,27017,Carlton,3.8200000000000003,2016,2020
27,Minnesota,27021,Cass,5.033333333333334,2016,2020
27,Minnesota,27031,Cook,4.04,2016,2020
27,Minnesota,27035,Crow Wing,5.0600000000000005,2016,2020
27,Minnesota,27037,Dakota,7.279999999999999,2016,2020
27,Minnesota,27053,Hennepin,8.18,2016,2020
27,Minnesota,27075,Lake,3.94,2016,2020
27,Minnesota,27083,Lyon,5.34,2016,2020
27,Minnesota,27109,Olmsted,7.1,2016,2020
27,Minnesota,27123,Ramsey,8.0,2016,2020
27,Minnesota,27137,St. Louis,5.74,2016,2020
27,Minnesota,27139,Scott,6.325,2016,2020
27,Minnesota,27145,Stearns,5.88,2016,2020
27,Minnesota,27163,Washington,8.066666666666666,2016,2020
27,Minnesota,27171,Wright,6.3,2016,2020
28,Mississippi,28011,Bolivar,8.766666666666666,2016,2020
28,Mississippi,28033,DeSoto,8.3,2016,2020
28,Mississippi,28035,Forrest,9.1,2016,2020
28,Mississippi,28043,Grenada,7.366666666666667,2016,2020
28,Mississippi,28045,Hancock,7.840000000000001,2016,2020
28,Mississippi,28047,Harrison,8.620000000000001,2016,2020
28,Mississippi,28049,Hinds,9.559999999999999,2016,2020
28,Mississippi,28059,Jackson,8.34,2016,2020
29,Missouri,29021,Buchanan,8.6,2016,2020
29,Missouri,29037,Cass,6.44,2016,2020
29,Missouri,29039,Cedar,6.959999999999999,2016,2020
29,Missouri,29047,Clay,6.32,2016,2020
29,Missouri,29077,Greene,7.359999999999999,2016,2020
29,Missouri,29095,Jackson,9.379999999999999,2016,2020
29,Missouri,29099,Jefferson,7.58,2016,2020
29,Missouri,29189,St. Louis,8.879999999999999,2016,2020
29,Missouri,29510,St. Louis City,10.08,2016,2020
30,Montana,30027,Fergus,4.68,2016,2020
30,Montana,30029,Flathead,7.959999999999999,2016,2020
30,Montana,30031,Gallatin,2.85,2016,2020
30,Montana,30049,Lewis and Clark,9.1,2016,2020
30,Montana,30053,Lincoln,12.780000000000001,2016,2020
30,Montana,30063,Missoula,9.68,2016,2020
30,Montana,30071,Phillips,5.24,2016,2020
30,Montana,30075,Powder River,7.18,2016,2020
30,Montana,30081,Ravalli,8.1,2016,2020
30,Montana,30083,Richland,4.95,2016,2020
30,Montana,30087,Rosebud,5.9,2016,2020
30,Montana,30093,Silver Bow,7.840000000000001,2016,2020
30,Montana,30111,Yellowstone,7.040000000000001,2016,2020
31,Nebraska,31055,Douglas,8.120000000000001,2016,2020
31,Nebraska,31079,Hall,5.62,2016,2020
31,Nebraska,31109,Lancaster,6.82,2016,2020
31,Nebraska,31153,Sarpy,8.459999999999999,2016,2020
31,Nebraska,31157,Scotts Bluff,6.233333333333333,2016,2020
31,Nebraska,31177,Washington,6.7,2016,2020
32,Nevada,32003,Clark,10.1,2016,2020
32,Nevada,32005,Douglas,6.82,2016,2020
32,Nevada,32031,Washoe,8.040000000000001,2016,2020
32,Nevada,32510,Carson City,6.14,2016,2020
33,New Hampshire,33001,Belknap,4.38,2016,2020
33,New Hampshire,33005,Cheshire,5.64,2016,2020
33,New Hampshire,33009,Grafton,5.3,2016,2020
33,New Hampshire,33011,Hillsborough,3.5200000000000005,2016,2020
33,New Hampshire,33015,Rockingham,5.82,2016,2020
34,New Jersey,34001,Atlantic,7.040000000000001,2016,2020
34,New Jersey,34003,Bergen,10.14,2016,2020
34,New Jersey,34007,Camden,10.26,2016,2020
34,New Jersey,34011,Cumberland,8.1,2016,2020
34,New Jersey,34013,Essex,8.82,2016,2020
34,New Jersey,34015,Gloucester,7.2,2016,2020
34,New Jersey,34017,Hudson,9.1,2016,2020
34,New Jersey,34019,Hunterdon,7.92,2016,2020
34,New Jersey,34021,Mercer,7.88,2016,2020
34,New Jersey,34023,Middlesex,8.059999999999999,2016,2020
34,New Jersey,34027,Morris,5.85,2016,2020
34,New Jersey,34029,Ocean,6.459999999999999,2016,2020
34,New Jersey,34031,Passaic,7.625,2016,2020
34,New Jersey,34039,Union,10.28,2016,2020
34,New Jersey,34041,Warren,8.02,2016,2020
35,New Mexico,35001,Bernalillo,8.3,2016,2020
35,New Mexico,35013,Dona Ana,8.680000000000001,2016,2020
35,New Mexico,35025,Lea,7.2,2016,2020
35,New Mexico,35049,Santa Fe,3.733333333333333,2016,2020
35,New Mexico,35055,Taos,5.7,2016,2020
36,New York,36001,Albany,7.58,2016,2020
36,New York,36005,Bronx,8.28,2016,2020
36,New York,36013,Chautauqua,5.9399999999999995,2016,2020
36,New York,36029,Erie,7.140000000000001,2016,2020
36,New York,36031,Essex,3.475,2016,2020
36,New York,36047,Kings,7.725,2016,2020
36,New York,36055,Monroe,6.7,2016,2020
36,New York,36061,New York,9.25,2016,2020
36,New York,36067,Onondaga,5.7,2016,2020
36,New York,36071,Orange,6.125,2016,2020
36,New York,36081,Queens,7.2,2016,2020
36,New York,36085,Richmond,7.459999999999999,2016,2020
36,New York,36101,Steuben,5.18,2016,2020
36,New York,36103,Suffolk,6.5200000000000005,2016,2020
37,North Carolina,37021,Buncombe,6.82,2016,2020
37,North Carolina,37035,Catawba,8.52,2016,2020
37,North Carolina,37051,Cumberland,7.82,2016,2020
37,North Carolina,37057,Davidson,8.74,2016,2020
37,North Carolina,37063,Durham,8.639999999999999,2016,2020
37,North Carolina,37067,Forsyth,8.32,2016,2020
37,North Carolina,37081,Guilford,7.340000000000001,2016,2020
37,North Carolina,37099,Jackson,7.18,2016,2020
37,North Carolina,37101,Johnston,7.779999999999999,2016,2020
37,North Carolina,37119,Mecklenburg,8.940000000000001,2016,2020
37,North Carolina,37121,Mitchell,6.36,2016,2020
37,North Carolina,37123,Montgomery,6.9,2016,2020
37,North Carolina,37129,New Hanover,4.6,2016,2020
37,North Carolina,37131,Northampton,6.3,2016,2020
37,North Carolina,37147,Pitt,6.44,2016,2020
37,North Carolina,37159,Rowan,7.6,2016,2020
37,North Carolina,37173,Swain,7.659999999999999,2016,2020
37,North Carolina,37183,Wake,9.72,2016,2020
38,North Dakota,38007,Billings,3.7,2016,2020
38,North Dakota,38013,Burke,3.72,2016,2020
38,North Dakota,38015,Burleigh,6.92,2016,2020
38,North Dakota,38017,Cass,6.659999999999999,2016,2020
38,North Dakota,38025,Dunn,4.6,2016,2020
38,North Dakota,38053,McKenzie,4.0600000000000005,2016,2020
38,North Dakota,38057,Mercer,4.74,2016,2020
38,North Dakota,38065,Oliver,5.06,2016,2020
38,North Dakota,38101,Ward,4.85,2016,2020
38,North Dakota,38105,Williams,4.449999999999999,2016,2020
39,Ohio,39003,Allen,7.44,2016,2020
39,Ohio,39009,Athens,6.5200000000000005,2016,2020
39,Ohio,39013,Belmont,8.1,2016,2020
39,Ohio,39017,Butler,11.02,2016,2020
39,Ohio,39023,Clark,9.0,2016,2020
39,Ohio,39035,Cuyahoga,10.879999999999999,2016,2020
39,Ohio,39049,Franklin,8.879999999999999,2016,2020
39,Ohio,39057,Greene,8.0,2016,2020
39,Ohio,39061,Hamilton,11.26,2016,2020
39,Ohio,39067,Harrison,7.6,2016,2020
39,Ohio,39081,Jefferson,9.85,2016,2020
39,Ohio,39085,Lake,6.8,2016,2020
39,Ohio,39087,Lawrence,6.859999999999999,2016,2020
39,Ohio,39093,Lorain,7.44,2016,2020
39,Ohio,39095,Lucas,8.88,2016,2020
39,Ohio,39099,Mahoning,8.059999999999999,2016,2020
39,Ohio,39103,Medina,7.720000000000001,2016,2020
39,Ohio,39113,Montgomery,9.379999999999999,2016,2020
39,Ohio,39133,Portage,7.35,2016,2020
39,Ohio,39135,Preble,8.120000000000001,2016,2020
39,Ohio,39145,Scioto,7.18,2016,2020
39,Ohio,39151,Stark,9.78,2016,2020
39,Ohio,39153,Summit,9.28,2016,2020
39,Ohio,39155,Trumbull,7.459999999999999,2016,2020
40,Oklahoma,40019,Carter,8.375,2016,2020
40,Oklahoma,40027,Cleveland,9.059999999999999,2016,2020
40,Oklahoma,40031,Comanche,7.3,2016,2020
40,Oklahoma,40043,Dewey,7.220000000000001,2016,2020
40,Oklahoma,40071,Kay,8.120000000000001,2016,2020
40,Oklahoma,40105,Nowata,8.65,2016,2020
40,Oklahoma,40109,Oklahoma,9.26,2016,2020
40,Oklahoma,40115,Ottawa,8.8,2016,2020
40,Oklahoma,40121,Pittsburg,8.3,2016,2020
40,Oklahoma,40135,Sequoyah,8.0,2016,2020
40,Oklahoma,40143,Tulsa,10.02,2016,2020
40,Oklahoma,40147,Washington,8.100000000000001,2016,2020
41,Oregon,41013,Crook,10.3,2016,2020
41,Oregon,41025,Harney,10.28,2016,2020
41,Oregon,41029,Jackson,11.725,2016,2020
41,Oregon,41033,Josephine,11.6,2016,2020
41,Oregon,41035,Klamath,13.48,2016,2020
41,Oregon,41037,Lake,8.98,2016,2020
41,Oregon,41039,Lane,10.68,2016,2020
41,Oregon,41051,Multnomah,7.62,2016,2020
41,Oregon,41067,Washington,8.14,2016,2020
42,Pennsylvania,42001,Adams,8.0,2016,2020
42,Pennsylvania,42003,Allegheny,13.02,2016,2020
42,Pennsylvania,42005,Armstrong,8.7,2016,2020
42,Pennsylvania,42007,Beaver,9.940000000000001,2016,2020
42,Pennsylvania,42011,Berks,9.5,2016,2020
42,Pennsylvania,42013,Blair,8.22,2016,2020
42,Pennsylvania,42015,Bradford,7.040000000000001,2016,2020
42,Pennsylvania,42021,Cambria,9.379999999999999,2016,2020
42,Pennsylvania,42027,Centre,8.52,2016,2020
42,Pennsylvania,42029,Chester,9.64,2016,2020
42,Pennsylvania,42041,Cumberland,9.620000000000001,2016,2020
42,Pennsylvania,42043,Dauphin,9.3,2016,2020
42,Pennsylvania,42045,Delaware,10.74,2016,2020
42,Pennsylvania,42049,Erie,7.68,2016,2020
42,Pennsylvania,42051,Fayette,7.4,2016,2020
42,Pennsylvania,42059,Greene,6.36,2016,2020
42,Pennsylvania,42069,Lackawanna,7.7,2016,2020
42,Pennsylvania,42071,Lancaster,10.7,2016,2020
42,Pennsylvania,42075,Lebanon,10.825,2016,2020
42,Pennsylvania,42077,Lehigh,8.72,2016,2020
42,Pennsylvania,42081,Lycoming,7.3,2016,2020
42,Pennsylvania,42085,Mercer,8.879999999999999,2016,2020
42,Pennsylvania,42089,Monroe,6.9,2016,2020
42,Pennsylvania,42091,Montgomery,7.925,2016,2020
42,Pennsylvania,42095,Northampton,10.0,2016,2020
42,Pennsylvania,42101,Philadelphia,9.459999999999999,2016,2020
42,Pennsylvania,42115,Susquehanna,6.35,2016,2020
42,Pennsylvania,42117,Tioga,6.92,2016,2020
42,Pennsylvania,42125,Washington,9.4,2016,2020
42,Pennsylvania,42129,Westmoreland,8.620000000000001,2016,2020
42,Pennsylvania,42131,Wyoming,6.6,2016,2020
42,Pennsylvania,42133,York,9.280000000000001,2016,2020
44,Rhode Island,44003,Kent,4.779999999999999,2016,2020
44,Rhode Island,44007,Providence,8.64,2016,2020
44,Rhode Island,44009,Washington,4.68,2016,2020
45,South Carolina,45019,Charleston,7.26,2016,2020
45,South Carolina,45025,Chesterfield,6.9799999999999995,2016,2020
45,South Carolina,45037,Edgefield,7.8,2016,2020
45,South Carolina,45041,Florence,7.58,2016,2020
45,South Carolina,45045,Greenville,8.64,2016,2020
45,South Carolina,45063,Lexington,8.459999999999999,2016,2020
45,South Carolina,45073,Oconee,6.0,2016,2020
45,South Carolina,45079,Richland,7.779999999999999,2016,2020
45,South Carolina,45083,Spartanburg,7.959999999999999,2016,2020
45,South Carolina,45091,York,7.199999999999999,2016,2020
46,South Dakota,46011,Brookings,4.5,2016,2020
46,South Dakota,46013,Brown,5.9399999999999995,2016,2020
46,South Dakota,46029,Codington,6.68,2016,2020
46,South Dakota,46033,Custer,3.34,2016,2020
46,South Dakota,46065,Hughes,3.8600000000000003,2016,2020
46,South Dakota,46071,Jackson,3.8200000000000003,2016,2020
46,South Dakota,46099,Minnehaha,5.92,2016,2020
46,South Dakota,46103,Pennington,6.640000000000001,2016,2020
46,South Dakota,46127,Union,6.08,2016,2020
47,Tennessee,47009,Blount,7.32,2016,2020
47,Tennessee,47037,Davidson,9.16,2016,2020
47,Tennessee,47045,Dyer,6.720000000000001,2016,2020
47,Tennessee,47065,Hamilton,9.02,2016,2020
47,Tennessee,47093,Knox,9.440000000000001,2016,2020
47,Tennessee,47099,Lawrence,6.38,2016,2020
47,Tennessee,47105,Loudon,7.5,2016,2020
47,Tennessee,47107,McMinn,7.68,2016,2020
47,Tennessee,47113,Madison,6.65,2016,2020
47,Tennessee,47119,Maury,6.5,2016,2020
47,Tennessee,47125,Montgomery,7.65,2016,2020
47,Tennessee,47141,Putnam,6.76,2016,2020
47,Tennessee,47145,Roane,7.32,2016,2020
47,Tennessee,47157,Shelby,8.92,2016,2020
47,Tennessee,47163,Sullivan,6.959999999999999,2016,2020
47,Tennessee,47165,Sumner,7.32,2016,2020
48,Texas,48027,Bell,8.05,2016,2020
48,Texas,48029,Bexar,8.620000000000001,2016,2020
48,Texas,48037,Bowie,9.275,2016,2020
48,Texas,48041,Brazos,8.1,2016,2020
48,Texas,48043,Brewster,5.733333333333333,2016,2020
48,Texas,48061,Cameron,10.26,2016,2020
48,Texas,48113,Dallas,9.379999999999999,2016,2020
48,Texas,48121,Denton,7.4,2016,2020
48,Texas,48135,Ector,7.4,2016,2020
48,Texas,48139,Ellis,8.35,2016,2020
48,Texas,48141,El Paso,9.28,2016,2020
48,Texas,48167,Galveston,7.159999999999999,2016,2020
48,Texas,48201,Harris,10.719999999999999,2016,2020
48,Texas,48203,Harrison,8.459999999999999,2016,2020
48,Texas,48215,Hidalgo,10.74,2016,2020
48,Texas,48245,Jefferson,9.066666666666666,2016,2020
48,Texas,48273,Kleberg,10.200000000000001,2016,2020
48,Texas,48303,Lubbock,5.9,2016,2020
48,Texas,48323,Maverick,7.7,2016,2020
48,Texas,48355,Nueces,9.22,2016,2020
48,Texas,48361,Orange,9.133333333333333,2016,2020
48,Texas,48375,Potter,5.35,2016,2020
48,Texas,48439,Tarrant,8.86,2016,2020
48,Texas,48453,Travis,9.74,2016,2020
48,Texas,48479,Webb,10.5,2016,2020
49,Utah,49003,Box Elder,8.4,2016,2020
49,Utah,49005,Cache,9.2,2016,2020
49,Utah,49011,Davis,8.4,2016,2020
49,Utah,49013,Duchesne,6.540000000000001,2016,2020
49,Utah,49021,Iron,4.833333333333333,2016,2020
49,Utah,49035,Salt Lake,9.7,2016,2020
49,Utah,49045,Tooele,7.159999999999999,2016,2020
49,Utah,49047,Uintah,5.74,2016,2020
49,Utah,49049,Utah,8.379999999999999,2016,2020
49,Utah,49053,Washington,5.14,2016,2020
49,Utah,49057,Weber,8.7,2016,2020
50,Vermont,50003,Bennington,5.4799999999999995,2016,2020
50,Vermont,50007,Chittenden,6.159999999999999,2016,2020
50,Vermont,50021,Rutland,7.24,2016,2020
51,Virginia,51003,Albemarle,6.640000000000001,2016,2020
51,Virginia,51013,Arlington,7.5,2016,2020
51,Virginia,51036,Charles City,6.42,2016,2020
51,Virginia,51041,Chesterfield,6.640000000000001,2016,2020
51,Virginia,51059,Fairfax,7.9,2016,2020
51,Virginia,51069,Frederick,7.38,2016,2020
51,Virginia,51087,Henrico,7.159999999999999,2016,2020
51,Virginia,51107,Loudoun,6.959999999999999,2016,2020
51,Virginia,51161,Roanoke,6.68,2016,2020
51,Virginia,51165,Rockingham,6.859999999999999,2016,2020
51,Virginia,51520,Bristol,6.859999999999999,2016,2020
51,Virginia,51650,Hampton,6.279999999999999,2016,2020
51,Virginia,51680,Lynchburg,6.26,2016,2020
51,Virginia,51710,Norfolk,6.640000000000001,2016,2020
51,Virginia,51760,Richmond City,8.18,2016,2020
51,Virginia,51775,Salem,6.82,2016,2020
51,Virginia,51810,Virginia Beach,6.640000000000001,2016,2020
53,Washington,53007,Chelan,5.4,2016,2020
53,Washington,53011,Clark,8.680000000000001,2016,2020
53,Washington,53033,King,9.040000000000001,2016,2020
53,Washington,53035,Kitsap,5.279999999999999,2016,2020
53,Washington,53037,Kittitas,8.120000000000001,2016,2020
53,Washington,53047,Okanogan,11.825,2016,2020
53,Washington,53053,Pierce,8.32,2016,2020
53,Washington,53057,Skagit,5.7,2016,2020
53,Washington,53061,Snohomish,8.4,2016,2020
53,Washington,53063,Spokane,9.3,2016,2020
53,Washington,53065,Stevens,14.6,2016,2020
53,Washington,53073,Whatcom,5.119999999999999,2016,2020
53,Washington,53077,Yakima,11.58,2016,2020
54,West Virginia,54003,Berkeley,8.32,2016,2020
54,West Virginia,54009,Brooke,8.940000000000001,2016,2020
54,West Virginia,54011,Cabell,7.56,2016,2020
54,West Virginia,54029,Hancock,7.825,2016,2020
54,West Virginia,54033,Harrison,7.220000000000001,2016,2020
54,West Virginia,54039,Kanawha,7.959999999999999,2016,2020
54,West Virginia,54049,Marion,7.6000000000000005,2016,2020
54,West Virginia,54051,Marshall,8.82,2016,2020
54,West Virginia,54061,Monongalia,7.0,2016,2020
54,West Virginia,54069,Ohio,7.7,2016,2020
54,West Virginia,54107,Wood,7.7,2016,2020
55,Wisconsin,55003,Ashland,4.58,2016,2020
55,Wisconsin,55009,Brown,6.8,2016,2020
55,Wisconsin,55025,Dane,8.34,2016,2020
55,Wisconsin,55027,Dodge,7.2,2016,2020
55,Wisconsin,55035,Eau Claire,7.18,2016,2020
55,Wisconsin,55041,Forest,4.720000000000001,2016,2020
55,Wisconsin,55043,Grant,7.720000000000001,2016,2020
55,Wisconsin,55059,Kenosha,7.140000000000001,2016,2020
55,Wisconsin,55063,La Crosse,7.18,2016,2020
55,Wisconsin,55079,Milwaukee,8.58,2016,2020
55,Wisconsin,55087,Outagamie,6.94,2016,2020
55,Wisconsin,55089,Ozaukee,6.325,2016,2020
55,Wisconsin,55111,Sauk,7.040000000000001,2016,2020
55,Wisconsin,55119,Taylor,5.840000000000001,2016,2020
55,Wisconsin,55125,Vilas,4.75,2016,2020
55,Wisconsin,55133,Waukesha,8.68,2016,2020
56,Wyoming,56001,Albany,4.7,2016,2020
56,Wyoming,56005,Campbell,4.2,2016,2020
56,Wyoming,56009,Converse,3.55,2016,2020
56,Wyoming,56013,Fremont,7.159999999999999,2016,2020
56,Wyoming,56015,Goshen,3.7,2016,2020
56,Wyoming,56021,Laramie,4.42,2016,2020
56,Wyoming,56025,Natrona,4.74,2016,2020
56,Wyoming,56029,Park,4.0200000000000005,2016,2020
56,Wyoming,56033,Sheridan,6.9,2016,2020
56,Wyoming,56035,Sublette,4.36,2016,2020
56,Wyoming,56037,Sweetwater,4.8,2016,2020
56,Wyoming,56039,Teton,4.54,2016,2020
56,Wyoming,56045,Weston,2.9,2016,2020
1,Alabama,1003,Baldwin,7.44,2017,2021
1,Alabama,1027,Clay,7.159999999999999,2017,2021
1,Alabama,1033,Colbert,7.45,2017,2021
1,Alabama,1049,DeKalb,7.459999999999999,2017,2021
1,Alabama,1055,Etowah,8.26,2017,2021
1,Alabama,1069,Houston,8.133333333333333,2017,2021
1,Alabama,1073,Jefferson,10.819999999999999,2017,2021
1,Alabama,1089,Madison,7.4,2017,2021
1,Alabama,1097,Mobile,8.02,2017,2021
1,Alabama,1101,Montgomery,8.459999999999999,2017,2021
1,Alabama,1103,Morgan,7.94,2017,2021
1,Alabama,1113,Russell,9.379999999999999,2017,2021
1,Alabama,1119,Sumter,6.2,2017,2021
1,Alabama,1121,Talladega,8.7,2017,2021
1,Alabama,1125,Tuscaloosa,7.840000000000001,2017,2021
2,Alaska,2020,Anchorage,6.2,2017,2021
2,Alaska,2090,Fairbanks North Star,13.16,2017,2021
2,Alaska,2110,Juneau,5.8,2017,2021
2,Alaska,2170,Matanuska-Susitna,5.26,2017,2021
4,Arizona,4001,Apache,2.8,2017,2021
4,Arizona,4003,Cochise,5.533333333333334,2017,2021
4,Arizona,4012,La Paz,4.42,2017,2021
4,Arizona,4013,Maricopa,10.52,2017,2021
4,Arizona,4019,Pima,5.9399999999999995,2017,2021
4,Arizona,4021,Pinal,13.780000000000001,2017,2021
4,Arizona,4023,Santa Cruz,9.52,2017,2021
4,Arizona,4027,Yuma,8.7,2017,2021
5,Arkansas,5001,Arkansas,7.74,2017,2021
5,Arkansas,5003,Ashley,7.959999999999999,2017,2021
5,Arkansas,5035,Crittenden,8.14,2017,2021
5,Arkansas,5051,Garland,8.52,2017,2021
5,Arkansas,5067,Jackson,7.859999999999999,2017,2021
5,Arkansas,5113,Polk,8.18,2017,2021
5,Arkansas,5119,Pulaski,10.14,2017,2021
5,Arkansas,5139,Union,8.86,2017,2021
5,Arkansas,5143,Washington,7.840000000000001,2017,2021
6,California,6001,Alameda,11.42,2017,2021
6,California,6007,Butte,11.36,2017,2021
6,California,6009,Calaveras,10.275,2017,2021
6,California,6011,Colusa,10.120000000000001,2017,2021
6,California,6013,Contra Costa,10.68,2017,2021
6,California,6015,Del Norte,5.8,2017,2021
6,California,6019,Fresno,16.5,2017,2021
6,California,6023,Humboldt,7.659999999999999,2017,2021
6,California,6025,Imperial,11.7,2017,2021
6,California,6027,Inyo,9.2,2017,2021
6,California,6029,Kern,18.18,2017,2021
6,California,6031,Kings,16.54,2017,2021
6,California,6033,Lake,7.0,2017,2021
6,California,6037,Los Angeles,14.62,2017,2021
6,California,6039,Madera,13.1,2017,2021
6,California,6041,Marin,8.559999999999999,2017,2021
6,California,6045,Mendocino,9.86,2017,2021
6,California,6047,Merced,12.959999999999999,2017,2021
6,California,6051,Mono,20.0,2017,2021
6,California,6053,Monterey,6.94,2017,2021
6,California,6055,Napa,10.0,2017,2021
6,California,6057,Nevada,8.52,2017,2021
6,California,6059,Orange,11.4,2017,2021
6,California,6061,Placer,10.26,2017,2021
6,California,6063,Plumas,16.02,2017,2021
6,California,6065,Riverside,13.959999999999999,2017,2021
6,California,6067,Sacramento,11.3,2017,2021
6,California,6069,San Benito,6.340000000000001,2017,2021
6,California,6071,San Bernardino,17.119999999999997,2017,2021
6,California,6073,San Diego,13.6,2017,2021
6,California,6075,San Francisco,9.36,2017,2021
6,California,6077,San Joaquin,13.540000000000001,2017,2021
6,California,6079,San Luis Obispo,8.64,2017,2021
6,California,6081,San Mateo,8.52,2017,2021
6,California,6083,Santa Barbara,8.16,2017,2021
6,California,6085,Santa Clara,11.26,2017,2021
6,California,6087,Santa Cruz,7.720000000000001,2017,2021
6,California,6089,Shasta,10.48,2017,2021
6,California,6093,Siskiyou,11.379999999999999,2017,2021
6,California,6095,Solano,11.059999999999999,2017,2021
6,California,6097,Sonoma,7.5200000000000005,2017,2021
6,California,6099,Stanislaus,14.24,2017,2021
6,California,6101,Sutter,11.84,2017,2021
6,California,6103,Tehama,9.419999999999998,2017,2021
6,California,6107,Tulare,17.36,2017,2021
6,California,6111,Ventura,9.66,2017,2021
6,California,6113,Yolo,9.55,2017,2021
8,Colorado,8001,Adams,9.98,2017,2021
8,Colorado,8005,Arapahoe,6.34,2017,2021
8,Colorado,8013,Boulder,8.66,2017,2021
8,Colorado,8029,Delta,3.7,2017,2021
8,Colorado,8031,Denver,9.74,2017,2021
8,Colorado,8035,Douglas,7.08,2017,2021
8,Colorado,8041,El Paso,5.84,2017,2021
8,Colorado,8045,Garfield,4.6,2017,2021
8,Colorado,8067,La Plata,8.633333333333335,2017,2021
8,Colorado,8069,Larimer,7.540000000000001,2017,2021
8,Colorado,8077,Mesa,5.779999999999999,2017,2021
8,Colorado,8093,Park,3.4,2017,2021
8,Colorado,8101,Pueblo,5.88,2017,2021
8,Colorado,8103,Rio Blanco,8.4,2017,2021
8,Colorado,8123,Weld,9.36,2017,2021
9,Connecticut,9001,Fairfield,7.9799999999999995,2017,2021
9,Connecticut,9003,Hartford,7.94,2017,2021
9,Connecticut,9005,Litchfield,5.0,2017,2021
9,Connecticut,9009,New Haven,8.02,2017,2021
9,Connecticut,9011,New London,6.32,2017,2021
10,Delaware,10001,Kent,7.175,2017,2021
10,Delaware,10003,New Castle,8.825,2017,2021
10,Delaware,10005,Sussex,7.45,2017,2021
11,District of Columbia,11001,District of Columbia,9.2,2017,2021
12,Florida,12001,Alachua,6.959999999999999,2017,2021
12,Florida,12009,Brevard,6.880000000000001,2017,2021
12,Florida,12011,Broward,9.32,2017,2021
12,Florida,12031,Duval,8.559999999999999,2017,2021
12,Florida,12033,Escambia,8.58,2017,2021
12,Florida,12057,Hillsborough,8.28,2017,2021
12,Florida,12071,Lee,7.26,2017,2021
12,Florida,12073,Leon,7.5200000000000005,2017,2021
12,Florida,12086,Miami-Dade,7.9,2017,2021
12,Florida,12095,Orange,6.975,2017,2021
12,Florida,12099,Palm Beach,6.68,2017,2021
12,Florida,12103,Pinellas,7.7,2017,2021
12,Florida,12105,Polk,7.859999999999999,2017,2021
12,Florida,12115,Sarasota,7.279999999999999,2017,2021
12,Florida,12117,Seminole,6.92,2017,2021
12,Florida,12127,Volusia,7.68,2017,2021
13,Georgia,13021,Bibb,9.08,2017,2021
13,Georgia,13051,Chatham,8.9,2017,2021
13,Georgia,13059,Clarke,8.98,2017,2021
13,Georgia,13063,Clayton,8.74,2017,2021
13,Georgia,13067,Cobb,8.48,2017,2021
13,Georgia,13069,Coffee,6.82,2017,2021
13,Georgia,13089,DeKalb,9.48,2017,2021
13,Georgia,13095,Dougherty,10.120000000000001,2017,2021
13,Georgia,13121,Fulton,9.66,2017,2021
13,Georgia,13127,Glynn,7.38,2017,2021
13,Georgia,13135,Gwinnett,9.64,2017,2021
13,Georgia,13139,Hall,8.52,2017,2021
13,Georgia,13153,Houston,9.540000000000001,2017,2021
13,Georgia,13185,Lowndes,7.9799999999999995,2017,2021
13,Georgia,13215,Muscogee,8.940000000000001,2017,2021
13,Georgia,13245,Richmond,10.62,2017,2021
13,Georgia,13295,Walker,9.066666666666666,2017,2021
13,Georgia,13303,Washington,8.66,2017,2021
15,Hawaii,15001,Hawaii,6.68,2017,2021
15,Hawaii,15003,Honolulu,3.8600000000000003,2017,2021
15,Hawaii,15007,Kauai,3.04,2017,2021
15,Hawaii,15009,Maui,4.14,2017,2021
16,Idaho,16001,Ada,7.88,2017,2021
16,Idaho,16005,Bannock,8.7,2017,2021
16,Idaho,16009,Benewah,10.84,2017,2021
16,Idaho,16027,Canyon,9.3,2017,2021
16,Idaho,16041,Franklin,6.88,2017,2021
16,Idaho,16053,Jerome,5.666666666666667,2017,2021
16,Idaho,16059,Lemhi,10.38,2017,2021
16,Idaho,16079,Shoshone,11.62,2017,2021
17,Illinois,17019,Champaign,8.120000000000001,2017,2021
17,Illinois,17031,Cook,11.06,2017,2021
17,Illinois,17043,DuPage,9.475,2017,2021
17,Illinois,17065,Hamilton,8.82,2017,2021
17,Illinois,17083,Jersey,8.05,2017,2021
17,Illinois,17089,Kane,8.9,2017,2021
17,Illinois,17111,McHenry,8.14,2017,2021
17,Illinois,17113,McLean,9.3,2017,2021
17,Illinois,17115,Macon,9.48,2017,2021
17,Illinois,17119,Madison,10.68,2017,2021
17,Illinois,17143,Peoria,8.780000000000001,2017,2021
17,Illinois,17157,Randolph,8.379999999999999,2017,2021
17,Illinois,17161,Rock Island,8.58,2017,2021
17,Illinois,17163,St. Clair,9.620000000000001,2017,2021
17,Illinois,17167,Sangamon,8.52,2017,2021
17,Illinois,17197,Will,9.64,2017,2021
17,Illinois,17201,Winnebago,9.325,2017,2021
18,Indiana,18003,Allen,8.7,2017,2021
18,Indiana,18005,Bartholomew,7.2,2017,2021
18,Indiana,18019,Clark,9.22,2017,2021
18,Indiana,18035,Delaware,8.24,2017,2021
18,Indiana,18037,Dubois,8.680000000000001,2017,2021
18,Indiana,18039,Elkhart,8.2,2017,2021
18,Indiana,18043,Floyd,9.0,2017,2021
18,Indiana,18055,Greene,7.9,2017,2021
18,Indiana,18057,Hamilton,9.1,2017,2021
18,Indiana,18065,Henry,7.640000000000001,2017,2021
18,Indiana,18067,Howard,7.720000000000001,2017,2021
18,Indiana,18089,Lake,10.22,2017,2021
18,Indiana,18091,LaPorte,7.8,2017,2021
18,Indiana,18095,Madison,8.82,2017,2021
18,Indiana,18097,Marion,11.66,2017,2021
18,Indiana,18105,Monroe,7.980000000000001,2017,2021
18,Indiana,18127,Porter,8.08,2017,2021
18,Indiana,18141,St. Joseph,9.379999999999999,2017,2021
18,Indiana,18147,Spencer,8.3,2017,2021
18,Indiana,18153,Sullivan,8.45,2017,2021
18,Indiana,18157,Tippecanoe,8.86,2017,2021
18,Indiana,18163,Vanderburgh,9.3,2017,2021
18,Indiana,18167,Vigo,9.74,2017,2021
18,Indiana,18183,Whitley,8.86,2017,2021
19,Iowa,19013,Black Hawk,7.9799999999999995,2017,2021
19,Iowa,19045,Clinton,8.68,2017,2021
19,Iowa,19103,Johnson,8.540000000000001,2017,2021
19,Iowa,19111,Lee,8.4,2017,2021
19,Iowa,19113,Linn,9.0,2017,2021
19,Iowa,19137,Montgomery,6.779999999999999,2017,2021
19,Iowa,19139,Muscatine,8.4,2017,2021
19,Iowa,19147,Palo Alto,7.0200000000000005,2017,2021
19,Iowa,19153,Polk,8.120000000000001,2017,2021
19,Iowa,19155,Pottawattamie,8.459999999999999,2017,2021
19,Iowa,19163,Scott,9.16,2017,2021
19,Iowa,19177,Van Buren,7.159999999999999,2017,2021
19,Iowa,19193,Woodbury,8.0,2017,2021
20,Kansas,20091,Johnson,7.88,2017,2021
20,Kansas,20133,Neosho,8.975,2017,2021
20,Kansas,20173,Sedgwick,8.16,2017,2021
20,Kansas,20177,Shawnee,9.58,2017,2021
20,Kansas,20191,Sumner,8.52,2017,2021
20,Kansas,20195,Trego,5.84,2017,2021
20,Kansas,20209,Wyandotte,10.22,2017,2021
21,Kentucky,21013,Bell,8.16,2017,2021
21,Kentucky,21019,Boyd,7.92,2017,2021
21,Kentucky,21037,Campbell,8.24,2017,2021
21,Kentucky,21043,Carter,6.0200000000000005,2017,2021
21,Kentucky,21047,Christian,8.620000000000001,2017,2021
21,Kentucky,21059,Daviess,8.92,2017,2021
21,Kentucky,21067,Fayette,8.42,2017,2021
21,Kentucky,21093,Hardin,7.94,2017,2021
21,Kentucky,21101,Henderson,9.100000000000001,2017,2021
21,Kentucky,21111,Jefferson,10.3,2017,2021
21,Kentucky,21145,McCracken,9.440000000000001,2017,2021
21,Kentucky,21151,Madison,7.5,2017,2021
21,Kentucky,21193,Perry,7.5,2017,2021
21,Kentucky,21195,Pike,7.140000000000001,2017,2021
21,Kentucky,21199,Pulaski,7.659999999999999,2017,2021
21,Kentucky,21227,Warren,8.440000000000001,2017,2021
22,Louisiana,22017,Caddo,10.24,2017,2021
22,Louisiana,22019,Calcasieu,7.4,2017,2021
22,Louisiana,22033,East Baton Rouge,9.5,2017,2021
22,Louisiana,22047,Iberville,8.120000000000001,2017,2021
22,Louisiana,22051,Jefferson,7.82,2017,2021
22,Louisiana,22055,Lafayette,8.02,2017,2021
22,Louisiana,22071,Orleans,7.94,2017,2021
22,Louisiana,22073,Ouachita,7.5200000000000005,2017,2021
22,Louisiana,22079,Rapides,7.640000000000001,2017,2021
22,Louisiana,22087,St. Bernard,8.0,2017,2021
22,Louisiana,22105,Tangipahoa,7.7,2017,2021
22,Louisiana,22109,Terrebonne,7.279999999999999,2017,2021
22,Louisiana,22121,West Baton Rouge,8.940000000000001,2017,2021
23,Maine,23001,Androscoggin,6.0,2017,2021
23,Maine,23003,Aroostook,6.34,2017,2021
23,Maine,23005,Cumberland,7.58,2017,2021
23,Maine,23009,Hancock,3.56,2017,2021
23,Maine,23011,Kennebec,5.825,2017,2021
23,Maine,23017,Oxford,5.659999999999999,2017,2021
23,Maine,23019,Penobscot,4.7,2017,2021
24,Maryland,24005,Baltimore,8.16,2017,2021
24,Maryland,24015,Cecil,7.18,2017,2021
24,Maryland,24019,Dorchester,6.040000000000001,2017,2021
24,Maryland,24023,Garrett,5.4799999999999995,2017,2021
24,Maryland,24025,Harford,7.18,2017,2021
24,Maryland,24027,Howard,7.74,2017,2021
24,Maryland,24029,Kent,6.2,2017,2021
24,Maryland,24031,Montgomery,6.779999999999999,2017,2021
24,Maryland,24033,Prince George's,6.720000000000001,2017,2021
24,Maryland,24043,Washington,7.4,2017,2021
24,Maryland,24510,Baltimore City,8.2,2017,2021
25,Massachusetts,25003,Berkshire,7.5200000000000005,2017,2021
25,Massachusetts,25005,Bristol,6.68,2017,2021
25,Massachusetts,25009,Essex,6.2,2017,2021
25,Massachusetts,25011,Franklin,6.9799999999999995,2017,2021
25,Massachusetts,25013,Hampden,7.6,2017,2021
25,Massachusetts,25015,Hampshire,5.7,2017,2021
25,Massachusetts,25017,Middlesex,6.833333333333333,2017,2021
25,Massachusetts,25021,Norfolk,5.2,2017,2021
25,Massachusetts,25023,Plymouth,6.88,2017,2021
25,Massachusetts,25025,Suffolk,8.98,2017,2021
25,Massachusetts,25027,Worcester,7.58,2017,2021
26,Michigan,26005,Allegan,7.06,2017,2021
26,Michigan,26017,Bay,6.319999999999999,2017,2021
26,Michigan,26021,Berrien,8.0,2017,2021
26,Michigan,26033,Chippewa,8.75,2017,2021
26,Michigan,26049,Genesee,7.159999999999999,2017,2021
26,Michigan,26065,Ingham,7.8,2017,2021
26,Michigan,26077,Kalamazoo,8.459999999999999,2017,2021
26,Michigan,26081,Kent,8.8,2017,2021
26,Michigan,26091,Lenawee,8.1,2017,2021
26,Michigan,26099,Macomb,7.640000000000001,2017,2021
26,Michigan,26101,Manistee,5.475,2017,2021
26,Michigan,26113,Missaukee,6.6,2017,2021
26,Michigan,26115,Monroe,7.7,2017,2021
26,Michigan,26125,Oakland,7.94,2017,2021
26,Michigan,26139,Ottawa,8.525,2017,2021
26,Michigan,26147,St. Clair,7.94,2017,2021
26,Michigan,26153,Schoolcraft,5.266666666666667,2017,2021
26,Michigan,26161,Washtenaw,8.5,2017,2021
26,Michigan,26163,Wayne,11.76,2017,2021
27,Minnesota,27003,Anoka,7.4,2017,2021
27,Minnesota,27005,Becker,6.419999999999999,2017,2021
27,Minnesota,27007,Beltrami,6.36,2017,2021
27,Minnesota,27017,Carlton,3.5799999999999996,2017,2021
27,Minnesota,27021,Cass,7.075,2017,2021
27,Minnesota,27031,Cook,3.9200000000000004,2017,2021
27,Minnesota,27035,Crow Wing,5.24,2017,2021
27,Minnesota,27037,Dakota,7.640000000000001,2017,2021
27,Minnesota,27053,Hennepin,8.44,2017,2021
27,Minnesota,27075,Lake,4.3,2017,2021
27,Minnesota,27083,Lyon,5.96,2017,2021
27,Minnesota,27109,Olmsted,7.040000000000001,2017,2021
27,Minnesota,27123,Ramsey,8.52,2017,2021
27,Minnesota,27137,St. Louis,5.9799999999999995,2017,2021
27,Minnesota,27139,Scott,6.45,2017,2021
27,Minnesota,27145,Stearns,6.540000000000001,2017,2021
27,Minnesota,27163,Washington,8.6,2017,2021
27,Minnesota,27171,Wright,6.8,2017,2021
28,Mississippi,28011,Bolivar,8.625,2017,2021
28,Mississippi,28033,DeSoto,8.459999999999999,2017,2021
28,Mississippi,28035,Forrest,9.26,2017,2021
28,Mississippi,28043,Grenada,7.199999999999999,2017,2021
28,Mississippi,28045,Hancock,8.040000000000001,2017,2021
28,Mississippi,28047,Harrison,8.74,2017,2021
28,Mississippi,28049,Hinds,9.98,2017,2021
28,Mississippi,28059,Jackson,8.379999999999999,2017,2021
29,Missouri,29021,Buchanan,8.620000000000001,2017,2021
29,Missouri,29037,Cass,6.58,2017,2021
29,Missouri,29039,Cedar,7.159999999999999,2017,2021
29,Missouri,29047,Clay,6.3,2017,2021
29,Missouri,29077,Greene,7.140000000000001,2017,2021
29,Missouri,29095,Jackson,9.8,2017,2021
29,Missouri,29099,Jefferson,7.519999999999999,2017,2021
29,Missouri,29189,St. Louis,8.6,2017,2021
29,Missouri,29510,St. Louis City,10.48,2017,2021
30,Montana,30027,Fergus,5.26,2017,2021
30,Montana,30029,Flathead,8.42,2017,2021
30,Montana,30031,Gallatin,3.4200000000000004,2017,2021
30,Montana,30049,Lewis and Clark,9.48,2017,2021
30,Montana,30053,Lincoln,13.74,2017,2021
30,Montana,30063,Missoula,10.08,2017,2021
30,Montana,30071,Phillips,5.6,2017,2021
30,Montana,30075,Powder River,7.82,2017,2021
30,Montana,30081,Ravalli,8.059999999999999,2017,2021
30,Montana,30083,Richland,5.175,2017,2021
30,Montana,30087,Rosebud,6.76,2017,2021
30,Montana,30093,Silver Bow,8.32,2017,2021
30,Montana,30111,Yellowstone,7.779999999999999,2017,2021
31,Nebraska,31055,Douglas,8.219999999999999,2017,2021
31,Nebraska,31079,Hall,6.0200000000000005,2017,2021
31,Nebraska,31109,Lancaster,6.959999999999999,2017,2021
31,Nebraska,31153,Sarpy,8.64,2017,2021
31,Nebraska,31157,Scotts Bluff,5.925,2017,2021
31,Nebraska,31177,Washington,7.0,2017,2021
32,Nevada,32003,Clark,9.940000000000001,2017,2021
32,Nevada,32005,Douglas,8.08,2017,2021
32,Nevada,32031,Washoe,9.120000000000001,2017,2021
32,Nevada,32510,Carson City,7.659999999999999,2017,2021
33,New Hampshire,33001,Belknap,4.4799999999999995,2017,2021
33,New Hampshire,33005,Cheshire,5.9799999999999995,2017,2021
33,New Hampshire,33009,Grafton,5.46,2017,2021
33,New Hampshire,33011,Hillsborough,3.5799999999999996,2017,2021
33,New Hampshire,33015,Rockingham,6.04,2017,2021
34,New Jersey,34001,Atlantic,6.9,2017,2021
34,New Jersey,34003,Bergen,9.78,2017,2021
34,New Jersey,34007,Camden,10.26,2017,2021
34,New Jersey,34011,Cumberland,7.94,2017,2021
34,New Jersey,34013,Essex,8.84,2017,2021
34,New Jersey,34015,Gloucester,7.333333333333333,2017,2021
34,New Jersey,34017,Hudson,8.940000000000001,2017,2021
34,New Jersey,34019,Hunterdon,7.779999999999999,2017,2021
34,New Jersey,34021,Mercer,7.9,2017,2021
34,New Jersey,34023,Middlesex,8.08,2017,2021
34,New Jersey,34027,Morris,5.925,2017,2021
34,New Jersey,34029,Ocean,6.68,2017,2021
34,New Jersey,34031,Passaic,7.7,2017,2021
34,New Jersey,34039,Union,10.36,2017,2021
34,New Jersey,34041,Warren,7.82,2017,2021
35,New Mexico,35001,Bernalillo,9.040000000000001,2017,2021
35,New Mexico,35013,Dona Ana,8.620000000000001,2017,2021
35,New Mexico,35025,Lea,7.340000000000001,2017,2021
35,New Mexico,35049,Santa Fe,4.15,2017,2021
35,New Mexico,35055,Taos,5.775,2017,2021
36,New York,36001,Albany,7.859999999999999,2017,2021
36,New York,36005,Bronx,8.459999999999999,2017,2021
36,New York,36013,Chautauqua,6.12,2017,2021
36,New York,36029,Erie,7.32,2017,2021
36,New York,36031,Essex,3.5,2017,2021
36,New York,36047,Kings,7.65,2017,2021
36,New York,36055,Monroe,6.92,2017,2021
36,New York,36061,New York,8.925,2017,2021
36,New York,36067,Onondaga,6.0600000000000005,2017,2021
36,New York,36071,Orange,6.15,2017,2021
36,New York,36081,Queens,7.58,2017,2021
36,New York,36085,Richmond,7.7,2017,2021
36,New York,36101,Steuben,5.62,2017,2021
36,New York,36103,Suffolk,6.6,2017,2021
37,North Carolina,37021,Buncombe,6.4,2017,2021
37,North Carolina,37035,Catawba,8.42,2017,2021
37,North Carolina,37051,Cumberland,7.74,2017,2021
37,North Carolina,37057,Davidson,8.8,2017,2021
37,North Carolina,37063,Durham,8.32,2017,2021
37,North Carolina,37067,Forsyth,8.64,2017,2021
37,North Carolina,37081,Guilford,7.2,2017,2021
37,North Carolina,37099,Jackson,6.6,2017,2021
37,North Carolina,37101,Johnston,7.859999999999999,2017,2021
37,North Carolina,37119,Mecklenburg,8.98,2017,2021
37,North Carolina,37121,Mitchell,5.92,2017,2021
37,North Carolina,37123,Montgomery,7.2,2017,2021
37,North Carolina,37129,New Hanover,5.0,2017,2021
37,North Carolina,37131,Northampton,6.699999999999999,2017,2021
37,North Carolina,37147,Pitt,6.38,2017,2021
37,North Carolina,37159,Rowan,7.699999999999999,2017,2021
37,North Carolina,37173,Swain,7.1,2017,2021
37,North Carolina,37183,Wake,9.6,2017,2021
38,North Dakota,38007,Billings,4.220000000000001,2017,2021
38,North Dakota,38013,Burke,4.76,2017,2021
38,North Dakota,38015,Burleigh,7.94,2017,2021
38,North Dakota,38017,Cass,7.720000000000001,2017,2021
38,North Dakota,38025,Dunn,5.525,2017,2021
38,North Dakota,38053,McKenzie,5.12,2017,2021
38,North Dakota,38057,Mercer,5.84,2017,2021
38,North Dakota,38065,Oliver,6.24,2017,2021
38,North Dakota,38101,Ward,5.6,2017,2021
38,North Dakota,38105,Williams,5.066666666666666,2017,2021
39,Ohio,39003,Allen,7.24,2017,2021
39,Ohio,39009,Athens,6.459999999999999,2017,2021
39,Ohio,39013,Belmont,8.05,2017,2021
39,Ohio,39017,Butler,11.2,2017,2021
39,Ohio,39023,Clark,9.4,2017,2021
39,Ohio,39035,Cuyahoga,11.26,2017,2021
39,Ohio,39049,Franklin,9.16,2017,2021
39,Ohio,39057,Greene,8.0,2017,2021
39,Ohio,39061,Hamilton,11.5,2017,2021
39,Ohio,39067,Harrison,7.75,2017,2021
39,Ohio,39081,Jefferson,9.95,2017,2021
39,Ohio,39085,Lake,6.779999999999999,2017,2021
39,Ohio,39087,Lawrence,7.380000000000001,2017,2021
39,Ohio,39093,Lorain,7.5,2017,2021
39,Ohio,39095,Lucas,8.9,2017,2021
39,Ohio,39099,Mahoning,8.025,2017,2021
39,Ohio,39103,Medina,7.58,2017,2021
39,Ohio,39113,Montgomery,9.7,2017,2021
39,Ohio,39133,Portage,7.433333333333334,2017,2021
39,Ohio,39135,Preble,8.5,2017,2021
39,Ohio,39145,Scioto,6.9,2017,2021
39,Ohio,39151,Stark,10.059999999999999,2017,2021
39,Ohio,39153,Summit,8.959999999999999,2017,2021
39,Ohio,39155,Trumbull,7.720000000000001,2017,2021
40,Oklahoma,40019,Carter,8.5,2017,2021
40,Oklahoma,40027,Cleveland,9.78,2017,2021
40,Oklahoma,40031,Comanche,7.659999999999999,2017,2021
40,Oklahoma,40043,Dewey,7.62,2017,2021
40,Oklahoma,40071,Kay,9.02,2017,2021
40,Oklahoma,40105,Nowata,8.65,2017,2021
40,Oklahoma,40109,Oklahoma,9.819999999999999,2017,2021
40,Oklahoma,40115,Ottawa,11.166666666666666,2017,2021
40,Oklahoma,40121,Pittsburg,8.78,2017,2021
40,Oklahoma,40135,Sequoyah,8.0,2017,2021
40,Oklahoma,40143,Tulsa,10.24,2017,2021
40,Oklahoma,40147,Washington,8.733333333333334,2017,2021
41,Oregon,41013,Crook,10.34,2017,2021
41,Oregon,41025,Harney,10.879999999999999,2017,2021
41,Oregon,41029,Jackson,13.65,2017,2021
41,Oregon,41033,Josephine,13.05,2017,2021
41,Oregon,41035,Klamath,15.8,2017,2021
41,Oregon,41037,Lake,10.2,2017,2021
41,Oregon,41039,Lane,11.36,2017,2021
41,Oregon,41051,Multnomah,7.779999999999999,2017,2021
41,Oregon,41067,Washington,8.22,2017,2021
42,Pennsylvania,42001,Adams,8.440000000000001,2017,2021
42,Pennsylvania,42003,Allegheny,13.059999999999999,2017,2021
42,Pennsylvania,42005,Armstrong,8.5,2017,2021
42,Pennsylvania,42007,Beaver,10.16,2017,2021
42,Pennsylvania,42011,Berks,9.120000000000001,2017,2021
42,Pennsylvania,42013,Blair,8.34,2017,2021
42,Pennsylvania,42015,Bradford,7.0200000000000005,2017,2021
42,Pennsylvania,42021,Cambria,9.620000000000001,2017,2021
42,Pennsylvania,42027,Centre,8.48,2017,2021
42,Pennsylvania,42029,Chester,9.42,2017,2021
42,Pennsylvania,42041,Cumberland,9.52,2017,2021
42,Pennsylvania,42043,Dauphin,9.540000000000001,2017,2021
42,Pennsylvania,42045,Delaware,10.5,2017,2021
42,Pennsylvania,42049,Erie,7.7,2017,2021
42,Pennsylvania,42051,Fayette,7.8,2017,2021
42,Pennsylvania,42059,Greene,7.0,2017,2021
42,Pennsylvania,42063,Indiana,8.5,2017,2021
42,Pennsylvania,42069,Lackawanna,7.640000000000001,2017,2021
42,Pennsylvania,42071,Lancaster,11.120000000000001,2017,2021
42,Pennsylvania,42075,Lebanon,10.25,2017,2021
42,Pennsylvania,42077,Lehigh,8.58,2017,2021
42,Pennsylvania,42081,Lycoming,7.949999999999999,2017,2021
42,Pennsylvania,42085,Mercer,8.58,2017,2021
42,Pennsylvania,42089,Monroe,7.4,2017,2021
42,Pennsylvania,42091,Montgomery,8.24,2017,2021
42,Pennsylvania,42095,Northampton,9.6,2017,2021
42,Pennsylvania,42101,Philadelphia,9.6,2017,2021
42,Pennsylvania,42115,Susquehanna,6.666666666666667,2017,2021
42,Pennsylvania,42117,Tioga,6.840000000000001,2017,2021
42,Pennsylvania,42125,Washington,9.36,2017,2021
42,Pennsylvania,42129,Westmoreland,8.42,2017,2021
42,Pennsylvania,42131,Wyoming,6.949999999999999,2017,2021
42,Pennsylvania,42133,York,9.459999999999999,2017,2021
44,Rhode Island,44003,Kent,4.9,2017,2021
44,Rhode Island,44007,Providence,8.7,2017,2021
44,Rhode Island,44009,Washington,4.76,2017,2021
45,South Carolina,45019,Charleston,7.6,2017,2021
45,South Carolina,45025,Chesterfield,7.0,2017,2021
45,South Carolina,45037,Edgefield,7.58,2017,2021
45,South Carolina,45041,Florence,7.42,2017,2021
45,South Carolina,45045,Greenville,8.64,2017,2021
45,South Carolina,45063,Lexington,8.42,2017,2021
45,South Carolina,45073,Oconee,5.866666666666667,2017,2021
45,South Carolina,45079,Richland,7.540000000000001,2017,2021
45,South Carolina,45083,Spartanburg,7.9799999999999995,2017,2021
45,South Carolina,45091,York,7.133333333333333,2017,2021
46,South Dakota,46011,Brookings,4.94,2017,2021
46,South Dakota,46013,Brown,6.16,2017,2021
46,South Dakota,46029,Codington,7.4799999999999995,2017,2021
46,South Dakota,46033,Custer,3.9,2017,2021
46,South Dakota,46065,Hughes,3.78,2017,2021
46,South Dakota,46071,Jackson,4.5,2017,2021
46,South Dakota,46099,Minnehaha,5.7,2017,2021
46,South Dakota,46103,Pennington,7.0200000000000005,2017,2021
46,South Dakota,46127,Union,6.15,2017,2021
47,Tennessee,47009,Blount,7.1,2017,2021
47,Tennessee,47037,Davidson,9.6,2017,2021
47,Tennessee,47045,Dyer,7.12,2017,2021
47,Tennessee,47065,Hamilton,9.18,2017,2021
47,Tennessee,47093,Knox,9.4,2017,2021
47,Tennessee,47099,Lawrence,6.4799999999999995,2017,2021
47,Tennessee,47105,Loudon,6.9,2017,2021
47,Tennessee,47107,McMinn,7.42,2017,2021
47,Tennessee,47113,Madison,7.025,2017,2021
47,Tennessee,47119,Maury,6.74,2017,2021
47,Tennessee,47125,Montgomery,7.525,2017,2021
47,Tennessee,47141,Putnam,6.8,2017,2021
47,Tennessee,47145,Roane,7.140000000000001,2017,2021
47,Tennessee,47157,Shelby,9.18,2017,2021
47,Tennessee,47163,Sullivan,6.9,2017,2021
47,Tennessee,47165,Sumner,7.359999999999999,2017,2021
48,Texas,48013,Atascosa,8.9,2017,2021
48,Texas,48027,Bell,7.833333333333333,2017,2021
48,Texas,48029,Bexar,8.8,2017,2021
48,Texas,48037,Bowie,9.459999999999999,2017,2021
48,Texas,48041,Brazos,8.05,2017,2021
48,Texas,48043,Brewster,5.625,2017,2021
48,Texas,48061,Cameron,10.5,2017,2021
48,Texas,48113,Dallas,9.52,2017,2021
48,Texas,48121,Denton,7.5,2017,2021
48,Texas,48135,Ector,7.3999999999999995,2017,2021
48,Texas,48139,Ellis,8.475,2017,2021
48,Texas,48141,El Paso,9.2,2017,2021
48,Texas,48167,Galveston,7.3,2017,2021
48,Texas,48201,Harris,10.959999999999999,2017,2021
48,Texas,48203,Harrison,8.64,2017,2021
48,Texas,48215,Hidalgo,10.86,2017,2021
48,Texas,48245,Jefferson,8.75,2017,2021
48,Texas,48273,Kleberg,10.175,2017,2021
48,Texas,48303,Lubbock,6.0,2017,2021
48,Texas,48323,Maverick,7.833333333333333,2017,2021
48,Texas,48355,Nueces,9.260000000000002,2017,2021
48,Texas,48361,Orange,8.799999999999999,2017,2021
48,Texas,48375,Potter,5.633333333333333,2017,2021
48,Texas,48439,Tarrant,9.08,2017,2021
48,Texas,48453,Travis,9.78,2017,2021
48,Texas,48479,Webb,10.4,2017,2021
49,Utah,49003,Box Elder,8.75,2017,2021
49,Utah,49005,Cache,9.4,2017,2021
49,Utah,49011,Davis,8.620000000000001,2017,2021
49,Utah,49013,Duchesne,6.88,2017,2021
49,Utah,49021,Iron,5.25,2017,2021
49,Utah,49035,Salt Lake,10.02,2017,2021
49,Utah,49045,Tooele,7.62,2017,2021
49,Utah,49047,Uintah,6.06,2017,2021
49,Utah,49049,Utah,8.3,2017,2021
49,Utah,49053,Washington,5.279999999999999,2017,2021
49,Utah,49057,Weber,8.475,2017,2021
50,Vermont,50003,Bennington,5.7,2017,2021
50,Vermont,50007,Chittenden,6.5,2017,2021
50,Vermont,50021,Rutland,7.5,2017,2021
51,Virginia,51003,Albemarle,6.8,2017,2021
51,Virginia,51013,Arlington,7.540000000000001,2017,2021
51,Virginia,51036,Charles City,6.5200000000000005,2017,2021
51,Virginia,51041,Chesterfield,6.56,2017,2021
51,Virginia,51059,Fairfax,8.379999999999999,2017,2021
51,Virginia,51069,Frederick,7.7,2017,2021
51,Virginia,51087,Henrico,7.5200000000000005,2017,2021
51,Virginia,51107,Loudoun,7.0200000000000005,2017,2021
51,Virginia,51161,Roanoke,7.0,2017,2021
51,Virginia,51165,Rockingham,6.859999999999999,2017,2021
51,Virginia,51520,Bristol,6.720000000000001,2017,2021
51,Virginia,51650,Hampton,6.5200000000000005,2017,2021
51,Virginia,51680,Lynchburg,6.220000000000001,2017,2021
51,Virginia,51710,Norfolk,6.76,2017,2021
51,Virginia,51760,Richmond City,8.14,2017,2021
51,Virginia,51775,Salem,6.720000000000001,2017,2021
51,Virginia,51810,Virginia Beach,6.76,2017,2021
53,Washington,53011,Clark,8.56,2017,2021
53,Washington,53033,King,8.9,2017,2021
53,Washington,53035,Kitsap,5.4799999999999995,2017,2021
53,Washington,53037,Kittitas,8.14,2017,2021
53,Washington,53047,Okanogan,12.440000000000001,2017,2021
53,Washington,53053,Pierce,8.28,2017,2021
53,Washington,53057,Skagit,5.833333333333333,2017,2021
53,Washington,53061,Snohomish,8.5,2017,2021
53,Washington,53063,Spokane,9.6,2017,2021
53,Washington,53065,Stevens,13.0,2017,2021
53,Washington,53073,Whatcom,4.959999999999999,2017,2021
53,Washington,53077,Yakima,11.9,2017,2021
54,West Virginia,54003,Berkeley,8.36,2017,2021
54,West Virginia,54009,Brooke,9.059999999999999,2017,2021
54,West Virginia,54011,Cabell,7.4799999999999995,2017,2021
54,West Virginia,54029,Hancock,8.05,2017,2021
54,West Virginia,54033,Harrison,7.2,2017,2021
54,West Virginia,54039,Kanawha,8.059999999999999,2017,2021
54,West Virginia,54049,Marion,7.6000000000000005,2017,2021
54,West Virginia,54051,Marshall,9.459999999999999,2017,2021
54,West Virginia,54061,Monongalia,7.06,2017,2021
54,West Virginia,54069,Ohio,7.779999999999999,2017,2021
54,West Virginia,54107,Wood,7.7,2017,2021
55,Wisconsin,55003,Ashland,5.14,2017,2021
55,Wisconsin,55009,Brown,7.159999999999999,2017,2021
55,Wisconsin,55025,Dane,8.620000000000001,2017,2021
55,Wisconsin,55027,Dodge,7.5,2017,2021
55,Wisconsin,55035,Eau Claire,7.840000000000001,2017,2021
55,Wisconsin,55041,Forest,5.28,2017,2021
55,Wisconsin,55043,Grant,8.28,2017,2021
55,Wisconsin,55059,Kenosha,7.42,2017,2021
55,Wisconsin,55063,La Crosse,7.640000000000001,2017,2021
55,Wisconsin,55079,Milwaukee,8.959999999999999,2017,2021
55,Wisconsin,55081,Monroe,6.3,2017,2021
55,Wisconsin,55087,Outagamie,7.4,2017,2021
55,Wisconsin,55089,Ozaukee,6.58,2017,2021
55,Wisconsin,55111,Sauk,7.4,2017,2021
55,Wisconsin,55119,Taylor,6.36,2017,2021
55,Wisconsin,55125,Vilas,5.0,2017,2021
55,Wisconsin,55133,Waukesha,9.08,2017,2021
56,Wyoming,56001,Albany,4.9,2017,2021
56,Wyoming,56005,Campbell,4.233333333333333,2017,2021
56,Wyoming,56009,Converse,3.8333333333333335,2017,2021
56,Wyoming,56013,Fremont,7.5,2017,2021
56,Wyoming,56021,Laramie,4.6,2017,2021
56,Wyoming,56025,Natrona,4.76,2017,2021
56,Wyoming,56029,Park,4.42,2017,2021
56,Wyoming,56033,Sheridan,6.8,2017,2021
56,Wyoming,56035,Sublette,4.38,2017,2021
56,Wyoming,56037,Sweetwater,4.75,2017,2021
56,Wyoming,56039,Teton,4.68,2017,2021
