StateFIPS,State,CountyFIPS,County,Value,Start Year,End Year
1,Alabama,1001,Autauga,0.495,2011,2015
1,Alabama,1003,Baldwin,0.31999999999999995,2011,2015
1,Alabama,1005,Barbour,0.18,2011,2015
1,Alabama,1007,Bibb,0.24,2011,2015
1,Alabama,1009,Blount,0.265,2011,2015
1,Alabama,1011,Bullock,0.165,2011,2015
1,Alabama,1013,Butler,0.26,2011,2015
1,Alabama,1015,Calhoun,0.6900000000000001,2011,2015
1,Alabama,1017,Chambers,0.33999999999999997,2011,2015
1,Alabama,1019,Cherokee,0.24000000000000002,2011,2015
1,Alabama,1021,Chilton,0.31,2011,2015
1,Alabama,1023,Choctaw,0.15000000000000002,2011,2015
1,Alabama,1025,Clarke,0.16999999999999998,2011,2015
1,Alabama,1027,Clay,0.18,2011,2015
1,Alabama,1029,Cleburne,0.29,2011,2015
1,Alabama,1031,Coffee,0.195,2011,2015
1,Alabama,1033,Colbert,0.49,2011,2015
1,Alabama,1035,Conecuh,0.195,2011,2015
1,Alabama,1037,Coosa,0.185,2011,2015
1,Alabama,1039,Covington,0.19,2011,2015
1,Alabama,1041,Crenshaw,0.16499999999999998,2011,2015
1,Alabama,1043,Cullman,0.33499999999999996,2011,2015
1,Alabama,1045,Dale,0.28500000000000003,2011,2015
1,Alabama,1047,Dallas,0.35,2011,2015
1,Alabama,1049,DeKalb,0.245,2011,2015
1,Alabama,1051,Elmore,0.29000000000000004,2011,2015
1,Alabama,1053,Escambia,0.29,2011,2015
1,Alabama,1055,Etowah,0.61,2011,2015
1,Alabama,1057,Fayette,0.185,2011,2015
1,Alabama,1059,Franklin,0.195,2011,2015
1,Alabama,1061,Geneva,0.18,2011,2015
1,Alabama,1063,Greene,0.265,2011,2015
1,Alabama,1065,Hale,0.2,2011,2015
1,Alabama,1067,Henry,0.165,2011,2015
1,Alabama,1069,Houston,0.425,2011,2015
1,Alabama,1071,Jackson,0.3,2011,2015
1,Alabama,1073,Jefferson,0.93,2011,2015
1,Alabama,1075,Lamar,0.16499999999999998,2011,2015
1,Alabama,1077,Lauderdale,0.39,2011,2015
1,Alabama,1079,Lawrence,0.265,2011,2015
1,Alabama,1081,Lee,0.58,2011,2015
1,Alabama,1083,Limestone,0.56,2011,2015
1,Alabama,1085,Lowndes,0.22,2011,2015
1,Alabama,1087,Macon,0.255,2011,2015
1,Alabama,1089,Madison,0.65,2011,2015
1,Alabama,1091,Marengo,0.20500000000000002,2011,2015
1,Alabama,1093,Marion,0.21,2011,2015
1,Alabama,1095,Marshall,0.255,2011,2015
1,Alabama,1097,Mobile,0.99,2011,2015
1,Alabama,1099,Monroe,0.16499999999999998,2011,2015
1,Alabama,1101,Montgomery,1.08,2011,2015
1,Alabama,1103,Morgan,0.655,2011,2015
1,Alabama,1105,Perry,0.175,2011,2015
1,Alabama,1107,Pickens,0.175,2011,2015
1,Alabama,1109,Pike,0.21500000000000002,2011,2015
1,Alabama,1111,Randolph,0.2,2011,2015
1,Alabama,1113,Russell,0.47,2011,2015
1,Alabama,1115,St. Clair,0.38,2011,2015
1,Alabama,1117,Shelby,0.43,2011,2015
1,Alabama,1119,Sumter,0.23500000000000001,2011,2015
1,Alabama,1121,Talladega,0.36,2011,2015
1,Alabama,1123,Tallapoosa,0.22,2011,2015
1,Alabama,1125,Tuscaloosa,0.715,2011,2015
1,Alabama,1127,Walker,0.32,2011,2015
1,Alabama,1129,Washington,0.165,2011,2015
1,Alabama,1131,Wilcox,0.155,2011,2015
1,Alabama,1133,Winston,0.2,2011,2015
2,Alaska,2013,Aleutians East,0.015,2011,2015
2,Alaska,2016,Aleutians West,0.02,2011,2015
2,Alaska,2020,Anchorage,0.745,2011,2015
2,Alaska,2050,Bethel,0.0,2011,2015
2,Alaska,2060,Bristol Bay,0.0,2011,2015
2,Alaska,2068,Denali,0.005,2011,2015
2,Alaska,2070,Dillingham,0.0,2011,2015
2,Alaska,2090,Fairbanks North Star,0.6599999999999999,2011,2015
2,Alaska,2100,Haines,0.03,2011,2015
2,Alaska,2105,HOONAH-ANGOON CENSUS AREA,0.075,2011,2015
2,Alaska,2110,Juneau,0.26,2011,2015
2,Alaska,2122,Kenai Peninsula,0.06,2011,2015
2,Alaska,2130,Ketchikan Gateway,0.83,2011,2015
2,Alaska,2150,Kodiak Island,0.095,2011,2015
2,Alaska,2164,Lake and Peninsula,0.0,2011,2015
2,Alaska,2170,Matanuska-Susitna,0.12000000000000001,2011,2015
2,Alaska,2180,Nome,0.005,2011,2015
2,Alaska,2185,North Slope,0.0,2011,2015
2,Alaska,2188,Northwest Arctic,0.01,2011,2015
2,Alaska,2195,PETERSBURG CENSUS AREA,0.1,2011,2015
2,Alaska,2198,PRINCE OF WALES-HYDER CENSUS AREA,0.01,2011,2015
2,Alaska,2220,Sitka,0.185,2011,2015
2,Alaska,2230,SKAGWAY MUNICIPALITY,0.105,2011,2015
2,Alaska,2240,Southeast Fairbanks,0.01,2011,2015
2,Alaska,2261,Valdez-Cordova,0.185,2011,2015
2,Alaska,2270,Wade Hampton,0.0,2011,2015
2,Alaska,2275,WRANGELL CITY AND BURROUGH,0.005,2011,2015
2,Alaska,2282,Yakutat,0.0,2011,2015
2,Alaska,2290,Yukon-Koyukuk,0.0,2011,2015
4,Arizona,4001,Apache,0.05500000000000001,2011,2015
4,Arizona,4003,Cochise,0.1,2011,2015
4,Arizona,4005,Coconino,0.265,2011,2015
4,Arizona,4007,Gila,0.09,2011,2015
4,Arizona,4009,Graham,0.135,2011,2015
4,Arizona,4011,Greenlee,0.04,2011,2015
4,Arizona,4012,La Paz,0.16999999999999998,2011,2015
4,Arizona,4013,Maricopa,0.7250000000000001,2011,2015
4,Arizona,4015,Mohave,0.125,2011,2015
4,Arizona,4017,Navajo,0.16,2011,2015
4,Arizona,4019,Pima,1.06,2011,2015
4,Arizona,4021,Pinal,0.28,2011,2015
4,Arizona,4023,Santa Cruz,0.08499999999999999,2011,2015
4,Arizona,4025,Yavapai,0.155,2011,2015
4,Arizona,4027,Yuma,0.625,2011,2015
5,Arkansas,5001,Arkansas,0.225,2011,2015
5,Arkansas,5003,Ashley,0.175,2011,2015
5,Arkansas,5005,Baxter,0.245,2011,2015
5,Arkansas,5007,Benton,0.38,2011,2015
5,Arkansas,5009,Boone,0.19,2011,2015
5,Arkansas,5011,Bradley,0.16,2011,2015
5,Arkansas,5013,Calhoun,0.15000000000000002,2011,2015
5,Arkansas,5015,Carroll,0.155,2011,2015
5,Arkansas,5017,Chicot,0.22500000000000003,2011,2015
5,Arkansas,5019,Clark,0.305,2011,2015
5,Arkansas,5021,Clay,0.27999999999999997,2011,2015
5,Arkansas,5023,Cleburne,0.19,2011,2015
5,Arkansas,5025,Cleveland,0.16,2011,2015
5,Arkansas,5027,Columbia,0.2,2011,2015
5,Arkansas,5029,Conway,0.35,2011,2015
5,Arkansas,5031,Craighead,0.545,2011,2015
5,Arkansas,5033,Crawford,0.345,2011,2015
5,Arkansas,5035,Crittenden,0.745,2011,2015
5,Arkansas,5037,Cross,0.325,2011,2015
5,Arkansas,5039,Dallas,0.19,2011,2015
5,Arkansas,5041,Desha,0.225,2011,2015
5,Arkansas,5043,Drew,0.18,2011,2015
5,Arkansas,5045,Faulkner,0.45499999999999996,2011,2015
5,Arkansas,5047,Franklin,0.24,2011,2015
5,Arkansas,5049,Fulton,0.175,2011,2015
5,Arkansas,5051,Garland,0.28500000000000003,2011,2015
5,Arkansas,5053,Grant,0.2,2011,2015
5,Arkansas,5055,Greene,0.305,2011,2015
5,Arkansas,5057,Hempstead,0.3,2011,2015
5,Arkansas,5059,Hot Spring,0.395,2011,2015
5,Arkansas,5061,Howard,0.18,2011,2015
5,Arkansas,5063,Independence,0.225,2011,2015
5,Arkansas,5065,Izard,0.14,2011,2015
5,Arkansas,5067,Jackson,0.335,2011,2015
5,Arkansas,5069,Jefferson,0.495,2011,2015
5,Arkansas,5071,Johnson,0.3,2011,2015
5,Arkansas,5073,Lafayette,0.175,2011,2015
5,Arkansas,5075,Lawrence,0.265,2011,2015
5,Arkansas,5077,Lee,0.23,2011,2015
5,Arkansas,5079,Lincoln,0.185,2011,2015
5,Arkansas,5081,Little River,0.23,2011,2015
5,Arkansas,5083,Logan,0.17,2011,2015
5,Arkansas,5085,Lonoke,0.375,2011,2015
5,Arkansas,5087,Madison,0.135,2011,2015
5,Arkansas,5089,Marion,0.14,2011,2015
5,Arkansas,5091,Miller,0.65,2011,2015
5,Arkansas,5093,Mississippi,0.5599999999999999,2011,2015
5,Arkansas,5095,Monroe,0.34500000000000003,2011,2015
5,Arkansas,5097,Montgomery,0.13,2011,2015
5,Arkansas,5099,Nevada,0.23500000000000001,2011,2015
5,Arkansas,5101,Newton,0.11,2011,2015
5,Arkansas,5103,Ouachita,0.225,2011,2015
5,Arkansas,5105,Perry,0.185,2011,2015
5,Arkansas,5107,Phillips,0.24,2011,2015
5,Arkansas,5109,Pike,0.16,2011,2015
5,Arkansas,5111,Poinsett,0.335,2011,2015
5,Arkansas,5113,Polk,0.15500000000000003,2011,2015
5,Arkansas,5115,Pope,0.355,2011,2015
5,Arkansas,5117,Prairie,0.28500000000000003,2011,2015
5,Arkansas,5119,Pulaski,1.06,2011,2015
5,Arkansas,5121,Randolph,0.215,2011,2015
5,Arkansas,5123,St. Francis,0.43499999999999994,2011,2015
5,Arkansas,5125,Saline,0.67,2011,2015
5,Arkansas,5127,Scott,0.155,2011,2015
5,Arkansas,5129,Searcy,0.125,2011,2015
5,Arkansas,5131,Sebastian,0.46499999999999997,2011,2015
5,Arkansas,5133,Sevier,0.235,2011,2015
5,Arkansas,5135,Sharp,0.21500000000000002,2011,2015
5,Arkansas,5137,Stone,0.14,2011,2015
5,Arkansas,5139,Union,0.19,2011,2015
5,Arkansas,5141,Van Buren,0.16,2011,2015
5,Arkansas,5143,Washington,0.545,2011,2015
5,Arkansas,5145,White,0.28,2011,2015
5,Arkansas,5147,Woodruff,0.27,2011,2015
5,Arkansas,5149,Yell,0.155,2011,2015
6,California,6001,Alameda,0.79,2011,2015
6,California,6003,Alpine,0.025,2011,2015
6,California,6005,Amador,0.095,2011,2015
6,California,6007,Butte,0.3,2011,2015
6,California,6009,Calaveras,0.07500000000000001,2011,2015
6,California,6011,Colusa,0.125,2011,2015
6,California,6013,Contra Costa,0.63,2011,2015
6,California,6015,Del Norte,0.09,2011,2015
6,California,6017,El Dorado,0.1,2011,2015
6,California,6019,Fresno,1.025,2011,2015
6,California,6021,Glenn,0.2,2011,2015
6,California,6023,Humboldt,0.195,2011,2015
6,California,6025,Imperial,0.385,2011,2015
6,California,6027,Inyo,0.04,2011,2015
6,California,6029,Kern,0.795,2011,2015
6,California,6031,Kings,0.375,2011,2015
6,California,6033,Lake,0.045,2011,2015
6,California,6035,Lassen,0.035,2011,2015
6,California,6037,Los Angeles,0.8600000000000001,2011,2015
6,California,6039,Madera,0.6950000000000001,2011,2015
6,California,6041,Marin,0.315,2011,2015
6,California,6043,Mariposa,0.05,2011,2015
6,California,6045,Mendocino,0.135,2011,2015
6,California,6047,Merced,0.525,2011,2015
6,California,6049,Modoc,0.09,2011,2015
6,California,6051,Mono,0.035,2011,2015
6,California,6053,Monterey,0.29000000000000004,2011,2015
6,California,6055,Napa,0.16499999999999998,2011,2015
6,California,6057,Nevada,0.14,2011,2015
6,California,6059,Orange,0.875,2011,2015
6,California,6061,Placer,0.41000000000000003,2011,2015
6,California,6063,Plumas,0.060000000000000005,2011,2015
6,California,6065,Riverside,0.645,2011,2015
6,California,6067,Sacramento,0.6499999999999999,2011,2015
6,California,6069,San Benito,0.28,2011,2015
6,California,6071,San Bernardino,0.595,2011,2015
6,California,6073,San Diego,0.565,2011,2015
6,California,6075,San Francisco,1.9849999999999999,2011,2015
6,California,6077,San Joaquin,0.72,2011,2015
6,California,6079,San Luis Obispo,0.16,2011,2015
6,California,6081,San Mateo,0.49,2011,2015
6,California,6083,Santa Barbara,0.27,2011,2015
6,California,6085,Santa Clara,0.5,2011,2015
6,California,6087,Santa Cruz,0.22000000000000003,2011,2015
6,California,6089,Shasta,0.385,2011,2015
6,California,6091,Sierra,0.045,2011,2015
6,California,6093,Siskiyou,0.045,2011,2015
6,California,6095,Solano,0.355,2011,2015
6,California,6097,Sonoma,0.175,2011,2015
6,California,6099,Stanislaus,0.5700000000000001,2011,2015
6,California,6101,Sutter,0.5900000000000001,2011,2015
6,California,6103,Tehama,0.15000000000000002,2011,2015
6,California,6105,Trinity,0.025,2011,2015
6,California,6107,Tulare,0.32,2011,2015
6,California,6109,Tuolumne,0.085,2011,2015
6,California,6111,Ventura,0.245,2011,2015
6,California,6113,Yolo,0.385,2011,2015
6,California,6115,Yuba,0.365,2011,2015
8,Colorado,8001,Adams,0.915,2011,2015
8,Colorado,8003,Alamosa,0.1,2011,2015
8,Colorado,8005,Arapahoe,0.8799999999999999,2011,2015
8,Colorado,8007,Archuleta,0.035,2011,2015
8,Colorado,8009,Baca,0.07,2011,2015
8,Colorado,8011,Bent,0.08,2011,2015
8,Colorado,8013,Boulder,0.36,2011,2015
8,Colorado,8014,Broomfield,0.6699999999999999,2011,2015
8,Colorado,8015,Chaffee,0.08,2011,2015
8,Colorado,8017,Cheyenne,0.065,2011,2015
8,Colorado,8019,Clear Creek,0.07,2011,2015
8,Colorado,8021,Conejos,0.03,2011,2015
8,Colorado,8023,Costilla,0.025,2011,2015
8,Colorado,8025,Crowley,0.07,2011,2015
8,Colorado,8027,Custer,0.02,2011,2015
8,Colorado,8029,Delta,0.1,2011,2015
8,Colorado,8031,Denver,1.53,2011,2015
8,Colorado,8033,Dolores,0.02,2011,2015
8,Colorado,8035,Douglas,0.28,2011,2015
8,Colorado,8037,Eagle,0.065,2011,2015
8,Colorado,8039,Elbert,0.09,2011,2015
8,Colorado,8041,El Paso,0.475,2011,2015
8,Colorado,8043,Fremont,0.07,2011,2015
8,Colorado,8045,Garfield,0.07,2011,2015
8,Colorado,8047,Gilpin,0.065,2011,2015
8,Colorado,8049,Grand,0.045,2011,2015
8,Colorado,8051,Gunnison,0.05,2011,2015
8,Colorado,8053,Hinsdale,0.01,2011,2015
8,Colorado,8055,Huerfano,0.08,2011,2015
8,Colorado,8057,Jackson,0.025,2011,2015
8,Colorado,8059,Jefferson,0.7,2011,2015
8,Colorado,8061,Kiowa,0.060000000000000005,2011,2015
8,Colorado,8063,Kit Carson,0.08499999999999999,2011,2015
8,Colorado,8065,Lake,0.035,2011,2015
8,Colorado,8067,La Plata,0.11,2011,2015
8,Colorado,8069,Larimer,0.535,2011,2015
8,Colorado,8071,Las Animas,0.07,2011,2015
8,Colorado,8073,Lincoln,0.08499999999999999,2011,2015
8,Colorado,8075,Logan,0.21500000000000002,2011,2015
8,Colorado,8077,Mesa,0.48,2011,2015
8,Colorado,8079,Mineral,0.02,2011,2015
8,Colorado,8081,Moffat,0.10500000000000001,2011,2015
8,Colorado,8083,Montezuma,0.045,2011,2015
8,Colorado,8085,Montrose,0.13,2011,2015
8,Colorado,8087,Morgan,0.24,2011,2015
8,Colorado,8089,Otero,0.19,2011,2015
8,Colorado,8091,Ouray,0.03,2011,2015
8,Colorado,8093,Park,0.03,2011,2015
8,Colorado,8095,Phillips,0.10500000000000001,2011,2015
8,Colorado,8097,Pitkin,0.03,2011,2015
8,Colorado,8099,Prowers,0.27,2011,2015
8,Colorado,8101,Pueblo,0.41000000000000003,2011,2015
8,Colorado,8103,Rio Blanco,0.02,2011,2015
8,Colorado,8105,Rio Grande,0.06,2011,2015
8,Colorado,8107,Routt,0.055,2011,2015
8,Colorado,8109,Saguache,0.03,2011,2015
8,Colorado,8111,San Juan,0.02,2011,2015
8,Colorado,8113,San Miguel,0.02,2011,2015
8,Colorado,8115,Sedgwick,0.15000000000000002,2011,2015
8,Colorado,8117,Summit,0.065,2011,2015
8,Colorado,8119,Teller,0.04,2011,2015
8,Colorado,8121,Washington,0.09,2011,2015
8,Colorado,8123,Weld,1.055,2011,2015
8,Colorado,8125,Yuma,0.09,2011,2015
9,Connecticut,9001,Fairfield,0.735,2011,2015
9,Connecticut,9003,Hartford,0.45499999999999996,2011,2015
9,Connecticut,9005,Litchfield,0.265,2011,2015
9,Connecticut,9007,Middlesex,0.365,2011,2015
9,Connecticut,9009,New Haven,0.615,2011,2015
9,Connecticut,9011,New London,0.48,2011,2015
9,Connecticut,9013,Tolland,0.295,2011,2015
9,Connecticut,9015,Windham,0.245,2011,2015
10,Delaware,10001,Kent,0.475,2011,2015
10,Delaware,10003,New Castle,0.9349999999999999,2011,2015
10,Delaware,10005,Sussex,0.32,2011,2015
11,District of Columbia,11001,District of Columbia,1.595,2011,2015
12,Florida,12001,Alachua,0.7050000000000001,2011,2015
12,Florida,12003,Baker,0.29000000000000004,2011,2015
12,Florida,12005,Bay,0.27,2011,2015
12,Florida,12007,Bradford,0.28500000000000003,2011,2015
12,Florida,12009,Brevard,0.5700000000000001,2011,2015
12,Florida,12011,Broward,0.835,2011,2015
12,Florida,12013,Calhoun,0.15000000000000002,2011,2015
12,Florida,12015,Charlotte,0.405,2011,2015
12,Florida,12017,Citrus,0.25,2011,2015
12,Florida,12019,Clay,0.45499999999999996,2011,2015
12,Florida,12021,Collier,0.6799999999999999,2011,2015
12,Florida,12023,Columbia,0.355,2011,2015
12,Florida,12027,DeSoto,0.39,2011,2015
12,Florida,12029,Dixie,0.13,2011,2015
12,Florida,12031,Duval,1.015,2011,2015
12,Florida,12033,Escambia,0.48,2011,2015
12,Florida,12035,Flagler,0.38,2011,2015
12,Florida,12037,Franklin,0.13,2011,2015
12,Florida,12039,Gadsden,0.22,2011,2015
12,Florida,12041,Gilchrist,0.16,2011,2015
12,Florida,12043,Glades,0.16999999999999998,2011,2015
12,Florida,12045,Gulf,0.14500000000000002,2011,2015
12,Florida,12047,Hamilton,0.22,2011,2015
12,Florida,12049,Hardee,0.24,2011,2015
12,Florida,12051,Hendry,0.265,2011,2015
12,Florida,12053,Hernando,0.39,2011,2015
12,Florida,12055,Highlands,0.33999999999999997,2011,2015
12,Florida,12057,Hillsborough,1.115,2011,2015
12,Florida,12059,Holmes,0.185,2011,2015
12,Florida,12061,Indian River,0.44999999999999996,2011,2015
12,Florida,12063,Jackson,0.20500000000000002,2011,2015
12,Florida,12065,Jefferson,0.2,2011,2015
12,Florida,12067,Lafayette,0.14,2011,2015
12,Florida,12069,Lake,0.4,2011,2015
12,Florida,12071,Lee,0.5800000000000001,2011,2015
12,Florida,12073,Leon,0.8099999999999999,2011,2015
12,Florida,12075,Levy,0.18,2011,2015
12,Florida,12077,Liberty,0.14,2011,2015
12,Florida,12079,Madison,0.185,2011,2015
12,Florida,12081,Manatee,0.6799999999999999,2011,2015
12,Florida,12083,Marion,0.405,2011,2015
12,Florida,12085,Martin,0.435,2011,2015
12,Florida,12086,Miami-Dade,1.13,2011,2015
12,Florida,12087,Monroe,0.21000000000000002,2011,2015
12,Florida,12089,Nassau,0.32,2011,2015
12,Florida,12091,Okaloosa,0.30500000000000005,2011,2015
12,Florida,12093,Okeechobee,0.26,2011,2015
12,Florida,12095,Orange,1.135,2011,2015
12,Florida,12097,Osceola,0.69,2011,2015
12,Florida,12099,Palm Beach,0.78,2011,2015
12,Florida,12101,Pasco,0.505,2011,2015
12,Florida,12103,Pinellas,0.5549999999999999,2011,2015
12,Florida,12105,Polk,0.8,2011,2015
12,Florida,12107,Putnam,0.24,2011,2015
12,Florida,12109,St. Johns,0.43,2011,2015
12,Florida,12111,St. Lucie,0.495,2011,2015
12,Florida,12113,Santa Rosa,0.26,2011,2015
12,Florida,12115,Sarasota,0.64,2011,2015
12,Florida,12117,Seminole,0.7050000000000001,2011,2015
12,Florida,12119,Sumter,0.42,2011,2015
12,Florida,12121,Suwannee,0.22500000000000003,2011,2015
12,Florida,12123,Taylor,0.16999999999999998,2011,2015
12,Florida,12125,Union,0.20500000000000002,2011,2015
12,Florida,12127,Volusia,0.46,2011,2015
12,Florida,12129,Wakulla,0.16,2011,2015
12,Florida,12131,Walton,0.27,2011,2015
12,Florida,12133,Washington,0.185,2011,2015
13,Georgia,13001,Appling,0.18,2011,2015
13,Georgia,13003,Atkinson,0.155,2011,2015
13,Georgia,13005,Bacon,0.16999999999999998,2011,2015
13,Georgia,13007,Baker,0.14500000000000002,2011,2015
13,Georgia,13009,Baldwin,0.315,2011,2015
13,Georgia,13011,Banks,0.275,2011,2015
13,Georgia,13013,Barrow,0.505,2011,2015
13,Georgia,13015,Bartow,0.575,2011,2015
13,Georgia,13017,Ben Hill,0.25,2011,2015
13,Georgia,13019,Berrien,0.175,2011,2015
13,Georgia,13021,Bibb,1.065,2011,2015
13,Georgia,13023,Bleckley,0.23500000000000001,2011,2015
13,Georgia,13025,Brantley,0.175,2011,2015
13,Georgia,13027,Brooks,0.19,2011,2015
13,Georgia,13029,Bryan,0.315,2011,2015
13,Georgia,13031,Bulloch,0.22,2011,2015
13,Georgia,13033,Burke,0.2,2011,2015
13,Georgia,13035,Butts,0.45999999999999996,2011,2015
13,Georgia,13037,Calhoun,0.155,2011,2015
13,Georgia,13039,Camden,0.29000000000000004,2011,2015
13,Georgia,13043,Candler,0.21,2011,2015
13,Georgia,13045,Carroll,0.38,2011,2015
13,Georgia,13047,Catoosa,0.63,2011,2015
13,Georgia,13049,Charlton,0.195,2011,2015
13,Georgia,13051,Chatham,1.575,2011,2015
13,Georgia,13053,Chattahoochee,0.215,2011,2015
13,Georgia,13055,Chattooga,0.28,2011,2015
13,Georgia,13057,Cherokee,0.43,2011,2015
13,Georgia,13059,Clarke,1.19,2011,2015
13,Georgia,13061,Clay,0.14,2011,2015
13,Georgia,13063,Clayton,0.82,2011,2015
13,Georgia,13065,Clinch,0.16499999999999998,2011,2015
13,Georgia,13067,Cobb,0.815,2011,2015
13,Georgia,13069,Coffee,0.215,2011,2015
13,Georgia,13071,Colquitt,0.20500000000000002,2011,2015
13,Georgia,13073,Columbia,0.525,2011,2015
13,Georgia,13075,Cook,0.3,2011,2015
13,Georgia,13077,Coweta,0.38,2011,2015
13,Georgia,13079,Crawford,0.22,2011,2015
13,Georgia,13081,Crisp,0.365,2011,2015
13,Georgia,13083,Dade,0.33,2011,2015
13,Georgia,13085,Dawson,0.22,2011,2015
13,Georgia,13087,Decatur,0.20500000000000002,2011,2015
13,Georgia,13089,DeKalb,1.09,2011,2015
13,Georgia,13091,Dodge,0.2,2011,2015
13,Georgia,13093,Dooly,0.305,2011,2015
13,Georgia,13095,Dougherty,0.5,2011,2015
13,Georgia,13097,Douglas,0.5449999999999999,2011,2015
13,Georgia,13099,Early,0.16,2011,2015
13,Georgia,13101,Echols,0.165,2011,2015
13,Georgia,13103,Effingham,0.275,2011,2015
13,Georgia,13105,Elbert,0.26,2011,2015
13,Georgia,13107,Emanuel,0.185,2011,2015
13,Georgia,13109,Evans,0.185,2011,2015
13,Georgia,13111,Fannin,0.19,2011,2015
13,Georgia,13113,Fayette,0.41500000000000004,2011,2015
13,Georgia,13115,Floyd,0.44999999999999996,2011,2015
13,Georgia,13117,Forsyth,0.515,2011,2015
13,Georgia,13119,Franklin,0.375,2011,2015
13,Georgia,13121,Fulton,1.24,2011,2015
13,Georgia,13123,Gilmer,0.185,2011,2015
13,Georgia,13125,Glascock,0.17,2011,2015
13,Georgia,13127,Glynn,0.32,2011,2015
13,Georgia,13129,Gordon,0.56,2011,2015
13,Georgia,13131,Grady,0.185,2011,2015
13,Georgia,13133,Greene,0.255,2011,2015
13,Georgia,13135,Gwinnett,0.745,2011,2015
13,Georgia,13137,Habersham,0.225,2011,2015
13,Georgia,13139,Hall,0.45999999999999996,2011,2015
13,Georgia,13141,Hancock,0.2,2011,2015
13,Georgia,13143,Haralson,0.31999999999999995,2011,2015
13,Georgia,13145,Harris,0.23500000000000001,2011,2015
13,Georgia,13147,Hart,0.29,2011,2015
13,Georgia,13149,Heard,0.22000000000000003,2011,2015
13,Georgia,13151,Henry,0.6,2011,2015
13,Georgia,13153,Houston,0.53,2011,2015
13,Georgia,13155,Irwin,0.195,2011,2015
13,Georgia,13157,Jackson,0.46499999999999997,2011,2015
13,Georgia,13159,Jasper,0.3,2011,2015
13,Georgia,13161,Jeff Davis,0.18,2011,2015
13,Georgia,13163,Jefferson,0.21,2011,2015
13,Georgia,13165,Jenkins,0.185,2011,2015
13,Georgia,13167,Johnson,0.175,2011,2015
13,Georgia,13169,Jones,0.31,2011,2015
13,Georgia,13171,Lamar,0.295,2011,2015
13,Georgia,13173,Lanier,0.175,2011,2015
13,Georgia,13175,Laurens,0.265,2011,2015
13,Georgia,13177,Lee,0.195,2011,2015
13,Georgia,13179,Liberty,0.33,2011,2015
13,Georgia,13181,Lincoln,0.2,2011,2015
13,Georgia,13183,Long,0.185,2011,2015
13,Georgia,13185,Lowndes,0.5,2011,2015
13,Georgia,13187,Lumpkin,0.19,2011,2015
13,Georgia,13189,McDuffie,0.3,2011,2015
13,Georgia,13191,McIntosh,0.28500000000000003,2011,2015
13,Georgia,13193,Macon,0.22,2011,2015
13,Georgia,13195,Madison,0.305,2011,2015
13,Georgia,13197,Marion,0.165,2011,2015
13,Georgia,13199,Meriwether,0.245,2011,2015
13,Georgia,13201,Miller,0.155,2011,2015
13,Georgia,13205,Mitchell,0.175,2011,2015
13,Georgia,13207,Monroe,0.45,2011,2015
13,Georgia,13209,Montgomery,0.165,2011,2015
13,Georgia,13211,Morgan,0.395,2011,2015
13,Georgia,13213,Murray,0.28,2011,2015
13,Georgia,13215,Muscogee,0.74,2011,2015
13,Georgia,13217,Newton,0.58,2011,2015
13,Georgia,13219,Oconee,0.39,2011,2015
13,Georgia,13221,Oglethorpe,0.23500000000000001,2011,2015
13,Georgia,13223,Paulding,0.42000000000000004,2011,2015
13,Georgia,13225,Peach,0.33499999999999996,2011,2015
13,Georgia,13227,Pickens,0.255,2011,2015
13,Georgia,13229,Pierce,0.195,2011,2015
13,Georgia,13231,Pike,0.24000000000000002,2011,2015
13,Georgia,13233,Polk,0.3,2011,2015
13,Georgia,13235,Pulaski,0.20500000000000002,2011,2015
13,Georgia,13237,Putnam,0.265,2011,2015
13,Georgia,13239,Quitman,0.14,2011,2015
13,Georgia,13241,Rabun,0.135,2011,2015
13,Georgia,13243,Randolph,0.15500000000000003,2011,2015
13,Georgia,13245,Richmond,0.59,2011,2015
13,Georgia,13247,Rockdale,0.62,2011,2015
13,Georgia,13249,Schley,0.16,2011,2015
13,Georgia,13251,Screven,0.175,2011,2015
13,Georgia,13253,Seminole,0.18,2011,2015
13,Georgia,13255,Spalding,0.425,2011,2015
13,Georgia,13257,Stephens,0.23500000000000001,2011,2015
13,Georgia,13259,Stewart,0.15000000000000002,2011,2015
13,Georgia,13261,Sumter,0.255,2011,2015
13,Georgia,13263,Talbot,0.215,2011,2015
13,Georgia,13265,Taliaferro,0.245,2011,2015
13,Georgia,13267,Tattnall,0.165,2011,2015
13,Georgia,13269,Taylor,0.21,2011,2015
13,Georgia,13271,Telfair,0.18,2011,2015
13,Georgia,13273,Terrell,0.2,2011,2015
13,Georgia,13275,Thomas,0.22,2011,2015
13,Georgia,13277,Tift,0.375,2011,2015
13,Georgia,13279,Toombs,0.21500000000000002,2011,2015
13,Georgia,13281,Towns,0.155,2011,2015
13,Georgia,13283,Treutlen,0.20500000000000002,2011,2015
13,Georgia,13285,Troup,0.375,2011,2015
13,Georgia,13287,Turner,0.275,2011,2015
13,Georgia,13289,Twiggs,0.27,2011,2015
13,Georgia,13291,Union,0.16999999999999998,2011,2015
13,Georgia,13293,Upson,0.23,2011,2015
13,Georgia,13295,Walker,0.435,2011,2015
13,Georgia,13297,Walton,0.45,2011,2015
13,Georgia,13299,Ware,0.54,2011,2015
13,Georgia,13301,Warren,0.22,2011,2015
13,Georgia,13303,Washington,0.2,2011,2015
13,Georgia,13305,Wayne,0.23,2011,2015
13,Georgia,13307,Webster,0.15000000000000002,2011,2015
13,Georgia,13309,Wheeler,0.155,2011,2015
13,Georgia,13311,White,0.17,2011,2015
13,Georgia,13313,Whitfield,0.5599999999999999,2011,2015
13,Georgia,13315,Wilcox,0.19,2011,2015
13,Georgia,13317,Wilkes,0.20500000000000002,2011,2015
13,Georgia,13319,Wilkinson,0.23,2011,2015
13,Georgia,13321,Worth,0.185,2011,2015
15,Hawaii,15001,Hawaii,0.105,2011,2015
15,Hawaii,15003,Honolulu,0.185,2011,2015
15,Hawaii,15005,Kalawao,0.005,2011,2015
15,Hawaii,15007,Kauai,0.035,2011,2015
15,Hawaii,15009,Maui,0.055,2011,2015
16,Idaho,16001,Ada,0.8,2011,2015
16,Idaho,16003,Adams,0.04,2011,2015
16,Idaho,16005,Bannock,0.33999999999999997,2011,2015
16,Idaho,16007,Bear Lake,0.08499999999999999,2011,2015
16,Idaho,16009,Benewah,0.055,2011,2015
16,Idaho,16011,Bingham,0.155,2011,2015
16,Idaho,16013,Blaine,0.045,2011,2015
16,Idaho,16015,Boise,0.04,2011,2015
16,Idaho,16017,Bonner,0.34500000000000003,2011,2015
16,Idaho,16019,Bonneville,0.25,2011,2015
16,Idaho,16021,Boundary,0.07500000000000001,2011,2015
16,Idaho,16023,Butte,0.03,2011,2015
16,Idaho,16025,Camas,0.03,2011,2015
16,Idaho,16027,Canyon,1.0050000000000001,2011,2015
16,Idaho,16029,Caribou,0.07,2011,2015
16,Idaho,16031,Cassia,0.11,2011,2015
16,Idaho,16033,Clark,0.045,2011,2015
16,Idaho,16035,Clearwater,0.055,2011,2015
16,Idaho,16037,Custer,0.015,2011,2015
16,Idaho,16039,Elmore,0.135,2011,2015
16,Idaho,16041,Franklin,0.08,2011,2015
16,Idaho,16043,Fremont,0.08499999999999999,2011,2015
16,Idaho,16045,Gem,0.16,2011,2015
16,Idaho,16047,Gooding,0.14500000000000002,2011,2015
16,Idaho,16049,Idaho,0.04,2011,2015
16,Idaho,16051,Jefferson,0.14,2011,2015
16,Idaho,16053,Jerome,0.2,2011,2015
16,Idaho,16055,Kootenai,0.32,2011,2015
16,Idaho,16057,Latah,0.09,2011,2015
16,Idaho,16059,Lemhi,0.02,2011,2015
16,Idaho,16061,Lewis,0.045,2011,2015
16,Idaho,16063,Lincoln,0.09,2011,2015
16,Idaho,16065,Madison,0.22999999999999998,2011,2015
16,Idaho,16067,Minidoka,0.20500000000000002,2011,2015
16,Idaho,16069,Nez Perce,0.21500000000000002,2011,2015
16,Idaho,16071,Oneida,0.08499999999999999,2011,2015
16,Idaho,16073,Owyhee,0.060000000000000005,2011,2015
16,Idaho,16075,Payette,0.255,2011,2015
16,Idaho,16077,Power,0.09,2011,2015
16,Idaho,16079,Shoshone,0.065,2011,2015
16,Idaho,16081,Teton,0.045,2011,2015
16,Idaho,16083,Twin Falls,0.245,2011,2015
16,Idaho,16085,Valley,0.025,2011,2015
16,Idaho,16087,Washington,0.085,2011,2015
17,Illinois,17001,Adams,0.46499999999999997,2011,2015
17,Illinois,17003,Alexander,0.4,2011,2015
17,Illinois,17005,Bond,0.385,2011,2015
17,Illinois,17007,Boone,0.7050000000000001,2011,2015
17,Illinois,17009,Brown,0.26,2011,2015
17,Illinois,17011,Bureau,0.44,2011,2015
17,Illinois,17013,Calhoun,0.35,2011,2015
17,Illinois,17015,Carroll,0.345,2011,2015
17,Illinois,17017,Cass,0.345,2011,2015
17,Illinois,17019,Champaign,0.79,2011,2015
17,Illinois,17021,Christian,0.37,2011,2015
17,Illinois,17023,Clark,0.415,2011,2015
17,Illinois,17025,Clay,0.275,2011,2015
17,Illinois,17027,Clinton,0.32,2011,2015
17,Illinois,17029,Coles,0.32999999999999996,2011,2015
17,Illinois,17031,Cook,1.4949999999999999,2011,2015
17,Illinois,17033,Crawford,0.305,2011,2015
17,Illinois,17035,Cumberland,0.295,2011,2015
17,Illinois,17037,DeKalb,0.44000000000000006,2011,2015
17,Illinois,17039,De Witt,0.38,2011,2015
17,Illinois,17041,Douglas,0.345,2011,2015
17,Illinois,17043,DuPage,1.125,2011,2015
17,Illinois,17045,Edgar,0.31,2011,2015
17,Illinois,17047,Edwards,0.3,2011,2015
17,Illinois,17049,Effingham,0.345,2011,2015
17,Illinois,17051,Fayette,0.365,2011,2015
17,Illinois,17053,Ford,0.33,2011,2015
17,Illinois,17055,Franklin,0.375,2011,2015
17,Illinois,17057,Fulton,0.31,2011,2015
17,Illinois,17059,Gallatin,0.22,2011,2015
17,Illinois,17061,Greene,0.3,2011,2015
17,Illinois,17063,Grundy,0.53,2011,2015
17,Illinois,17065,Hamilton,0.26,2011,2015
17,Illinois,17067,Hancock,0.245,2011,2015
17,Illinois,17069,Hardin,0.245,2011,2015
17,Illinois,17071,Henderson,0.275,2011,2015
17,Illinois,17073,Henry,0.46499999999999997,2011,2015
17,Illinois,17075,Iroquois,0.36,2011,2015
17,Illinois,17077,Jackson,0.375,2011,2015
17,Illinois,17079,Jasper,0.315,2011,2015
17,Illinois,17081,Jefferson,0.36,2011,2015
17,Illinois,17083,Jersey,0.4,2011,2015
17,Illinois,17085,Jo Daviess,0.265,2011,2015
17,Illinois,17087,Johnson,0.32,2011,2015
17,Illinois,17089,Kane,0.775,2011,2015
17,Illinois,17091,Kankakee,0.475,2011,2015
17,Illinois,17093,Kendall,0.565,2011,2015
17,Illinois,17095,Knox,0.42000000000000004,2011,2015
17,Illinois,17097,Lake,0.625,2011,2015
17,Illinois,17099,La Salle,0.53,2011,2015
17,Illinois,17101,Lawrence,0.25,2011,2015
17,Illinois,17103,Lee,0.445,2011,2015
17,Illinois,17105,Livingston,0.45,2011,2015
17,Illinois,17107,Logan,0.46499999999999997,2011,2015
17,Illinois,17109,McDonough,0.33,2011,2015
17,Illinois,17111,McHenry,0.435,2011,2015
17,Illinois,17113,McLean,0.9,2011,2015
17,Illinois,17115,Macon,0.5800000000000001,2011,2015
17,Illinois,17117,Macoupin,0.355,2011,2015
17,Illinois,17119,Madison,0.63,2011,2015
17,Illinois,17121,Marion,0.52,2011,2015
17,Illinois,17123,Marshall,0.32,2011,2015
17,Illinois,17125,Mason,0.27,2011,2015
17,Illinois,17127,Massac,0.43499999999999994,2011,2015
17,Illinois,17129,Menard,0.26,2011,2015
17,Illinois,17131,Mercer,0.255,2011,2015
17,Illinois,17133,Monroe,0.44000000000000006,2011,2015
17,Illinois,17135,Montgomery,0.39,2011,2015
17,Illinois,17137,Morgan,0.44,2011,2015
17,Illinois,17139,Moultrie,0.375,2011,2015
17,Illinois,17141,Ogle,0.375,2011,2015
17,Illinois,17143,Peoria,0.585,2011,2015
17,Illinois,17145,Perry,0.3,2011,2015
17,Illinois,17147,Piatt,0.3,2011,2015
17,Illinois,17149,Pike,0.31,2011,2015
17,Illinois,17151,Pope,0.22,2011,2015
17,Illinois,17153,Pulaski,0.305,2011,2015
17,Illinois,17155,Putnam,0.30000000000000004,2011,2015
17,Illinois,17157,Randolph,0.33,2011,2015
17,Illinois,17159,Richland,0.53,2011,2015
17,Illinois,17161,Rock Island,0.48,2011,2015
17,Illinois,17163,St. Clair,0.635,2011,2015
17,Illinois,17165,Saline,0.365,2011,2015
17,Illinois,17167,Sangamon,0.52,2011,2015
17,Illinois,17169,Schuyler,0.245,2011,2015
17,Illinois,17171,Scott,0.245,2011,2015
17,Illinois,17173,Shelby,0.28500000000000003,2011,2015
17,Illinois,17175,Stark,0.265,2011,2015
17,Illinois,17177,Stephenson,0.3,2011,2015
17,Illinois,17179,Tazewell,0.53,2011,2015
17,Illinois,17181,Union,0.28,2011,2015
17,Illinois,17183,Vermilion,1.15,2011,2015
17,Illinois,17185,Wabash,0.3,2011,2015
17,Illinois,17187,Warren,0.27,2011,2015
17,Illinois,17189,Washington,0.34,2011,2015
17,Illinois,17191,Wayne,0.395,2011,2015
17,Illinois,17193,White,0.33999999999999997,2011,2015
17,Illinois,17195,Whiteside,0.395,2011,2015
17,Illinois,17197,Will,0.76,2011,2015
17,Illinois,17199,Williamson,0.405,2011,2015
17,Illinois,17201,Winnebago,0.61,2011,2015
17,Illinois,17203,Woodford,0.295,2011,2015
18,Indiana,18001,Adams,0.375,2011,2015
18,Indiana,18003,Allen,0.6950000000000001,2011,2015
18,Indiana,18005,Bartholomew,0.76,2011,2015
18,Indiana,18007,Benton,0.27999999999999997,2011,2015
18,Indiana,18009,Blackford,0.42,2011,2015
18,Indiana,18011,Boone,0.56,2011,2015
18,Indiana,18013,Brown,0.27,2011,2015
18,Indiana,18015,Carroll,0.36,2011,2015
18,Indiana,18017,Cass,0.44499999999999995,2011,2015
18,Indiana,18019,Clark,0.99,2011,2015
18,Indiana,18021,Clay,0.395,2011,2015
18,Indiana,18023,Clinton,0.4,2011,2015
18,Indiana,18025,Crawford,0.29000000000000004,2011,2015
18,Indiana,18027,Daviess,0.51,2011,2015
18,Indiana,18029,Dearborn,0.495,2011,2015
18,Indiana,18031,Decatur,0.355,2011,2015
18,Indiana,18033,DeKalb,0.52,2011,2015
18,Indiana,18035,Delaware,0.7450000000000001,2011,2015
18,Indiana,18037,Dubois,0.365,2011,2015
18,Indiana,18039,Elkhart,0.7050000000000001,2011,2015
18,Indiana,18041,Fayette,0.4,2011,2015
18,Indiana,18043,Floyd,0.865,2011,2015
18,Indiana,18045,Fountain,0.47000000000000003,2011,2015
18,Indiana,18047,Franklin,0.31,2011,2015
18,Indiana,18049,Fulton,0.315,2011,2015
18,Indiana,18051,Gibson,0.33999999999999997,2011,2015
18,Indiana,18053,Grant,0.6950000000000001,2011,2015
18,Indiana,18055,Greene,0.35,2011,2015
18,Indiana,18057,Hamilton,0.65,2011,2015
18,Indiana,18059,Hancock,0.575,2011,2015
18,Indiana,18061,Harrison,0.33999999999999997,2011,2015
18,Indiana,18063,Hendricks,0.55,2011,2015
18,Indiana,18065,Henry,0.515,2011,2015
18,Indiana,18067,Howard,0.71,2011,2015
18,Indiana,18069,Huntington,0.42999999999999994,2011,2015
18,Indiana,18071,Jackson,0.51,2011,2015
18,Indiana,18073,Jasper,0.5,2011,2015
18,Indiana,18075,Jay,0.35,2011,2015
18,Indiana,18077,Jefferson,0.57,2011,2015
18,Indiana,18079,Jennings,0.42000000000000004,2011,2015
18,Indiana,18081,Johnson,0.62,2011,2015
18,Indiana,18083,Knox,0.455,2011,2015
18,Indiana,18085,Kosciusko,0.4,2011,2015
18,Indiana,18087,LaGrange,0.31,2011,2015
18,Indiana,18089,Lake,0.845,2011,2015
18,Indiana,18091,LaPorte,0.5449999999999999,2011,2015
18,Indiana,18093,Lawrence,0.365,2011,2015
18,Indiana,18095,Madison,0.595,2011,2015
18,Indiana,18097,Marion,1.005,2011,2015
18,Indiana,18099,Marshall,0.45499999999999996,2011,2015
18,Indiana,18101,Martin,0.275,2011,2015
18,Indiana,18103,Miami,0.435,2011,2015
18,Indiana,18105,Monroe,0.745,2011,2015
18,Indiana,18107,Montgomery,0.455,2011,2015
18,Indiana,18109,Morgan,0.415,2011,2015
18,Indiana,18111,Newton,0.32,2011,2015
18,Indiana,18113,Noble,0.385,2011,2015
18,Indiana,18115,Ohio,0.405,2011,2015
18,Indiana,18117,Orange,0.32,2011,2015
18,Indiana,18119,Owen,0.29000000000000004,2011,2015
18,Indiana,18121,Parke,0.28500000000000003,2011,2015
18,Indiana,18123,Perry,0.45,2011,2015
18,Indiana,18125,Pike,0.31,2011,2015
18,Indiana,18127,Porter,0.695,2011,2015
18,Indiana,18129,Posey,0.365,2011,2015
18,Indiana,18131,Pulaski,0.295,2011,2015
18,Indiana,18133,Putnam,0.35,2011,2015
18,Indiana,18135,Randolph,0.355,2011,2015
18,Indiana,18137,Ripley,0.3,2011,2015
18,Indiana,18139,Rush,0.355,2011,2015
18,Indiana,18141,St. Joseph,0.65,2011,2015
18,Indiana,18143,Scott,0.515,2011,2015
18,Indiana,18145,Shelby,0.455,2011,2015
18,Indiana,18147,Spencer,0.315,2011,2015
18,Indiana,18149,Starke,0.48,2011,2015
18,Indiana,18151,Steuben,0.38,2011,2015
18,Indiana,18153,Sullivan,0.305,2011,2015
18,Indiana,18155,Switzerland,0.355,2011,2015
18,Indiana,18157,Tippecanoe,0.765,2011,2015
18,Indiana,18159,Tipton,0.36,2011,2015
18,Indiana,18161,Union,0.315,2011,2015
18,Indiana,18163,Vanderburgh,0.885,2011,2015
18,Indiana,18165,Vermillion,0.4,2011,2015
18,Indiana,18167,Vigo,0.825,2011,2015
18,Indiana,18169,Wabash,0.35,2011,2015
18,Indiana,18171,Warren,0.305,2011,2015
18,Indiana,18173,Warrick,0.36,2011,2015
18,Indiana,18175,Washington,0.3,2011,2015
18,Indiana,18177,Wayne,0.8250000000000001,2011,2015
18,Indiana,18179,Wells,0.385,2011,2015
18,Indiana,18181,White,0.37,2011,2015
18,Indiana,18183,Whitley,0.38,2011,2015
19,Iowa,19001,Adair,0.21500000000000002,2011,2015
19,Iowa,19003,Adams,0.24,2011,2015
19,Iowa,19005,Allamakee,0.185,2011,2015
19,Iowa,19007,Appanoose,0.21000000000000002,2011,2015
19,Iowa,19009,Audubon,0.195,2011,2015
19,Iowa,19011,Benton,0.275,2011,2015
19,Iowa,19013,Black Hawk,0.79,2011,2015
19,Iowa,19015,Boone,0.41,2011,2015
19,Iowa,19017,Bremer,0.285,2011,2015
19,Iowa,19019,Buchanan,0.22999999999999998,2011,2015
19,Iowa,19021,Buena Vista,0.185,2011,2015
19,Iowa,19023,Butler,0.21500000000000002,2011,2015
19,Iowa,19025,Calhoun,0.19,2011,2015
19,Iowa,19027,Carroll,0.265,2011,2015
19,Iowa,19029,Cass,0.22499999999999998,2011,2015
19,Iowa,19031,Cedar,0.31,2011,2015
19,Iowa,19033,Cerro Gordo,0.395,2011,2015
19,Iowa,19035,Cherokee,0.2,2011,2015
19,Iowa,19037,Chickasaw,0.2,2011,2015
19,Iowa,19039,Clarke,0.63,2011,2015
19,Iowa,19041,Clay,0.22,2011,2015
19,Iowa,19043,Clayton,0.20500000000000002,2011,2015
19,Iowa,19045,Clinton,0.715,2011,2015
19,Iowa,19047,Crawford,0.25,2011,2015
19,Iowa,19049,Dallas,0.325,2011,2015
19,Iowa,19051,Davis,0.195,2011,2015
19,Iowa,19053,Decatur,0.21999999999999997,2011,2015
19,Iowa,19055,Delaware,0.24,2011,2015
19,Iowa,19057,Des Moines,0.5549999999999999,2011,2015
19,Iowa,19059,Dickinson,0.2,2011,2015
19,Iowa,19061,Dubuque,0.655,2011,2015
19,Iowa,19063,Emmet,0.19,2011,2015
19,Iowa,19065,Fayette,0.215,2011,2015
19,Iowa,19067,Floyd,0.22499999999999998,2011,2015
19,Iowa,19069,Franklin,0.24,2011,2015
19,Iowa,19071,Fremont,0.255,2011,2015
19,Iowa,19073,Greene,0.255,2011,2015
19,Iowa,19075,Grundy,0.21500000000000002,2011,2015
19,Iowa,19077,Guthrie,0.21000000000000002,2011,2015
19,Iowa,19079,Hamilton,0.265,2011,2015
19,Iowa,19081,Hancock,0.195,2011,2015
19,Iowa,19083,Hardin,0.22999999999999998,2011,2015
19,Iowa,19085,Harrison,0.32,2011,2015
19,Iowa,19087,Henry,0.315,2011,2015
19,Iowa,19089,Howard,0.23,2011,2015
19,Iowa,19091,Humboldt,0.215,2011,2015
19,Iowa,19093,Ida,0.195,2011,2015
19,Iowa,19095,Iowa,0.27,2011,2015
19,Iowa,19097,Jackson,0.255,2011,2015
19,Iowa,19099,Jasper,0.41,2011,2015
19,Iowa,19101,Jefferson,0.265,2011,2015
19,Iowa,19103,Johnson,0.47,2011,2015
19,Iowa,19105,Jones,0.24,2011,2015
19,Iowa,19107,Keokuk,0.22500000000000003,2011,2015
19,Iowa,19109,Kossuth,0.21,2011,2015
19,Iowa,19111,Lee,0.365,2011,2015
19,Iowa,19113,Linn,0.41500000000000004,2011,2015
19,Iowa,19115,Louisa,0.23,2011,2015
19,Iowa,19117,Lucas,0.28500000000000003,2011,2015
19,Iowa,19119,Lyon,0.18,2011,2015
19,Iowa,19121,Madison,0.27,2011,2015
19,Iowa,19123,Mahaska,0.265,2011,2015
19,Iowa,19125,Marion,0.31,2011,2015
19,Iowa,19127,Marshall,0.365,2011,2015
19,Iowa,19129,Mills,0.315,2011,2015
19,Iowa,19131,Mitchell,0.195,2011,2015
19,Iowa,19133,Monona,0.28500000000000003,2011,2015
19,Iowa,19135,Monroe,0.25,2011,2015
19,Iowa,19137,Montgomery,0.355,2011,2015
19,Iowa,19139,Muscatine,0.3,2011,2015
19,Iowa,19141,O'Brien,0.19,2011,2015
19,Iowa,19143,Osceola,0.175,2011,2015
19,Iowa,19145,Page,0.285,2011,2015
19,Iowa,19147,Palo Alto,0.18,2011,2015
19,Iowa,19149,Plymouth,0.22499999999999998,2011,2015
19,Iowa,19151,Pocahontas,0.185,2011,2015
19,Iowa,19153,Polk,0.62,2011,2015
19,Iowa,19155,Pottawattamie,1.075,2011,2015
19,Iowa,19157,Poweshiek,0.265,2011,2015
19,Iowa,19159,Ringgold,0.18,2011,2015
19,Iowa,19161,Sac,0.19,2011,2015
19,Iowa,19163,Scott,0.5349999999999999,2011,2015
19,Iowa,19165,Shelby,0.21500000000000002,2011,2015
19,Iowa,19167,Sioux,0.2,2011,2015
19,Iowa,19169,Story,0.53,2011,2015
19,Iowa,19171,Tama,0.28,2011,2015
19,Iowa,19173,Taylor,0.185,2011,2015
19,Iowa,19175,Union,0.38,2011,2015
19,Iowa,19177,Van Buren,0.195,2011,2015
19,Iowa,19179,Wapello,0.365,2011,2015
19,Iowa,19181,Warren,0.3,2011,2015
19,Iowa,19183,Washington,0.265,2011,2015
19,Iowa,19185,Wayne,0.195,2011,2015
19,Iowa,19187,Webster,0.25,2011,2015
19,Iowa,19189,Winnebago,0.195,2011,2015
19,Iowa,19191,Winneshiek,0.185,2011,2015
19,Iowa,19193,Woodbury,0.40499999999999997,2011,2015
19,Iowa,19195,Worth,0.235,2011,2015
19,Iowa,19197,Wright,0.22500000000000003,2011,2015
20,Kansas,20001,Allen,0.225,2011,2015
20,Kansas,20003,Anderson,0.22500000000000003,2011,2015
20,Kansas,20005,Atchison,0.395,2011,2015
20,Kansas,20007,Barber,0.14,2011,2015
20,Kansas,20009,Barton,0.24,2011,2015
20,Kansas,20011,Bourbon,0.285,2011,2015
20,Kansas,20013,Brown,0.24,2011,2015
20,Kansas,20015,Butler,0.5,2011,2015
20,Kansas,20017,Chase,0.23,2011,2015
20,Kansas,20019,Chautauqua,0.15000000000000002,2011,2015
20,Kansas,20021,Cherokee,0.24000000000000002,2011,2015
20,Kansas,20023,Cheyenne,0.09,2011,2015
20,Kansas,20025,Clark,0.105,2011,2015
20,Kansas,20027,Clay,0.18,2011,2015
20,Kansas,20029,Cloud,0.19,2011,2015
20,Kansas,20031,Coffey,0.22,2011,2015
20,Kansas,20033,Comanche,0.1,2011,2015
20,Kansas,20035,Cowley,0.20500000000000002,2011,2015
20,Kansas,20037,Crawford,0.335,2011,2015
20,Kansas,20039,Decatur,0.11000000000000001,2011,2015
20,Kansas,20041,Dickinson,0.21,2011,2015
20,Kansas,20043,Doniphan,0.265,2011,2015
20,Kansas,20045,Douglas,0.59,2011,2015
20,Kansas,20047,Edwards,0.13,2011,2015
20,Kansas,20049,Elk,0.14500000000000002,2011,2015
20,Kansas,20051,Ellis,0.19,2011,2015
20,Kansas,20053,Ellsworth,0.155,2011,2015
20,Kansas,20055,Finney,0.24,2011,2015
20,Kansas,20057,Ford,0.15000000000000002,2011,2015
20,Kansas,20059,Franklin,0.385,2011,2015
20,Kansas,20061,Geary,0.51,2011,2015
20,Kansas,20063,Gove,0.12000000000000001,2011,2015
20,Kansas,20065,Graham,0.115,2011,2015
20,Kansas,20067,Grant,0.115,2011,2015
20,Kansas,20069,Gray,0.11,2011,2015
20,Kansas,20071,Greeley,0.08,2011,2015
20,Kansas,20073,Greenwood,0.175,2011,2015
20,Kansas,20075,Hamilton,0.09,2011,2015
20,Kansas,20077,Harper,0.185,2011,2015
20,Kansas,20079,Harvey,0.365,2011,2015
20,Kansas,20081,Haskell,0.11000000000000001,2011,2015
20,Kansas,20083,Hodgeman,0.095,2011,2015
20,Kansas,20085,Jackson,0.22000000000000003,2011,2015
20,Kansas,20087,Jefferson,0.275,2011,2015
20,Kansas,20089,Jewell,0.145,2011,2015
20,Kansas,20091,Johnson,0.9400000000000001,2011,2015
20,Kansas,20093,Kearny,0.1,2011,2015
20,Kansas,20095,Kingman,0.16,2011,2015
20,Kansas,20097,Kiowa,0.12000000000000001,2011,2015
20,Kansas,20099,Labette,0.395,2011,2015
20,Kansas,20101,Lane,0.095,2011,2015
20,Kansas,20103,Leavenworth,0.9199999999999999,2011,2015
20,Kansas,20105,Lincoln,0.15,2011,2015
20,Kansas,20107,Linn,0.245,2011,2015
20,Kansas,20109,Logan,0.13,2011,2015
20,Kansas,20111,Lyon,0.5449999999999999,2011,2015
20,Kansas,20113,McPherson,0.20500000000000002,2011,2015
20,Kansas,20115,Marion,0.185,2011,2015
20,Kansas,20117,Marshall,0.245,2011,2015
20,Kansas,20119,Meade,0.135,2011,2015
20,Kansas,20121,Miami,0.32499999999999996,2011,2015
20,Kansas,20123,Mitchell,0.165,2011,2015
20,Kansas,20125,Montgomery,0.325,2011,2015
20,Kansas,20127,Morris,0.165,2011,2015
20,Kansas,20129,Morton,0.08,2011,2015
20,Kansas,20131,Nemaha,0.2,2011,2015
20,Kansas,20133,Neosho,0.225,2011,2015
20,Kansas,20135,Ness,0.105,2011,2015
20,Kansas,20137,Norton,0.115,2011,2015
20,Kansas,20139,Osage,0.24,2011,2015
20,Kansas,20141,Osborne,0.13,2011,2015
20,Kansas,20143,Ottawa,0.16999999999999998,2011,2015
20,Kansas,20145,Pawnee,0.15,2011,2015
20,Kansas,20147,Phillips,0.125,2011,2015
20,Kansas,20149,Pottawatomie,0.22500000000000003,2011,2015
20,Kansas,20151,Pratt,0.255,2011,2015
20,Kansas,20153,Rawlins,0.09,2011,2015
20,Kansas,20155,Reno,0.315,2011,2015
20,Kansas,20157,Republic,0.175,2011,2015
20,Kansas,20159,Rice,0.155,2011,2015
20,Kansas,20161,Riley,0.35,2011,2015
20,Kansas,20163,Rooks,0.125,2011,2015
20,Kansas,20165,Rush,0.12,2011,2015
20,Kansas,20167,Russell,0.175,2011,2015
20,Kansas,20169,Saline,0.5349999999999999,2011,2015
20,Kansas,20171,Scott,0.11,2011,2015
20,Kansas,20173,Sedgwick,0.52,2011,2015
20,Kansas,20175,Seward,0.26,2011,2015
20,Kansas,20177,Shawnee,0.64,2011,2015
20,Kansas,20179,Sheridan,0.11000000000000001,2011,2015
20,Kansas,20181,Sherman,0.12,2011,2015
20,Kansas,20183,Smith,0.135,2011,2015
20,Kansas,20185,Stafford,0.13,2011,2015
20,Kansas,20187,Stanton,0.08,2011,2015
20,Kansas,20189,Stevens,0.105,2011,2015
20,Kansas,20191,Sumner,0.265,2011,2015
20,Kansas,20193,Thomas,0.165,2011,2015
20,Kansas,20195,Trego,0.125,2011,2015
20,Kansas,20197,Wabaunsee,0.20500000000000002,2011,2015
20,Kansas,20199,Wallace,0.08,2011,2015
20,Kansas,20201,Washington,0.2,2011,2015
20,Kansas,20203,Wichita,0.095,2011,2015
20,Kansas,20205,Wilson,0.195,2011,2015
20,Kansas,20207,Woodson,0.185,2011,2015
20,Kansas,20209,Wyandotte,1.01,2011,2015
21,Kentucky,21001,Adair,0.20500000000000002,2011,2015
21,Kentucky,21003,Allen,0.275,2011,2015
21,Kentucky,21005,Anderson,0.315,2011,2015
21,Kentucky,21007,Ballard,0.28500000000000003,2011,2015
21,Kentucky,21009,Barren,0.32499999999999996,2011,2015
21,Kentucky,21011,Bath,0.235,2011,2015
21,Kentucky,21013,Bell,0.20500000000000002,2011,2015
21,Kentucky,21015,Boone,1.3,2011,2015
21,Kentucky,21017,Bourbon,0.36,2011,2015
21,Kentucky,21019,Boyd,0.62,2011,2015
21,Kentucky,21021,Boyle,0.44499999999999995,2011,2015
21,Kentucky,21023,Bracken,0.31,2011,2015
21,Kentucky,21025,Breathitt,0.175,2011,2015
21,Kentucky,21027,Breckinridge,0.25,2011,2015
21,Kentucky,21029,Bullitt,0.635,2011,2015
21,Kentucky,21031,Butler,0.245,2011,2015
21,Kentucky,21033,Caldwell,0.265,2011,2015
21,Kentucky,21035,Calloway,0.28,2011,2015
21,Kentucky,21037,Campbell,1.31,2011,2015
21,Kentucky,21039,Carlisle,0.25,2011,2015
21,Kentucky,21041,Carroll,0.43,2011,2015
21,Kentucky,21043,Carter,0.265,2011,2015
21,Kentucky,21045,Casey,0.19,2011,2015
21,Kentucky,21047,Christian,0.52,2011,2015
21,Kentucky,21049,Clark,0.42000000000000004,2011,2015
21,Kentucky,21051,Clay,0.18,2011,2015
21,Kentucky,21053,Clinton,0.19,2011,2015
21,Kentucky,21055,Crittenden,0.23500000000000001,2011,2015
21,Kentucky,21057,Cumberland,0.21500000000000002,2011,2015
21,Kentucky,21059,Daviess,0.635,2011,2015
21,Kentucky,21061,Edmonson,0.27,2011,2015
21,Kentucky,21063,Elliott,0.17,2011,2015
21,Kentucky,21065,Estill,0.22,2011,2015
21,Kentucky,21067,Fayette,0.8400000000000001,2011,2015
21,Kentucky,21069,Fleming,0.225,2011,2015
21,Kentucky,21071,Floyd,0.265,2011,2015
21,Kentucky,21073,Franklin,0.54,2011,2015
21,Kentucky,21075,Fulton,0.315,2011,2015
21,Kentucky,21077,Gallatin,0.455,2011,2015
21,Kentucky,21079,Garrard,0.255,2011,2015
21,Kentucky,21081,Grant,0.425,2011,2015
21,Kentucky,21083,Graves,0.26,2011,2015
21,Kentucky,21085,Grayson,0.265,2011,2015
21,Kentucky,21087,Green,0.21500000000000002,2011,2015
21,Kentucky,21089,Greenup,0.44,2011,2015
21,Kentucky,21091,Hancock,0.355,2011,2015
21,Kentucky,21093,Hardin,0.46499999999999997,2011,2015
21,Kentucky,21095,Harlan,0.175,2011,2015
21,Kentucky,21097,Harrison,0.30000000000000004,2011,2015
21,Kentucky,21099,Hart,0.33999999999999997,2011,2015
21,Kentucky,21101,Henderson,0.75,2011,2015
21,Kentucky,21103,Henry,0.35,2011,2015
21,Kentucky,21105,Hickman,0.26,2011,2015
21,Kentucky,21107,Hopkins,0.375,2011,2015
21,Kentucky,21109,Jackson,0.185,2011,2015
21,Kentucky,21111,Jefferson,0.905,2011,2015
21,Kentucky,21113,Jessamine,0.385,2011,2015
21,Kentucky,21115,Johnson,0.225,2011,2015
21,Kentucky,21117,Kenton,1.85,2011,2015
21,Kentucky,21119,Knott,0.17,2011,2015
21,Kentucky,21121,Knox,0.235,2011,2015
21,Kentucky,21123,Larue,0.3,2011,2015
21,Kentucky,21125,Laurel,0.35,2011,2015
21,Kentucky,21127,Lawrence,0.255,2011,2015
21,Kentucky,21129,Lee,0.19,2011,2015
21,Kentucky,21131,Leslie,0.15,2011,2015
21,Kentucky,21133,Letcher,0.175,2011,2015
21,Kentucky,21135,Lewis,0.245,2011,2015
21,Kentucky,21137,Lincoln,0.25,2011,2015
21,Kentucky,21139,Livingston,0.325,2011,2015
21,Kentucky,21141,Logan,0.28500000000000003,2011,2015
21,Kentucky,21143,Lyon,0.39,2011,2015
21,Kentucky,21145,McCracken,0.53,2011,2015
21,Kentucky,21147,McCreary,0.22,2011,2015
21,Kentucky,21149,McLean,0.26,2011,2015
21,Kentucky,21151,Madison,0.5800000000000001,2011,2015
21,Kentucky,21153,Magoffin,0.16999999999999998,2011,2015
21,Kentucky,21155,Marion,0.24000000000000002,2011,2015
21,Kentucky,21157,Marshall,0.345,2011,2015
21,Kentucky,21159,Martin,0.23,2011,2015
21,Kentucky,21161,Mason,0.39,2011,2015
21,Kentucky,21163,Meade,0.48,2011,2015
21,Kentucky,21165,Menifee,0.175,2011,2015
21,Kentucky,21167,Mercer,0.30000000000000004,2011,2015
21,Kentucky,21169,Metcalfe,0.20500000000000002,2011,2015
21,Kentucky,21171,Monroe,0.21500000000000002,2011,2015
21,Kentucky,21173,Montgomery,0.31,2011,2015
21,Kentucky,21175,Morgan,0.16999999999999998,2011,2015
21,Kentucky,21177,Muhlenberg,0.27,2011,2015
21,Kentucky,21179,Nelson,0.315,2011,2015
21,Kentucky,21181,Nicholas,0.24000000000000002,2011,2015
21,Kentucky,21183,Ohio,0.245,2011,2015
21,Kentucky,21185,Oldham,0.48,2011,2015
21,Kentucky,21187,Owen,0.27,2011,2015
21,Kentucky,21189,Owsley,0.165,2011,2015
21,Kentucky,21191,Pendleton,0.315,2011,2015
21,Kentucky,21193,Perry,0.21000000000000002,2011,2015
21,Kentucky,21195,Pike,0.4,2011,2015
21,Kentucky,21197,Powell,0.21,2011,2015
21,Kentucky,21199,Pulaski,0.32,2011,2015
21,Kentucky,21201,Robertson,0.215,2011,2015
21,Kentucky,21203,Rockcastle,0.31,2011,2015
21,Kentucky,21205,Rowan,0.25,2011,2015
21,Kentucky,21207,Russell,0.24,2011,2015
21,Kentucky,21209,Scott,0.595,2011,2015
21,Kentucky,21211,Shelby,0.455,2011,2015
21,Kentucky,21213,Simpson,0.49,2011,2015
21,Kentucky,21215,Spencer,0.29000000000000004,2011,2015
21,Kentucky,21217,Taylor,0.28,2011,2015
21,Kentucky,21219,Todd,0.275,2011,2015
21,Kentucky,21221,Trigg,0.25,2011,2015
21,Kentucky,21223,Trimble,0.36,2011,2015
21,Kentucky,21225,Union,0.28500000000000003,2011,2015
21,Kentucky,21227,Warren,0.79,2011,2015
21,Kentucky,21229,Washington,0.24000000000000002,2011,2015
21,Kentucky,21231,Wayne,0.21,2011,2015
21,Kentucky,21233,Webster,0.28500000000000003,2011,2015
21,Kentucky,21235,Whitley,0.61,2011,2015
21,Kentucky,21237,Wolfe,0.175,2011,2015
21,Kentucky,21239,Woodford,0.37,2011,2015
22,Louisiana,22001,Acadia,0.31,2011,2015
22,Louisiana,22003,Allen,0.23,2011,2015
22,Louisiana,22005,Ascension,0.59,2011,2015
22,Louisiana,22007,Assumption,0.32,2011,2015
22,Louisiana,22009,Avoyelles,0.21500000000000002,2011,2015
22,Louisiana,22011,Beauregard,0.23,2011,2015
22,Louisiana,22013,Bienville,0.19,2011,2015
22,Louisiana,22015,Bossier,0.675,2011,2015
22,Louisiana,22017,Caddo,0.735,2011,2015
22,Louisiana,22019,Calcasieu,0.7999999999999999,2011,2015
22,Louisiana,22021,Caldwell,0.175,2011,2015
22,Louisiana,22023,Cameron,0.2,2011,2015
22,Louisiana,22025,Catahoula,0.185,2011,2015
22,Louisiana,22027,Claiborne,0.15000000000000002,2011,2015
22,Louisiana,22029,Concordia,0.21000000000000002,2011,2015
22,Louisiana,22031,De Soto,0.195,2011,2015
22,Louisiana,22033,East Baton Rouge,1.1,2011,2015
22,Louisiana,22035,East Carroll,0.225,2011,2015
22,Louisiana,22037,East Feliciana,0.23500000000000001,2011,2015
22,Louisiana,22039,Evangeline,0.235,2011,2015
22,Louisiana,22041,Franklin,0.195,2011,2015
22,Louisiana,22043,Grant,0.16999999999999998,2011,2015
22,Louisiana,22045,Iberia,0.385,2011,2015
22,Louisiana,22047,Iberville,0.47000000000000003,2011,2015
22,Louisiana,22049,Jackson,0.155,2011,2015
22,Louisiana,22051,Jefferson,1.0550000000000002,2011,2015
22,Louisiana,22053,Jefferson Davis,0.27,2011,2015
22,Louisiana,22055,Lafayette,0.87,2011,2015
22,Louisiana,22057,Lafourche,0.53,2011,2015
22,Louisiana,22059,La Salle,0.155,2011,2015
22,Louisiana,22061,Lincoln,0.28500000000000003,2011,2015
22,Louisiana,22063,Livingston,0.47500000000000003,2011,2015
22,Louisiana,22065,Madison,0.38,2011,2015
22,Louisiana,22067,Morehouse,0.22,2011,2015
22,Louisiana,22069,Natchitoches,0.2,2011,2015
22,Louisiana,22071,Orleans,1.665,2011,2015
22,Louisiana,22073,Ouachita,0.59,2011,2015
22,Louisiana,22075,Plaquemines,0.7749999999999999,2011,2015
22,Louisiana,22077,Pointe Coupee,0.315,2011,2015
22,Louisiana,22079,Rapides,0.375,2011,2015
22,Louisiana,22081,Red River,0.14500000000000002,2011,2015
22,Louisiana,22083,Richland,0.305,2011,2015
22,Louisiana,22085,Sabine,0.15000000000000002,2011,2015
22,Louisiana,22087,St. Bernard,1.255,2011,2015
22,Louisiana,22089,St. Charles,0.86,2011,2015
22,Louisiana,22091,St. Helena,0.21,2011,2015
22,Louisiana,22093,St. James,0.8049999999999999,2011,2015
22,Louisiana,22095,St. John the Baptist,1.01,2011,2015
22,Louisiana,22097,St. Landry,0.33499999999999996,2011,2015
22,Louisiana,22099,St. Martin,0.30000000000000004,2011,2015
22,Louisiana,22101,St. Mary,0.585,2011,2015
22,Louisiana,22103,St. Tammany,0.47,2011,2015
22,Louisiana,22105,Tangipahoa,0.49,2011,2015
22,Louisiana,22107,Tensas,0.18,2011,2015
22,Louisiana,22109,Terrebonne,0.605,2011,2015
22,Louisiana,22111,Union,0.16,2011,2015
22,Louisiana,22113,Vermilion,0.37,2011,2015
22,Louisiana,22115,Vernon,0.175,2011,2015
22,Louisiana,22117,Washington,0.235,2011,2015
22,Louisiana,22119,Webster,0.255,2011,2015
22,Louisiana,22121,West Baton Rouge,1.045,2011,2015
22,Louisiana,22123,West Carroll,0.175,2011,2015
22,Louisiana,22125,West Feliciana,0.24,2011,2015
22,Louisiana,22127,Winn,0.185,2011,2015
23,Maine,23001,Androscoggin,0.38,2011,2015
23,Maine,23003,Aroostook,0.04,2011,2015
23,Maine,23005,Cumberland,1.47,2011,2015
23,Maine,23007,Franklin,0.07,2011,2015
23,Maine,23009,Hancock,0.09,2011,2015
23,Maine,23011,Kennebec,0.21500000000000002,2011,2015
23,Maine,23013,Knox,0.155,2011,2015
23,Maine,23015,Lincoln,0.13,2011,2015
23,Maine,23017,Oxford,0.08499999999999999,2011,2015
23,Maine,23019,Penobscot,0.525,2011,2015
23,Maine,23021,Piscataquis,0.055,2011,2015
23,Maine,23023,Sagadahoc,0.21000000000000002,2011,2015
23,Maine,23025,Somerset,0.095,2011,2015
23,Maine,23027,Waldo,0.10500000000000001,2011,2015
23,Maine,23029,Washington,0.05,2011,2015
23,Maine,23031,York,0.25,2011,2015
24,Maryland,24001,Allegany,0.28,2011,2015
24,Maryland,24003,Anne Arundel,0.8250000000000001,2011,2015
24,Maryland,24005,Baltimore,0.915,2011,2015
24,Maryland,24009,Calvert,0.395,2011,2015
24,Maryland,24011,Caroline,0.29,2011,2015
24,Maryland,24013,Carroll,0.425,2011,2015
24,Maryland,24015,Cecil,0.47000000000000003,2011,2015
24,Maryland,24017,Charles,0.415,2011,2015
24,Maryland,24019,Dorchester,0.305,2011,2015
24,Maryland,24021,Frederick,0.705,2011,2015
24,Maryland,24023,Garrett,0.15000000000000002,2011,2015
24,Maryland,24025,Harford,0.57,2011,2015
24,Maryland,24027,Howard,0.79,2011,2015
24,Maryland,24029,Kent,0.39,2011,2015
24,Maryland,24031,Montgomery,0.9500000000000001,2011,2015
24,Maryland,24033,Prince George's,0.935,2011,2015
24,Maryland,24035,Queen Anne's,0.375,2011,2015
24,Maryland,24037,St. Mary's,0.32999999999999996,2011,2015
24,Maryland,24039,Somerset,0.27,2011,2015
24,Maryland,24041,Talbot,0.405,2011,2015
24,Maryland,24043,Washington,0.845,2011,2015
24,Maryland,24045,Wicomico,0.5700000000000001,2011,2015
24,Maryland,24047,Worcester,0.285,2011,2015
24,Maryland,24510,Baltimore City,1.24,2011,2015
25,Massachusetts,25001,Barnstable,0.25,2011,2015
25,Massachusetts,25003,Berkshire,0.225,2011,2015
25,Massachusetts,25005,Bristol,0.5650000000000001,2011,2015
25,Massachusetts,25007,Dukes,0.22,2011,2015
25,Massachusetts,25009,Essex,0.575,2011,2015
25,Massachusetts,25011,Franklin,0.24000000000000002,2011,2015
25,Massachusetts,25013,Hampden,0.53,2011,2015
25,Massachusetts,25015,Hampshire,0.23500000000000001,2011,2015
25,Massachusetts,25017,Middlesex,0.6,2011,2015
25,Massachusetts,25019,Nantucket,0.27,2011,2015
25,Massachusetts,25021,Norfolk,0.75,2011,2015
25,Massachusetts,25023,Plymouth,0.375,2011,2015
25,Massachusetts,25025,Suffolk,1.31,2011,2015
25,Massachusetts,25027,Worcester,0.305,2011,2015
26,Michigan,26001,Alcona,0.085,2011,2015
26,Michigan,26003,Alger,0.075,2011,2015
26,Michigan,26005,Allegan,0.245,2011,2015
26,Michigan,26007,Alpena,0.10500000000000001,2011,2015
26,Michigan,26009,Antrim,0.10500000000000001,2011,2015
26,Michigan,26011,Arenac,0.135,2011,2015
26,Michigan,26013,Baraga,0.065,2011,2015
26,Michigan,26015,Barry,0.22000000000000003,2011,2015
26,Michigan,26017,Bay,0.27,2011,2015
26,Michigan,26019,Benzie,0.11,2011,2015
26,Michigan,26021,Berrien,0.39,2011,2015
26,Michigan,26023,Branch,0.265,2011,2015
26,Michigan,26025,Calhoun,0.52,2011,2015
26,Michigan,26027,Cass,0.305,2011,2015
26,Michigan,26029,Charlevoix,0.095,2011,2015
26,Michigan,26031,Cheboygan,0.085,2011,2015
26,Michigan,26033,Chippewa,0.11,2011,2015
26,Michigan,26035,Clare,0.11,2011,2015
26,Michigan,26037,Clinton,0.29500000000000004,2011,2015
26,Michigan,26039,Crawford,0.095,2011,2015
26,Michigan,26041,Delta,0.15,2011,2015
26,Michigan,26043,Dickinson,0.13,2011,2015
26,Michigan,26045,Eaton,0.32,2011,2015
26,Michigan,26047,Emmet,0.095,2011,2015
26,Michigan,26049,Genesee,0.38,2011,2015
26,Michigan,26051,Gladwin,0.115,2011,2015
26,Michigan,26053,Gogebic,0.095,2011,2015
26,Michigan,26055,Grand Traverse,0.125,2011,2015
26,Michigan,26057,Gratiot,0.22499999999999998,2011,2015
26,Michigan,26059,Hillsdale,0.27,2011,2015
26,Michigan,26061,Houghton,0.08499999999999999,2011,2015
26,Michigan,26063,Huron,0.155,2011,2015
26,Michigan,26065,Ingham,0.5349999999999999,2011,2015
26,Michigan,26067,Ionia,0.235,2011,2015
26,Michigan,26069,Iosco,0.115,2011,2015
26,Michigan,26071,Iron,0.08,2011,2015
26,Michigan,26073,Isabella,0.185,2011,2015
26,Michigan,26075,Jackson,0.5650000000000001,2011,2015
26,Michigan,26077,Kalamazoo,0.615,2011,2015
26,Michigan,26079,Kalkaska,0.12,2011,2015
26,Michigan,26081,Kent,0.53,2011,2015
26,Michigan,26083,Keweenaw,0.05,2011,2015
26,Michigan,26085,Lake,0.115,2011,2015
26,Michigan,26087,Lapeer,0.245,2011,2015
26,Michigan,26089,Leelanau,0.11,2011,2015
26,Michigan,26091,Lenawee,0.345,2011,2015
26,Michigan,26093,Livingston,0.44,2011,2015
26,Michigan,26095,Luce,0.07500000000000001,2011,2015
26,Michigan,26097,Mackinac,0.08,2011,2015
26,Michigan,26099,Macomb,0.6699999999999999,2011,2015
26,Michigan,26101,Manistee,0.12,2011,2015
26,Michigan,26103,Marquette,0.26,2011,2015
26,Michigan,26105,Mason,0.19,2011,2015
26,Michigan,26107,Mecosta,0.15,2011,2015
26,Michigan,26109,Menominee,0.14500000000000002,2011,2015
26,Michigan,26111,Midland,0.27,2011,2015
26,Michigan,26113,Missaukee,0.1,2011,2015
26,Michigan,26115,Monroe,0.45999999999999996,2011,2015
26,Michigan,26117,Montcalm,0.16999999999999998,2011,2015
26,Michigan,26119,Montmorency,0.08499999999999999,2011,2015
26,Michigan,26121,Muskegon,0.43000000000000005,2011,2015
26,Michigan,26123,Newaygo,0.16,2011,2015
26,Michigan,26125,Oakland,0.71,2011,2015
26,Michigan,26127,Oceana,0.155,2011,2015
26,Michigan,26129,Ogemaw,0.1,2011,2015
26,Michigan,26131,Ontonagon,0.07,2011,2015
26,Michigan,26133,Osceola,0.115,2011,2015
26,Michigan,26135,Oscoda,0.09,2011,2015
26,Michigan,26137,Otsego,0.10500000000000001,2011,2015
26,Michigan,26139,Ottawa,0.32,2011,2015
26,Michigan,26141,Presque Isle,0.09,2011,2015
26,Michigan,26143,Roscommon,0.10500000000000001,2011,2015
26,Michigan,26145,Saginaw,0.435,2011,2015
26,Michigan,26147,St. Clair,0.32,2011,2015
26,Michigan,26149,St. Joseph,0.345,2011,2015
26,Michigan,26151,Sanilac,0.185,2011,2015
26,Michigan,26153,Schoolcraft,0.11,2011,2015
26,Michigan,26155,Shiawassee,0.33499999999999996,2011,2015
26,Michigan,26157,Tuscola,0.195,2011,2015
26,Michigan,26159,Van Buren,0.31,2011,2015
26,Michigan,26161,Washtenaw,0.885,2011,2015
26,Michigan,26163,Wayne,0.855,2011,2015
26,Michigan,26165,Wexford,0.11,2011,2015
27,Minnesota,27001,Aitkin,0.1,2011,2015
27,Minnesota,27003,Anoka,0.76,2011,2015
27,Minnesota,27005,Becker,0.14,2011,2015
27,Minnesota,27007,Beltrami,0.08,2011,2015
27,Minnesota,27009,Benton,0.29,2011,2015
27,Minnesota,27011,Big Stone,0.14500000000000002,2011,2015
27,Minnesota,27013,Blue Earth,0.41000000000000003,2011,2015
27,Minnesota,27015,Brown,0.30000000000000004,2011,2015
27,Minnesota,27017,Carlton,0.21,2011,2015
27,Minnesota,27019,Carver,0.3,2011,2015
27,Minnesota,27021,Cass,0.08499999999999999,2011,2015
27,Minnesota,27023,Chippewa,0.175,2011,2015
27,Minnesota,27025,Chisago,0.245,2011,2015
27,Minnesota,27027,Clay,0.6,2011,2015
27,Minnesota,27029,Clearwater,0.08,2011,2015
27,Minnesota,27031,Cook,0.045,2011,2015
27,Minnesota,27033,Cottonwood,0.155,2011,2015
27,Minnesota,27035,Crow Wing,0.14,2011,2015
27,Minnesota,27037,Dakota,0.625,2011,2015
27,Minnesota,27039,Dodge,0.20500000000000002,2011,2015
27,Minnesota,27041,Douglas,0.15000000000000002,2011,2015
27,Minnesota,27043,Faribault,0.195,2011,2015
27,Minnesota,27045,Fillmore,0.175,2011,2015
27,Minnesota,27047,Freeborn,0.20500000000000002,2011,2015
27,Minnesota,27049,Goodhue,0.27,2011,2015
27,Minnesota,27051,Grant,0.15,2011,2015
27,Minnesota,27053,Hennepin,0.88,2011,2015
27,Minnesota,27055,Houston,0.22000000000000003,2011,2015
27,Minnesota,27057,Hubbard,0.09,2011,2015
27,Minnesota,27059,Isanti,0.23,2011,2015
27,Minnesota,27061,Itasca,0.07,2011,2015
27,Minnesota,27063,Jackson,0.16999999999999998,2011,2015
27,Minnesota,27065,Kanabec,0.16,2011,2015
27,Minnesota,27067,Kandiyohi,0.26,2011,2015
27,Minnesota,27069,Kittson,0.08499999999999999,2011,2015
27,Minnesota,27071,Koochiching,0.09,2011,2015
27,Minnesota,27073,Lac qui Parle,0.135,2011,2015
27,Minnesota,27075,Lake,0.055,2011,2015
27,Minnesota,27077,Lake of the Woods,0.055,2011,2015
27,Minnesota,27079,Le Sueur,0.20500000000000002,2011,2015
27,Minnesota,27081,Lincoln,0.12,2011,2015
27,Minnesota,27083,Lyon,0.215,2011,2015
27,Minnesota,27085,McLeod,0.23,2011,2015
27,Minnesota,27087,Mahnomen,0.1,2011,2015
27,Minnesota,27089,Marshall,0.095,2011,2015
27,Minnesota,27091,Martin,0.19,2011,2015
27,Minnesota,27093,Meeker,0.18,2011,2015
27,Minnesota,27095,Mille Lacs,0.15000000000000002,2011,2015
27,Minnesota,27097,Morrison,0.18,2011,2015
27,Minnesota,27099,Mower,0.305,2011,2015
27,Minnesota,27101,Murray,0.14,2011,2015
27,Minnesota,27103,Nicollet,0.28500000000000003,2011,2015
27,Minnesota,27105,Nobles,0.16999999999999998,2011,2015
27,Minnesota,27107,Norman,0.13,2011,2015
27,Minnesota,27109,Olmsted,0.92,2011,2015
27,Minnesota,27111,Otter Tail,0.145,2011,2015
27,Minnesota,27113,Pennington,0.18,2011,2015
27,Minnesota,27115,Pine,0.135,2011,2015
27,Minnesota,27117,Pipestone,0.19,2011,2015
27,Minnesota,27119,Polk,0.195,2011,2015
27,Minnesota,27121,Pope,0.15,2011,2015
27,Minnesota,27123,Ramsey,0.855,2011,2015
27,Minnesota,27125,Red Lake,0.1,2011,2015
27,Minnesota,27127,Redwood,0.185,2011,2015
27,Minnesota,27129,Renville,0.175,2011,2015
27,Minnesota,27131,Rice,0.265,2011,2015
27,Minnesota,27133,Rock,0.18,2011,2015
27,Minnesota,27135,Roseau,0.07,2011,2015
27,Minnesota,27137,St. Louis,0.23500000000000001,2011,2015
27,Minnesota,27139,Scott,0.55,2011,2015
27,Minnesota,27141,Sherburne,0.31,2011,2015
27,Minnesota,27143,Sibley,0.19,2011,2015
27,Minnesota,27145,Stearns,0.33,2011,2015
27,Minnesota,27147,Steele,0.295,2011,2015
27,Minnesota,27149,Stevens,0.16,2011,2015
27,Minnesota,27151,Swift,0.195,2011,2015
27,Minnesota,27153,Todd,0.135,2011,2015
27,Minnesota,27155,Traverse,0.14500000000000002,2011,2015
27,Minnesota,27157,Wabasha,0.28500000000000003,2011,2015
27,Minnesota,27159,Wadena,0.13,2011,2015
27,Minnesota,27161,Waseca,0.24,2011,2015
27,Minnesota,27163,Washington,0.5449999999999999,2011,2015
27,Minnesota,27165,Watonwan,0.20500000000000002,2011,2015
27,Minnesota,27167,Wilkin,0.22499999999999998,2011,2015
27,Minnesota,27169,Winona,0.24,2011,2015
27,Minnesota,27171,Wright,0.305,2011,2015
27,Minnesota,27173,Yellow Medicine,0.155,2011,2015
28,Mississippi,28001,Adams,0.22999999999999998,2011,2015
28,Mississippi,28003,Alcorn,0.31,2011,2015
28,Mississippi,28005,Amite,0.16,2011,2015
28,Mississippi,28007,Attala,0.16499999999999998,2011,2015
28,Mississippi,28009,Benton,0.2,2011,2015
28,Mississippi,28011,Bolivar,0.23,2011,2015
28,Mississippi,28013,Calhoun,0.195,2011,2015
28,Mississippi,28015,Carroll,0.16999999999999998,2011,2015
28,Mississippi,28017,Chickasaw,0.185,2011,2015
28,Mississippi,28019,Choctaw,0.155,2011,2015
28,Mississippi,28021,Claiborne,0.24,2011,2015
28,Mississippi,28023,Clarke,0.175,2011,2015
28,Mississippi,28025,Clay,0.28500000000000003,2011,2015
28,Mississippi,28027,Coahoma,0.275,2011,2015
28,Mississippi,28029,Copiah,0.3,2011,2015
28,Mississippi,28031,Covington,0.245,2011,2015
28,Mississippi,28033,DeSoto,0.4,2011,2015
28,Mississippi,28035,Forrest,0.535,2011,2015
28,Mississippi,28037,Franklin,0.155,2011,2015
28,Mississippi,28039,George,0.295,2011,2015
28,Mississippi,28041,Greene,0.15000000000000002,2011,2015
28,Mississippi,28043,Grenada,0.3,2011,2015
28,Mississippi,28045,Hancock,0.37,2011,2015
28,Mississippi,28047,Harrison,0.47,2011,2015
28,Mississippi,28049,Hinds,0.6599999999999999,2011,2015
28,Mississippi,28051,Holmes,0.225,2011,2015
28,Mississippi,28053,Humphreys,0.20500000000000002,2011,2015
28,Mississippi,28055,Issaquena,0.18,2011,2015
28,Mississippi,28057,Itawamba,0.2,2011,2015
28,Mississippi,28059,Jackson,0.47,2011,2015
28,Mississippi,28061,Jasper,0.18,2011,2015
28,Mississippi,28063,Jefferson,0.20500000000000002,2011,2015
28,Mississippi,28065,Jefferson Davis,0.15000000000000002,2011,2015
28,Mississippi,28067,Jones,0.33,2011,2015
28,Mississippi,28069,Kemper,0.15000000000000002,2011,2015
28,Mississippi,28071,Lafayette,0.21,2011,2015
28,Mississippi,28073,Lamar,0.23,2011,2015
28,Mississippi,28075,Lauderdale,0.6900000000000001,2011,2015
28,Mississippi,28077,Lawrence,0.15500000000000003,2011,2015
28,Mississippi,28079,Leake,0.15500000000000003,2011,2015
28,Mississippi,28081,Lee,0.425,2011,2015
28,Mississippi,28083,Leflore,0.29000000000000004,2011,2015
28,Mississippi,28085,Lincoln,0.26,2011,2015
28,Mississippi,28087,Lowndes,0.33,2011,2015
28,Mississippi,28089,Madison,0.545,2011,2015
28,Mississippi,28091,Marion,0.2,2011,2015
28,Mississippi,28093,Marshall,0.26,2011,2015
28,Mississippi,28095,Monroe,0.26,2011,2015
28,Mississippi,28097,Montgomery,0.22999999999999998,2011,2015
28,Mississippi,28099,Neshoba,0.21999999999999997,2011,2015
28,Mississippi,28101,Newton,0.23,2011,2015
28,Mississippi,28103,Noxubee,0.22500000000000003,2011,2015
28,Mississippi,28105,Oktibbeha,0.27,2011,2015
28,Mississippi,28107,Panola,0.29,2011,2015
28,Mississippi,28109,Pearl River,0.29000000000000004,2011,2015
28,Mississippi,28111,Perry,0.16,2011,2015
28,Mississippi,28113,Pike,0.43000000000000005,2011,2015
28,Mississippi,28115,Pontotoc,0.21,2011,2015
28,Mississippi,28117,Prentiss,0.24,2011,2015
28,Mississippi,28119,Quitman,0.345,2011,2015
28,Mississippi,28121,Rankin,0.4,2011,2015
28,Mississippi,28123,Scott,0.30000000000000004,2011,2015
28,Mississippi,28125,Sharkey,0.24,2011,2015
28,Mississippi,28127,Simpson,0.20500000000000002,2011,2015
28,Mississippi,28129,Smith,0.15000000000000002,2011,2015
28,Mississippi,28131,Stone,0.255,2011,2015
28,Mississippi,28133,Sunflower,0.2,2011,2015
28,Mississippi,28135,Tallahatchie,0.225,2011,2015
28,Mississippi,28137,Tate,0.315,2011,2015
28,Mississippi,28139,Tippah,0.25,2011,2015
28,Mississippi,28141,Tishomingo,0.235,2011,2015
28,Mississippi,28143,Tunica,0.26,2011,2015
28,Mississippi,28145,Union,0.26,2011,2015
28,Mississippi,28147,Walthall,0.2,2011,2015
28,Mississippi,28149,Warren,0.42500000000000004,2011,2015
28,Mississippi,28151,Washington,0.275,2011,2015
28,Mississippi,28153,Wayne,0.185,2011,2015
28,Mississippi,28155,Webster,0.185,2011,2015
28,Mississippi,28157,Wilkinson,0.16999999999999998,2011,2015
28,Mississippi,28159,Winston,0.16499999999999998,2011,2015
28,Mississippi,28161,Yalobusha,0.21,2011,2015
28,Mississippi,28163,Yazoo,0.245,2011,2015
29,Missouri,29001,Adair,0.28,2011,2015
29,Missouri,29003,Andrew,0.295,2011,2015
29,Missouri,29005,Atchison,0.25,2011,2015
29,Missouri,29007,Audrain,0.28500000000000003,2011,2015
29,Missouri,29009,Barry,0.2,2011,2015
29,Missouri,29011,Barton,0.28,2011,2015
29,Missouri,29013,Bates,0.32499999999999996,2011,2015
29,Missouri,29015,Benton,0.185,2011,2015
29,Missouri,29017,Bollinger,0.21000000000000002,2011,2015
29,Missouri,29019,Boone,0.73,2011,2015
29,Missouri,29021,Buchanan,0.5499999999999999,2011,2015
29,Missouri,29023,Butler,0.425,2011,2015
29,Missouri,29025,Caldwell,0.25,2011,2015
29,Missouri,29027,Callaway,0.33,2011,2015
29,Missouri,29029,Camden,0.255,2011,2015
29,Missouri,29031,Cape Girardeau,0.425,2011,2015
29,Missouri,29033,Carroll,0.305,2011,2015
29,Missouri,29035,Carter,0.16999999999999998,2011,2015
29,Missouri,29037,Cass,0.44499999999999995,2011,2015
29,Missouri,29039,Cedar,0.21000000000000002,2011,2015
29,Missouri,29041,Chariton,0.235,2011,2015
29,Missouri,29043,Christian,0.235,2011,2015
29,Missouri,29045,Clark,0.235,2011,2015
29,Missouri,29047,Clay,1.095,2011,2015
29,Missouri,29049,Clinton,0.43000000000000005,2011,2015
29,Missouri,29051,Cole,0.48,2011,2015
29,Missouri,29053,Cooper,0.425,2011,2015
29,Missouri,29055,Crawford,0.215,2011,2015
29,Missouri,29057,Dade,0.21000000000000002,2011,2015
29,Missouri,29059,Dallas,0.20500000000000002,2011,2015
29,Missouri,29061,Daviess,0.24,2011,2015
29,Missouri,29063,DeKalb,0.25,2011,2015
29,Missouri,29065,Dent,0.24000000000000002,2011,2015
29,Missouri,29067,Douglas,0.15,2011,2015
29,Missouri,29069,Dunklin,0.39,2011,2015
29,Missouri,29071,Franklin,0.365,2011,2015
29,Missouri,29073,Gasconade,0.245,2011,2015
29,Missouri,29075,Gentry,0.20500000000000002,2011,2015
29,Missouri,29077,Greene,0.655,2011,2015
29,Missouri,29079,Grundy,0.265,2011,2015
29,Missouri,29081,Harrison,0.27,2011,2015
29,Missouri,29083,Henry,0.28500000000000003,2011,2015
29,Missouri,29085,Hickory,0.175,2011,2015
29,Missouri,29087,Holt,0.31,2011,2015
29,Missouri,29089,Howard,0.235,2011,2015
29,Missouri,29091,Howell,0.22,2011,2015
29,Missouri,29093,Iron,0.17,2011,2015
29,Missouri,29095,Jackson,1.305,2011,2015
29,Missouri,29097,Jasper,0.53,2011,2015
29,Missouri,29099,Jefferson,0.435,2011,2015
29,Missouri,29101,Johnson,0.41500000000000004,2011,2015
29,Missouri,29103,Knox,0.22000000000000003,2011,2015
29,Missouri,29105,Laclede,0.335,2011,2015
29,Missouri,29107,Lafayette,0.41000000000000003,2011,2015
29,Missouri,29109,Lawrence,0.265,2011,2015
29,Missouri,29111,Lewis,0.26,2011,2015
29,Missouri,29113,Lincoln,0.345,2011,2015
29,Missouri,29115,Linn,0.26,2011,2015
29,Missouri,29117,Livingston,0.30000000000000004,2011,2015
29,Missouri,29119,McDonald,0.22,2011,2015
29,Missouri,29121,Macon,0.26,2011,2015
29,Missouri,29123,Madison,0.24,2011,2015
29,Missouri,29125,Maries,0.19,2011,2015
29,Missouri,29127,Marion,0.385,2011,2015
29,Missouri,29129,Mercer,0.185,2011,2015
29,Missouri,29131,Miller,0.26,2011,2015
29,Missouri,29133,Mississippi,0.385,2011,2015
29,Missouri,29135,Moniteau,0.24,2011,2015
29,Missouri,29137,Monroe,0.22000000000000003,2011,2015
29,Missouri,29139,Montgomery,0.27,2011,2015
29,Missouri,29141,Morgan,0.2,2011,2015
29,Missouri,29143,New Madrid,0.375,2011,2015
29,Missouri,29145,Newton,0.4,2011,2015
29,Missouri,29147,Nodaway,0.275,2011,2015
29,Missouri,29149,Oregon,0.185,2011,2015
29,Missouri,29151,Osage,0.22999999999999998,2011,2015
29,Missouri,29153,Ozark,0.14,2011,2015
29,Missouri,29155,Pemiscot,0.48,2011,2015
29,Missouri,29157,Perry,0.38,2011,2015
29,Missouri,29159,Pettis,0.305,2011,2015
29,Missouri,29161,Phelps,0.31,2011,2015
29,Missouri,29163,Pike,0.41500000000000004,2011,2015
29,Missouri,29165,Platte,0.6950000000000001,2011,2015
29,Missouri,29167,Polk,0.235,2011,2015
29,Missouri,29169,Pulaski,0.23500000000000001,2011,2015
29,Missouri,29171,Putnam,0.18,2011,2015
29,Missouri,29173,Ralls,0.25,2011,2015
29,Missouri,29175,Randolph,0.29500000000000004,2011,2015
29,Missouri,29177,Ray,0.36,2011,2015
29,Missouri,29179,Reynolds,0.14500000000000002,2011,2015
29,Missouri,29181,Ripley,0.185,2011,2015
29,Missouri,29183,St. Charles,0.81,2011,2015
29,Missouri,29185,St. Clair,0.2,2011,2015
29,Missouri,29186,Ste. Genevieve,0.33,2011,2015
29,Missouri,29187,St. Francois,0.305,2011,2015
29,Missouri,29189,St. Louis,1.1800000000000002,2011,2015
29,Missouri,29195,Saline,0.5900000000000001,2011,2015
29,Missouri,29197,Schuyler,0.19,2011,2015
29,Missouri,29199,Scotland,0.235,2011,2015
29,Missouri,29201,Scott,0.445,2011,2015
29,Missouri,29203,Shannon,0.14500000000000002,2011,2015
29,Missouri,29205,Shelby,0.22000000000000003,2011,2015
29,Missouri,29207,Stoddard,0.39,2011,2015
29,Missouri,29209,Stone,0.185,2011,2015
29,Missouri,29211,Sullivan,0.18,2011,2015
29,Missouri,29213,Taney,0.23,2011,2015
29,Missouri,29215,Texas,0.165,2011,2015
29,Missouri,29217,Vernon,0.315,2011,2015
29,Missouri,29219,Warren,0.345,2011,2015
29,Missouri,29221,Washington,0.21500000000000002,2011,2015
29,Missouri,29223,Wayne,0.18,2011,2015
29,Missouri,29225,Webster,0.245,2011,2015
29,Missouri,29227,Worth,0.175,2011,2015
29,Missouri,29229,Wright,0.20500000000000002,2011,2015
29,Missouri,29510,St. Louis City,1.29,2011,2015
30,Montana,30001,Beaverhead,0.045,2011,2015
30,Montana,30003,Big Horn,0.115,2011,2015
30,Montana,30005,Blaine,0.055,2011,2015
30,Montana,30007,Broadwater,0.19,2011,2015
30,Montana,30009,Carbon,0.045,2011,2015
30,Montana,30011,Carter,0.03,2011,2015
30,Montana,30013,Cascade,0.255,2011,2015
30,Montana,30015,Chouteau,0.045,2011,2015
30,Montana,30017,Custer,0.29000000000000004,2011,2015
30,Montana,30019,Daniels,0.045,2011,2015
30,Montana,30021,Dawson,0.155,2011,2015
30,Montana,30023,Deer Lodge,0.03,2011,2015
30,Montana,30025,Fallon,0.04,2011,2015
30,Montana,30027,Fergus,0.05,2011,2015
30,Montana,30029,Flathead,0.155,2011,2015
30,Montana,30031,Gallatin,0.16999999999999998,2011,2015
30,Montana,30033,Garfield,0.03,2011,2015
30,Montana,30035,Glacier,0.055,2011,2015
30,Montana,30037,Golden Valley,0.03,2011,2015
30,Montana,30039,Granite,0.035,2011,2015
30,Montana,30041,Hill,0.13,2011,2015
30,Montana,30043,Jefferson,0.045,2011,2015
30,Montana,30045,Judith Basin,0.03,2011,2015
30,Montana,30047,Lake,0.04,2011,2015
30,Montana,30049,Lewis and Clark,0.07,2011,2015
30,Montana,30051,Liberty,0.055,2011,2015
30,Montana,30053,Lincoln,0.345,2011,2015
30,Montana,30055,McCone,0.045,2011,2015
30,Montana,30057,Madison,0.02,2011,2015
30,Montana,30059,Meagher,0.02,2011,2015
30,Montana,30061,Mineral,0.07,2011,2015
30,Montana,30063,Missoula,0.29000000000000004,2011,2015
30,Montana,30065,Musselshell,0.04,2011,2015
30,Montana,30067,Park,0.07500000000000001,2011,2015
30,Montana,30069,Petroleum,0.025,2011,2015
30,Montana,30071,Phillips,0.065,2011,2015
30,Montana,30073,Pondera,0.055,2011,2015
30,Montana,30075,Powder River,0.04,2011,2015
30,Montana,30077,Powell,0.05,2011,2015
30,Montana,30079,Prairie,0.08,2011,2015
30,Montana,30081,Ravalli,0.035,2011,2015
30,Montana,30083,Richland,0.065,2011,2015
30,Montana,30085,Roosevelt,0.075,2011,2015
30,Montana,30087,Rosebud,0.060000000000000005,2011,2015
30,Montana,30089,Sanders,0.06,2011,2015
30,Montana,30091,Sheridan,0.05500000000000001,2011,2015
30,Montana,30093,Silver Bow,0.15,2011,2015
30,Montana,30095,Stillwater,0.07500000000000001,2011,2015
30,Montana,30097,Sweet Grass,0.05500000000000001,2011,2015
30,Montana,30099,Teton,0.04,2011,2015
30,Montana,30101,Toole,0.07500000000000001,2011,2015
30,Montana,30103,Treasure,0.08,2011,2015
30,Montana,30105,Valley,0.16,2011,2015
30,Montana,30107,Wheatland,0.03,2011,2015
30,Montana,30109,Wibaux,0.07,2011,2015
30,Montana,30111,Yellowstone,0.495,2011,2015
31,Nebraska,31001,Adams,0.46,2011,2015
31,Nebraska,31003,Antelope,0.125,2011,2015
31,Nebraska,31005,Arthur,0.095,2011,2015
31,Nebraska,31007,Banner,0.075,2011,2015
31,Nebraska,31009,Blaine,0.135,2011,2015
31,Nebraska,31011,Boone,0.155,2011,2015
31,Nebraska,31013,Box Butte,0.22,2011,2015
31,Nebraska,31015,Boyd,0.095,2011,2015
31,Nebraska,31017,Brown,0.095,2011,2015
31,Nebraska,31019,Buffalo,0.535,2011,2015
31,Nebraska,31021,Burt,0.22999999999999998,2011,2015
31,Nebraska,31023,Butler,0.20500000000000002,2011,2015
31,Nebraska,31025,Cass,0.33499999999999996,2011,2015
31,Nebraska,31027,Cedar,0.15,2011,2015
31,Nebraska,31029,Chase,0.1,2011,2015
31,Nebraska,31031,Cherry,0.07,2011,2015
31,Nebraska,31033,Cheyenne,0.365,2011,2015
31,Nebraska,31035,Clay,0.245,2011,2015
31,Nebraska,31037,Colfax,0.255,2011,2015
31,Nebraska,31039,Cuming,0.19,2011,2015
31,Nebraska,31041,Custer,0.2,2011,2015
31,Nebraska,31043,Dakota,0.46,2011,2015
31,Nebraska,31045,Dawes,0.11,2011,2015
31,Nebraska,31047,Dawson,0.5,2011,2015
31,Nebraska,31049,Deuel,0.24,2011,2015
31,Nebraska,31051,Dixon,0.155,2011,2015
31,Nebraska,31053,Dodge,0.765,2011,2015
31,Nebraska,31055,Douglas,0.775,2011,2015
31,Nebraska,31057,Dundy,0.095,2011,2015
31,Nebraska,31059,Fillmore,0.21999999999999997,2011,2015
31,Nebraska,31061,Franklin,0.14,2011,2015
31,Nebraska,31063,Frontier,0.11000000000000001,2011,2015
31,Nebraska,31065,Furnas,0.13,2011,2015
31,Nebraska,31067,Gage,0.49,2011,2015
31,Nebraska,31069,Garden,0.16,2011,2015
31,Nebraska,31071,Garfield,0.1,2011,2015
31,Nebraska,31073,Gosper,0.15,2011,2015
31,Nebraska,31075,Grant,0.145,2011,2015
31,Nebraska,31077,Greeley,0.13,2011,2015
31,Nebraska,31079,Hall,0.505,2011,2015
31,Nebraska,31081,Hamilton,0.3,2011,2015
31,Nebraska,31083,Harlan,0.135,2011,2015
31,Nebraska,31085,Hayes,0.1,2011,2015
31,Nebraska,31087,Hitchcock,0.11000000000000001,2011,2015
31,Nebraska,31089,Holt,0.11,2011,2015
31,Nebraska,31091,Hooker,0.14,2011,2015
31,Nebraska,31093,Howard,0.18,2011,2015
31,Nebraska,31095,Jefferson,0.43500000000000005,2011,2015
31,Nebraska,31097,Johnson,0.275,2011,2015
31,Nebraska,31099,Kearney,0.22999999999999998,2011,2015
31,Nebraska,31101,Keith,0.885,2011,2015
31,Nebraska,31103,Keya Paha,0.07,2011,2015
31,Nebraska,31105,Kimball,0.16,2011,2015
31,Nebraska,31107,Knox,0.115,2011,2015
31,Nebraska,31109,Lancaster,0.595,2011,2015
31,Nebraska,31111,Lincoln,1.79,2011,2015
31,Nebraska,31113,Logan,0.1,2011,2015
31,Nebraska,31115,Loup,0.09,2011,2015
31,Nebraska,31117,McPherson,0.10500000000000001,2011,2015
31,Nebraska,31119,Madison,0.265,2011,2015
31,Nebraska,31121,Merrick,0.35,2011,2015
31,Nebraska,31123,Morrill,0.24,2011,2015
31,Nebraska,31125,Nance,0.16999999999999998,2011,2015
31,Nebraska,31127,Nemaha,0.25,2011,2015
31,Nebraska,31129,Nuckolls,0.185,2011,2015
31,Nebraska,31131,Otoe,0.365,2011,2015
31,Nebraska,31133,Pawnee,0.20500000000000002,2011,2015
31,Nebraska,31135,Perkins,0.125,2011,2015
31,Nebraska,31137,Phelps,0.22,2011,2015
31,Nebraska,31139,Pierce,0.14500000000000002,2011,2015
31,Nebraska,31141,Platte,0.45499999999999996,2011,2015
31,Nebraska,31143,Polk,0.21500000000000002,2011,2015
31,Nebraska,31145,Red Willow,0.145,2011,2015
31,Nebraska,31147,Richardson,0.31,2011,2015
31,Nebraska,31149,Rock,0.085,2011,2015
31,Nebraska,31151,Saline,0.235,2011,2015
31,Nebraska,31153,Sarpy,0.515,2011,2015
31,Nebraska,31155,Saunders,0.27,2011,2015
31,Nebraska,31157,Scotts Bluff,0.525,2011,2015
31,Nebraska,31159,Seward,0.335,2011,2015
31,Nebraska,31161,Sheridan,0.08499999999999999,2011,2015
31,Nebraska,31163,Sherman,0.19,2011,2015
31,Nebraska,31165,Sioux,0.10500000000000001,2011,2015
31,Nebraska,31167,Stanton,0.16,2011,2015
31,Nebraska,31169,Thayer,0.24,2011,2015
31,Nebraska,31171,Thomas,0.14500000000000002,2011,2015
31,Nebraska,31173,Thurston,0.19,2011,2015
31,Nebraska,31175,Valley,0.125,2011,2015
31,Nebraska,31177,Washington,0.315,2011,2015
31,Nebraska,31179,Wayne,0.175,2011,2015
31,Nebraska,31181,Webster,0.145,2011,2015
31,Nebraska,31183,Wheeler,0.10500000000000001,2011,2015
31,Nebraska,31185,York,0.325,2011,2015
32,Nevada,32001,Churchill,0.085,2011,2015
32,Nevada,32003,Clark,1.415,2011,2015
32,Nevada,32005,Douglas,0.17,2011,2015
32,Nevada,32007,Elko,0.2,2011,2015
32,Nevada,32009,Esmeralda,0.02,2011,2015
32,Nevada,32011,Eureka,0.03,2011,2015
32,Nevada,32013,Humboldt,0.1,2011,2015
32,Nevada,32015,Lander,0.055,2011,2015
32,Nevada,32017,Lincoln,0.04,2011,2015
32,Nevada,32019,Lyon,0.1,2011,2015
32,Nevada,32021,Mineral,0.025,2011,2015
32,Nevada,32023,Nye,0.035,2011,2015
32,Nevada,32027,Pershing,0.05,2011,2015
32,Nevada,32029,Storey,0.16,2011,2015
32,Nevada,32031,Washoe,0.7250000000000001,2011,2015
32,Nevada,32033,White Pine,0.035,2011,2015
32,Nevada,32510,Carson City,0.28500000000000003,2011,2015
33,New Hampshire,33001,Belknap,0.185,2011,2015
33,New Hampshire,33003,Carroll,0.1,2011,2015
33,New Hampshire,33005,Cheshire,0.16,2011,2015
33,New Hampshire,33007,Coos,0.065,2011,2015
33,New Hampshire,33009,Grafton,0.11,2011,2015
33,New Hampshire,33011,Hillsborough,0.5549999999999999,2011,2015
33,New Hampshire,33013,Merrimack,0.235,2011,2015
33,New Hampshire,33015,Rockingham,0.375,2011,2015
33,New Hampshire,33017,Strafford,0.25,2011,2015
33,New Hampshire,33019,Sullivan,0.13,2011,2015
34,New Jersey,34001,Atlantic,0.45499999999999996,2011,2015
34,New Jersey,34003,Bergen,1.145,2011,2015
34,New Jersey,34005,Burlington,0.7150000000000001,2011,2015
34,New Jersey,34007,Camden,1.46,2011,2015
34,New Jersey,34009,Cape May,0.33,2011,2015
34,New Jersey,34011,Cumberland,0.505,2011,2015
34,New Jersey,34013,Essex,1.26,2011,2015
34,New Jersey,34015,Gloucester,0.9349999999999999,2011,2015
34,New Jersey,34017,Hudson,2.24,2011,2015
34,New Jersey,34019,Hunterdon,0.49,2011,2015
34,New Jersey,34021,Mercer,1.365,2011,2015
34,New Jersey,34023,Middlesex,0.955,2011,2015
34,New Jersey,34025,Monmouth,0.6950000000000001,2011,2015
34,New Jersey,34027,Morris,0.59,2011,2015
34,New Jersey,34029,Ocean,0.43,2011,2015
34,New Jersey,34031,Passaic,0.98,2011,2015
34,New Jersey,34033,Salem,0.5900000000000001,2011,2015
34,New Jersey,34035,Somerset,0.77,2011,2015
34,New Jersey,34037,Sussex,0.31,2011,2015
34,New Jersey,34039,Union,1.81,2011,2015
34,New Jersey,34041,Warren,0.59,2011,2015
35,New Mexico,35001,Bernalillo,0.74,2011,2015
35,New Mexico,35003,Catron,0.02,2011,2015
35,New Mexico,35005,Chaves,0.21,2011,2015
35,New Mexico,35006,Cibola,0.20500000000000002,2011,2015
35,New Mexico,35007,Colfax,0.06,2011,2015
35,New Mexico,35009,Curry,0.53,2011,2015
35,New Mexico,35011,De Baca,0.12,2011,2015
35,New Mexico,35013,Dona Ana,0.825,2011,2015
35,New Mexico,35015,Eddy,0.25,2011,2015
35,New Mexico,35017,Grant,0.055,2011,2015
35,New Mexico,35019,Guadalupe,0.155,2011,2015
35,New Mexico,35021,Harding,0.045,2011,2015
35,New Mexico,35023,Hidalgo,0.54,2011,2015
35,New Mexico,35025,Lea,0.20500000000000002,2011,2015
35,New Mexico,35027,Lincoln,0.045,2011,2015
35,New Mexico,35028,Los Alamos,0.08499999999999999,2011,2015
35,New Mexico,35029,Luna,0.625,2011,2015
35,New Mexico,35031,McKinley,0.115,2011,2015
35,New Mexico,35033,Mora,0.03,2011,2015
35,New Mexico,35035,Otero,0.29,2011,2015
35,New Mexico,35037,Quay,0.135,2011,2015
35,New Mexico,35039,Rio Arriba,0.045,2011,2015
35,New Mexico,35041,Roosevelt,0.275,2011,2015
35,New Mexico,35043,Sandoval,0.2,2011,2015
35,New Mexico,35045,San Juan,0.205,2011,2015
35,New Mexico,35047,San Miguel,0.08,2011,2015
35,New Mexico,35049,Santa Fe,0.28,2011,2015
35,New Mexico,35051,Sierra,0.235,2011,2015
35,New Mexico,35053,Socorro,0.065,2011,2015
35,New Mexico,35055,Taos,0.055,2011,2015
35,New Mexico,35057,Torrance,0.11,2011,2015
35,New Mexico,35059,Union,0.05,2011,2015
35,New Mexico,35061,Valencia,0.42000000000000004,2011,2015
36,New York,36001,Albany,0.9750000000000001,2011,2015
36,New York,36003,Allegany,0.12000000000000001,2011,2015
36,New York,36005,Bronx,2.17,2011,2015
36,New York,36007,Broome,0.575,2011,2015
36,New York,36009,Cattaraugus,0.155,2011,2015
36,New York,36011,Cayuga,0.22000000000000003,2011,2015
36,New York,36013,Chautauqua,0.405,2011,2015
36,New York,36015,Chemung,0.475,2011,2015
36,New York,36017,Chenango,0.225,2011,2015
36,New York,36019,Clinton,0.15000000000000002,2011,2015
36,New York,36021,Columbia,0.245,2011,2015
36,New York,36023,Cortland,0.265,2011,2015
36,New York,36025,Delaware,0.13,2011,2015
36,New York,36027,Dutchess,0.405,2011,2015
36,New York,36029,Erie,0.61,2011,2015
36,New York,36031,Essex,0.09,2011,2015
36,New York,36033,Franklin,0.07500000000000001,2011,2015
36,New York,36035,Fulton,0.185,2011,2015
36,New York,36037,Genesee,0.27,2011,2015
36,New York,36039,Greene,0.275,2011,2015
36,New York,36041,Hamilton,0.07,2011,2015
36,New York,36043,Herkimer,0.295,2011,2015
36,New York,36045,Jefferson,0.155,2011,2015
36,New York,36047,Kings,3.155,2011,2015
36,New York,36049,Lewis,0.09,2011,2015
36,New York,36051,Livingston,0.195,2011,2015
36,New York,36053,Madison,0.19,2011,2015
36,New York,36055,Monroe,0.61,2011,2015
36,New York,36057,Montgomery,0.665,2011,2015
36,New York,36059,Nassau,1.205,2011,2015
36,New York,36061,New York,3.8449999999999998,2011,2015
36,New York,36063,Niagara,0.305,2011,2015
36,New York,36065,Oneida,0.485,2011,2015
36,New York,36067,Onondaga,0.675,2011,2015
36,New York,36069,Ontario,0.25,2011,2015
36,New York,36071,Orange,0.75,2011,2015
36,New York,36073,Orleans,0.2,2011,2015
36,New York,36075,Oswego,0.175,2011,2015
36,New York,36077,Otsego,0.135,2011,2015
36,New York,36079,Putnam,0.43000000000000005,2011,2015
36,New York,36081,Queens,2.45,2011,2015
36,New York,36083,Rensselaer,0.53,2011,2015
36,New York,36085,Richmond,1.6800000000000002,2011,2015
36,New York,36087,Rockland,0.715,2011,2015
36,New York,36089,St. Lawrence,0.115,2011,2015
36,New York,36091,Saratoga,0.445,2011,2015
36,New York,36093,Schenectady,0.575,2011,2015
36,New York,36095,Schoharie,0.13,2011,2015
36,New York,36097,Schuyler,0.14,2011,2015
36,New York,36099,Seneca,0.22999999999999998,2011,2015
36,New York,36101,Steuben,0.19,2011,2015
36,New York,36103,Suffolk,0.6,2011,2015
36,New York,36105,Sullivan,0.165,2011,2015
36,New York,36107,Tioga,0.265,2011,2015
36,New York,36109,Tompkins,0.725,2011,2015
36,New York,36111,Ulster,0.38,2011,2015
36,New York,36113,Warren,0.625,2011,2015
36,New York,36115,Washington,0.285,2011,2015
36,New York,36117,Wayne,0.25,2011,2015
36,New York,36119,Westchester,1.315,2011,2015
36,New York,36121,Wyoming,0.15,2011,2015
36,New York,36123,Yates,0.145,2011,2015
37,North Carolina,37001,Alamance,0.545,2011,2015
37,North Carolina,37003,Alexander,0.21500000000000002,2011,2015
37,North Carolina,37005,Alleghany,0.125,2011,2015
37,North Carolina,37007,Anson,0.245,2011,2015
37,North Carolina,37009,Ashe,0.115,2011,2015
37,North Carolina,37011,Avery,0.115,2011,2015
37,North Carolina,37013,Beaufort,0.22499999999999998,2011,2015
37,North Carolina,37015,Bertie,0.16999999999999998,2011,2015
37,North Carolina,37017,Bladen,0.2,2011,2015
37,North Carolina,37019,Brunswick,0.23500000000000001,2011,2015
37,North Carolina,37021,Buncombe,1.075,2011,2015
37,North Carolina,37023,Burke,0.445,2011,2015
37,North Carolina,37025,Cabarrus,0.58,2011,2015
37,North Carolina,37027,Caldwell,0.5700000000000001,2011,2015
37,North Carolina,37029,Camden,0.19,2011,2015
37,North Carolina,37031,Carteret,0.14500000000000002,2011,2015
37,North Carolina,37033,Caswell,0.24,2011,2015
37,North Carolina,37035,Catawba,0.61,2011,2015
37,North Carolina,37037,Chatham,0.27,2011,2015
37,North Carolina,37039,Cherokee,0.135,2011,2015
37,North Carolina,37041,Chowan,0.185,2011,2015
37,North Carolina,37043,Clay,0.125,2011,2015
37,North Carolina,37045,Cleveland,0.405,2011,2015
37,North Carolina,37047,Columbus,0.19,2011,2015
37,North Carolina,37049,Craven,0.26,2011,2015
37,North Carolina,37051,Cumberland,0.625,2011,2015
37,North Carolina,37053,Currituck,0.2,2011,2015
37,North Carolina,37055,Dare,0.28500000000000003,2011,2015
37,North Carolina,37057,Davidson,0.475,2011,2015
37,North Carolina,37059,Davie,0.345,2011,2015
37,North Carolina,37061,Duplin,0.2,2011,2015
37,North Carolina,37063,Durham,1.0150000000000001,2011,2015
37,North Carolina,37065,Edgecombe,0.3,2011,2015
37,North Carolina,37067,Forsyth,0.795,2011,2015
37,North Carolina,37069,Franklin,0.265,2011,2015
37,North Carolina,37071,Gaston,0.5349999999999999,2011,2015
37,North Carolina,37073,Gates,0.18,2011,2015
37,North Carolina,37075,Graham,0.11,2011,2015
37,North Carolina,37077,Granville,0.325,2011,2015
37,North Carolina,37079,Greene,0.20500000000000002,2011,2015
37,North Carolina,37081,Guilford,0.7050000000000001,2011,2015
37,North Carolina,37083,Halifax,0.49,2011,2015
37,North Carolina,37085,Harnett,0.355,2011,2015
37,North Carolina,37087,Haywood,0.18,2011,2015
37,North Carolina,37089,Henderson,0.27,2011,2015
37,North Carolina,37091,Hertford,0.195,2011,2015
37,North Carolina,37093,Hoke,0.35,2011,2015
37,North Carolina,37095,Hyde,0.11,2011,2015
37,North Carolina,37097,Iredell,0.605,2011,2015
37,North Carolina,37099,Jackson,0.14500000000000002,2011,2015
37,North Carolina,37101,Johnston,0.38,2011,2015
37,North Carolina,37103,Jones,0.15500000000000003,2011,2015
37,North Carolina,37105,Lee,0.505,2011,2015
37,North Carolina,37107,Lenoir,0.36,2011,2015
37,North Carolina,37109,Lincoln,0.535,2011,2015
37,North Carolina,37111,McDowell,0.315,2011,2015
37,North Carolina,37113,Macon,0.125,2011,2015
37,North Carolina,37115,Madison,0.155,2011,2015
37,North Carolina,37117,Martin,0.2,2011,2015
37,North Carolina,37119,Mecklenburg,1.505,2011,2015
37,North Carolina,37121,Mitchell,0.16,2011,2015
37,North Carolina,37123,Montgomery,0.235,2011,2015
37,North Carolina,37125,Moore,0.24,2011,2015
37,North Carolina,37127,Nash,0.41000000000000003,2011,2015
37,North Carolina,37129,New Hanover,0.635,2011,2015
37,North Carolina,37131,Northampton,0.22,2011,2015
37,North Carolina,37133,Onslow,0.275,2011,2015
37,North Carolina,37135,Orange,0.595,2011,2015
37,North Carolina,37137,Pamlico,0.135,2011,2015
37,North Carolina,37139,Pasquotank,0.485,2011,2015
37,North Carolina,37141,Pender,0.195,2011,2015
37,North Carolina,37143,Perquimans,0.18,2011,2015
37,North Carolina,37145,Person,0.27,2011,2015
37,North Carolina,37147,Pitt,0.47,2011,2015
37,North Carolina,37149,Polk,0.23500000000000001,2011,2015
37,North Carolina,37151,Randolph,0.445,2011,2015
37,North Carolina,37153,Richmond,0.305,2011,2015
37,North Carolina,37155,Robeson,0.44,2011,2015
37,North Carolina,37157,Rockingham,0.325,2011,2015
37,North Carolina,37159,Rowan,0.6699999999999999,2011,2015
37,North Carolina,37161,Rutherford,0.265,2011,2015
37,North Carolina,37163,Sampson,0.21000000000000002,2011,2015
37,North Carolina,37165,Scotland,0.29500000000000004,2011,2015
37,North Carolina,37167,Stanly,0.32,2011,2015
37,North Carolina,37169,Stokes,0.22,2011,2015
37,North Carolina,37171,Surry,0.39,2011,2015
37,North Carolina,37173,Swain,0.15,2011,2015
37,North Carolina,37175,Transylvania,0.14,2011,2015
37,North Carolina,37177,Tyrrell,0.135,2011,2015
37,North Carolina,37179,Union,0.42000000000000004,2011,2015
37,North Carolina,37181,Vance,0.33499999999999996,2011,2015
37,North Carolina,37183,Wake,0.995,2011,2015
37,North Carolina,37185,Warren,0.235,2011,2015
37,North Carolina,37187,Washington,0.16499999999999998,2011,2015
37,North Carolina,37189,Watauga,0.175,2011,2015
37,North Carolina,37191,Wayne,0.3,2011,2015
37,North Carolina,37193,Wilkes,0.18,2011,2015
37,North Carolina,37195,Wilson,0.735,2011,2015
37,North Carolina,37197,Yadkin,0.27,2011,2015
37,North Carolina,37199,Yancey,0.125,2011,2015
38,North Dakota,38001,Adams,0.060000000000000005,2011,2015
38,North Dakota,38003,Barnes,0.26,2011,2015
38,North Dakota,38005,Benson,0.095,2011,2015
38,North Dakota,38007,Billings,0.07,2011,2015
38,North Dakota,38009,Bottineau,0.095,2011,2015
38,North Dakota,38011,Bowman,0.060000000000000005,2011,2015
38,North Dakota,38013,Burke,0.07,2011,2015
38,North Dakota,38015,Burleigh,0.52,2011,2015
38,North Dakota,38017,Cass,0.575,2011,2015
38,North Dakota,38019,Cavalier,0.08499999999999999,2011,2015
38,North Dakota,38021,Dickey,0.11000000000000001,2011,2015
38,North Dakota,38023,Divide,0.065,2011,2015
38,North Dakota,38025,Dunn,0.07500000000000001,2011,2015
38,North Dakota,38027,Eddy,0.13,2011,2015
38,North Dakota,38029,Emmons,0.075,2011,2015
38,North Dakota,38031,Foster,0.12,2011,2015
38,North Dakota,38033,Golden Valley,0.07500000000000001,2011,2015
38,North Dakota,38035,Grand Forks,0.465,2011,2015
38,North Dakota,38037,Grant,0.065,2011,2015
38,North Dakota,38039,Griggs,0.115,2011,2015
38,North Dakota,38041,Hettinger,0.07,2011,2015
38,North Dakota,38043,Kidder,0.1,2011,2015
38,North Dakota,38045,LaMoure,0.11000000000000001,2011,2015
38,North Dakota,38047,Logan,0.075,2011,2015
38,North Dakota,38049,McHenry,0.115,2011,2015
38,North Dakota,38051,McIntosh,0.075,2011,2015
38,North Dakota,38053,McKenzie,0.09,2011,2015
38,North Dakota,38055,McLean,0.095,2011,2015
38,North Dakota,38057,Mercer,0.10500000000000001,2011,2015
38,North Dakota,38059,Morton,0.32,2011,2015
38,North Dakota,38061,Mountrail,0.105,2011,2015
38,North Dakota,38063,Nelson,0.095,2011,2015
38,North Dakota,38065,Oliver,0.085,2011,2015
38,North Dakota,38067,Pembina,0.10500000000000001,2011,2015
38,North Dakota,38069,Pierce,0.1,2011,2015
38,North Dakota,38071,Ramsey,0.16,2011,2015
38,North Dakota,38073,Ransom,0.125,2011,2015
38,North Dakota,38075,Renville,0.095,2011,2015
38,North Dakota,38077,Richland,0.215,2011,2015
38,North Dakota,38079,Rolette,0.065,2011,2015
38,North Dakota,38081,Sargent,0.115,2011,2015
38,North Dakota,38083,Sheridan,0.08,2011,2015
38,North Dakota,38085,Sioux,0.06,2011,2015
38,North Dakota,38087,Slope,0.05,2011,2015
38,North Dakota,38089,Stark,0.505,2011,2015
38,North Dakota,38091,Steele,0.11499999999999999,2011,2015
38,North Dakota,38093,Stutsman,0.245,2011,2015
38,North Dakota,38095,Towner,0.07500000000000001,2011,2015
38,North Dakota,38097,Traill,0.18,2011,2015
38,North Dakota,38099,Walsh,0.135,2011,2015
38,North Dakota,38101,Ward,0.38,2011,2015
38,North Dakota,38103,Wells,0.125,2011,2015
38,North Dakota,38105,Williams,0.25,2011,2015
39,Ohio,39001,Adams,0.26,2011,2015
39,Ohio,39003,Allen,0.45999999999999996,2011,2015
39,Ohio,39005,Ashland,0.43,2011,2015
39,Ohio,39007,Ashtabula,0.375,2011,2015
39,Ohio,39009,Athens,0.28500000000000003,2011,2015
39,Ohio,39011,Auglaize,0.4,2011,2015
39,Ohio,39013,Belmont,0.375,2011,2015
39,Ohio,39015,Brown,0.31,2011,2015
39,Ohio,39017,Butler,0.965,2011,2015
39,Ohio,39019,Carroll,0.245,2011,2015
39,Ohio,39021,Champaign,0.425,2011,2015
39,Ohio,39023,Clark,1.01,2011,2015
39,Ohio,39025,Clermont,0.58,2011,2015
39,Ohio,39027,Clinton,0.575,2011,2015
39,Ohio,39029,Columbiana,0.375,2011,2015
39,Ohio,39031,Coshocton,0.36,2011,2015
39,Ohio,39033,Crawford,0.48,2011,2015
39,Ohio,39035,Cuyahoga,0.9199999999999999,2011,2015
39,Ohio,39037,Darke,0.33999999999999997,2011,2015
39,Ohio,39039,Defiance,0.44,2011,2015
39,Ohio,39041,Delaware,0.87,2011,2015
39,Ohio,39043,Erie,0.625,2011,2015
39,Ohio,39045,Fairfield,0.45499999999999996,2011,2015
39,Ohio,39047,Fayette,0.36,2011,2015
39,Ohio,39049,Franklin,1.215,2011,2015
39,Ohio,39051,Fulton,0.41000000000000003,2011,2015
39,Ohio,39053,Gallia,0.395,2011,2015
39,Ohio,39055,Geauga,0.34500000000000003,2011,2015
39,Ohio,39057,Greene,0.63,2011,2015
39,Ohio,39059,Guernsey,0.41,2011,2015
39,Ohio,39061,Hamilton,1.54,2011,2015
39,Ohio,39063,Hancock,0.47,2011,2015
39,Ohio,39065,Hardin,0.345,2011,2015
39,Ohio,39067,Harrison,0.21500000000000002,2011,2015
39,Ohio,39069,Henry,0.385,2011,2015
39,Ohio,39071,Highland,0.30000000000000004,2011,2015
39,Ohio,39073,Hocking,0.275,2011,2015
39,Ohio,39075,Holmes,0.275,2011,2015
39,Ohio,39077,Huron,0.345,2011,2015
39,Ohio,39079,Jackson,0.31,2011,2015
39,Ohio,39081,Jefferson,0.7,2011,2015
39,Ohio,39083,Knox,0.355,2011,2015
39,Ohio,39085,Lake,0.665,2011,2015
39,Ohio,39087,Lawrence,0.665,2011,2015
39,Ohio,39089,Licking,0.43000000000000005,2011,2015
39,Ohio,39091,Logan,0.505,2011,2015
39,Ohio,39093,Lorain,0.54,2011,2015
39,Ohio,39095,Lucas,0.905,2011,2015
39,Ohio,39097,Madison,0.485,2011,2015
39,Ohio,39099,Mahoning,0.645,2011,2015
39,Ohio,39101,Marion,1.3800000000000001,2011,2015
39,Ohio,39103,Medina,0.46499999999999997,2011,2015
39,Ohio,39105,Meigs,0.29,2011,2015
39,Ohio,39107,Mercer,0.35,2011,2015
39,Ohio,39109,Miami,0.49,2011,2015
39,Ohio,39111,Monroe,0.21500000000000002,2011,2015
39,Ohio,39113,Montgomery,0.905,2011,2015
39,Ohio,39115,Morgan,0.22000000000000003,2011,2015
39,Ohio,39117,Morrow,0.34,2011,2015
39,Ohio,39119,Muskingum,0.375,2011,2015
39,Ohio,39121,Noble,0.22000000000000003,2011,2015
39,Ohio,39123,Ottawa,0.445,2011,2015
39,Ohio,39125,Paulding,0.33999999999999997,2011,2015
39,Ohio,39127,Perry,0.27,2011,2015
39,Ohio,39129,Pickaway,0.9450000000000001,2011,2015
39,Ohio,39131,Pike,0.305,2011,2015
39,Ohio,39133,Portage,0.525,2011,2015
39,Ohio,39135,Preble,0.39,2011,2015
39,Ohio,39137,Putnam,0.365,2011,2015
39,Ohio,39139,Richland,0.675,2011,2015
39,Ohio,39141,Ross,0.42,2011,2015
39,Ohio,39143,Sandusky,0.555,2011,2015
39,Ohio,39145,Scioto,0.49,2011,2015
39,Ohio,39147,Seneca,0.55,2011,2015
39,Ohio,39149,Shelby,0.64,2011,2015
39,Ohio,39151,Stark,0.8400000000000001,2011,2015
39,Ohio,39153,Summit,0.7899999999999999,2011,2015
39,Ohio,39155,Trumbull,0.47,2011,2015
39,Ohio,39157,Tuscarawas,0.39,2011,2015
39,Ohio,39159,Union,0.465,2011,2015
39,Ohio,39161,Van Wert,0.45,2011,2015
39,Ohio,39163,Vinton,0.22499999999999998,2011,2015
39,Ohio,39165,Warren,0.6799999999999999,2011,2015
39,Ohio,39167,Washington,0.61,2011,2015
39,Ohio,39169,Wayne,0.625,2011,2015
39,Ohio,39171,Williams,0.425,2011,2015
39,Ohio,39173,Wood,0.655,2011,2015
39,Ohio,39175,Wyandot,0.34500000000000003,2011,2015
40,Oklahoma,40001,Adair,0.175,2011,2015
40,Oklahoma,40003,Alfalfa,0.155,2011,2015
40,Oklahoma,40005,Atoka,0.2,2011,2015
40,Oklahoma,40007,Beaver,0.11499999999999999,2011,2015
40,Oklahoma,40009,Beckham,0.19,2011,2015
40,Oklahoma,40011,Blaine,0.165,2011,2015
40,Oklahoma,40013,Bryan,0.265,2011,2015
40,Oklahoma,40015,Caddo,0.16,2011,2015
40,Oklahoma,40017,Canadian,0.30000000000000004,2011,2015
40,Oklahoma,40019,Carter,0.32499999999999996,2011,2015
40,Oklahoma,40021,Cherokee,0.275,2011,2015
40,Oklahoma,40023,Choctaw,0.26,2011,2015
40,Oklahoma,40025,Cimarron,0.135,2011,2015
40,Oklahoma,40027,Cleveland,0.565,2011,2015
40,Oklahoma,40029,Coal,0.18,2011,2015
40,Oklahoma,40031,Comanche,0.415,2011,2015
40,Oklahoma,40033,Cotton,0.175,2011,2015
40,Oklahoma,40035,Craig,0.28,2011,2015
40,Oklahoma,40037,Creek,0.31,2011,2015
40,Oklahoma,40039,Custer,0.23,2011,2015
40,Oklahoma,40041,Delaware,0.18,2011,2015
40,Oklahoma,40043,Dewey,0.12,2011,2015
40,Oklahoma,40045,Ellis,0.135,2011,2015
40,Oklahoma,40047,Garfield,0.5800000000000001,2011,2015
40,Oklahoma,40049,Garvin,0.235,2011,2015
40,Oklahoma,40051,Grady,0.355,2011,2015
40,Oklahoma,40053,Grant,0.17,2011,2015
40,Oklahoma,40055,Greer,0.12,2011,2015
40,Oklahoma,40057,Harmon,0.12,2011,2015
40,Oklahoma,40059,Harper,0.11,2011,2015
40,Oklahoma,40061,Haskell,0.15000000000000002,2011,2015
40,Oklahoma,40063,Hughes,0.16,2011,2015
40,Oklahoma,40065,Jackson,0.24,2011,2015
40,Oklahoma,40067,Jefferson,0.19,2011,2015
40,Oklahoma,40069,Johnston,0.19,2011,2015
40,Oklahoma,40071,Kay,0.315,2011,2015
40,Oklahoma,40073,Kingfisher,0.20500000000000002,2011,2015
40,Oklahoma,40075,Kiowa,0.13,2011,2015
40,Oklahoma,40077,Latimer,0.13,2011,2015
40,Oklahoma,40079,Le Flore,0.175,2011,2015
40,Oklahoma,40081,Lincoln,0.24,2011,2015
40,Oklahoma,40083,Logan,0.315,2011,2015
40,Oklahoma,40085,Love,0.315,2011,2015
40,Oklahoma,40087,McClain,0.28,2011,2015
40,Oklahoma,40089,McCurtain,0.185,2011,2015
40,Oklahoma,40091,McIntosh,0.225,2011,2015
40,Oklahoma,40093,Major,0.14500000000000002,2011,2015
40,Oklahoma,40095,Marshall,0.245,2011,2015
40,Oklahoma,40097,Mayes,0.41,2011,2015
40,Oklahoma,40099,Murray,0.225,2011,2015
40,Oklahoma,40101,Muskogee,0.585,2011,2015
40,Oklahoma,40103,Noble,0.245,2011,2015
40,Oklahoma,40105,Nowata,0.21000000000000002,2011,2015
40,Oklahoma,40107,Okfuskee,0.195,2011,2015
40,Oklahoma,40109,Oklahoma,0.6900000000000001,2011,2015
40,Oklahoma,40111,Okmulgee,0.27,2011,2015
40,Oklahoma,40113,Osage,0.175,2011,2015
40,Oklahoma,40115,Ottawa,0.28,2011,2015
40,Oklahoma,40117,Pawnee,0.235,2011,2015
40,Oklahoma,40119,Payne,0.35,2011,2015
40,Oklahoma,40121,Pittsburg,0.195,2011,2015
40,Oklahoma,40123,Pontotoc,0.21,2011,2015
40,Oklahoma,40125,Pottawatomie,0.225,2011,2015
40,Oklahoma,40127,Pushmataha,0.14500000000000002,2011,2015
40,Oklahoma,40129,Roger Mills,0.105,2011,2015
40,Oklahoma,40131,Rogers,0.47000000000000003,2011,2015
40,Oklahoma,40133,Seminole,0.18,2011,2015
40,Oklahoma,40135,Sequoyah,0.32,2011,2015
40,Oklahoma,40137,Stephens,0.41500000000000004,2011,2015
40,Oklahoma,40139,Texas,0.21,2011,2015
40,Oklahoma,40141,Tillman,0.15,2011,2015
40,Oklahoma,40143,Tulsa,0.595,2011,2015
40,Oklahoma,40145,Wagoner,0.315,2011,2015
40,Oklahoma,40147,Washington,0.38,2011,2015
40,Oklahoma,40149,Washita,0.135,2011,2015
40,Oklahoma,40151,Woods,0.16999999999999998,2011,2015
40,Oklahoma,40153,Woodward,0.25,2011,2015
41,Oregon,41001,Baker,0.14500000000000002,2011,2015
41,Oregon,41003,Benton,0.3,2011,2015
41,Oregon,41005,Clackamas,0.7999999999999999,2011,2015
41,Oregon,41007,Clatsop,0.245,2011,2015
41,Oregon,41009,Columbia,0.25,2011,2015
41,Oregon,41011,Coos,0.11000000000000001,2011,2015
41,Oregon,41013,Crook,0.060000000000000005,2011,2015
41,Oregon,41015,Curry,0.06,2011,2015
41,Oregon,41017,Deschutes,0.16,2011,2015
41,Oregon,41019,Douglas,0.1,2011,2015
41,Oregon,41021,Gilliam,0.07500000000000001,2011,2015
41,Oregon,41023,Grant,0.03,2011,2015
41,Oregon,41025,Harney,0.035,2011,2015
41,Oregon,41027,Hood River,0.21000000000000002,2011,2015
41,Oregon,41029,Jackson,0.47,2011,2015
41,Oregon,41031,Jefferson,0.07,2011,2015
41,Oregon,41033,Josephine,0.14,2011,2015
41,Oregon,41035,Klamath,0.1,2011,2015
41,Oregon,41037,Lake,0.03,2011,2015
41,Oregon,41039,Lane,0.235,2011,2015
41,Oregon,41041,Lincoln,0.08,2011,2015
41,Oregon,41043,Linn,0.4,2011,2015
41,Oregon,41045,Malheur,0.24,2011,2015
41,Oregon,41047,Marion,0.72,2011,2015
41,Oregon,41049,Morrow,0.12,2011,2015
41,Oregon,41051,Multnomah,1.165,2011,2015
41,Oregon,41053,Polk,0.185,2011,2015
41,Oregon,41055,Sherman,0.09,2011,2015
41,Oregon,41057,Tillamook,0.055,2011,2015
41,Oregon,41059,Umatilla,0.175,2011,2015
41,Oregon,41061,Union,0.095,2011,2015
41,Oregon,41063,Wallowa,0.03,2011,2015
41,Oregon,41065,Wasco,0.435,2011,2015
41,Oregon,41067,Washington,0.86,2011,2015
41,Oregon,41069,Wheeler,0.03,2011,2015
41,Oregon,41071,Yamhill,0.28500000000000003,2011,2015
42,Pennsylvania,42001,Adams,0.345,2011,2015
42,Pennsylvania,42003,Allegheny,1.115,2011,2015
42,Pennsylvania,42005,Armstrong,0.27,2011,2015
42,Pennsylvania,42007,Beaver,0.43,2011,2015
42,Pennsylvania,42009,Bedford,0.21000000000000002,2011,2015
42,Pennsylvania,42011,Berks,1.07,2011,2015
42,Pennsylvania,42013,Blair,0.375,2011,2015
42,Pennsylvania,42015,Bradford,0.20500000000000002,2011,2015
42,Pennsylvania,42017,Bucks,0.79,2011,2015
42,Pennsylvania,42019,Butler,0.33999999999999997,2011,2015
42,Pennsylvania,42021,Cambria,0.54,2011,2015
42,Pennsylvania,42023,Cameron,0.27,2011,2015
42,Pennsylvania,42025,Carbon,0.31,2011,2015
42,Pennsylvania,42027,Centre,0.33,2011,2015
42,Pennsylvania,42029,Chester,0.595,2011,2015
42,Pennsylvania,42031,Clarion,0.24,2011,2015
42,Pennsylvania,42033,Clearfield,0.22,2011,2015
42,Pennsylvania,42035,Clinton,0.235,2011,2015
42,Pennsylvania,42037,Columbia,0.345,2011,2015
42,Pennsylvania,42039,Crawford,0.195,2011,2015
42,Pennsylvania,42041,Cumberland,0.905,2011,2015
42,Pennsylvania,42043,Dauphin,0.92,2011,2015
42,Pennsylvania,42045,Delaware,0.9600000000000001,2011,2015
42,Pennsylvania,42047,Elk,0.185,2011,2015
42,Pennsylvania,42049,Erie,0.525,2011,2015
42,Pennsylvania,42051,Fayette,0.275,2011,2015
42,Pennsylvania,42053,Forest,0.14500000000000002,2011,2015
42,Pennsylvania,42055,Franklin,0.495,2011,2015
42,Pennsylvania,42057,Fulton,0.22999999999999998,2011,2015
42,Pennsylvania,42059,Greene,0.295,2011,2015
42,Pennsylvania,42061,Huntingdon,0.315,2011,2015
42,Pennsylvania,42063,Indiana,0.24,2011,2015
42,Pennsylvania,42065,Jefferson,0.32499999999999996,2011,2015
42,Pennsylvania,42067,Juniata,0.28,2011,2015
42,Pennsylvania,42069,Lackawanna,0.485,2011,2015
42,Pennsylvania,42071,Lancaster,1.465,2011,2015
42,Pennsylvania,42073,Lawrence,0.45499999999999996,2011,2015
42,Pennsylvania,42075,Lebanon,0.9249999999999999,2011,2015
42,Pennsylvania,42077,Lehigh,1.165,2011,2015
42,Pennsylvania,42079,Luzerne,0.49,2011,2015
42,Pennsylvania,42081,Lycoming,0.42,2011,2015
42,Pennsylvania,42083,McKean,0.14,2011,2015
42,Pennsylvania,42085,Mercer,0.495,2011,2015
42,Pennsylvania,42087,Mifflin,0.405,2011,2015
42,Pennsylvania,42089,Monroe,0.41000000000000003,2011,2015
42,Pennsylvania,42091,Montgomery,0.775,2011,2015
42,Pennsylvania,42093,Montour,0.395,2011,2015
42,Pennsylvania,42095,Northampton,0.785,2011,2015
42,Pennsylvania,42097,Northumberland,0.43,2011,2015
42,Pennsylvania,42099,Perry,0.35,2011,2015
42,Pennsylvania,42101,Philadelphia,2.08,2011,2015
42,Pennsylvania,42103,Pike,0.225,2011,2015
42,Pennsylvania,42105,Potter,0.115,2011,2015
42,Pennsylvania,42107,Schuylkill,0.31,2011,2015
42,Pennsylvania,42109,Snyder,0.295,2011,2015
42,Pennsylvania,42111,Somerset,0.22500000000000003,2011,2015
42,Pennsylvania,42113,Sullivan,0.135,2011,2015
42,Pennsylvania,42115,Susquehanna,0.185,2011,2015
42,Pennsylvania,42117,Tioga,0.155,2011,2015
42,Pennsylvania,42119,Union,0.32999999999999996,2011,2015
42,Pennsylvania,42121,Venango,0.27,2011,2015
42,Pennsylvania,42123,Warren,0.235,2011,2015
42,Pennsylvania,42125,Washington,0.375,2011,2015
42,Pennsylvania,42127,Wayne,0.175,2011,2015
42,Pennsylvania,42129,Westmoreland,0.42000000000000004,2011,2015
42,Pennsylvania,42131,Wyoming,0.195,2011,2015
42,Pennsylvania,42133,York,1.52,2011,2015
44,Rhode Island,44001,Bristol,0.48,2011,2015
44,Rhode Island,44003,Kent,0.44,2011,2015
44,Rhode Island,44005,Newport,0.58,2011,2015
44,Rhode Island,44007,Providence,0.8,2011,2015
44,Rhode Island,44009,Washington,0.32,2011,2015
45,South Carolina,45001,Abbeville,0.235,2011,2015
45,South Carolina,45003,Aiken,0.375,2011,2015
45,South Carolina,45005,Allendale,0.185,2011,2015
45,South Carolina,45007,Anderson,0.67,2011,2015
45,South Carolina,45009,Bamberg,0.19,2011,2015
45,South Carolina,45011,Barnwell,0.195,2011,2015
45,South Carolina,45013,Beaufort,0.31,2011,2015
45,South Carolina,45015,Berkeley,0.375,2011,2015
45,South Carolina,45017,Calhoun,0.25,2011,2015
45,South Carolina,45019,Charleston,0.99,2011,2015
45,South Carolina,45021,Cherokee,0.385,2011,2015
45,South Carolina,45023,Chester,0.43,2011,2015
45,South Carolina,45025,Chesterfield,0.215,2011,2015
45,South Carolina,45027,Clarendon,0.225,2011,2015
45,South Carolina,45029,Colleton,0.25,2011,2015
45,South Carolina,45031,Darlington,0.315,2011,2015
45,South Carolina,45033,Dillon,0.275,2011,2015
45,South Carolina,45035,Dorchester,0.32499999999999996,2011,2015
45,South Carolina,45037,Edgefield,0.225,2011,2015
45,South Carolina,45039,Fairfield,0.26,2011,2015
45,South Carolina,45041,Florence,0.5,2011,2015
45,South Carolina,45043,Georgetown,0.23,2011,2015
45,South Carolina,45045,Greenville,0.99,2011,2015
45,South Carolina,45047,Greenwood,0.46499999999999997,2011,2015
45,South Carolina,45049,Hampton,0.20500000000000002,2011,2015
45,South Carolina,45051,Horry,0.325,2011,2015
45,South Carolina,45053,Jasper,0.28500000000000003,2011,2015
45,South Carolina,45055,Kershaw,0.245,2011,2015
45,South Carolina,45057,Lancaster,0.325,2011,2015
45,South Carolina,45059,Laurens,0.42,2011,2015
45,South Carolina,45061,Lee,0.235,2011,2015
45,South Carolina,45063,Lexington,0.865,2011,2015
45,South Carolina,45065,McCormick,0.20500000000000002,2011,2015
45,South Carolina,45067,Marion,0.23,2011,2015
45,South Carolina,45069,Marlboro,0.23500000000000001,2011,2015
45,South Carolina,45071,Newberry,0.265,2011,2015
45,South Carolina,45073,Oconee,0.225,2011,2015
45,South Carolina,45075,Orangeburg,0.34,2011,2015
45,South Carolina,45077,Pickens,0.29000000000000004,2011,2015
45,South Carolina,45079,Richland,1.0050000000000001,2011,2015
45,South Carolina,45081,Saluda,0.20500000000000002,2011,2015
45,South Carolina,45083,Spartanburg,1.005,2011,2015
45,South Carolina,45085,Sumter,0.315,2011,2015
45,South Carolina,45087,Union,0.425,2011,2015
45,South Carolina,45089,Williamsburg,0.2,2011,2015
45,South Carolina,45091,York,0.8600000000000001,2011,2015
46,South Dakota,46003,Aurora,0.11,2011,2015
46,South Dakota,46005,Beadle,0.17,2011,2015
46,South Dakota,46007,Bennett,0.07500000000000001,2011,2015
46,South Dakota,46009,Bon Homme,0.135,2011,2015
46,South Dakota,46011,Brookings,0.245,2011,2015
46,South Dakota,46013,Brown,0.245,2011,2015
46,South Dakota,46015,Brule,0.125,2011,2015
46,South Dakota,46017,Buffalo,0.075,2011,2015
46,South Dakota,46019,Butte,0.065,2011,2015
46,South Dakota,46021,Campbell,0.075,2011,2015
46,South Dakota,46023,Charles Mix,0.1,2011,2015
46,South Dakota,46025,Clark,0.10500000000000001,2011,2015
46,South Dakota,46027,Clay,0.36,2011,2015
46,South Dakota,46029,Codington,0.185,2011,2015
46,South Dakota,46031,Corson,0.055,2011,2015
46,South Dakota,46033,Custer,0.045,2011,2015
46,South Dakota,46035,Davison,0.215,2011,2015
46,South Dakota,46037,Day,0.10500000000000001,2011,2015
46,South Dakota,46039,Deuel,0.115,2011,2015
46,South Dakota,46041,Dewey,0.060000000000000005,2011,2015
46,South Dakota,46043,Douglas,0.11000000000000001,2011,2015
46,South Dakota,46045,Edmunds,0.09,2011,2015
46,South Dakota,46047,Fall River,0.09,2011,2015
46,South Dakota,46049,Faulk,0.09,2011,2015
46,South Dakota,46051,Grant,0.13,2011,2015
46,South Dakota,46053,Gregory,0.08,2011,2015
46,South Dakota,46055,Haakon,0.055,2011,2015
46,South Dakota,46057,Hamlin,0.12,2011,2015
46,South Dakota,46059,Hand,0.1,2011,2015
46,South Dakota,46061,Hanson,0.145,2011,2015
46,South Dakota,46063,Harding,0.035,2011,2015
46,South Dakota,46065,Hughes,0.125,2011,2015
46,South Dakota,46067,Hutchinson,0.13,2011,2015
46,South Dakota,46069,Hyde,0.075,2011,2015
46,South Dakota,46071,Jackson,0.065,2011,2015
46,South Dakota,46073,Jerauld,0.09,2011,2015
46,South Dakota,46075,Jones,0.08,2011,2015
46,South Dakota,46077,Kingsbury,0.115,2011,2015
46,South Dakota,46079,Lake,0.15,2011,2015
46,South Dakota,46081,Lawrence,0.07,2011,2015
46,South Dakota,46083,Lincoln,0.245,2011,2015
46,South Dakota,46085,Lyman,0.09,2011,2015
46,South Dakota,46087,McCook,0.15,2011,2015
46,South Dakota,46089,McPherson,0.075,2011,2015
46,South Dakota,46091,Marshall,0.1,2011,2015
46,South Dakota,46093,Meade,0.09,2011,2015
46,South Dakota,46095,Mellette,0.060000000000000005,2011,2015
46,South Dakota,46097,Miner,0.12,2011,2015
46,South Dakota,46099,Minnehaha,0.445,2011,2015
46,South Dakota,46101,Moody,0.16,2011,2015
46,South Dakota,46103,Pennington,0.315,2011,2015
46,South Dakota,46105,Perkins,0.045,2011,2015
46,South Dakota,46107,Potter,0.075,2011,2015
46,South Dakota,46109,Roberts,0.12,2011,2015
46,South Dakota,46111,Sanborn,0.125,2011,2015
46,South Dakota,46113,Shannon,0.07,2011,2015
46,South Dakota,46115,Spink,0.13,2011,2015
46,South Dakota,46117,Stanley,0.08,2011,2015
46,South Dakota,46119,Sully,0.075,2011,2015
46,South Dakota,46121,Todd,0.07,2011,2015
46,South Dakota,46123,Tripp,0.085,2011,2015
46,South Dakota,46125,Turner,0.155,2011,2015
46,South Dakota,46127,Union,0.22000000000000003,2011,2015
46,South Dakota,46129,Walworth,0.085,2011,2015
46,South Dakota,46135,Yankton,0.245,2011,2015
46,South Dakota,46137,Ziebach,0.045,2011,2015
47,Tennessee,47001,Anderson,0.44499999999999995,2011,2015
47,Tennessee,47003,Bedford,0.295,2011,2015
47,Tennessee,47005,Benton,0.26,2011,2015
47,Tennessee,47007,Bledsoe,0.175,2011,2015
47,Tennessee,47009,Blount,0.545,2011,2015
47,Tennessee,47011,Bradley,0.75,2011,2015
47,Tennessee,47013,Campbell,0.34,2011,2015
47,Tennessee,47015,Cannon,0.22500000000000003,2011,2015
47,Tennessee,47017,Carroll,0.24,2011,2015
47,Tennessee,47019,Carter,0.37,2011,2015
47,Tennessee,47021,Cheatham,0.43000000000000005,2011,2015
47,Tennessee,47023,Chester,0.25,2011,2015
47,Tennessee,47025,Claiborne,0.225,2011,2015
47,Tennessee,47027,Clay,0.21500000000000002,2011,2015
47,Tennessee,47029,Cocke,0.255,2011,2015
47,Tennessee,47031,Coffee,0.39,2011,2015
47,Tennessee,47033,Crockett,0.27,2011,2015
47,Tennessee,47035,Cumberland,0.24,2011,2015
47,Tennessee,47037,Davidson,1.2,2011,2015
47,Tennessee,47039,Decatur,0.23,2011,2015
47,Tennessee,47041,DeKalb,0.22500000000000003,2011,2015
47,Tennessee,47043,Dickson,0.305,2011,2015
47,Tennessee,47045,Dyer,0.33999999999999997,2011,2015
47,Tennessee,47047,Fayette,0.29,2011,2015
47,Tennessee,47049,Fentress,0.16999999999999998,2011,2015
47,Tennessee,47051,Franklin,0.255,2011,2015
47,Tennessee,47053,Gibson,0.27,2011,2015
47,Tennessee,47055,Giles,0.265,2011,2015
47,Tennessee,47057,Grainger,0.27999999999999997,2011,2015
47,Tennessee,47059,Greene,0.33,2011,2015
47,Tennessee,47061,Grundy,0.22499999999999998,2011,2015
47,Tennessee,47063,Hamblen,0.645,2011,2015
47,Tennessee,47065,Hamilton,0.95,2011,2015
47,Tennessee,47067,Hancock,0.18,2011,2015
47,Tennessee,47069,Hardeman,0.2,2011,2015
47,Tennessee,47071,Hardin,0.24,2011,2015
47,Tennessee,47073,Hawkins,0.305,2011,2015
47,Tennessee,47075,Haywood,0.31,2011,2015
47,Tennessee,47077,Henderson,0.28,2011,2015
47,Tennessee,47079,Henry,0.26,2011,2015
47,Tennessee,47081,Hickman,0.22999999999999998,2011,2015
47,Tennessee,47083,Houston,0.2,2011,2015
47,Tennessee,47085,Humphreys,0.23,2011,2015
47,Tennessee,47087,Jackson,0.235,2011,2015
47,Tennessee,47089,Jefferson,0.6000000000000001,2011,2015
47,Tennessee,47091,Johnson,0.125,2011,2015
47,Tennessee,47093,Knox,2.015,2011,2015
47,Tennessee,47095,Lake,0.265,2011,2015
47,Tennessee,47097,Lauderdale,0.27,2011,2015
47,Tennessee,47099,Lawrence,0.20500000000000002,2011,2015
47,Tennessee,47101,Lewis,0.18,2011,2015
47,Tennessee,47103,Lincoln,0.255,2011,2015
47,Tennessee,47105,Loudon,0.64,2011,2015
47,Tennessee,47107,McMinn,0.565,2011,2015
47,Tennessee,47109,McNairy,0.21000000000000002,2011,2015
47,Tennessee,47111,Macon,0.255,2011,2015
47,Tennessee,47113,Madison,0.72,2011,2015
47,Tennessee,47115,Marion,0.385,2011,2015
47,Tennessee,47117,Marshall,0.365,2011,2015
47,Tennessee,47119,Maury,0.385,2011,2015
47,Tennessee,47121,Meigs,0.295,2011,2015
47,Tennessee,47123,Monroe,0.28,2011,2015
47,Tennessee,47125,Montgomery,0.68,2011,2015
47,Tennessee,47127,Moore,0.21500000000000002,2011,2015
47,Tennessee,47129,Morgan,0.21500000000000002,2011,2015
47,Tennessee,47131,Obion,0.29,2011,2015
47,Tennessee,47133,Overton,0.18,2011,2015
47,Tennessee,47135,Perry,0.19,2011,2015
47,Tennessee,47137,Pickett,0.16,2011,2015
47,Tennessee,47139,Polk,0.195,2011,2015
47,Tennessee,47141,Putnam,0.36,2011,2015
47,Tennessee,47143,Rhea,0.27,2011,2015
47,Tennessee,47145,Roane,0.405,2011,2015
47,Tennessee,47147,Robertson,0.44499999999999995,2011,2015
47,Tennessee,47149,Rutherford,0.735,2011,2015
47,Tennessee,47151,Scott,0.2,2011,2015
47,Tennessee,47153,Sequatchie,0.20500000000000002,2011,2015
47,Tennessee,47155,Sevier,0.34500000000000003,2011,2015
47,Tennessee,47157,Shelby,0.91,2011,2015
47,Tennessee,47159,Smith,0.34,2011,2015
47,Tennessee,47161,Stewart,0.225,2011,2015
47,Tennessee,47163,Sullivan,0.79,2011,2015
47,Tennessee,47165,Sumner,0.585,2011,2015
47,Tennessee,47167,Tipton,0.385,2011,2015
47,Tennessee,47169,Trousdale,0.29500000000000004,2011,2015
47,Tennessee,47171,Unicoi,0.22,2011,2015
47,Tennessee,47173,Union,0.29,2011,2015
47,Tennessee,47175,Van Buren,0.155,2011,2015
47,Tennessee,47177,Warren,0.235,2011,2015
47,Tennessee,47179,Washington,0.65,2011,2015
47,Tennessee,47181,Wayne,0.165,2011,2015
47,Tennessee,47183,Weakley,0.225,2011,2015
47,Tennessee,47185,White,0.2,2011,2015
47,Tennessee,47187,Williamson,0.58,2011,2015
47,Tennessee,47189,Wilson,0.6,2011,2015
48,Texas,48001,Anderson,0.32,2011,2015
48,Texas,48003,Andrews,0.20500000000000002,2011,2015
48,Texas,48005,Angelina,0.38,2011,2015
48,Texas,48007,Aransas,0.13,2011,2015
48,Texas,48009,Archer,0.23500000000000001,2011,2015
48,Texas,48011,Armstrong,0.175,2011,2015
48,Texas,48013,Atascosa,0.2,2011,2015
48,Texas,48015,Austin,0.34,2011,2015
48,Texas,48017,Bailey,0.2,2011,2015
48,Texas,48019,Bandera,0.13,2011,2015
48,Texas,48021,Bastrop,0.275,2011,2015
48,Texas,48023,Baylor,0.315,2011,2015
48,Texas,48025,Bee,0.245,2011,2015
48,Texas,48027,Bell,0.63,2011,2015
48,Texas,48029,Bexar,0.825,2011,2015
48,Texas,48031,Blanco,0.15000000000000002,2011,2015
48,Texas,48033,Borden,0.14,2011,2015
48,Texas,48035,Bosque,0.375,2011,2015
48,Texas,48037,Bowie,0.5650000000000001,2011,2015
48,Texas,48039,Brazoria,0.355,2011,2015
48,Texas,48041,Brazos,0.5,2011,2015
48,Texas,48043,Brewster,0.145,2011,2015
48,Texas,48045,Briscoe,0.23,2011,2015
48,Texas,48047,Brooks,0.375,2011,2015
48,Texas,48049,Brown,0.265,2011,2015
48,Texas,48051,Burleson,0.315,2011,2015
48,Texas,48053,Burnet,0.165,2011,2015
48,Texas,48055,Caldwell,0.28500000000000003,2011,2015
48,Texas,48057,Calhoun,0.315,2011,2015
48,Texas,48059,Callahan,0.175,2011,2015
48,Texas,48061,Cameron,0.29000000000000004,2011,2015
48,Texas,48063,Camp,0.385,2011,2015
48,Texas,48065,Carson,0.20500000000000002,2011,2015
48,Texas,48067,Cass,0.24,2011,2015
48,Texas,48069,Castro,0.365,2011,2015
48,Texas,48071,Chambers,0.35,2011,2015
48,Texas,48073,Cherokee,0.275,2011,2015
48,Texas,48075,Childress,0.355,2011,2015
48,Texas,48077,Clay,0.355,2011,2015
48,Texas,48079,Cochran,0.28,2011,2015
48,Texas,48081,Coke,0.125,2011,2015
48,Texas,48083,Coleman,0.255,2011,2015
48,Texas,48085,Collin,0.52,2011,2015
48,Texas,48087,Collingsworth,0.19,2011,2015
48,Texas,48089,Colorado,0.305,2011,2015
48,Texas,48091,Comal,0.425,2011,2015
48,Texas,48093,Comanche,0.255,2011,2015
48,Texas,48095,Concho,0.155,2011,2015
48,Texas,48097,Cooke,0.43499999999999994,2011,2015
48,Texas,48099,Coryell,0.29,2011,2015
48,Texas,48101,Cottle,0.195,2011,2015
48,Texas,48103,Crane,0.07500000000000001,2011,2015
48,Texas,48105,Crockett,0.08499999999999999,2011,2015
48,Texas,48107,Crosby,0.20500000000000002,2011,2015
48,Texas,48109,Culberson,0.09,2011,2015
48,Texas,48111,Dallam,0.38,2011,2015
48,Texas,48113,Dallas,0.95,2011,2015
48,Texas,48115,Dawson,0.43,2011,2015
48,Texas,48117,Deaf Smith,0.63,2011,2015
48,Texas,48119,Delta,0.44,2011,2015
48,Texas,48121,Denton,0.875,2011,2015
48,Texas,48123,DeWitt,0.25,2011,2015
48,Texas,48125,Dickens,0.195,2011,2015
48,Texas,48127,Dimmit,0.13,2011,2015
48,Texas,48129,Donley,0.435,2011,2015
48,Texas,48131,Duval,0.105,2011,2015
48,Texas,48133,Eastland,0.21500000000000002,2011,2015
48,Texas,48135,Ector,0.325,2011,2015
48,Texas,48137,Edwards,0.08499999999999999,2011,2015
48,Texas,48139,Ellis,0.56,2011,2015
48,Texas,48141,El Paso,0.51,2011,2015
48,Texas,48143,Erath,0.215,2011,2015
48,Texas,48145,Falls,0.42500000000000004,2011,2015
48,Texas,48147,Fannin,0.41000000000000003,2011,2015
48,Texas,48149,Fayette,0.25,2011,2015
48,Texas,48151,Fisher,0.16499999999999998,2011,2015
48,Texas,48153,Floyd,0.36,2011,2015
48,Texas,48155,Foard,0.245,2011,2015
48,Texas,48157,Fort Bend,0.475,2011,2015
48,Texas,48159,Franklin,0.33499999999999996,2011,2015
48,Texas,48161,Freestone,0.365,2011,2015
48,Texas,48163,Frio,0.195,2011,2015
48,Texas,48165,Gaines,0.365,2011,2015
48,Texas,48167,Galveston,0.415,2011,2015
48,Texas,48169,Garza,0.135,2011,2015
48,Texas,48171,Gillespie,0.16499999999999998,2011,2015
48,Texas,48173,Glasscock,0.11,2011,2015
48,Texas,48175,Goliad,0.19,2011,2015
48,Texas,48177,Gonzales,0.37,2011,2015
48,Texas,48179,Gray,0.31,2011,2015
48,Texas,48181,Grayson,0.45,2011,2015
48,Texas,48183,Gregg,0.41500000000000004,2011,2015
48,Texas,48185,Grimes,0.31,2011,2015
48,Texas,48187,Guadalupe,0.55,2011,2015
48,Texas,48189,Hale,0.46,2011,2015
48,Texas,48191,Hall,0.18,2011,2015
48,Texas,48193,Hamilton,0.34,2011,2015
48,Texas,48195,Hansford,0.295,2011,2015
48,Texas,48197,Hardeman,0.195,2011,2015
48,Texas,48199,Hardin,0.255,2011,2015
48,Texas,48201,Harris,1.1600000000000001,2011,2015
48,Texas,48203,Harrison,0.3,2011,2015
48,Texas,48205,Hartley,0.185,2011,2015
48,Texas,48207,Haskell,0.43,2011,2015
48,Texas,48209,Hays,0.635,2011,2015
48,Texas,48211,Hemphill,0.16,2011,2015
48,Texas,48213,Henderson,0.245,2011,2015
48,Texas,48215,Hidalgo,0.355,2011,2015
48,Texas,48217,Hill,0.4,2011,2015
48,Texas,48219,Hockley,0.28,2011,2015
48,Texas,48221,Hood,0.26,2011,2015
48,Texas,48223,Hopkins,0.395,2011,2015
48,Texas,48225,Houston,0.35000000000000003,2011,2015
48,Texas,48227,Howard,0.28500000000000003,2011,2015
48,Texas,48229,Hudspeth,0.085,2011,2015
48,Texas,48231,Hunt,0.415,2011,2015
48,Texas,48233,Hutchinson,0.28,2011,2015
48,Texas,48235,Irion,0.08,2011,2015
48,Texas,48237,Jack,0.275,2011,2015
48,Texas,48239,Jackson,0.28500000000000003,2011,2015
48,Texas,48241,Jasper,0.275,2011,2015
48,Texas,48243,Jeff Davis,0.025,2011,2015
48,Texas,48245,Jefferson,0.665,2011,2015
48,Texas,48247,Jim Hogg,0.14,2011,2015
48,Texas,48249,Jim Wells,0.23,2011,2015
48,Texas,48251,Johnson,0.355,2011,2015
48,Texas,48253,Jones,0.23,2011,2015
48,Texas,48255,Karnes,0.265,2011,2015
48,Texas,48257,Kaufman,0.445,2011,2015
48,Texas,48259,Kendall,0.20500000000000002,2011,2015
48,Texas,48261,Kenedy,0.095,2011,2015
48,Texas,48263,Kent,0.16,2011,2015
48,Texas,48265,Kerr,0.19999999999999998,2011,2015
48,Texas,48267,Kimble,0.165,2011,2015
48,Texas,48269,King,0.195,2011,2015
48,Texas,48271,Kinney,0.07500000000000001,2011,2015
48,Texas,48273,Kleberg,0.255,2011,2015
48,Texas,48275,Knox,0.42,2011,2015
48,Texas,48277,Lamar,0.44499999999999995,2011,2015
48,Texas,48279,Lamb,0.365,2011,2015
48,Texas,48281,Lampasas,0.20500000000000002,2011,2015
48,Texas,48283,La Salle,0.14500000000000002,2011,2015
48,Texas,48285,Lavaca,0.27,2011,2015
48,Texas,48287,Lee,0.255,2011,2015
48,Texas,48289,Leon,0.28,2011,2015
48,Texas,48291,Liberty,0.30000000000000004,2011,2015
48,Texas,48293,Limestone,0.365,2011,2015
48,Texas,48295,Lipscomb,0.19,2011,2015
48,Texas,48297,Live Oak,0.215,2011,2015
48,Texas,48299,Llano,0.165,2011,2015
48,Texas,48301,Loving,0.060000000000000005,2011,2015
48,Texas,48303,Lubbock,0.41500000000000004,2011,2015
48,Texas,48305,Lynn,0.22999999999999998,2011,2015
48,Texas,48307,McCulloch,0.205,2011,2015
48,Texas,48309,McLennan,1.055,2011,2015
48,Texas,48311,McMullen,0.095,2011,2015
48,Texas,48313,Madison,0.305,2011,2015
48,Texas,48315,Marion,0.21000000000000002,2011,2015
48,Texas,48317,Martin,0.15,2011,2015
48,Texas,48319,Mason,0.21000000000000002,2011,2015
48,Texas,48321,Matagorda,0.28500000000000003,2011,2015
48,Texas,48323,Maverick,0.31,2011,2015
48,Texas,48325,Medina,0.21000000000000002,2011,2015
48,Texas,48327,Menard,0.095,2011,2015
48,Texas,48329,Midland,0.4,2011,2015
48,Texas,48331,Milam,0.33,2011,2015
48,Texas,48333,Mills,0.205,2011,2015
48,Texas,48335,Mitchell,0.175,2011,2015
48,Texas,48337,Montague,0.355,2011,2015
48,Texas,48339,Montgomery,0.435,2011,2015
48,Texas,48341,Moore,0.4,2011,2015
48,Texas,48343,Morris,0.28500000000000003,2011,2015
48,Texas,48345,Motley,0.20500000000000002,2011,2015
48,Texas,48347,Nacogdoches,0.3,2011,2015
48,Texas,48349,Navarro,0.425,2011,2015
48,Texas,48351,Newton,0.175,2011,2015
48,Texas,48353,Nolan,0.37,2011,2015
48,Texas,48355,Nueces,0.43,2011,2015
48,Texas,48357,Ochiltree,0.4,2011,2015
48,Texas,48359,Oldham,0.15000000000000002,2011,2015
48,Texas,48361,Orange,0.455,2011,2015
48,Texas,48363,Palo Pinto,0.255,2011,2015
48,Texas,48365,Panola,0.245,2011,2015
48,Texas,48367,Parker,0.315,2011,2015
48,Texas,48369,Parmer,0.22,2011,2015
48,Texas,48371,Pecos,0.21500000000000002,2011,2015
48,Texas,48373,Polk,0.215,2011,2015
48,Texas,48375,Potter,0.745,2011,2015
48,Texas,48377,Presidio,0.04,2011,2015
48,Texas,48379,Rains,0.27,2011,2015
48,Texas,48381,Randall,0.48,2011,2015
48,Texas,48383,Reagan,0.14,2011,2015
48,Texas,48385,Real,0.095,2011,2015
48,Texas,48387,Red River,0.27,2011,2015
48,Texas,48389,Reeves,0.27,2011,2015
48,Texas,48391,Refugio,0.165,2011,2015
48,Texas,48393,Roberts,0.175,2011,2015
48,Texas,48395,Robertson,0.315,2011,2015
48,Texas,48397,Rockwall,0.49,2011,2015
48,Texas,48399,Runnels,0.285,2011,2015
48,Texas,48401,Rusk,0.22999999999999998,2011,2015
48,Texas,48403,Sabine,0.14500000000000002,2011,2015
48,Texas,48405,San Augustine,0.18,2011,2015
48,Texas,48407,San Jacinto,0.245,2011,2015
48,Texas,48409,San Patricio,0.24,2011,2015
48,Texas,48411,San Saba,0.235,2011,2015
48,Texas,48413,Schleicher,0.085,2011,2015
48,Texas,48415,Scurry,0.17,2011,2015
48,Texas,48417,Shackelford,0.17,2011,2015
48,Texas,48419,Shelby,0.20500000000000002,2011,2015
48,Texas,48421,Sherman,0.23,2011,2015
48,Texas,48423,Smith,0.49,2011,2015
48,Texas,48425,Somervell,0.32,2011,2015
48,Texas,48427,Starr,0.16,2011,2015
48,Texas,48429,Stephens,0.22999999999999998,2011,2015
48,Texas,48431,Sterling,0.08,2011,2015
48,Texas,48433,Stonewall,0.3,2011,2015
48,Texas,48435,Sutton,0.08,2011,2015
48,Texas,48437,Swisher,0.27,2011,2015
48,Texas,48439,Tarrant,0.775,2011,2015
48,Texas,48441,Taylor,0.465,2011,2015
48,Texas,48443,Terrell,0.055,2011,2015
48,Texas,48445,Terry,0.34500000000000003,2011,2015
48,Texas,48447,Throckmorton,0.365,2011,2015
48,Texas,48449,Titus,0.415,2011,2015
48,Texas,48451,Tom Green,0.28,2011,2015
48,Texas,48453,Travis,0.845,2011,2015
48,Texas,48455,Trinity,0.21500000000000002,2011,2015
48,Texas,48457,Tyler,0.2,2011,2015
48,Texas,48459,Upshur,0.25,2011,2015
48,Texas,48461,Upton,0.09,2011,2015
48,Texas,48463,Uvalde,0.21,2011,2015
48,Texas,48465,Val Verde,0.225,2011,2015
48,Texas,48467,Van Zandt,0.32,2011,2015
48,Texas,48469,Victoria,0.66,2011,2015
48,Texas,48471,Walker,0.44499999999999995,2011,2015
48,Texas,48473,Waller,0.395,2011,2015
48,Texas,48475,Ward,0.3,2011,2015
48,Texas,48477,Washington,0.33,2011,2015
48,Texas,48479,Webb,0.525,2011,2015
48,Texas,48481,Wharton,0.365,2011,2015
48,Texas,48483,Wheeler,0.16999999999999998,2011,2015
48,Texas,48485,Wichita,0.575,2011,2015
48,Texas,48487,Wilbarger,0.28500000000000003,2011,2015
48,Texas,48489,Willacy,0.16999999999999998,2011,2015
48,Texas,48491,Williamson,0.475,2011,2015
48,Texas,48493,Wilson,0.25,2011,2015
48,Texas,48495,Winkler,0.16,2011,2015
48,Texas,48497,Wise,0.375,2011,2015
48,Texas,48499,Wood,0.31,2011,2015
48,Texas,48501,Yoakum,0.305,2011,2015
48,Texas,48503,Young,0.395,2011,2015
48,Texas,48505,Zapata,0.095,2011,2015
48,Texas,48507,Zavala,0.14,2011,2015
49,Utah,49001,Beaver,0.125,2011,2015
49,Utah,49003,Box Elder,0.24,2011,2015
49,Utah,49005,Cache,0.275,2011,2015
49,Utah,49007,Carbon,0.22,2011,2015
49,Utah,49009,Daggett,0.03,2011,2015
49,Utah,49011,Davis,0.61,2011,2015
49,Utah,49013,Duchesne,0.06,2011,2015
49,Utah,49015,Emery,0.055,2011,2015
49,Utah,49017,Garfield,0.03,2011,2015
49,Utah,49019,Grand,0.10500000000000001,2011,2015
49,Utah,49021,Iron,0.11499999999999999,2011,2015
49,Utah,49023,Juab,0.17,2011,2015
49,Utah,49025,Kane,0.045,2011,2015
49,Utah,49027,Millard,0.07500000000000001,2011,2015
49,Utah,49029,Morgan,0.185,2011,2015
49,Utah,49031,Piute,0.025,2011,2015
49,Utah,49033,Rich,0.06,2011,2015
49,Utah,49035,Salt Lake,0.9099999999999999,2011,2015
49,Utah,49037,San Juan,0.03,2011,2015
49,Utah,49039,Sanpete,0.05,2011,2015
49,Utah,49041,Sevier,0.1,2011,2015
49,Utah,49043,Summit,0.14,2011,2015
49,Utah,49045,Tooele,0.095,2011,2015
49,Utah,49047,Uintah,0.060000000000000005,2011,2015
49,Utah,49049,Utah,0.675,2011,2015
49,Utah,49051,Wasatch,0.305,2011,2015
49,Utah,49053,Washington,0.225,2011,2015
49,Utah,49055,Wayne,0.025,2011,2015
49,Utah,49057,Weber,0.6599999999999999,2011,2015
50,Vermont,50001,Addison,0.125,2011,2015
50,Vermont,50003,Bennington,0.12000000000000001,2011,2015
50,Vermont,50005,Caledonia,0.09,2011,2015
50,Vermont,50007,Chittenden,0.32,2011,2015
50,Vermont,50009,Essex,0.055,2011,2015
50,Vermont,50011,Franklin,0.11499999999999999,2011,2015
50,Vermont,50013,Grand Isle,0.115,2011,2015
50,Vermont,50015,Lamoille,0.075,2011,2015
50,Vermont,50017,Orange,0.11000000000000001,2011,2015
50,Vermont,50019,Orleans,0.075,2011,2015
50,Vermont,50021,Rutland,0.175,2011,2015
50,Vermont,50023,Washington,0.235,2011,2015
50,Vermont,50025,Windham,0.185,2011,2015
50,Vermont,50027,Windsor,0.14500000000000002,2011,2015
51,Virginia,51001,Accomack,0.25,2011,2015
51,Virginia,51003,Albemarle,0.34,2011,2015
51,Virginia,51005,Alleghany,0.895,2011,2015
51,Virginia,51007,Amelia,0.225,2011,2015
51,Virginia,51009,Amherst,0.245,2011,2015
51,Virginia,51011,Appomattox,0.24,2011,2015
51,Virginia,51013,Arlington,1.205,2011,2015
51,Virginia,51015,Augusta,0.22,2011,2015
51,Virginia,51017,Bath,0.12000000000000001,2011,2015
51,Virginia,51019,Bedford,0.26,2011,2015
51,Virginia,51021,Bland,0.175,2011,2015
51,Virginia,51023,Botetourt,0.28,2011,2015
51,Virginia,51025,Brunswick,0.26,2011,2015
51,Virginia,51027,Buchanan,0.155,2011,2015
51,Virginia,51029,Buckingham,0.20500000000000002,2011,2015
51,Virginia,51031,Campbell,0.35,2011,2015
51,Virginia,51033,Caroline,0.405,2011,2015
51,Virginia,51035,Carroll,0.21500000000000002,2011,2015
51,Virginia,51036,Charles City,0.28500000000000003,2011,2015
51,Virginia,51037,Charlotte,0.20500000000000002,2011,2015
51,Virginia,51041,Chesterfield,0.5800000000000001,2011,2015
51,Virginia,51043,Clarke,0.32,2011,2015
51,Virginia,51045,Craig,0.135,2011,2015
51,Virginia,51047,Culpeper,0.395,2011,2015
51,Virginia,51049,Cumberland,0.2,2011,2015
51,Virginia,51051,Dickenson,0.18,2011,2015
51,Virginia,51053,Dinwiddie,0.295,2011,2015
51,Virginia,51057,Essex,0.255,2011,2015
51,Virginia,51059,Fairfax,0.815,2011,2015
51,Virginia,51061,Fauquier,0.35,2011,2015
51,Virginia,51063,Floyd,0.14,2011,2015
51,Virginia,51065,Fluvanna,0.255,2011,2015
51,Virginia,51067,Franklin,0.22999999999999998,2011,2015
51,Virginia,51069,Frederick,0.385,2011,2015
51,Virginia,51071,Giles,0.19,2011,2015
51,Virginia,51073,Gloucester,0.275,2011,2015
51,Virginia,51075,Goochland,0.365,2011,2015
51,Virginia,51077,Grayson,0.11,2011,2015
51,Virginia,51079,Greene,0.22500000000000003,2011,2015
51,Virginia,51081,Greensville,0.31,2011,2015
51,Virginia,51083,Halifax,0.26,2011,2015
51,Virginia,51085,Hanover,0.445,2011,2015
51,Virginia,51087,Henrico,0.7,2011,2015
51,Virginia,51089,Henry,0.37,2011,2015
51,Virginia,51091,Highland,0.09,2011,2015
51,Virginia,51093,Isle of Wight,0.265,2011,2015
51,Virginia,51095,James City,0.375,2011,2015
51,Virginia,51097,King and Queen,0.24,2011,2015
51,Virginia,51099,King George,0.33999999999999997,2011,2015
51,Virginia,51101,King William,0.26,2011,2015
51,Virginia,51103,Lancaster,0.25,2011,2015
51,Virginia,51105,Lee,0.175,2011,2015
51,Virginia,51107,Loudoun,0.53,2011,2015
51,Virginia,51109,Louisa,0.26,2011,2015
51,Virginia,51111,Lunenburg,0.2,2011,2015
51,Virginia,51113,Madison,0.185,2011,2015
51,Virginia,51115,Mathews,0.355,2011,2015
51,Virginia,51117,Mecklenburg,0.255,2011,2015
51,Virginia,51119,Middlesex,0.265,2011,2015
51,Virginia,51121,Montgomery,0.405,2011,2015
51,Virginia,51125,Nelson,0.19,2011,2015
51,Virginia,51127,New Kent,0.355,2011,2015
51,Virginia,51131,Northampton,0.555,2011,2015
51,Virginia,51133,Northumberland,0.25,2011,2015
51,Virginia,51135,Nottoway,0.26,2011,2015
51,Virginia,51137,Orange,0.27,2011,2015
51,Virginia,51139,Page,0.175,2011,2015
51,Virginia,51141,Patrick,0.14500000000000002,2011,2015
51,Virginia,51143,Pittsylvania,0.245,2011,2015
51,Virginia,51145,Powhatan,0.28,2011,2015
51,Virginia,51147,Prince Edward,0.27,2011,2015
51,Virginia,51149,Prince George,0.365,2011,2015
51,Virginia,51153,Prince William,0.71,2011,2015
51,Virginia,51155,Pulaski,0.275,2011,2015
51,Virginia,51157,Rappahannock,0.16999999999999998,2011,2015
51,Virginia,51159,Richmond,0.24,2011,2015
51,Virginia,51161,Roanoke,0.3,2011,2015
51,Virginia,51163,Rockbridge,0.29500000000000004,2011,2015
51,Virginia,51165,Rockingham,0.25,2011,2015
51,Virginia,51167,Russell,0.165,2011,2015
51,Virginia,51169,Scott,0.275,2011,2015
51,Virginia,51171,Shenandoah,0.31,2011,2015
51,Virginia,51173,Smyth,0.16999999999999998,2011,2015
51,Virginia,51175,Southampton,0.245,2011,2015
51,Virginia,51177,Spotsylvania,0.535,2011,2015
51,Virginia,51179,Stafford,0.5549999999999999,2011,2015
51,Virginia,51181,Surry,0.235,2011,2015
51,Virginia,51183,Sussex,0.3,2011,2015
51,Virginia,51185,Tazewell,0.16,2011,2015
51,Virginia,51187,Warren,0.395,2011,2015
51,Virginia,51191,Washington,0.265,2011,2015
51,Virginia,51193,Westmoreland,0.245,2011,2015
51,Virginia,51195,Wise,0.18,2011,2015
51,Virginia,51197,Wythe,0.305,2011,2015
51,Virginia,51199,York,0.42000000000000004,2011,2015
51,Virginia,51510,Alexandria,1.025,2011,2015
51,Virginia,51515,Bedford City,0.53,2011,2015
51,Virginia,51520,Bristol,0.63,2011,2015
51,Virginia,51530,Buena Vista,0.31,2011,2015
51,Virginia,51540,Charlottesville,0.715,2011,2015
51,Virginia,51550,Chesapeake,0.605,2011,2015
51,Virginia,51570,Colonial Heights,0.665,2011,2015
51,Virginia,51580,Covington,0.355,2011,2015
51,Virginia,51590,Danville,0.55,2011,2015
51,Virginia,51595,Emporia,1.085,2011,2015
51,Virginia,51600,Fairfax City,0.78,2011,2015
51,Virginia,51610,Falls Church,1.01,2011,2015
51,Virginia,51620,Franklin City,0.275,2011,2015
51,Virginia,51630,Fredericksburg,0.8499999999999999,2011,2015
51,Virginia,51640,Galax,0.185,2011,2015
51,Virginia,51650,Hampton,0.445,2011,2015
51,Virginia,51660,Harrisonburg,0.745,2011,2015
51,Virginia,51670,Hopewell,0.585,2011,2015
51,Virginia,51678,Lexington,0.53,2011,2015
51,Virginia,51680,Lynchburg,0.485,2011,2015
51,Virginia,51683,Manassas,0.64,2011,2015
51,Virginia,51685,Manassas Park,0.6,2011,2015
51,Virginia,51690,Martinsville,0.455,2011,2015
51,Virginia,51700,Newport News,0.63,2011,2015
51,Virginia,51710,Norfolk,0.8250000000000001,2011,2015
51,Virginia,51720,Norton,0.29,2011,2015
51,Virginia,51730,Petersburg,0.755,2011,2015
51,Virginia,51735,Poquoson,0.375,2011,2015
51,Virginia,51740,Portsmouth,0.62,2011,2015
51,Virginia,51750,Radford,0.485,2011,2015
51,Virginia,51760,Richmond City,0.795,2011,2015
51,Virginia,51770,Roanoke City,0.6,2011,2015
51,Virginia,51775,Salem,0.385,2011,2015
51,Virginia,51790,Staunton,0.32,2011,2015
51,Virginia,51800,Suffolk,0.3,2011,2015
51,Virginia,51810,Virginia Beach,0.49,2011,2015
51,Virginia,51820,Waynesboro,0.42,2011,2015
51,Virginia,51830,Williamsburg,0.385,2011,2015
51,Virginia,51840,Winchester,0.705,2011,2015
53,Washington,53001,Adams,0.18,2011,2015
53,Washington,53003,Asotin,0.185,2011,2015
53,Washington,53005,Benton,0.45,2011,2015
53,Washington,53007,Chelan,0.11,2011,2015
53,Washington,53009,Clallam,0.25,2011,2015
53,Washington,53011,Clark,0.6950000000000001,2011,2015
53,Washington,53013,Columbia,0.07,2011,2015
53,Washington,53015,Cowlitz,0.725,2011,2015
53,Washington,53017,Douglas,0.15,2011,2015
53,Washington,53019,Ferry,0.025,2011,2015
53,Washington,53021,Franklin,0.6900000000000001,2011,2015
53,Washington,53023,Garfield,0.060000000000000005,2011,2015
53,Washington,53025,Grant,0.14500000000000002,2011,2015
53,Washington,53027,Grays Harbor,0.11499999999999999,2011,2015
53,Washington,53029,Island,0.41500000000000004,2011,2015
53,Washington,53031,Jefferson,0.245,2011,2015
53,Washington,53033,King,1.5899999999999999,2011,2015
53,Washington,53035,Kitsap,0.63,2011,2015
53,Washington,53037,Kittitas,0.25,2011,2015
53,Washington,53039,Klickitat,0.095,2011,2015
53,Washington,53041,Lewis,0.41,2011,2015
53,Washington,53043,Lincoln,0.15,2011,2015
53,Washington,53045,Mason,0.15000000000000002,2011,2015
53,Washington,53047,Okanogan,0.045,2011,2015
53,Washington,53049,Pacific,0.08,2011,2015
53,Washington,53051,Pend Oreille,0.065,2011,2015
53,Washington,53053,Pierce,1.055,2011,2015
53,Washington,53055,San Juan,0.165,2011,2015
53,Washington,53057,Skagit,0.41000000000000003,2011,2015
53,Washington,53059,Skamania,0.14500000000000002,2011,2015
53,Washington,53061,Snohomish,1.4300000000000002,2011,2015
53,Washington,53063,Spokane,0.8049999999999999,2011,2015
53,Washington,53065,Stevens,0.075,2011,2015
53,Washington,53067,Thurston,0.76,2011,2015
53,Washington,53069,Wahkiakum,0.125,2011,2015
53,Washington,53071,Walla Walla,0.22999999999999998,2011,2015
53,Washington,53073,Whatcom,0.625,2011,2015
53,Washington,53075,Whitman,0.38499999999999995,2011,2015
53,Washington,53077,Yakima,0.59,2011,2015
54,West Virginia,54001,Barbour,0.135,2011,2015
54,West Virginia,54003,Berkeley,0.6699999999999999,2011,2015
54,West Virginia,54005,Boone,0.19,2011,2015
54,West Virginia,54007,Braxton,0.18,2011,2015
54,West Virginia,54009,Brooke,0.35,2011,2015
54,West Virginia,54011,Cabell,0.7250000000000001,2011,2015
54,West Virginia,54013,Calhoun,0.14500000000000002,2011,2015
54,West Virginia,54015,Clay,0.16,2011,2015
54,West Virginia,54017,Doddridge,0.16,2011,2015
54,West Virginia,54019,Fayette,0.265,2011,2015
54,West Virginia,54021,Gilmer,0.155,2011,2015
54,West Virginia,54023,Grant,0.10500000000000001,2011,2015
54,West Virginia,54025,Greenbrier,0.15500000000000003,2011,2015
54,West Virginia,54027,Hampshire,0.16,2011,2015
54,West Virginia,54029,Hancock,0.36,2011,2015
54,West Virginia,54031,Hardy,0.13,2011,2015
54,West Virginia,54033,Harrison,0.425,2011,2015
54,West Virginia,54035,Jackson,0.28500000000000003,2011,2015
54,West Virginia,54037,Jefferson,0.385,2011,2015
54,West Virginia,54039,Kanawha,0.7250000000000001,2011,2015
54,West Virginia,54041,Lewis,0.185,2011,2015
54,West Virginia,54043,Lincoln,0.2,2011,2015
54,West Virginia,54045,Logan,0.175,2011,2015
54,West Virginia,54047,McDowell,0.16,2011,2015
54,West Virginia,54049,Marion,0.365,2011,2015
54,West Virginia,54051,Marshall,0.355,2011,2015
54,West Virginia,54053,Mason,0.33499999999999996,2011,2015
54,West Virginia,54055,Mercer,0.30000000000000004,2011,2015
54,West Virginia,54057,Mineral,0.21500000000000002,2011,2015
54,West Virginia,54059,Mingo,0.245,2011,2015
54,West Virginia,54061,Monongalia,0.45499999999999996,2011,2015
54,West Virginia,54063,Monroe,0.14,2011,2015
54,West Virginia,54065,Morgan,0.25,2011,2015
54,West Virginia,54067,Nicholas,0.135,2011,2015
54,West Virginia,54069,Ohio,0.56,2011,2015
54,West Virginia,54071,Pendleton,0.09,2011,2015
54,West Virginia,54073,Pleasants,0.21,2011,2015
54,West Virginia,54075,Pocahontas,0.095,2011,2015
54,West Virginia,54077,Preston,0.14500000000000002,2011,2015
54,West Virginia,54079,Putnam,0.33999999999999997,2011,2015
54,West Virginia,54081,Raleigh,0.39,2011,2015
54,West Virginia,54083,Randolph,0.185,2011,2015
54,West Virginia,54085,Ritchie,0.155,2011,2015
54,West Virginia,54087,Roane,0.19,2011,2015
54,West Virginia,54089,Summers,0.195,2011,2015
54,West Virginia,54091,Taylor,0.175,2011,2015
54,West Virginia,54093,Tucker,0.095,2011,2015
54,West Virginia,54095,Tyler,0.215,2011,2015
54,West Virginia,54097,Upshur,0.2,2011,2015
54,West Virginia,54099,Wayne,0.345,2011,2015
54,West Virginia,54101,Webster,0.1,2011,2015
54,West Virginia,54103,Wetzel,0.215,2011,2015
54,West Virginia,54105,Wirt,0.17,2011,2015
54,West Virginia,54107,Wood,0.505,2011,2015
54,West Virginia,54109,Wyoming,0.15000000000000002,2011,2015
55,Wisconsin,55001,Adams,0.18,2011,2015
55,Wisconsin,55003,Ashland,0.215,2011,2015
55,Wisconsin,55005,Barron,0.16,2011,2015
55,Wisconsin,55007,Bayfield,0.08,2011,2015
55,Wisconsin,55009,Brown,0.54,2011,2015
55,Wisconsin,55011,Buffalo,0.2,2011,2015
55,Wisconsin,55013,Burnett,0.13,2011,2015
55,Wisconsin,55015,Calumet,0.26,2011,2015
55,Wisconsin,55017,Chippewa,0.3,2011,2015
55,Wisconsin,55019,Clark,0.16,2011,2015
55,Wisconsin,55021,Columbia,0.295,2011,2015
55,Wisconsin,55023,Crawford,0.245,2011,2015
55,Wisconsin,55025,Dane,0.575,2011,2015
55,Wisconsin,55027,Dodge,0.30000000000000004,2011,2015
55,Wisconsin,55029,Door,0.155,2011,2015
55,Wisconsin,55031,Douglas,0.38,2011,2015
55,Wisconsin,55033,Dunn,0.245,2011,2015
55,Wisconsin,55035,Eau Claire,0.275,2011,2015
55,Wisconsin,55037,Florence,0.08,2011,2015
55,Wisconsin,55039,Fond du Lac,0.545,2011,2015
55,Wisconsin,55041,Forest,0.09,2011,2015
55,Wisconsin,55043,Grant,0.215,2011,2015
55,Wisconsin,55045,Green,0.265,2011,2015
55,Wisconsin,55047,Green Lake,0.22999999999999998,2011,2015
55,Wisconsin,55049,Iowa,0.195,2011,2015
55,Wisconsin,55051,Iron,0.09,2011,2015
55,Wisconsin,55053,Jackson,0.225,2011,2015
55,Wisconsin,55055,Jefferson,0.47000000000000003,2011,2015
55,Wisconsin,55057,Juneau,0.27,2011,2015
55,Wisconsin,55059,Kenosha,0.59,2011,2015
55,Wisconsin,55061,Kewaunee,0.20500000000000002,2011,2015
55,Wisconsin,55063,La Crosse,0.625,2011,2015
55,Wisconsin,55065,Lafayette,0.21000000000000002,2011,2015
55,Wisconsin,55067,Langlade,0.135,2011,2015
55,Wisconsin,55069,Lincoln,0.15,2011,2015
55,Wisconsin,55071,Manitowoc,0.28500000000000003,2011,2015
55,Wisconsin,55073,Marathon,0.475,2011,2015
55,Wisconsin,55075,Marinette,0.125,2011,2015
55,Wisconsin,55077,Marquette,0.21500000000000002,2011,2015
55,Wisconsin,55078,Menominee,0.11,2011,2015
55,Wisconsin,55079,Milwaukee,0.795,2011,2015
55,Wisconsin,55081,Monroe,0.265,2011,2015
55,Wisconsin,55083,Oconto,0.14,2011,2015
55,Wisconsin,55085,Oneida,0.115,2011,2015
55,Wisconsin,55087,Outagamie,0.575,2011,2015
55,Wisconsin,55089,Ozaukee,0.455,2011,2015
55,Wisconsin,55091,Pepin,0.20500000000000002,2011,2015
55,Wisconsin,55093,Pierce,0.27,2011,2015
55,Wisconsin,55095,Polk,0.16999999999999998,2011,2015
55,Wisconsin,55097,Portage,0.315,2011,2015
55,Wisconsin,55099,Price,0.095,2011,2015
55,Wisconsin,55101,Racine,0.675,2011,2015
55,Wisconsin,55103,Richland,0.19,2011,2015
55,Wisconsin,55105,Rock,0.775,2011,2015
55,Wisconsin,55107,Rusk,0.13,2011,2015
55,Wisconsin,55109,St. Croix,0.35,2011,2015
55,Wisconsin,55111,Sauk,0.27,2011,2015
55,Wisconsin,55113,Sawyer,0.11,2011,2015
55,Wisconsin,55115,Shawano,0.185,2011,2015
55,Wisconsin,55117,Sheboygan,0.52,2011,2015
55,Wisconsin,55119,Taylor,0.13,2011,2015
55,Wisconsin,55121,Trempealeau,0.2,2011,2015
55,Wisconsin,55123,Vernon,0.18,2011,2015
55,Wisconsin,55125,Vilas,0.085,2011,2015
55,Wisconsin,55127,Walworth,0.345,2011,2015
55,Wisconsin,55129,Washburn,0.125,2011,2015
55,Wisconsin,55131,Washington,0.36,2011,2015
55,Wisconsin,55133,Waukesha,0.55,2011,2015
55,Wisconsin,55135,Waupaca,0.2,2011,2015
55,Wisconsin,55137,Waushara,0.185,2011,2015
55,Wisconsin,55139,Winnebago,0.575,2011,2015
55,Wisconsin,55141,Wood,0.335,2011,2015
56,Wyoming,56001,Albany,0.545,2011,2015
56,Wyoming,56003,Big Horn,0.04,2011,2015
56,Wyoming,56005,Campbell,0.16,2011,2015
56,Wyoming,56007,Carbon,0.135,2011,2015
56,Wyoming,56009,Converse,0.14500000000000002,2011,2015
56,Wyoming,56011,Crook,0.065,2011,2015
56,Wyoming,56013,Fremont,0.065,2011,2015
56,Wyoming,56015,Goshen,0.21999999999999997,2011,2015
56,Wyoming,56017,Hot Springs,0.1,2011,2015
56,Wyoming,56019,Johnson,0.045,2011,2015
56,Wyoming,56021,Laramie,0.76,2011,2015
56,Wyoming,56023,Lincoln,0.055,2011,2015
56,Wyoming,56025,Natrona,0.235,2011,2015
56,Wyoming,56027,Niobrara,0.1,2011,2015
56,Wyoming,56029,Park,0.095,2011,2015
56,Wyoming,56031,Platte,0.11499999999999999,2011,2015
56,Wyoming,56033,Sheridan,0.505,2011,2015
56,Wyoming,56035,Sublette,0.03,2011,2015
56,Wyoming,56037,Sweetwater,0.275,2011,2015
56,Wyoming,56039,Teton,0.045,2011,2015
56,Wyoming,56041,Uinta,0.2,2011,2015
56,Wyoming,56043,Washakie,0.060000000000000005,2011,2015
56,Wyoming,56045,Weston,0.095,2011,2015
72,Puerto Rico,72001,Adjuntas,0.25,2011,2015
72,Puerto Rico,72003,Aguada,0.155,2011,2015
72,Puerto Rico,72005,Aguadilla,0.19,2011,2015
72,Puerto Rico,72007,Aguas Buenas,0.24,2011,2015
72,Puerto Rico,72009,Aibonito,0.17,2011,2015
72,Puerto Rico,72011,A?asco,0.16,2011,2015
72,Puerto Rico,72013,Arecibo,0.175,2011,2015
72,Puerto Rico,72015,Arroyo,0.05,2011,2015
72,Puerto Rico,72017,Barceloneta,0.19,2011,2015
72,Puerto Rico,72019,Barranquitas,0.21,2011,2015
72,Puerto Rico,72021,Bayam?n,1.0,2011,2015
72,Puerto Rico,72023,Cabo Rojo,0.07,2011,2015
72,Puerto Rico,72025,Caguas,0.41,2011,2015
72,Puerto Rico,72027,Camuy,0.185,2011,2015
72,Puerto Rico,72029,Can?vanas,0.195,2011,2015
72,Puerto Rico,72031,Carolina,0.575,2011,2015
72,Puerto Rico,72033,Cata?o,1.295,2011,2015
72,Puerto Rico,72035,Cayey,0.175,2011,2015
72,Puerto Rico,72037,Ceiba,0.045,2011,2015
72,Puerto Rico,72039,Ciales,0.17500000000000002,2011,2015
72,Puerto Rico,72041,Cidra,0.185,2011,2015
72,Puerto Rico,72043,Coamo,0.35000000000000003,2011,2015
72,Puerto Rico,72045,Comer?o,0.19,2011,2015
72,Puerto Rico,72047,Corozal,0.29500000000000004,2011,2015
72,Puerto Rico,72049,Culebra,0.08,2011,2015
72,Puerto Rico,72051,Dorado,0.43000000000000005,2011,2015
72,Puerto Rico,72053,Fajardo,0.25,2011,2015
72,Puerto Rico,72054,Florida,0.155,2011,2015
72,Puerto Rico,72055,Gu?nica,0.05500000000000001,2011,2015
72,Puerto Rico,72057,Guayama,0.07,2011,2015
72,Puerto Rico,72059,Guayanilla,0.07,2011,2015
72,Puerto Rico,72061,Guaynabo,1.2650000000000001,2011,2015
72,Puerto Rico,72063,Gurabo,0.245,2011,2015
72,Puerto Rico,72065,Hatillo,0.16499999999999998,2011,2015
72,Puerto Rico,72067,Hormigueros,0.155,2011,2015
72,Puerto Rico,72069,Humacao,0.13,2011,2015
72,Puerto Rico,72071,Isabela,0.135,2011,2015
72,Puerto Rico,72073,Jayuya,0.28500000000000003,2011,2015
72,Puerto Rico,72075,Juana D?az,0.125,2011,2015
72,Puerto Rico,72077,Juncos,0.18,2011,2015
72,Puerto Rico,72079,Lajas,0.05,2011,2015
72,Puerto Rico,72081,Lares,0.13999999999999999,2011,2015
72,Puerto Rico,72083,Las Mar?as,0.09,2011,2015
72,Puerto Rico,72085,Las Piedras,0.185,2011,2015
72,Puerto Rico,72087,Lo?za,0.28,2011,2015
72,Puerto Rico,72089,Luquillo,0.10500000000000001,2011,2015
72,Puerto Rico,72091,Manat?,0.33,2011,2015
72,Puerto Rico,72093,Maricao,0.09,2011,2015
72,Puerto Rico,72095,Maunabo,0.065,2011,2015
72,Puerto Rico,72097,Mayag?ez,0.5349999999999999,2011,2015
72,Puerto Rico,72099,Moca,0.125,2011,2015
72,Puerto Rico,72101,Morovis,0.26,2011,2015
72,Puerto Rico,72103,Naguabo,0.08,2011,2015
72,Puerto Rico,72105,Naranjito,0.29,2011,2015
72,Puerto Rico,72107,Orocovis,0.2,2011,2015
72,Puerto Rico,72109,Patillas,0.06,2011,2015
72,Puerto Rico,72111,Pe?uelas,0.12,2011,2015
72,Puerto Rico,72113,Ponce,0.515,2011,2015
72,Puerto Rico,72115,Quebradillas,0.155,2011,2015
72,Puerto Rico,72117,Rinc?n,0.125,2011,2015
72,Puerto Rico,72119,R?o Grande,0.17,2011,2015
72,Puerto Rico,72121,Sabana Grande,0.075,2011,2015
72,Puerto Rico,72123,Salinas,0.16499999999999998,2011,2015
72,Puerto Rico,72125,San Germ?n,0.06,2011,2015
72,Puerto Rico,72127,San Juan,1.66,2011,2015
72,Puerto Rico,72129,San Lorenzo,0.17,2011,2015
72,Puerto Rico,72131,San Sebasti?n,0.145,2011,2015
72,Puerto Rico,72133,Santa Isabel,0.22999999999999998,2011,2015
72,Puerto Rico,72135,Toa Alta,0.43,2011,2015
72,Puerto Rico,72137,Toa Baja,0.9299999999999999,2011,2015
72,Puerto Rico,72139,Trujillo Alto,0.48,2011,2015
72,Puerto Rico,72141,Utuado,0.20500000000000002,2011,2015
72,Puerto Rico,72143,Vega Alta,0.35000000000000003,2011,2015
72,Puerto Rico,72145,Vega Baja,0.34,2011,2015
72,Puerto Rico,72147,Vieques,0.05,2011,2015
72,Puerto Rico,72149,Villalba,0.145,2011,2015
72,Puerto Rico,72151,Yabucoa,0.1,2011,2015
72,Puerto Rico,72153,Yauco,0.1,2011,2015
78,Virgin Islands of the US,78010,St. Croix,0.08,2011,2015
78,Virgin Islands of the US,78020,St. John,0.05,2011,2015
78,Virgin Islands of the US,78030,St. Thomas,0.42,2011,2015
1,Alabama,1001,Autauga,0.29,2012,2016
1,Alabama,1003,Baldwin,0.29,2012,2016
1,Alabama,1005,Barbour,0.18,2012,2016
1,Alabama,1007,Bibb,0.21,2012,2016
1,Alabama,1009,Blount,0.23,2012,2016
1,Alabama,1011,Bullock,0.16,2012,2016
1,Alabama,1013,Butler,0.21,2012,2016
1,Alabama,1015,Calhoun,0.3,2012,2016
1,Alabama,1017,Chambers,0.26,2012,2016
1,Alabama,1019,Cherokee,0.2,2012,2016
1,Alabama,1021,Chilton,0.27,2012,2016
1,Alabama,1023,Choctaw,0.14,2012,2016
1,Alabama,1025,Clarke,0.18,2012,2016
1,Alabama,1027,Clay,0.15,2012,2016
1,Alabama,1029,Cleburne,0.21,2012,2016
1,Alabama,1031,Coffee,0.18,2012,2016
1,Alabama,1033,Colbert,0.29,2012,2016
1,Alabama,1035,Conecuh,0.18,2012,2016
1,Alabama,1037,Coosa,0.15,2012,2016
1,Alabama,1039,Covington,0.16,2012,2016
1,Alabama,1041,Crenshaw,0.15,2012,2016
1,Alabama,1043,Cullman,0.29,2012,2016
1,Alabama,1045,Dale,0.18,2012,2016
1,Alabama,1047,Dallas,0.24,2012,2016
1,Alabama,1049,DeKalb,0.2,2012,2016
1,Alabama,1051,Elmore,0.26,2012,2016
1,Alabama,1053,Escambia,0.21,2012,2016
1,Alabama,1055,Etowah,0.32,2012,2016
1,Alabama,1057,Fayette,0.16,2012,2016
1,Alabama,1059,Franklin,0.18,2012,2016
1,Alabama,1061,Geneva,0.16,2012,2016
1,Alabama,1063,Greene,0.22,2012,2016
1,Alabama,1065,Hale,0.18,2012,2016
1,Alabama,1067,Henry,0.14,2012,2016
1,Alabama,1069,Houston,0.27,2012,2016
1,Alabama,1071,Jackson,0.21,2012,2016
1,Alabama,1073,Jefferson,0.56,2012,2016
1,Alabama,1075,Lamar,0.15,2012,2016
1,Alabama,1077,Lauderdale,0.27,2012,2016
1,Alabama,1079,Lawrence,0.2,2012,2016
1,Alabama,1081,Lee,0.31,2012,2016
1,Alabama,1083,Limestone,0.34,2012,2016
1,Alabama,1085,Lowndes,0.18,2012,2016
1,Alabama,1087,Macon,0.23,2012,2016
1,Alabama,1089,Madison,0.38,2012,2016
1,Alabama,1091,Marengo,0.21,2012,2016
1,Alabama,1093,Marion,0.18,2012,2016
1,Alabama,1095,Marshall,0.22,2012,2016
1,Alabama,1097,Mobile,0.51,2012,2016
1,Alabama,1099,Monroe,0.15,2012,2016
1,Alabama,1101,Montgomery,0.51,2012,2016
1,Alabama,1103,Morgan,0.38,2012,2016
1,Alabama,1105,Perry,0.16,2012,2016
1,Alabama,1107,Pickens,0.16,2012,2016
1,Alabama,1109,Pike,0.2,2012,2016
1,Alabama,1111,Randolph,0.18,2012,2016
1,Alabama,1113,Russell,0.32,2012,2016
1,Alabama,1115,St. Clair,0.32,2012,2016
1,Alabama,1117,Shelby,0.38,2012,2016
1,Alabama,1119,Sumter,0.2,2012,2016
1,Alabama,1121,Talladega,0.26,2012,2016
1,Alabama,1123,Tallapoosa,0.19,2012,2016
1,Alabama,1125,Tuscaloosa,0.45,2012,2016
1,Alabama,1127,Walker,0.27,2012,2016
1,Alabama,1129,Washington,0.17,2012,2016
1,Alabama,1131,Wilcox,0.15,2012,2016
1,Alabama,1133,Winston,0.17,2012,2016
2,Alaska,2013,Aleutians East,0.03,2012,2016
2,Alaska,2016,Aleutians West,0.03,2012,2016
2,Alaska,2020,Anchorage,0.74,2012,2016
2,Alaska,2050,Bethel,0.0,2012,2016
2,Alaska,2060,Bristol Bay,0.0,2012,2016
2,Alaska,2068,Denali,0.01,2012,2016
2,Alaska,2070,Dillingham,0.0,2012,2016
2,Alaska,2090,Fairbanks North Star,0.16,2012,2016
2,Alaska,2100,Haines,0.04,2012,2016
2,Alaska,2105,HOONAH-ANGOON CENSUS AREA,0.15,2012,2016
2,Alaska,2110,Juneau,0.33,2012,2016
2,Alaska,2122,Kenai Peninsula,0.11,2012,2016
2,Alaska,2130,Ketchikan Gateway,1.15,2012,2016
2,Alaska,2150,Kodiak Island,0.16,2012,2016
2,Alaska,2164,Lake and Peninsula,0.0,2012,2016
2,Alaska,2170,Matanuska-Susitna,0.2,2012,2016
2,Alaska,2180,Nome,0.01,2012,2016
2,Alaska,2185,North Slope,0.0,2012,2016
2,Alaska,2188,Northwest Arctic,0.02,2012,2016
2,Alaska,2195,PETERSBURG CENSUS AREA,0.2,2012,2016
2,Alaska,2198,PRINCE OF WALES-HYDER CENSUS AREA,0.02,2012,2016
2,Alaska,2220,Sitka,0.25,2012,2016
2,Alaska,2230,SKAGWAY MUNICIPALITY,0.21,2012,2016
2,Alaska,2240,Southeast Fairbanks,0.02,2012,2016
2,Alaska,2261,Valdez-Cordova,0.37,2012,2016
2,Alaska,2270,Wade Hampton,0.0,2012,2016
2,Alaska,2275,WRANGELL CITY AND BURROUGH,0.01,2012,2016
2,Alaska,2282,Yakutat,0.0,2012,2016
2,Alaska,2290,Yukon-Koyukuk,0.0,2012,2016
4,Arizona,4001,Apache,0.04,2012,2016
4,Arizona,4003,Cochise,0.1,2012,2016
4,Arizona,4005,Coconino,0.13,2012,2016
4,Arizona,4007,Gila,0.11,2012,2016
4,Arizona,4009,Graham,0.08,2012,2016
4,Arizona,4011,Greenlee,0.04,2012,2016
4,Arizona,4012,La Paz,0.12,2012,2016
4,Arizona,4013,Maricopa,0.65,2012,2016
4,Arizona,4015,Mohave,0.14,2012,2016
4,Arizona,4017,Navajo,0.12,2012,2016
4,Arizona,4019,Pima,0.51,2012,2016
4,Arizona,4021,Pinal,0.27,2012,2016
4,Arizona,4023,Santa Cruz,0.09,2012,2016
4,Arizona,4025,Yavapai,0.13,2012,2016
4,Arizona,4027,Yuma,0.28,2012,2016
5,Arkansas,5001,Arkansas,0.2,2012,2016
5,Arkansas,5003,Ashley,0.16,2012,2016
5,Arkansas,5005,Baxter,0.16,2012,2016
5,Arkansas,5007,Benton,0.27,2012,2016
5,Arkansas,5009,Boone,0.17,2012,2016
5,Arkansas,5011,Bradley,0.16,2012,2016
5,Arkansas,5013,Calhoun,0.14,2012,2016
5,Arkansas,5015,Carroll,0.13,2012,2016
5,Arkansas,5017,Chicot,0.17,2012,2016
5,Arkansas,5019,Clark,0.25,2012,2016
5,Arkansas,5021,Clay,0.21,2012,2016
5,Arkansas,5023,Cleburne,0.15,2012,2016
5,Arkansas,5025,Cleveland,0.14,2012,2016
5,Arkansas,5027,Columbia,0.17,2012,2016
5,Arkansas,5029,Conway,0.32,2012,2016
5,Arkansas,5031,Craighead,0.29,2012,2016
5,Arkansas,5033,Crawford,0.32,2012,2016
5,Arkansas,5035,Crittenden,0.41,2012,2016
5,Arkansas,5037,Cross,0.26,2012,2016
5,Arkansas,5039,Dallas,0.16,2012,2016
5,Arkansas,5041,Desha,0.2,2012,2016
5,Arkansas,5043,Drew,0.16,2012,2016
5,Arkansas,5045,Faulkner,0.34,2012,2016
5,Arkansas,5047,Franklin,0.21,2012,2016
5,Arkansas,5049,Fulton,0.16,2012,2016
5,Arkansas,5051,Garland,0.2,2012,2016
5,Arkansas,5053,Grant,0.17,2012,2016
5,Arkansas,5055,Greene,0.26,2012,2016
5,Arkansas,5057,Hempstead,0.24,2012,2016
5,Arkansas,5059,Hot Spring,0.27,2012,2016
5,Arkansas,5061,Howard,0.16,2012,2016
5,Arkansas,5063,Independence,0.19,2012,2016
5,Arkansas,5065,Izard,0.12,2012,2016
5,Arkansas,5067,Jackson,0.22,2012,2016
5,Arkansas,5069,Jefferson,0.28,2012,2016
5,Arkansas,5071,Johnson,0.25,2012,2016
5,Arkansas,5073,Lafayette,0.16,2012,2016
5,Arkansas,5075,Lawrence,0.22,2012,2016
5,Arkansas,5077,Lee,0.19,2012,2016
5,Arkansas,5079,Lincoln,0.15,2012,2016
5,Arkansas,5081,Little River,0.19,2012,2016
5,Arkansas,5083,Logan,0.14,2012,2016
5,Arkansas,5085,Lonoke,0.28,2012,2016
5,Arkansas,5087,Madison,0.11,2012,2016
5,Arkansas,5089,Marion,0.13,2012,2016
5,Arkansas,5091,Miller,0.31,2012,2016
5,Arkansas,5093,Mississippi,0.29,2012,2016
5,Arkansas,5095,Monroe,0.23,2012,2016
5,Arkansas,5097,Montgomery,0.12,2012,2016
5,Arkansas,5099,Nevada,0.19,2012,2016
5,Arkansas,5101,Newton,0.1,2012,2016
5,Arkansas,5103,Ouachita,0.19,2012,2016
5,Arkansas,5105,Perry,0.15,2012,2016
5,Arkansas,5107,Phillips,0.19,2012,2016
5,Arkansas,5109,Pike,0.14,2012,2016
5,Arkansas,5111,Poinsett,0.22,2012,2016
5,Arkansas,5113,Polk,0.14,2012,2016
5,Arkansas,5115,Pope,0.33,2012,2016
5,Arkansas,5117,Prairie,0.2,2012,2016
5,Arkansas,5119,Pulaski,0.6,2012,2016
5,Arkansas,5121,Randolph,0.18,2012,2016
5,Arkansas,5123,St. Francis,0.3,2012,2016
5,Arkansas,5125,Saline,0.33,2012,2016
5,Arkansas,5127,Scott,0.12,2012,2016
5,Arkansas,5129,Searcy,0.11,2012,2016
5,Arkansas,5131,Sebastian,0.31,2012,2016
5,Arkansas,5133,Sevier,0.17,2012,2016
5,Arkansas,5135,Sharp,0.16,2012,2016
5,Arkansas,5137,Stone,0.13,2012,2016
5,Arkansas,5139,Union,0.18,2012,2016
5,Arkansas,5141,Van Buren,0.14,2012,2016
5,Arkansas,5143,Washington,0.29,2012,2016
5,Arkansas,5145,White,0.22,2012,2016
5,Arkansas,5147,Woodruff,0.21,2012,2016
5,Arkansas,5149,Yell,0.16,2012,2016
6,California,6001,Alameda,0.49,2012,2016
6,California,6003,Alpine,0.02,2012,2016
6,California,6005,Amador,0.1,2012,2016
6,California,6007,Butte,0.18,2012,2016
6,California,6009,Calaveras,0.08,2012,2016
6,California,6011,Colusa,0.12,2012,2016
6,California,6013,Contra Costa,0.36,2012,2016
6,California,6015,Del Norte,0.06,2012,2016
6,California,6017,El Dorado,0.09,2012,2016
6,California,6019,Fresno,0.47,2012,2016
6,California,6021,Glenn,0.15,2012,2016
6,California,6023,Humboldt,0.1,2012,2016
6,California,6025,Imperial,0.17,2012,2016
6,California,6027,Inyo,0.03,2012,2016
6,California,6029,Kern,0.27,2012,2016
6,California,6031,Kings,0.29,2012,2016
6,California,6033,Lake,0.05,2012,2016
6,California,6035,Lassen,0.04,2012,2016
6,California,6037,Los Angeles,0.63,2012,2016
6,California,6039,Madera,0.28,2012,2016
6,California,6041,Marin,0.18,2012,2016
6,California,6043,Mariposa,0.05,2012,2016
6,California,6045,Mendocino,0.08,2012,2016
6,California,6047,Merced,0.31,2012,2016
6,California,6049,Modoc,0.03,2012,2016
6,California,6051,Mono,0.02,2012,2016
6,California,6053,Monterey,0.19,2012,2016
6,California,6055,Napa,0.15,2012,2016
6,California,6057,Nevada,0.1,2012,2016
6,California,6059,Orange,0.56,2012,2016
6,California,6061,Placer,0.26,2012,2016
6,California,6063,Plumas,0.05,2012,2016
6,California,6065,Riverside,0.35,2012,2016
6,California,6067,Sacramento,0.36,2012,2016
6,California,6069,San Benito,0.2,2012,2016
6,California,6071,San Bernardino,0.37,2012,2016
6,California,6073,San Diego,0.39,2012,2016
6,California,6075,San Francisco,1.16,2012,2016
6,California,6077,San Joaquin,0.39,2012,2016
6,California,6079,San Luis Obispo,0.14,2012,2016
6,California,6081,San Mateo,0.27,2012,2016
6,California,6083,Santa Barbara,0.2,2012,2016
6,California,6085,Santa Clara,0.3,2012,2016
6,California,6087,Santa Cruz,0.17,2012,2016
6,California,6089,Shasta,0.13,2012,2016
6,California,6091,Sierra,0.04,2012,2016
6,California,6093,Siskiyou,0.04,2012,2016
6,California,6095,Solano,0.25,2012,2016
6,California,6097,Sonoma,0.17,2012,2016
6,California,6099,Stanislaus,0.38,2012,2016
6,California,6101,Sutter,0.27,2012,2016
6,California,6103,Tehama,0.14,2012,2016
6,California,6105,Trinity,0.03,2012,2016
6,California,6107,Tulare,0.34,2012,2016
6,California,6109,Tuolumne,0.07,2012,2016
6,California,6111,Ventura,0.3,2012,2016
6,California,6113,Yolo,0.27,2012,2016
6,California,6115,Yuba,0.22,2012,2016
8,Colorado,8001,Adams,0.73,2012,2016
8,Colorado,8003,Alamosa,0.07,2012,2016
8,Colorado,8005,Arapahoe,0.61,2012,2016
8,Colorado,8007,Archuleta,0.03,2012,2016
8,Colorado,8009,Baca,0.06,2012,2016
8,Colorado,8011,Bent,0.07,2012,2016
8,Colorado,8013,Boulder,0.28,2012,2016
8,Colorado,8014,Broomfield,0.6,2012,2016
8,Colorado,8015,Chaffee,0.03,2012,2016
8,Colorado,8017,Cheyenne,0.05,2012,2016
8,Colorado,8019,Clear Creek,0.08,2012,2016
8,Colorado,8021,Conejos,0.03,2012,2016
8,Colorado,8023,Costilla,0.03,2012,2016
8,Colorado,8025,Crowley,0.07,2012,2016
8,Colorado,8027,Custer,0.02,2012,2016
8,Colorado,8029,Delta,0.08,2012,2016
8,Colorado,8031,Denver,1.06,2012,2016
8,Colorado,8033,Dolores,0.02,2012,2016
8,Colorado,8035,Douglas,0.34,2012,2016
8,Colorado,8037,Eagle,0.07,2012,2016
8,Colorado,8039,Elbert,0.09,2012,2016
8,Colorado,8041,El Paso,0.29,2012,2016
8,Colorado,8043,Fremont,0.05,2012,2016
8,Colorado,8045,Garfield,0.1,2012,2016
8,Colorado,8047,Gilpin,0.05,2012,2016
8,Colorado,8049,Grand,0.05,2012,2016
8,Colorado,8051,Gunnison,0.03,2012,2016
8,Colorado,8053,Hinsdale,0.01,2012,2016
8,Colorado,8055,Huerfano,0.05,2012,2016
8,Colorado,8057,Jackson,0.02,2012,2016
8,Colorado,8059,Jefferson,0.48,2012,2016
8,Colorado,8061,Kiowa,0.05,2012,2016
8,Colorado,8063,Kit Carson,0.08,2012,2016
8,Colorado,8065,Lake,0.03,2012,2016
8,Colorado,8067,La Plata,0.06,2012,2016
8,Colorado,8069,Larimer,0.27,2012,2016
8,Colorado,8071,Las Animas,0.06,2012,2016
8,Colorado,8073,Lincoln,0.08,2012,2016
8,Colorado,8075,Logan,0.16,2012,2016
8,Colorado,8077,Mesa,0.18,2012,2016
8,Colorado,8079,Mineral,0.02,2012,2016
8,Colorado,8081,Moffat,0.04,2012,2016
8,Colorado,8083,Montezuma,0.04,2012,2016
8,Colorado,8085,Montrose,0.05,2012,2016
8,Colorado,8087,Morgan,0.19,2012,2016
8,Colorado,8089,Otero,0.12,2012,2016
8,Colorado,8091,Ouray,0.03,2012,2016
8,Colorado,8093,Park,0.03,2012,2016
8,Colorado,8095,Phillips,0.07,2012,2016
8,Colorado,8097,Pitkin,0.04,2012,2016
8,Colorado,8099,Prowers,0.1,2012,2016
8,Colorado,8101,Pueblo,0.27,2012,2016
8,Colorado,8103,Rio Blanco,0.02,2012,2016
8,Colorado,8105,Rio Grande,0.04,2012,2016
8,Colorado,8107,Routt,0.05,2012,2016
8,Colorado,8109,Saguache,0.03,2012,2016
8,Colorado,8111,San Juan,0.02,2012,2016
8,Colorado,8113,San Miguel,0.02,2012,2016
8,Colorado,8115,Sedgwick,0.13,2012,2016
8,Colorado,8117,Summit,0.07,2012,2016
8,Colorado,8119,Teller,0.04,2012,2016
8,Colorado,8121,Washington,0.07,2012,2016
8,Colorado,8123,Weld,0.32,2012,2016
8,Colorado,8125,Yuma,0.07,2012,2016
9,Connecticut,9001,Fairfield,0.41,2012,2016
9,Connecticut,9003,Hartford,0.3,2012,2016
9,Connecticut,9005,Litchfield,0.18,2012,2016
9,Connecticut,9007,Middlesex,0.25,2012,2016
9,Connecticut,9009,New Haven,0.35,2012,2016
9,Connecticut,9011,New London,0.24,2012,2016
9,Connecticut,9013,Tolland,0.21,2012,2016
9,Connecticut,9015,Windham,0.18,2012,2016
10,Delaware,10001,Kent,0.31,2012,2016
10,Delaware,10003,New Castle,0.46,2012,2016
10,Delaware,10005,Sussex,0.25,2012,2016
11,District of Columbia,11001,District of Columbia,1.08,2012,2016
12,Florida,12001,Alachua,0.37,2012,2016
12,Florida,12003,Baker,0.28,2012,2016
12,Florida,12005,Bay,0.25,2012,2016
12,Florida,12007,Bradford,0.23,2012,2016
12,Florida,12009,Brevard,0.34,2012,2016
12,Florida,12011,Broward,0.86,2012,2016
12,Florida,12013,Calhoun,0.14,2012,2016
12,Florida,12015,Charlotte,0.31,2012,2016
12,Florida,12017,Citrus,0.22,2012,2016
12,Florida,12019,Clay,0.29,2012,2016
12,Florida,12021,Collier,0.38,2012,2016
12,Florida,12023,Columbia,0.26,2012,2016
12,Florida,12027,DeSoto,0.24,2012,2016
12,Florida,12029,Dixie,0.12,2012,2016
12,Florida,12031,Duval,0.57,2012,2016
12,Florida,12033,Escambia,0.38,2012,2016
12,Florida,12035,Flagler,0.31,2012,2016
12,Florida,12037,Franklin,0.13,2012,2016
12,Florida,12039,Gadsden,0.19,2012,2016
12,Florida,12041,Gilchrist,0.14,2012,2016
12,Florida,12043,Glades,0.16,2012,2016
12,Florida,12045,Gulf,0.15,2012,2016
12,Florida,12047,Hamilton,0.19,2012,2016
12,Florida,12049,Hardee,0.21,2012,2016
12,Florida,12051,Hendry,0.2,2012,2016
12,Florida,12053,Hernando,0.29,2012,2016
12,Florida,12055,Highlands,0.21,2012,2016
12,Florida,12057,Hillsborough,0.75,2012,2016
12,Florida,12059,Holmes,0.17,2012,2016
12,Florida,12061,Indian River,0.32,2012,2016
12,Florida,12063,Jackson,0.17,2012,2016
12,Florida,12065,Jefferson,0.18,2012,2016
12,Florida,12067,Lafayette,0.13,2012,2016
12,Florida,12069,Lake,0.32,2012,2016
12,Florida,12071,Lee,0.39,2012,2016
12,Florida,12073,Leon,0.42,2012,2016
12,Florida,12075,Levy,0.16,2012,2016
12,Florida,12077,Liberty,0.14,2012,2016
12,Florida,12079,Madison,0.17,2012,2016
12,Florida,12081,Manatee,0.49,2012,2016
12,Florida,12083,Marion,0.35,2012,2016
12,Florida,12085,Martin,0.42,2012,2016
12,Florida,12086,Miami-Dade,0.94,2012,2016
12,Florida,12087,Monroe,0.28,2012,2016
12,Florida,12089,Nassau,0.26,2012,2016
12,Florida,12091,Okaloosa,0.27,2012,2016
12,Florida,12093,Okeechobee,0.25,2012,2016
12,Florida,12095,Orange,0.64,2012,2016
12,Florida,12097,Osceola,0.47,2012,2016
12,Florida,12099,Palm Beach,0.59,2012,2016
12,Florida,12101,Pasco,0.37,2012,2016
12,Florida,12103,Pinellas,0.54,2012,2016
12,Florida,12105,Polk,0.37,2012,2016
12,Florida,12107,Putnam,0.19,2012,2016
12,Florida,12109,St. Johns,0.35,2012,2016
12,Florida,12111,St. Lucie,0.42,2012,2016
12,Florida,12113,Santa Rosa,0.23,2012,2016
12,Florida,12115,Sarasota,0.41,2012,2016
12,Florida,12117,Seminole,0.55,2012,2016
12,Florida,12119,Sumter,0.36,2012,2016
12,Florida,12121,Suwannee,0.17,2012,2016
12,Florida,12123,Taylor,0.16,2012,2016
12,Florida,12125,Union,0.18,2012,2016
12,Florida,12127,Volusia,0.39,2012,2016
12,Florida,12129,Wakulla,0.16,2012,2016
12,Florida,12131,Walton,0.19,2012,2016
12,Florida,12133,Washington,0.17,2012,2016
13,Georgia,13001,Appling,0.15,2012,2016
13,Georgia,13003,Atkinson,0.13,2012,2016
13,Georgia,13005,Bacon,0.15,2012,2016
13,Georgia,13007,Baker,0.12,2012,2016
13,Georgia,13009,Baldwin,0.25,2012,2016
13,Georgia,13011,Banks,0.21,2012,2016
13,Georgia,13013,Barrow,0.39,2012,2016
13,Georgia,13015,Bartow,0.45,2012,2016
13,Georgia,13017,Ben Hill,0.2,2012,2016
13,Georgia,13019,Berrien,0.14,2012,2016
13,Georgia,13021,Bibb,0.51,2012,2016
13,Georgia,13023,Bleckley,0.2,2012,2016
13,Georgia,13025,Brantley,0.15,2012,2016
13,Georgia,13027,Brooks,0.16,2012,2016
13,Georgia,13029,Bryan,0.27,2012,2016
13,Georgia,13031,Bulloch,0.18,2012,2016
13,Georgia,13033,Burke,0.17,2012,2016
13,Georgia,13035,Butts,0.35,2012,2016
13,Georgia,13037,Calhoun,0.13,2012,2016
13,Georgia,13039,Camden,0.25,2012,2016
13,Georgia,13043,Candler,0.18,2012,2016
13,Georgia,13045,Carroll,0.29,2012,2016
13,Georgia,13047,Catoosa,0.42,2012,2016
13,Georgia,13049,Charlton,0.17,2012,2016
13,Georgia,13051,Chatham,0.48,2012,2016
13,Georgia,13053,Chattahoochee,0.18,2012,2016
13,Georgia,13055,Chattooga,0.22,2012,2016
13,Georgia,13057,Cherokee,0.38,2012,2016
13,Georgia,13059,Clarke,0.39,2012,2016
13,Georgia,13061,Clay,0.12,2012,2016
13,Georgia,13063,Clayton,0.5,2012,2016
13,Georgia,13065,Clinch,0.15,2012,2016
13,Georgia,13067,Cobb,0.58,2012,2016
13,Georgia,13069,Coffee,0.18,2012,2016
13,Georgia,13071,Colquitt,0.17,2012,2016
13,Georgia,13073,Columbia,0.31,2012,2016
13,Georgia,13075,Cook,0.24,2012,2016
13,Georgia,13077,Coweta,0.29,2012,2016
13,Georgia,13079,Crawford,0.18,2012,2016
13,Georgia,13081,Crisp,0.29,2012,2016
13,Georgia,13083,Dade,0.26,2012,2016
13,Georgia,13085,Dawson,0.2,2012,2016
13,Georgia,13087,Decatur,0.17,2012,2016
13,Georgia,13089,DeKalb,0.67,2012,2016
13,Georgia,13091,Dodge,0.18,2012,2016
13,Georgia,13093,Dooly,0.25,2012,2016
13,Georgia,13095,Dougherty,0.27,2012,2016
13,Georgia,13097,Douglas,0.37,2012,2016
13,Georgia,13099,Early,0.14,2012,2016
13,Georgia,13101,Echols,0.14,2012,2016
13,Georgia,13103,Effingham,0.23,2012,2016
13,Georgia,13105,Elbert,0.2,2012,2016
13,Georgia,13107,Emanuel,0.16,2012,2016
13,Georgia,13109,Evans,0.16,2012,2016
13,Georgia,13111,Fannin,0.15,2012,2016
13,Georgia,13113,Fayette,0.32,2012,2016
13,Georgia,13115,Floyd,0.32,2012,2016
13,Georgia,13117,Forsyth,0.36,2012,2016
13,Georgia,13119,Franklin,0.28,2012,2016
13,Georgia,13121,Fulton,0.7,2012,2016
13,Georgia,13123,Gilmer,0.16,2012,2016
13,Georgia,13125,Glascock,0.14,2012,2016
13,Georgia,13127,Glynn,0.28,2012,2016
13,Georgia,13129,Gordon,0.38,2012,2016
13,Georgia,13131,Grady,0.17,2012,2016
13,Georgia,13133,Greene,0.22,2012,2016
13,Georgia,13135,Gwinnett,0.53,2012,2016
13,Georgia,13137,Habersham,0.18,2012,2016
13,Georgia,13139,Hall,0.32,2012,2016
13,Georgia,13141,Hancock,0.17,2012,2016
13,Georgia,13143,Haralson,0.29,2012,2016
13,Georgia,13145,Harris,0.2,2012,2016
13,Georgia,13147,Hart,0.22,2012,2016
13,Georgia,13149,Heard,0.17,2012,2016
13,Georgia,13151,Henry,0.46,2012,2016
13,Georgia,13153,Houston,0.3,2012,2016
13,Georgia,13155,Irwin,0.15,2012,2016
13,Georgia,13157,Jackson,0.3,2012,2016
13,Georgia,13159,Jasper,0.24,2012,2016
13,Georgia,13161,Jeff Davis,0.16,2012,2016
13,Georgia,13163,Jefferson,0.18,2012,2016
13,Georgia,13165,Jenkins,0.16,2012,2016
13,Georgia,13167,Johnson,0.15,2012,2016
13,Georgia,13169,Jones,0.25,2012,2016
13,Georgia,13171,Lamar,0.24,2012,2016
13,Georgia,13173,Lanier,0.14,2012,2016
13,Georgia,13175,Laurens,0.19,2012,2016
13,Georgia,13177,Lee,0.17,2012,2016
13,Georgia,13179,Liberty,0.21,2012,2016
13,Georgia,13181,Lincoln,0.16,2012,2016
13,Georgia,13183,Long,0.16,2012,2016
13,Georgia,13185,Lowndes,0.25,2012,2016
13,Georgia,13187,Lumpkin,0.15,2012,2016
13,Georgia,13189,McDuffie,0.21,2012,2016
13,Georgia,13191,McIntosh,0.27,2012,2016
13,Georgia,13193,Macon,0.19,2012,2016
13,Georgia,13195,Madison,0.22,2012,2016
13,Georgia,13197,Marion,0.14,2012,2016
13,Georgia,13199,Meriwether,0.2,2012,2016
13,Georgia,13201,Miller,0.13,2012,2016
13,Georgia,13205,Mitchell,0.15,2012,2016
13,Georgia,13207,Monroe,0.38,2012,2016
13,Georgia,13209,Montgomery,0.14,2012,2016
13,Georgia,13211,Morgan,0.34,2012,2016
13,Georgia,13213,Murray,0.2,2012,2016
13,Georgia,13215,Muscogee,0.41,2012,2016
13,Georgia,13217,Newton,0.42,2012,2016
13,Georgia,13219,Oconee,0.28,2012,2016
13,Georgia,13221,Oglethorpe,0.2,2012,2016
13,Georgia,13223,Paulding,0.34,2012,2016
13,Georgia,13225,Peach,0.26,2012,2016
13,Georgia,13227,Pickens,0.2,2012,2016
13,Georgia,13229,Pierce,0.17,2012,2016
13,Georgia,13231,Pike,0.2,2012,2016
13,Georgia,13233,Polk,0.25,2012,2016
13,Georgia,13235,Pulaski,0.18,2012,2016
13,Georgia,13237,Putnam,0.24,2012,2016
13,Georgia,13239,Quitman,0.13,2012,2016
13,Georgia,13241,Rabun,0.12,2012,2016
13,Georgia,13243,Randolph,0.14,2012,2016
13,Georgia,13245,Richmond,0.35,2012,2016
13,Georgia,13247,Rockdale,0.45,2012,2016
13,Georgia,13249,Schley,0.14,2012,2016
13,Georgia,13251,Screven,0.15,2012,2016
13,Georgia,13253,Seminole,0.14,2012,2016
13,Georgia,13255,Spalding,0.35,2012,2016
13,Georgia,13257,Stephens,0.2,2012,2016
13,Georgia,13259,Stewart,0.13,2012,2016
13,Georgia,13261,Sumter,0.22,2012,2016
13,Georgia,13263,Talbot,0.18,2012,2016
13,Georgia,13265,Taliaferro,0.21,2012,2016
13,Georgia,13267,Tattnall,0.14,2012,2016
13,Georgia,13269,Taylor,0.18,2012,2016
13,Georgia,13271,Telfair,0.16,2012,2016
13,Georgia,13273,Terrell,0.18,2012,2016
13,Georgia,13275,Thomas,0.19,2012,2016
13,Georgia,13277,Tift,0.34,2012,2016
13,Georgia,13279,Toombs,0.17,2012,2016
13,Georgia,13281,Towns,0.13,2012,2016
13,Georgia,13283,Treutlen,0.16,2012,2016
13,Georgia,13285,Troup,0.29,2012,2016
13,Georgia,13287,Turner,0.24,2012,2016
13,Georgia,13289,Twiggs,0.22,2012,2016
13,Georgia,13291,Union,0.13,2012,2016
13,Georgia,13293,Upson,0.19,2012,2016
13,Georgia,13295,Walker,0.28,2012,2016
13,Georgia,13297,Walton,0.35,2012,2016
13,Georgia,13299,Ware,0.32,2012,2016
13,Georgia,13301,Warren,0.18,2012,2016
13,Georgia,13303,Washington,0.18,2012,2016
13,Georgia,13305,Wayne,0.18,2012,2016
13,Georgia,13307,Webster,0.13,2012,2016
13,Georgia,13309,Wheeler,0.13,2012,2016
13,Georgia,13311,White,0.14,2012,2016
13,Georgia,13313,Whitfield,0.43,2012,2016
13,Georgia,13315,Wilcox,0.16,2012,2016
13,Georgia,13317,Wilkes,0.17,2012,2016
13,Georgia,13319,Wilkinson,0.19,2012,2016
13,Georgia,13321,Worth,0.15,2012,2016
15,Hawaii,15001,Hawaii,0.02,2012,2016
15,Hawaii,15003,Honolulu,0.21,2012,2016
15,Hawaii,15005,Kalawao,0.0,2012,2016
15,Hawaii,15007,Kauai,0.02,2012,2016
15,Hawaii,15009,Maui,0.03,2012,2016
16,Idaho,16001,Ada,0.57,2012,2016
16,Idaho,16003,Adams,0.04,2012,2016
16,Idaho,16005,Bannock,0.21,2012,2016
16,Idaho,16007,Bear Lake,0.09,2012,2016
16,Idaho,16009,Benewah,0.05,2012,2016
16,Idaho,16011,Bingham,0.13,2012,2016
16,Idaho,16013,Blaine,0.05,2012,2016
16,Idaho,16015,Boise,0.04,2012,2016
16,Idaho,16017,Bonner,0.16,2012,2016
16,Idaho,16019,Bonneville,0.24,2012,2016
16,Idaho,16021,Boundary,0.08,2012,2016
16,Idaho,16023,Butte,0.03,2012,2016
16,Idaho,16025,Camas,0.03,2012,2016
16,Idaho,16027,Canyon,0.39,2012,2016
16,Idaho,16029,Caribou,0.07,2012,2016
16,Idaho,16031,Cassia,0.09,2012,2016
16,Idaho,16033,Clark,0.05,2012,2016
16,Idaho,16035,Clearwater,0.05,2012,2016
16,Idaho,16037,Custer,0.02,2012,2016
16,Idaho,16039,Elmore,0.16,2012,2016
16,Idaho,16041,Franklin,0.08,2012,2016
16,Idaho,16043,Fremont,0.08,2012,2016
16,Idaho,16045,Gem,0.15,2012,2016
16,Idaho,16047,Gooding,0.13,2012,2016
16,Idaho,16049,Idaho,0.04,2012,2016
16,Idaho,16051,Jefferson,0.1,2012,2016
16,Idaho,16053,Jerome,0.17,2012,2016
16,Idaho,16055,Kootenai,0.31,2012,2016
16,Idaho,16057,Latah,0.07,2012,2016
16,Idaho,16059,Lemhi,0.02,2012,2016
16,Idaho,16061,Lewis,0.05,2012,2016
16,Idaho,16063,Lincoln,0.08,2012,2016
16,Idaho,16065,Madison,0.15,2012,2016
16,Idaho,16067,Minidoka,0.16,2012,2016
16,Idaho,16069,Nez Perce,0.17,2012,2016
16,Idaho,16071,Oneida,0.09,2012,2016
16,Idaho,16073,Owyhee,0.07,2012,2016
16,Idaho,16075,Payette,0.24,2012,2016
16,Idaho,16077,Power,0.1,2012,2016
16,Idaho,16079,Shoshone,0.07,2012,2016
16,Idaho,16081,Teton,0.04,2012,2016
16,Idaho,16083,Twin Falls,0.11,2012,2016
16,Idaho,16085,Valley,0.03,2012,2016
16,Idaho,16087,Washington,0.1,2012,2016
17,Illinois,17001,Adams,0.24,2012,2016
17,Illinois,17003,Alexander,0.35,2012,2016
17,Illinois,17005,Bond,0.24,2012,2016
17,Illinois,17007,Boone,0.31,2012,2016
17,Illinois,17009,Brown,0.17,2012,2016
17,Illinois,17011,Bureau,0.23,2012,2016
17,Illinois,17013,Calhoun,0.28,2012,2016
17,Illinois,17015,Carroll,0.22,2012,2016
17,Illinois,17017,Cass,0.28,2012,2016
17,Illinois,17019,Champaign,0.3,2012,2016
17,Illinois,17021,Christian,0.22,2012,2016
17,Illinois,17023,Clark,0.23,2012,2016
17,Illinois,17025,Clay,0.19,2012,2016
17,Illinois,17027,Clinton,0.25,2012,2016
17,Illinois,17029,Coles,0.24,2012,2016
17,Illinois,17031,Cook,0.94,2012,2016
17,Illinois,17033,Crawford,0.21,2012,2016
17,Illinois,17035,Cumberland,0.22,2012,2016
17,Illinois,17037,DeKalb,0.34,2012,2016
17,Illinois,17039,De Witt,0.22,2012,2016
17,Illinois,17041,Douglas,0.24,2012,2016
17,Illinois,17043,DuPage,0.77,2012,2016
17,Illinois,17045,Edgar,0.25,2012,2016
17,Illinois,17047,Edwards,0.19,2012,2016
17,Illinois,17049,Effingham,0.26,2012,2016
17,Illinois,17051,Fayette,0.21,2012,2016
17,Illinois,17053,Ford,0.2,2012,2016
17,Illinois,17055,Franklin,0.26,2012,2016
17,Illinois,17057,Fulton,0.2,2012,2016
17,Illinois,17059,Gallatin,0.18,2012,2016
17,Illinois,17061,Greene,0.21,2012,2016
17,Illinois,17063,Grundy,0.34,2012,2016
17,Illinois,17065,Hamilton,0.19,2012,2016
17,Illinois,17067,Hancock,0.21,2012,2016
17,Illinois,17069,Hardin,0.24,2012,2016
17,Illinois,17071,Henderson,0.23,2012,2016
17,Illinois,17073,Henry,0.22,2012,2016
17,Illinois,17075,Iroquois,0.23,2012,2016
17,Illinois,17077,Jackson,0.28,2012,2016
17,Illinois,17079,Jasper,0.19,2012,2016
17,Illinois,17081,Jefferson,0.27,2012,2016
17,Illinois,17083,Jersey,0.29,2012,2016
17,Illinois,17085,Jo Daviess,0.2,2012,2016
17,Illinois,17087,Johnson,0.2,2012,2016
17,Illinois,17089,Kane,0.56,2012,2016
17,Illinois,17091,Kankakee,0.33,2012,2016
17,Illinois,17093,Kendall,0.42,2012,2016
17,Illinois,17095,Knox,0.29,2012,2016
17,Illinois,17097,Lake,0.5,2012,2016
17,Illinois,17099,La Salle,0.29,2012,2016
17,Illinois,17101,Lawrence,0.2,2012,2016
17,Illinois,17103,Lee,0.25,2012,2016
17,Illinois,17105,Livingston,0.22,2012,2016
17,Illinois,17107,Logan,0.22,2012,2016
17,Illinois,17109,McDonough,0.22,2012,2016
17,Illinois,17111,McHenry,0.39,2012,2016
17,Illinois,17113,McLean,0.3,2012,2016
17,Illinois,17115,Macon,0.28,2012,2016
17,Illinois,17117,Macoupin,0.24,2012,2016
17,Illinois,17119,Madison,0.4,2012,2016
17,Illinois,17121,Marion,0.28,2012,2016
17,Illinois,17123,Marshall,0.24,2012,2016
17,Illinois,17125,Mason,0.2,2012,2016
17,Illinois,17127,Massac,0.29,2012,2016
17,Illinois,17129,Menard,0.2,2012,2016
17,Illinois,17131,Mercer,0.2,2012,2016
17,Illinois,17133,Monroe,0.34,2012,2016
17,Illinois,17135,Montgomery,0.22,2012,2016
17,Illinois,17137,Morgan,0.22,2012,2016
17,Illinois,17139,Moultrie,0.2,2012,2016
17,Illinois,17141,Ogle,0.25,2012,2016
17,Illinois,17143,Peoria,0.36,2012,2016
17,Illinois,17145,Perry,0.23,2012,2016
17,Illinois,17147,Piatt,0.21,2012,2016
17,Illinois,17149,Pike,0.2,2012,2016
17,Illinois,17151,Pope,0.19,2012,2016
17,Illinois,17153,Pulaski,0.26,2012,2016
17,Illinois,17155,Putnam,0.26,2012,2016
17,Illinois,17157,Randolph,0.27,2012,2016
17,Illinois,17159,Richland,0.21,2012,2016
17,Illinois,17161,Rock Island,0.33,2012,2016
17,Illinois,17163,St. Clair,0.44,2012,2016
17,Illinois,17165,Saline,0.25,2012,2016
17,Illinois,17167,Sangamon,0.33,2012,2016
17,Illinois,17169,Schuyler,0.18,2012,2016
17,Illinois,17171,Scott,0.19,2012,2016
17,Illinois,17173,Shelby,0.19,2012,2016
17,Illinois,17175,Stark,0.2,2012,2016
17,Illinois,17177,Stephenson,0.21,2012,2016
17,Illinois,17179,Tazewell,0.27,2012,2016
17,Illinois,17181,Union,0.22,2012,2016
17,Illinois,17183,Vermilion,0.28,2012,2016
17,Illinois,17185,Wabash,0.22,2012,2016
17,Illinois,17187,Warren,0.22,2012,2016
17,Illinois,17189,Washington,0.22,2012,2016
17,Illinois,17191,Wayne,0.19,2012,2016
17,Illinois,17193,White,0.2,2012,2016
17,Illinois,17195,Whiteside,0.28,2012,2016
17,Illinois,17197,Will,0.56,2012,2016
17,Illinois,17199,Williamson,0.27,2012,2016
17,Illinois,17201,Winnebago,0.34,2012,2016
17,Illinois,17203,Woodford,0.22,2012,2016
18,Indiana,18001,Adams,0.25,2012,2016
18,Indiana,18003,Allen,0.47,2012,2016
18,Indiana,18005,Bartholomew,0.41,2012,2016
18,Indiana,18007,Benton,0.21,2012,2016
18,Indiana,18009,Blackford,0.27,2012,2016
18,Indiana,18011,Boone,0.39,2012,2016
18,Indiana,18013,Brown,0.22,2012,2016
18,Indiana,18015,Carroll,0.26,2012,2016
18,Indiana,18017,Cass,0.29,2012,2016
18,Indiana,18019,Clark,0.51,2012,2016
18,Indiana,18021,Clay,0.29,2012,2016
18,Indiana,18023,Clinton,0.28,2012,2016
18,Indiana,18025,Crawford,0.25,2012,2016
18,Indiana,18027,Daviess,0.26,2012,2016
18,Indiana,18029,Dearborn,0.34,2012,2016
18,Indiana,18031,Decatur,0.29,2012,2016
18,Indiana,18033,DeKalb,0.4,2012,2016
18,Indiana,18035,Delaware,0.38,2012,2016
18,Indiana,18037,Dubois,0.27,2012,2016
18,Indiana,18039,Elkhart,0.4,2012,2016
18,Indiana,18041,Fayette,0.3,2012,2016
18,Indiana,18043,Floyd,0.48,2012,2016
18,Indiana,18045,Fountain,0.27,2012,2016
18,Indiana,18047,Franklin,0.24,2012,2016
18,Indiana,18049,Fulton,0.23,2012,2016
18,Indiana,18051,Gibson,0.27,2012,2016
18,Indiana,18053,Grant,0.31,2012,2016
18,Indiana,18055,Greene,0.22,2012,2016
18,Indiana,18057,Hamilton,0.53,2012,2016
18,Indiana,18059,Hancock,0.42,2012,2016
18,Indiana,18061,Harrison,0.29,2012,2016
18,Indiana,18063,Hendricks,0.47,2012,2016
18,Indiana,18065,Henry,0.3,2012,2016
18,Indiana,18067,Howard,0.37,2012,2016
18,Indiana,18069,Huntington,0.29,2012,2016
18,Indiana,18071,Jackson,0.3,2012,2016
18,Indiana,18073,Jasper,0.28,2012,2016
18,Indiana,18075,Jay,0.23,2012,2016
18,Indiana,18077,Jefferson,0.3,2012,2016
18,Indiana,18079,Jennings,0.28,2012,2016
18,Indiana,18081,Johnson,0.48,2012,2016
18,Indiana,18083,Knox,0.28,2012,2016
18,Indiana,18085,Kosciusko,0.29,2012,2016
18,Indiana,18087,LaGrange,0.23,2012,2016
18,Indiana,18089,Lake,0.54,2012,2016
18,Indiana,18091,LaPorte,0.38,2012,2016
18,Indiana,18093,Lawrence,0.28,2012,2016
18,Indiana,18095,Madison,0.39,2012,2016
18,Indiana,18097,Marion,0.83,2012,2016
18,Indiana,18099,Marshall,0.3,2012,2016
18,Indiana,18101,Martin,0.22,2012,2016
18,Indiana,18103,Miami,0.27,2012,2016
18,Indiana,18105,Monroe,0.34,2012,2016
18,Indiana,18107,Montgomery,0.27,2012,2016
18,Indiana,18109,Morgan,0.36,2012,2016
18,Indiana,18111,Newton,0.25,2012,2016
18,Indiana,18113,Noble,0.29,2012,2016
18,Indiana,18115,Ohio,0.36,2012,2016
18,Indiana,18117,Orange,0.21,2012,2016
18,Indiana,18119,Owen,0.25,2012,2016
18,Indiana,18121,Parke,0.23,2012,2016
18,Indiana,18123,Perry,0.36,2012,2016
18,Indiana,18125,Pike,0.22,2012,2016
18,Indiana,18127,Porter,0.42,2012,2016
18,Indiana,18129,Posey,0.26,2012,2016
18,Indiana,18131,Pulaski,0.22,2012,2016
18,Indiana,18133,Putnam,0.28,2012,2016
18,Indiana,18135,Randolph,0.24,2012,2016
18,Indiana,18137,Ripley,0.25,2012,2016
18,Indiana,18139,Rush,0.25,2012,2016
18,Indiana,18141,St. Joseph,0.45,2012,2016
18,Indiana,18143,Scott,0.36,2012,2016
18,Indiana,18145,Shelby,0.37,2012,2016
18,Indiana,18147,Spencer,0.27,2012,2016
18,Indiana,18149,Starke,0.26,2012,2016
18,Indiana,18151,Steuben,0.27,2012,2016
18,Indiana,18153,Sullivan,0.24,2012,2016
18,Indiana,18155,Switzerland,0.35,2012,2016
18,Indiana,18157,Tippecanoe,0.46,2012,2016
18,Indiana,18159,Tipton,0.28,2012,2016
18,Indiana,18161,Union,0.24,2012,2016
18,Indiana,18163,Vanderburgh,0.5,2012,2016
18,Indiana,18165,Vermillion,0.26,2012,2016
18,Indiana,18167,Vigo,0.46,2012,2016
18,Indiana,18169,Wabash,0.27,2012,2016
18,Indiana,18171,Warren,0.24,2012,2016
18,Indiana,18173,Warrick,0.3,2012,2016
18,Indiana,18175,Washington,0.23,2012,2016
18,Indiana,18177,Wayne,0.32,2012,2016
18,Indiana,18179,Wells,0.27,2012,2016
18,Indiana,18181,White,0.26,2012,2016
18,Indiana,18183,Whitley,0.29,2012,2016
19,Iowa,19001,Adair,0.16,2012,2016
19,Iowa,19003,Adams,0.17,2012,2016
19,Iowa,19005,Allamakee,0.15,2012,2016
19,Iowa,19007,Appanoose,0.15,2012,2016
19,Iowa,19009,Audubon,0.13,2012,2016
19,Iowa,19011,Benton,0.19,2012,2016
19,Iowa,19013,Black Hawk,0.23,2012,2016
19,Iowa,19015,Boone,0.24,2012,2016
19,Iowa,19017,Bremer,0.15,2012,2016
19,Iowa,19019,Buchanan,0.16,2012,2016
19,Iowa,19021,Buena Vista,0.13,2012,2016
19,Iowa,19023,Butler,0.15,2012,2016
19,Iowa,19025,Calhoun,0.13,2012,2016
19,Iowa,19027,Carroll,0.16,2012,2016
19,Iowa,19029,Cass,0.16,2012,2016
19,Iowa,19031,Cedar,0.23,2012,2016
19,Iowa,19033,Cerro Gordo,0.24,2012,2016
19,Iowa,19035,Cherokee,0.13,2012,2016
19,Iowa,19037,Chickasaw,0.14,2012,2016
19,Iowa,19039,Clarke,0.23,2012,2016
19,Iowa,19041,Clay,0.13,2012,2016
19,Iowa,19043,Clayton,0.16,2012,2016
19,Iowa,19045,Clinton,0.29,2012,2016
19,Iowa,19047,Crawford,0.17,2012,2016
19,Iowa,19049,Dallas,0.22,2012,2016
19,Iowa,19051,Davis,0.15,2012,2016
19,Iowa,19053,Decatur,0.15,2012,2016
19,Iowa,19055,Delaware,0.15,2012,2016
19,Iowa,19057,Des Moines,0.27,2012,2016
19,Iowa,19059,Dickinson,0.13,2012,2016
19,Iowa,19061,Dubuque,0.23,2012,2016
19,Iowa,19063,Emmet,0.13,2012,2016
19,Iowa,19065,Fayette,0.14,2012,2016
19,Iowa,19067,Floyd,0.16,2012,2016
19,Iowa,19069,Franklin,0.16,2012,2016
19,Iowa,19071,Fremont,0.18,2012,2016
19,Iowa,19073,Greene,0.17,2012,2016
19,Iowa,19075,Grundy,0.15,2012,2016
19,Iowa,19077,Guthrie,0.17,2012,2016
19,Iowa,19079,Hamilton,0.18,2012,2016
19,Iowa,19081,Hancock,0.14,2012,2016
19,Iowa,19083,Hardin,0.16,2012,2016
19,Iowa,19085,Harrison,0.21,2012,2016
19,Iowa,19087,Henry,0.19,2012,2016
19,Iowa,19089,Howard,0.12,2012,2016
19,Iowa,19091,Humboldt,0.14,2012,2016
19,Iowa,19093,Ida,0.13,2012,2016
19,Iowa,19095,Iowa,0.19,2012,2016
19,Iowa,19097,Jackson,0.21,2012,2016
19,Iowa,19099,Jasper,0.22,2012,2016
19,Iowa,19101,Jefferson,0.18,2012,2016
19,Iowa,19103,Johnson,0.29,2012,2016
19,Iowa,19105,Jones,0.16,2012,2016
19,Iowa,19107,Keokuk,0.17,2012,2016
19,Iowa,19109,Kossuth,0.13,2012,2016
19,Iowa,19111,Lee,0.25,2012,2016
19,Iowa,19113,Linn,0.29,2012,2016
19,Iowa,19115,Louisa,0.18,2012,2016
19,Iowa,19117,Lucas,0.18,2012,2016
19,Iowa,19119,Lyon,0.13,2012,2016
19,Iowa,19121,Madison,0.17,2012,2016
19,Iowa,19123,Mahaska,0.18,2012,2016
19,Iowa,19125,Marion,0.17,2012,2016
19,Iowa,19127,Marshall,0.22,2012,2016
19,Iowa,19129,Mills,0.23,2012,2016
19,Iowa,19131,Mitchell,0.14,2012,2016
19,Iowa,19133,Monona,0.17,2012,2016
19,Iowa,19135,Monroe,0.19,2012,2016
19,Iowa,19137,Montgomery,0.2,2012,2016
19,Iowa,19139,Muscatine,0.21,2012,2016
19,Iowa,19141,O'Brien,0.12,2012,2016
19,Iowa,19143,Osceola,0.12,2012,2016
19,Iowa,19145,Page,0.16,2012,2016
19,Iowa,19147,Palo Alto,0.12,2012,2016
19,Iowa,19149,Plymouth,0.15,2012,2016
19,Iowa,19151,Pocahontas,0.13,2012,2016
19,Iowa,19153,Polk,0.41,2012,2016
19,Iowa,19155,Pottawattamie,0.42,2012,2016
19,Iowa,19157,Poweshiek,0.18,2012,2016
19,Iowa,19159,Ringgold,0.14,2012,2016
19,Iowa,19161,Sac,0.13,2012,2016
19,Iowa,19163,Scott,0.36,2012,2016
19,Iowa,19165,Shelby,0.15,2012,2016
19,Iowa,19167,Sioux,0.14,2012,2016
19,Iowa,19169,Story,0.26,2012,2016
19,Iowa,19171,Tama,0.19,2012,2016
19,Iowa,19173,Taylor,0.14,2012,2016
19,Iowa,19175,Union,0.21,2012,2016
19,Iowa,19177,Van Buren,0.15,2012,2016
19,Iowa,19179,Wapello,0.23,2012,2016
19,Iowa,19181,Warren,0.19,2012,2016
19,Iowa,19183,Washington,0.18,2012,2016
19,Iowa,19185,Wayne,0.14,2012,2016
19,Iowa,19187,Webster,0.17,2012,2016
19,Iowa,19189,Winnebago,0.14,2012,2016
19,Iowa,19191,Winneshiek,0.13,2012,2016
19,Iowa,19193,Woodbury,0.23,2012,2016
19,Iowa,19195,Worth,0.16,2012,2016
19,Iowa,19197,Wright,0.17,2012,2016
20,Kansas,20001,Allen,0.18,2012,2016
20,Kansas,20003,Anderson,0.17,2012,2016
20,Kansas,20005,Atchison,0.26,2012,2016
20,Kansas,20007,Barber,0.13,2012,2016
20,Kansas,20009,Barton,0.16,2012,2016
20,Kansas,20011,Bourbon,0.21,2012,2016
20,Kansas,20013,Brown,0.18,2012,2016
20,Kansas,20015,Butler,0.2,2012,2016
20,Kansas,20017,Chase,0.2,2012,2016
20,Kansas,20019,Chautauqua,0.13,2012,2016
20,Kansas,20021,Cherokee,0.2,2012,2016
20,Kansas,20023,Cheyenne,0.07,2012,2016
20,Kansas,20025,Clark,0.09,2012,2016
20,Kansas,20027,Clay,0.15,2012,2016
20,Kansas,20029,Cloud,0.13,2012,2016
20,Kansas,20031,Coffey,0.18,2012,2016
20,Kansas,20033,Comanche,0.09,2012,2016
20,Kansas,20035,Cowley,0.21,2012,2016
20,Kansas,20037,Crawford,0.23,2012,2016
20,Kansas,20039,Decatur,0.08,2012,2016
20,Kansas,20041,Dickinson,0.18,2012,2016
20,Kansas,20043,Doniphan,0.22,2012,2016
20,Kansas,20045,Douglas,0.36,2012,2016
20,Kansas,20047,Edwards,0.11,2012,2016
20,Kansas,20049,Elk,0.12,2012,2016
20,Kansas,20051,Ellis,0.19,2012,2016
20,Kansas,20053,Ellsworth,0.12,2012,2016
20,Kansas,20055,Finney,0.17,2012,2016
20,Kansas,20057,Ford,0.14,2012,2016
20,Kansas,20059,Franklin,0.28,2012,2016
20,Kansas,20061,Geary,0.24,2012,2016
20,Kansas,20063,Gove,0.1,2012,2016
20,Kansas,20065,Graham,0.09,2012,2016
20,Kansas,20067,Grant,0.1,2012,2016
20,Kansas,20069,Gray,0.09,2012,2016
20,Kansas,20071,Greeley,0.07,2012,2016
20,Kansas,20073,Greenwood,0.13,2012,2016
20,Kansas,20075,Hamilton,0.08,2012,2016
20,Kansas,20077,Harper,0.15,2012,2016
20,Kansas,20079,Harvey,0.25,2012,2016
20,Kansas,20081,Haskell,0.08,2012,2016
20,Kansas,20083,Hodgeman,0.08,2012,2016
20,Kansas,20085,Jackson,0.17,2012,2016
20,Kansas,20087,Jefferson,0.21,2012,2016
20,Kansas,20089,Jewell,0.11,2012,2016
20,Kansas,20091,Johnson,0.53,2012,2016
20,Kansas,20093,Kearny,0.08,2012,2016
20,Kansas,20095,Kingman,0.12,2012,2016
20,Kansas,20097,Kiowa,0.1,2012,2016
20,Kansas,20099,Labette,0.2,2012,2016
20,Kansas,20101,Lane,0.08,2012,2016
20,Kansas,20103,Leavenworth,0.4,2012,2016
20,Kansas,20105,Lincoln,0.12,2012,2016
20,Kansas,20107,Linn,0.19,2012,2016
20,Kansas,20109,Logan,0.14,2012,2016
20,Kansas,20111,Lyon,0.24,2012,2016
20,Kansas,20113,McPherson,0.18,2012,2016
20,Kansas,20115,Marion,0.15,2012,2016
20,Kansas,20117,Marshall,0.19,2012,2016
20,Kansas,20119,Meade,0.1,2012,2016
20,Kansas,20121,Miami,0.24,2012,2016
20,Kansas,20123,Mitchell,0.14,2012,2016
20,Kansas,20125,Montgomery,0.23,2012,2016
20,Kansas,20127,Morris,0.13,2012,2016
20,Kansas,20129,Morton,0.07,2012,2016
20,Kansas,20131,Nemaha,0.15,2012,2016
20,Kansas,20133,Neosho,0.19,2012,2016
20,Kansas,20135,Ness,0.09,2012,2016
20,Kansas,20137,Norton,0.1,2012,2016
20,Kansas,20139,Osage,0.18,2012,2016
20,Kansas,20141,Osborne,0.1,2012,2016
20,Kansas,20143,Ottawa,0.13,2012,2016
20,Kansas,20145,Pawnee,0.12,2012,2016
20,Kansas,20147,Phillips,0.1,2012,2016
20,Kansas,20149,Pottawatomie,0.17,2012,2016
20,Kansas,20151,Pratt,0.14,2012,2016
20,Kansas,20153,Rawlins,0.07,2012,2016
20,Kansas,20155,Reno,0.2,2012,2016
20,Kansas,20157,Republic,0.13,2012,2016
20,Kansas,20159,Rice,0.12,2012,2016
20,Kansas,20161,Riley,0.23,2012,2016
20,Kansas,20163,Rooks,0.11,2012,2016
20,Kansas,20165,Rush,0.09,2012,2016
20,Kansas,20167,Russell,0.13,2012,2016
20,Kansas,20169,Saline,0.25,2012,2016
20,Kansas,20171,Scott,0.1,2012,2016
20,Kansas,20173,Sedgwick,0.34,2012,2016
20,Kansas,20175,Seward,0.17,2012,2016
20,Kansas,20177,Shawnee,0.38,2012,2016
20,Kansas,20179,Sheridan,0.08,2012,2016
20,Kansas,20181,Sherman,0.12,2012,2016
20,Kansas,20183,Smith,0.1,2012,2016
20,Kansas,20185,Stafford,0.1,2012,2016
20,Kansas,20187,Stanton,0.06,2012,2016
20,Kansas,20189,Stevens,0.09,2012,2016
20,Kansas,20191,Sumner,0.22,2012,2016
20,Kansas,20193,Thomas,0.14,2012,2016
20,Kansas,20195,Trego,0.1,2012,2016
20,Kansas,20197,Wabaunsee,0.17,2012,2016
20,Kansas,20199,Wallace,0.06,2012,2016
20,Kansas,20201,Washington,0.14,2012,2016
20,Kansas,20203,Wichita,0.08,2012,2016
20,Kansas,20205,Wilson,0.16,2012,2016
20,Kansas,20207,Woodson,0.15,2012,2016
20,Kansas,20209,Wyandotte,0.6,2012,2016
21,Kentucky,21001,Adair,0.18,2012,2016
21,Kentucky,21003,Allen,0.21,2012,2016
21,Kentucky,21005,Anderson,0.26,2012,2016
21,Kentucky,21007,Ballard,0.25,2012,2016
21,Kentucky,21009,Barren,0.24,2012,2016
21,Kentucky,21011,Bath,0.21,2012,2016
21,Kentucky,21013,Bell,0.19,2012,2016
21,Kentucky,21015,Boone,0.65,2012,2016
21,Kentucky,21017,Bourbon,0.26,2012,2016
21,Kentucky,21019,Boyd,0.37,2012,2016
21,Kentucky,21021,Boyle,0.3,2012,2016
21,Kentucky,21023,Bracken,0.27,2012,2016
21,Kentucky,21025,Breathitt,0.15,2012,2016
21,Kentucky,21027,Breckinridge,0.23,2012,2016
21,Kentucky,21029,Bullitt,0.47,2012,2016
21,Kentucky,21031,Butler,0.19,2012,2016
21,Kentucky,21033,Caldwell,0.23,2012,2016
21,Kentucky,21035,Calloway,0.22,2012,2016
21,Kentucky,21037,Campbell,0.87,2012,2016
21,Kentucky,21039,Carlisle,0.22,2012,2016
21,Kentucky,21041,Carroll,0.37,2012,2016
21,Kentucky,21043,Carter,0.24,2012,2016
21,Kentucky,21045,Casey,0.16,2012,2016
21,Kentucky,21047,Christian,0.29,2012,2016
21,Kentucky,21049,Clark,0.4,2012,2016
21,Kentucky,21051,Clay,0.15,2012,2016
21,Kentucky,21053,Clinton,0.16,2012,2016
21,Kentucky,21055,Crittenden,0.2,2012,2016
21,Kentucky,21057,Cumberland,0.15,2012,2016
21,Kentucky,21059,Daviess,0.35,2012,2016
21,Kentucky,21061,Edmonson,0.21,2012,2016
21,Kentucky,21063,Elliott,0.14,2012,2016
21,Kentucky,21065,Estill,0.18,2012,2016
21,Kentucky,21067,Fayette,0.6,2012,2016
21,Kentucky,21069,Fleming,0.19,2012,2016
21,Kentucky,21071,Floyd,0.19,2012,2016
21,Kentucky,21073,Franklin,0.41,2012,2016
21,Kentucky,21075,Fulton,0.31,2012,2016
21,Kentucky,21077,Gallatin,0.4,2012,2016
21,Kentucky,21079,Garrard,0.21,2012,2016
21,Kentucky,21081,Grant,0.35,2012,2016
21,Kentucky,21083,Graves,0.21,2012,2016
21,Kentucky,21085,Grayson,0.22,2012,2016
21,Kentucky,21087,Green,0.17,2012,2016
21,Kentucky,21089,Greenup,0.28,2012,2016
21,Kentucky,21091,Hancock,0.37,2012,2016
21,Kentucky,21093,Hardin,0.36,2012,2016
21,Kentucky,21095,Harlan,0.16,2012,2016
21,Kentucky,21097,Harrison,0.26,2012,2016
21,Kentucky,21099,Hart,0.29,2012,2016
21,Kentucky,21101,Henderson,0.35,2012,2016
21,Kentucky,21103,Henry,0.3,2012,2016
21,Kentucky,21105,Hickman,0.21,2012,2016
21,Kentucky,21107,Hopkins,0.26,2012,2016
21,Kentucky,21109,Jackson,0.15,2012,2016
21,Kentucky,21111,Jefferson,0.59,2012,2016
21,Kentucky,21113,Jessamine,0.36,2012,2016
21,Kentucky,21115,Johnson,0.2,2012,2016
21,Kentucky,21117,Kenton,0.87,2012,2016
21,Kentucky,21119,Knott,0.14,2012,2016
21,Kentucky,21121,Knox,0.21,2012,2016
21,Kentucky,21123,Larue,0.25,2012,2016
21,Kentucky,21125,Laurel,0.28,2012,2016
21,Kentucky,21127,Lawrence,0.21,2012,2016
21,Kentucky,21129,Lee,0.15,2012,2016
21,Kentucky,21131,Leslie,0.12,2012,2016
21,Kentucky,21133,Letcher,0.13,2012,2016
21,Kentucky,21135,Lewis,0.2,2012,2016
21,Kentucky,21137,Lincoln,0.2,2012,2016
21,Kentucky,21139,Livingston,0.27,2012,2016
21,Kentucky,21141,Logan,0.23,2012,2016
21,Kentucky,21143,Lyon,0.31,2012,2016
21,Kentucky,21145,McCracken,0.36,2012,2016
21,Kentucky,21147,McCreary,0.18,2012,2016
21,Kentucky,21149,McLean,0.21,2012,2016
21,Kentucky,21151,Madison,0.36,2012,2016
21,Kentucky,21153,Magoffin,0.15,2012,2016
21,Kentucky,21155,Marion,0.2,2012,2016
21,Kentucky,21157,Marshall,0.26,2012,2016
21,Kentucky,21159,Martin,0.18,2012,2016
21,Kentucky,21161,Mason,0.3,2012,2016
21,Kentucky,21163,Meade,0.26,2012,2016
21,Kentucky,21165,Menifee,0.15,2012,2016
21,Kentucky,21167,Mercer,0.26,2012,2016
21,Kentucky,21169,Metcalfe,0.16,2012,2016
21,Kentucky,21171,Monroe,0.16,2012,2016
21,Kentucky,21173,Montgomery,0.26,2012,2016
21,Kentucky,21175,Morgan,0.15,2012,2016
21,Kentucky,21177,Muhlenberg,0.21,2012,2016
21,Kentucky,21179,Nelson,0.27,2012,2016
21,Kentucky,21181,Nicholas,0.2,2012,2016
21,Kentucky,21183,Ohio,0.2,2012,2016
21,Kentucky,21185,Oldham,0.41,2012,2016
21,Kentucky,21187,Owen,0.22,2012,2016
21,Kentucky,21189,Owsley,0.14,2012,2016
21,Kentucky,21191,Pendleton,0.24,2012,2016
21,Kentucky,21193,Perry,0.17,2012,2016
21,Kentucky,21195,Pike,0.18,2012,2016
21,Kentucky,21197,Powell,0.18,2012,2016
21,Kentucky,21199,Pulaski,0.26,2012,2016
21,Kentucky,21201,Robertson,0.18,2012,2016
21,Kentucky,21203,Rockcastle,0.24,2012,2016
21,Kentucky,21205,Rowan,0.21,2012,2016
21,Kentucky,21207,Russell,0.17,2012,2016
21,Kentucky,21209,Scott,0.45,2012,2016
21,Kentucky,21211,Shelby,0.38,2012,2016
21,Kentucky,21213,Simpson,0.38,2012,2016
21,Kentucky,21215,Spencer,0.25,2012,2016
21,Kentucky,21217,Taylor,0.25,2012,2016
21,Kentucky,21219,Todd,0.21,2012,2016
21,Kentucky,21221,Trigg,0.19,2012,2016
21,Kentucky,21223,Trimble,0.29,2012,2016
21,Kentucky,21225,Union,0.24,2012,2016
21,Kentucky,21227,Warren,0.38,2012,2016
21,Kentucky,21229,Washington,0.2,2012,2016
21,Kentucky,21231,Wayne,0.18,2012,2016
21,Kentucky,21233,Webster,0.23,2012,2016
21,Kentucky,21235,Whitley,0.31,2012,2016
21,Kentucky,21237,Wolfe,0.15,2012,2016
21,Kentucky,21239,Woodford,0.3,2012,2016
22,Louisiana,22001,Acadia,0.32,2012,2016
22,Louisiana,22003,Allen,0.19,2012,2016
22,Louisiana,22005,Ascension,0.43,2012,2016
22,Louisiana,22007,Assumption,0.23,2012,2016
22,Louisiana,22009,Avoyelles,0.2,2012,2016
22,Louisiana,22011,Beauregard,0.2,2012,2016
22,Louisiana,22013,Bienville,0.16,2012,2016
22,Louisiana,22015,Bossier,0.35,2012,2016
22,Louisiana,22017,Caddo,0.41,2012,2016
22,Louisiana,22019,Calcasieu,0.43,2012,2016
22,Louisiana,22021,Caldwell,0.16,2012,2016
22,Louisiana,22023,Cameron,0.21,2012,2016
22,Louisiana,22025,Catahoula,0.15,2012,2016
22,Louisiana,22027,Claiborne,0.13,2012,2016
22,Louisiana,22029,Concordia,0.2,2012,2016
22,Louisiana,22031,De Soto,0.2,2012,2016
22,Louisiana,22033,East Baton Rouge,0.61,2012,2016
22,Louisiana,22035,East Carroll,0.18,2012,2016
22,Louisiana,22037,East Feliciana,0.19,2012,2016
22,Louisiana,22039,Evangeline,0.22,2012,2016
22,Louisiana,22041,Franklin,0.17,2012,2016
22,Louisiana,22043,Grant,0.15,2012,2016
22,Louisiana,22045,Iberia,0.29,2012,2016
22,Louisiana,22047,Iberville,0.38,2012,2016
22,Louisiana,22049,Jackson,0.15,2012,2016
22,Louisiana,22051,Jefferson,0.81,2012,2016
22,Louisiana,22053,Jefferson Davis,0.26,2012,2016
22,Louisiana,22055,Lafayette,0.49,2012,2016
22,Louisiana,22057,Lafourche,0.3,2012,2016
22,Louisiana,22059,La Salle,0.15,2012,2016
22,Louisiana,22061,Lincoln,0.28,2012,2016
22,Louisiana,22063,Livingston,0.39,2012,2016
22,Louisiana,22065,Madison,0.35,2012,2016
22,Louisiana,22067,Morehouse,0.2,2012,2016
22,Louisiana,22069,Natchitoches,0.19,2012,2016
22,Louisiana,22071,Orleans,1.06,2012,2016
22,Louisiana,22073,Ouachita,0.41,2012,2016
22,Louisiana,22075,Plaquemines,0.36,2012,2016
22,Louisiana,22077,Pointe Coupee,0.24,2012,2016
22,Louisiana,22079,Rapides,0.32,2012,2016
22,Louisiana,22081,Red River,0.13,2012,2016
22,Louisiana,22083,Richland,0.23,2012,2016
22,Louisiana,22085,Sabine,0.13,2012,2016
22,Louisiana,22087,St. Bernard,0.77,2012,2016
22,Louisiana,22089,St. Charles,0.48,2012,2016
22,Louisiana,22091,St. Helena,0.18,2012,2016
22,Louisiana,22093,St. James,0.37,2012,2016
22,Louisiana,22095,St. John the Baptist,0.49,2012,2016
22,Louisiana,22097,St. Landry,0.32,2012,2016
22,Louisiana,22099,St. Martin,0.28,2012,2016
22,Louisiana,22101,St. Mary,0.31,2012,2016
22,Louisiana,22103,St. Tammany,0.42,2012,2016
22,Louisiana,22105,Tangipahoa,0.47,2012,2016
22,Louisiana,22107,Tensas,0.16,2012,2016
22,Louisiana,22109,Terrebonne,0.38,2012,2016
22,Louisiana,22111,Union,0.15,2012,2016
22,Louisiana,22113,Vermilion,0.23,2012,2016
22,Louisiana,22115,Vernon,0.16,2012,2016
22,Louisiana,22117,Washington,0.22,2012,2016
22,Louisiana,22119,Webster,0.23,2012,2016
22,Louisiana,22121,West Baton Rouge,0.52,2012,2016
22,Louisiana,22123,West Carroll,0.15,2012,2016
22,Louisiana,22125,West Feliciana,0.18,2012,2016
22,Louisiana,22127,Winn,0.15,2012,2016
23,Maine,23001,Androscoggin,0.18,2012,2016
23,Maine,23003,Aroostook,0.04,2012,2016
23,Maine,23005,Cumberland,0.27,2012,2016
23,Maine,23007,Franklin,0.06,2012,2016
23,Maine,23009,Hancock,0.08,2012,2016
23,Maine,23011,Kennebec,0.15,2012,2016
23,Maine,23013,Knox,0.11,2012,2016
23,Maine,23015,Lincoln,0.11,2012,2016
23,Maine,23017,Oxford,0.08,2012,2016
23,Maine,23019,Penobscot,0.12,2012,2016
23,Maine,23021,Piscataquis,0.05,2012,2016
23,Maine,23023,Sagadahoc,0.17,2012,2016
23,Maine,23025,Somerset,0.08,2012,2016
23,Maine,23027,Waldo,0.08,2012,2016
23,Maine,23029,Washington,0.05,2012,2016
23,Maine,23031,York,0.21,2012,2016
24,Maryland,24001,Allegany,0.22,2012,2016
24,Maryland,24003,Anne Arundel,0.56,2012,2016
24,Maryland,24005,Baltimore,0.66,2012,2016
24,Maryland,24009,Calvert,0.27,2012,2016
24,Maryland,24011,Caroline,0.23,2012,2016
24,Maryland,24013,Carroll,0.35,2012,2016
24,Maryland,24015,Cecil,0.39,2012,2016
24,Maryland,24017,Charles,0.35,2012,2016
24,Maryland,24019,Dorchester,0.21,2012,2016
24,Maryland,24021,Frederick,0.43,2012,2016
24,Maryland,24023,Garrett,0.13,2012,2016
24,Maryland,24025,Harford,0.44,2012,2016
24,Maryland,24027,Howard,0.65,2012,2016
24,Maryland,24029,Kent,0.3,2012,2016
24,Maryland,24031,Montgomery,0.78,2012,2016
24,Maryland,24033,Prince George's,0.78,2012,2016
24,Maryland,24035,Queen Anne's,0.3,2012,2016
24,Maryland,24037,St. Mary's,0.25,2012,2016
24,Maryland,24039,Somerset,0.2,2012,2016
24,Maryland,24041,Talbot,0.27,2012,2016
24,Maryland,24043,Washington,0.53,2012,2016
24,Maryland,24045,Wicomico,0.25,2012,2016
24,Maryland,24047,Worcester,0.22,2012,2016
24,Maryland,24510,Baltimore City,0.86,2012,2016
25,Massachusetts,25001,Barnstable,0.18,2012,2016
25,Massachusetts,25003,Berkshire,0.13,2012,2016
25,Massachusetts,25005,Bristol,0.46,2012,2016
25,Massachusetts,25007,Dukes,0.19,2012,2016
25,Massachusetts,25009,Essex,0.38,2012,2016
25,Massachusetts,25011,Franklin,0.14,2012,2016
25,Massachusetts,25013,Hampden,0.29,2012,2016
25,Massachusetts,25015,Hampshire,0.19,2012,2016
25,Massachusetts,25017,Middlesex,0.44,2012,2016
25,Massachusetts,25019,Nantucket,0.16,2012,2016
25,Massachusetts,25021,Norfolk,0.41,2012,2016
25,Massachusetts,25023,Plymouth,0.26,2012,2016
25,Massachusetts,25025,Suffolk,0.76,2012,2016
25,Massachusetts,25027,Worcester,0.21,2012,2016
26,Michigan,26001,Alcona,0.07,2012,2016
26,Michigan,26003,Alger,0.06,2012,2016
26,Michigan,26005,Allegan,0.19,2012,2016
26,Michigan,26007,Alpena,0.08,2012,2016
26,Michigan,26009,Antrim,0.08,2012,2016
26,Michigan,26011,Arenac,0.1,2012,2016
26,Michigan,26013,Baraga,0.05,2012,2016
26,Michigan,26015,Barry,0.16,2012,2016
26,Michigan,26017,Bay,0.19,2012,2016
26,Michigan,26019,Benzie,0.09,2012,2016
26,Michigan,26021,Berrien,0.28,2012,2016
26,Michigan,26023,Branch,0.2,2012,2016
26,Michigan,26025,Calhoun,0.24,2012,2016
26,Michigan,26027,Cass,0.22,2012,2016
26,Michigan,26029,Charlevoix,0.08,2012,2016
26,Michigan,26031,Cheboygan,0.07,2012,2016
26,Michigan,26033,Chippewa,0.1,2012,2016
26,Michigan,26035,Clare,0.09,2012,2016
26,Michigan,26037,Clinton,0.19,2012,2016
26,Michigan,26039,Crawford,0.08,2012,2016
26,Michigan,26041,Delta,0.09,2012,2016
26,Michigan,26043,Dickinson,0.08,2012,2016
26,Michigan,26045,Eaton,0.21,2012,2016
26,Michigan,26047,Emmet,0.07,2012,2016
26,Michigan,26049,Genesee,0.27,2012,2016
26,Michigan,26051,Gladwin,0.1,2012,2016
26,Michigan,26053,Gogebic,0.06,2012,2016
26,Michigan,26055,Grand Traverse,0.11,2012,2016
26,Michigan,26057,Gratiot,0.15,2012,2016
26,Michigan,26059,Hillsdale,0.18,2012,2016
26,Michigan,26061,Houghton,0.05,2012,2016
26,Michigan,26063,Huron,0.11,2012,2016
26,Michigan,26065,Ingham,0.24,2012,2016
26,Michigan,26067,Ionia,0.17,2012,2016
26,Michigan,26069,Iosco,0.09,2012,2016
26,Michigan,26071,Iron,0.06,2012,2016
26,Michigan,26073,Isabella,0.13,2012,2016
26,Michigan,26075,Jackson,0.21,2012,2016
26,Michigan,26077,Kalamazoo,0.25,2012,2016
26,Michigan,26079,Kalkaska,0.08,2012,2016
26,Michigan,26081,Kent,0.29,2012,2016
26,Michigan,26083,Keweenaw,0.04,2012,2016
26,Michigan,26085,Lake,0.09,2012,2016
26,Michigan,26087,Lapeer,0.18,2012,2016
26,Michigan,26089,Leelanau,0.09,2012,2016
26,Michigan,26091,Lenawee,0.22,2012,2016
26,Michigan,26093,Livingston,0.27,2012,2016
26,Michigan,26095,Luce,0.05,2012,2016
26,Michigan,26097,Mackinac,0.08,2012,2016
26,Michigan,26099,Macomb,0.47,2012,2016
26,Michigan,26101,Manistee,0.09,2012,2016
26,Michigan,26103,Marquette,0.06,2012,2016
26,Michigan,26105,Mason,0.12,2012,2016
26,Michigan,26107,Mecosta,0.11,2012,2016
26,Michigan,26109,Menominee,0.1,2012,2016
26,Michigan,26111,Midland,0.13,2012,2016
26,Michigan,26113,Missaukee,0.08,2012,2016
26,Michigan,26115,Monroe,0.33,2012,2016
26,Michigan,26117,Montcalm,0.13,2012,2016
26,Michigan,26119,Montmorency,0.06,2012,2016
26,Michigan,26121,Muskegon,0.2,2012,2016
26,Michigan,26123,Newaygo,0.12,2012,2016
26,Michigan,26125,Oakland,0.46,2012,2016
26,Michigan,26127,Oceana,0.12,2012,2016
26,Michigan,26129,Ogemaw,0.08,2012,2016
26,Michigan,26131,Ontonagon,0.05,2012,2016
26,Michigan,26133,Osceola,0.09,2012,2016
26,Michigan,26135,Oscoda,0.07,2012,2016
26,Michigan,26137,Otsego,0.08,2012,2016
26,Michigan,26139,Ottawa,0.24,2012,2016
26,Michigan,26141,Presque Isle,0.06,2012,2016
26,Michigan,26143,Roscommon,0.08,2012,2016
26,Michigan,26145,Saginaw,0.22,2012,2016
26,Michigan,26147,St. Clair,0.28,2012,2016
26,Michigan,26149,St. Joseph,0.21,2012,2016
26,Michigan,26151,Sanilac,0.13,2012,2016
26,Michigan,26153,Schoolcraft,0.06,2012,2016
26,Michigan,26155,Shiawassee,0.19,2012,2016
26,Michigan,26157,Tuscola,0.14,2012,2016
26,Michigan,26159,Van Buren,0.21,2012,2016
26,Michigan,26161,Washtenaw,0.38,2012,2016
26,Michigan,26163,Wayne,0.59,2012,2016
26,Michigan,26165,Wexford,0.09,2012,2016
27,Minnesota,27001,Aitkin,0.08,2012,2016
27,Minnesota,27003,Anoka,0.39,2012,2016
27,Minnesota,27005,Becker,0.11,2012,2016
27,Minnesota,27007,Beltrami,0.07,2012,2016
27,Minnesota,27009,Benton,0.21,2012,2016
27,Minnesota,27011,Big Stone,0.1,2012,2016
27,Minnesota,27013,Blue Earth,0.18,2012,2016
27,Minnesota,27015,Brown,0.14,2012,2016
27,Minnesota,27017,Carlton,0.11,2012,2016
27,Minnesota,27019,Carver,0.22,2012,2016
27,Minnesota,27021,Cass,0.08,2012,2016
27,Minnesota,27023,Chippewa,0.12,2012,2016
27,Minnesota,27025,Chisago,0.19,2012,2016
27,Minnesota,27027,Clay,0.31,2012,2016
27,Minnesota,27029,Clearwater,0.06,2012,2016
27,Minnesota,27031,Cook,0.04,2012,2016
27,Minnesota,27033,Cottonwood,0.11,2012,2016
27,Minnesota,27035,Crow Wing,0.11,2012,2016
27,Minnesota,27037,Dakota,0.38,2012,2016
27,Minnesota,27039,Dodge,0.14,2012,2016
27,Minnesota,27041,Douglas,0.13,2012,2016
27,Minnesota,27043,Faribault,0.14,2012,2016
27,Minnesota,27045,Fillmore,0.13,2012,2016
27,Minnesota,27047,Freeborn,0.16,2012,2016
27,Minnesota,27049,Goodhue,0.19,2012,2016
27,Minnesota,27051,Grant,0.11,2012,2016
27,Minnesota,27053,Hennepin,0.51,2012,2016
27,Minnesota,27055,Houston,0.16,2012,2016
27,Minnesota,27057,Hubbard,0.07,2012,2016
27,Minnesota,27059,Isanti,0.18,2012,2016
27,Minnesota,27061,Itasca,0.07,2012,2016
27,Minnesota,27063,Jackson,0.12,2012,2016
27,Minnesota,27065,Kanabec,0.12,2012,2016
27,Minnesota,27067,Kandiyohi,0.14,2012,2016
27,Minnesota,27069,Kittson,0.06,2012,2016
27,Minnesota,27071,Koochiching,0.06,2012,2016
27,Minnesota,27073,Lac qui Parle,0.1,2012,2016
27,Minnesota,27075,Lake,0.06,2012,2016
27,Minnesota,27077,Lake of the Woods,0.05,2012,2016
27,Minnesota,27079,Le Sueur,0.14,2012,2016
27,Minnesota,27081,Lincoln,0.09,2012,2016
27,Minnesota,27083,Lyon,0.12,2012,2016
27,Minnesota,27085,McLeod,0.14,2012,2016
27,Minnesota,27087,Mahnomen,0.08,2012,2016
27,Minnesota,27089,Marshall,0.07,2012,2016
27,Minnesota,27091,Martin,0.13,2012,2016
27,Minnesota,27093,Meeker,0.13,2012,2016
27,Minnesota,27095,Mille Lacs,0.14,2012,2016
27,Minnesota,27097,Morrison,0.14,2012,2016
27,Minnesota,27099,Mower,0.17,2012,2016
27,Minnesota,27101,Murray,0.1,2012,2016
27,Minnesota,27103,Nicollet,0.17,2012,2016
27,Minnesota,27105,Nobles,0.13,2012,2016
27,Minnesota,27107,Norman,0.1,2012,2016
27,Minnesota,27109,Olmsted,0.23,2012,2016
27,Minnesota,27111,Otter Tail,0.11,2012,2016
27,Minnesota,27113,Pennington,0.09,2012,2016
27,Minnesota,27115,Pine,0.11,2012,2016
27,Minnesota,27117,Pipestone,0.11,2012,2016
27,Minnesota,27119,Polk,0.12,2012,2016
27,Minnesota,27121,Pope,0.11,2012,2016
27,Minnesota,27123,Ramsey,0.56,2012,2016
27,Minnesota,27125,Red Lake,0.07,2012,2016
27,Minnesota,27127,Redwood,0.12,2012,2016
27,Minnesota,27129,Renville,0.12,2012,2016
27,Minnesota,27131,Rice,0.19,2012,2016
27,Minnesota,27133,Rock,0.13,2012,2016
27,Minnesota,27135,Roseau,0.05,2012,2016
27,Minnesota,27137,St. Louis,0.13,2012,2016
27,Minnesota,27139,Scott,0.26,2012,2016
27,Minnesota,27141,Sherburne,0.25,2012,2016
27,Minnesota,27143,Sibley,0.13,2012,2016
27,Minnesota,27145,Stearns,0.2,2012,2016
27,Minnesota,27147,Steele,0.17,2012,2016
27,Minnesota,27149,Stevens,0.11,2012,2016
27,Minnesota,27151,Swift,0.12,2012,2016
27,Minnesota,27153,Todd,0.1,2012,2016
27,Minnesota,27155,Traverse,0.1,2012,2016
27,Minnesota,27157,Wabasha,0.19,2012,2016
27,Minnesota,27159,Wadena,0.11,2012,2016
27,Minnesota,27161,Waseca,0.15,2012,2016
27,Minnesota,27163,Washington,0.37,2012,2016
27,Minnesota,27165,Watonwan,0.15,2012,2016
27,Minnesota,27167,Wilkin,0.15,2012,2016
27,Minnesota,27169,Winona,0.21,2012,2016
27,Minnesota,27171,Wright,0.21,2012,2016
27,Minnesota,27173,Yellow Medicine,0.11,2012,2016
28,Mississippi,28001,Adams,0.21,2012,2016
28,Mississippi,28003,Alcorn,0.24,2012,2016
28,Mississippi,28005,Amite,0.14,2012,2016
28,Mississippi,28007,Attala,0.15,2012,2016
28,Mississippi,28009,Benton,0.16,2012,2016
28,Mississippi,28011,Bolivar,0.2,2012,2016
28,Mississippi,28013,Calhoun,0.16,2012,2016
28,Mississippi,28015,Carroll,0.15,2012,2016
28,Mississippi,28017,Chickasaw,0.16,2012,2016
28,Mississippi,28019,Choctaw,0.13,2012,2016
28,Mississippi,28021,Claiborne,0.15,2012,2016
28,Mississippi,28023,Clarke,0.15,2012,2016
28,Mississippi,28025,Clay,0.2,2012,2016
28,Mississippi,28027,Coahoma,0.24,2012,2016
28,Mississippi,28029,Copiah,0.23,2012,2016
28,Mississippi,28031,Covington,0.18,2012,2016
28,Mississippi,28033,DeSoto,0.39,2012,2016
28,Mississippi,28035,Forrest,0.29,2012,2016
28,Mississippi,28037,Franklin,0.15,2012,2016
28,Mississippi,28039,George,0.17,2012,2016
28,Mississippi,28041,Greene,0.13,2012,2016
28,Mississippi,28043,Grenada,0.23,2012,2016
28,Mississippi,28045,Hancock,0.26,2012,2016
28,Mississippi,28047,Harrison,0.34,2012,2016
28,Mississippi,28049,Hinds,0.49,2012,2016
28,Mississippi,28051,Holmes,0.19,2012,2016
28,Mississippi,28053,Humphreys,0.17,2012,2016
28,Mississippi,28055,Issaquena,0.15,2012,2016
28,Mississippi,28057,Itawamba,0.19,2012,2016
28,Mississippi,28059,Jackson,0.33,2012,2016
28,Mississippi,28061,Jasper,0.15,2012,2016
28,Mississippi,28063,Jefferson,0.14,2012,2016
28,Mississippi,28065,Jefferson Davis,0.13,2012,2016
28,Mississippi,28067,Jones,0.27,2012,2016
28,Mississippi,28069,Kemper,0.13,2012,2016
28,Mississippi,28071,Lafayette,0.21,2012,2016
28,Mississippi,28073,Lamar,0.2,2012,2016
28,Mississippi,28075,Lauderdale,0.32,2012,2016
28,Mississippi,28077,Lawrence,0.14,2012,2016
28,Mississippi,28079,Leake,0.14,2012,2016
28,Mississippi,28081,Lee,0.27,2012,2016
28,Mississippi,28083,Leflore,0.26,2012,2016
28,Mississippi,28085,Lincoln,0.22,2012,2016
28,Mississippi,28087,Lowndes,0.28,2012,2016
28,Mississippi,28089,Madison,0.34,2012,2016
28,Mississippi,28091,Marion,0.16,2012,2016
28,Mississippi,28093,Marshall,0.22,2012,2016
28,Mississippi,28095,Monroe,0.23,2012,2016
28,Mississippi,28097,Montgomery,0.21,2012,2016
28,Mississippi,28099,Neshoba,0.15,2012,2016
28,Mississippi,28101,Newton,0.18,2012,2016
28,Mississippi,28103,Noxubee,0.17,2012,2016
28,Mississippi,28105,Oktibbeha,0.21,2012,2016
28,Mississippi,28107,Panola,0.23,2012,2016
28,Mississippi,28109,Pearl River,0.28,2012,2016
28,Mississippi,28111,Perry,0.15,2012,2016
28,Mississippi,28113,Pike,0.31,2012,2016
28,Mississippi,28115,Pontotoc,0.18,2012,2016
28,Mississippi,28117,Prentiss,0.19,2012,2016
28,Mississippi,28119,Quitman,0.2,2012,2016
28,Mississippi,28121,Rankin,0.28,2012,2016
28,Mississippi,28123,Scott,0.2,2012,2016
28,Mississippi,28125,Sharkey,0.15,2012,2016
28,Mississippi,28127,Simpson,0.17,2012,2016
28,Mississippi,28129,Smith,0.13,2012,2016
28,Mississippi,28131,Stone,0.18,2012,2016
28,Mississippi,28133,Sunflower,0.17,2012,2016
28,Mississippi,28135,Tallahatchie,0.18,2012,2016
28,Mississippi,28137,Tate,0.3,2012,2016
28,Mississippi,28139,Tippah,0.18,2012,2016
28,Mississippi,28141,Tishomingo,0.18,2012,2016
28,Mississippi,28143,Tunica,0.23,2012,2016
28,Mississippi,28145,Union,0.22,2012,2016
28,Mississippi,28147,Walthall,0.15,2012,2016
28,Mississippi,28149,Warren,0.32,2012,2016
28,Mississippi,28151,Washington,0.23,2012,2016
28,Mississippi,28153,Wayne,0.15,2012,2016
28,Mississippi,28155,Webster,0.15,2012,2016
28,Mississippi,28157,Wilkinson,0.16,2012,2016
28,Mississippi,28159,Winston,0.15,2012,2016
28,Mississippi,28161,Yalobusha,0.18,2012,2016
28,Mississippi,28163,Yazoo,0.21,2012,2016
29,Missouri,29001,Adair,0.2,2012,2016
29,Missouri,29003,Andrew,0.22,2012,2016
29,Missouri,29005,Atchison,0.2,2012,2016
29,Missouri,29007,Audrain,0.19,2012,2016
29,Missouri,29009,Barry,0.15,2012,2016
29,Missouri,29011,Barton,0.22,2012,2016
29,Missouri,29013,Bates,0.24,2012,2016
29,Missouri,29015,Benton,0.14,2012,2016
29,Missouri,29017,Bollinger,0.17,2012,2016
29,Missouri,29019,Boone,0.31,2012,2016
29,Missouri,29021,Buchanan,0.41,2012,2016
29,Missouri,29023,Butler,0.25,2012,2016
29,Missouri,29025,Caldwell,0.19,2012,2016
29,Missouri,29027,Callaway,0.23,2012,2016
29,Missouri,29029,Camden,0.16,2012,2016
29,Missouri,29031,Cape Girardeau,0.38,2012,2016
29,Missouri,29033,Carroll,0.22,2012,2016
29,Missouri,29035,Carter,0.15,2012,2016
29,Missouri,29037,Cass,0.32,2012,2016
29,Missouri,29039,Cedar,0.15,2012,2016
29,Missouri,29041,Chariton,0.17,2012,2016
29,Missouri,29043,Christian,0.17,2012,2016
29,Missouri,29045,Clark,0.18,2012,2016
29,Missouri,29047,Clay,0.53,2012,2016
29,Missouri,29049,Clinton,0.3,2012,2016
29,Missouri,29051,Cole,0.26,2012,2016
29,Missouri,29053,Cooper,0.28,2012,2016
29,Missouri,29055,Crawford,0.21,2012,2016
29,Missouri,29057,Dade,0.16,2012,2016
29,Missouri,29059,Dallas,0.15,2012,2016
29,Missouri,29061,Daviess,0.19,2012,2016
29,Missouri,29063,DeKalb,0.19,2012,2016
29,Missouri,29065,Dent,0.14,2012,2016
29,Missouri,29067,Douglas,0.12,2012,2016
29,Missouri,29069,Dunklin,0.23,2012,2016
29,Missouri,29071,Franklin,0.33,2012,2016
29,Missouri,29073,Gasconade,0.18,2012,2016
29,Missouri,29075,Gentry,0.16,2012,2016
29,Missouri,29077,Greene,0.33,2012,2016
29,Missouri,29079,Grundy,0.18,2012,2016
29,Missouri,29081,Harrison,0.2,2012,2016
29,Missouri,29083,Henry,0.17,2012,2016
29,Missouri,29085,Hickory,0.13,2012,2016
29,Missouri,29087,Holt,0.24,2012,2016
29,Missouri,29089,Howard,0.17,2012,2016
29,Missouri,29091,Howell,0.18,2012,2016
29,Missouri,29093,Iron,0.14,2012,2016
29,Missouri,29095,Jackson,0.62,2012,2016
29,Missouri,29097,Jasper,0.34,2012,2016
29,Missouri,29099,Jefferson,0.36,2012,2016
29,Missouri,29101,Johnson,0.2,2012,2016
29,Missouri,29103,Knox,0.17,2012,2016
29,Missouri,29105,Laclede,0.21,2012,2016
29,Missouri,29107,Lafayette,0.32,2012,2016
29,Missouri,29109,Lawrence,0.24,2012,2016
29,Missouri,29111,Lewis,0.2,2012,2016
29,Missouri,29113,Lincoln,0.26,2012,2016
29,Missouri,29115,Linn,0.18,2012,2016
29,Missouri,29117,Livingston,0.2,2012,2016
29,Missouri,29119,McDonald,0.18,2012,2016
29,Missouri,29121,Macon,0.2,2012,2016
29,Missouri,29123,Madison,0.16,2012,2016
29,Missouri,29125,Maries,0.15,2012,2016
29,Missouri,29127,Marion,0.28,2012,2016
29,Missouri,29129,Mercer,0.14,2012,2016
29,Missouri,29131,Miller,0.17,2012,2016
29,Missouri,29133,Mississippi,0.3,2012,2016
29,Missouri,29135,Moniteau,0.17,2012,2016
29,Missouri,29137,Monroe,0.17,2012,2016
29,Missouri,29139,Montgomery,0.22,2012,2016
29,Missouri,29141,Morgan,0.14,2012,2016
29,Missouri,29143,New Madrid,0.3,2012,2016
29,Missouri,29145,Newton,0.25,2012,2016
29,Missouri,29147,Nodaway,0.17,2012,2016
29,Missouri,29149,Oregon,0.16,2012,2016
29,Missouri,29151,Osage,0.17,2012,2016
29,Missouri,29153,Ozark,0.11,2012,2016
29,Missouri,29155,Pemiscot,0.35,2012,2016
29,Missouri,29157,Perry,0.29,2012,2016
29,Missouri,29159,Pettis,0.2,2012,2016
29,Missouri,29161,Phelps,0.26,2012,2016
29,Missouri,29163,Pike,0.2,2012,2016
29,Missouri,29165,Platte,0.48,2012,2016
29,Missouri,29167,Polk,0.18,2012,2016
29,Missouri,29169,Pulaski,0.2,2012,2016
29,Missouri,29171,Putnam,0.13,2012,2016
29,Missouri,29173,Ralls,0.19,2012,2016
29,Missouri,29175,Randolph,0.2,2012,2016
29,Missouri,29177,Ray,0.25,2012,2016
29,Missouri,29179,Reynolds,0.12,2012,2016
29,Missouri,29181,Ripley,0.15,2012,2016
29,Missouri,29183,St. Charles,0.59,2012,2016
29,Missouri,29185,St. Clair,0.15,2012,2016
29,Missouri,29186,Ste. Genevieve,0.27,2012,2016
29,Missouri,29187,St. Francois,0.2,2012,2016
29,Missouri,29189,St. Louis,0.77,2012,2016
29,Missouri,29195,Saline,0.27,2012,2016
29,Missouri,29197,Schuyler,0.15,2012,2016
29,Missouri,29199,Scotland,0.16,2012,2016
29,Missouri,29201,Scott,0.37,2012,2016
29,Missouri,29203,Shannon,0.12,2012,2016
29,Missouri,29205,Shelby,0.17,2012,2016
29,Missouri,29207,Stoddard,0.26,2012,2016
29,Missouri,29209,Stone,0.14,2012,2016
29,Missouri,29211,Sullivan,0.14,2012,2016
29,Missouri,29213,Taney,0.18,2012,2016
29,Missouri,29215,Texas,0.14,2012,2016
29,Missouri,29217,Vernon,0.21,2012,2016
29,Missouri,29219,Warren,0.31,2012,2016
29,Missouri,29221,Washington,0.16,2012,2016
29,Missouri,29223,Wayne,0.15,2012,2016
29,Missouri,29225,Webster,0.2,2012,2016
29,Missouri,29227,Worth,0.13,2012,2016
29,Missouri,29229,Wright,0.16,2012,2016
29,Missouri,29510,St. Louis City,0.89,2012,2016
30,Montana,30001,Beaverhead,0.04,2012,2016
30,Montana,30003,Big Horn,0.14,2012,2016
30,Montana,30005,Blaine,0.06,2012,2016
30,Montana,30007,Broadwater,0.07,2012,2016
30,Montana,30009,Carbon,0.03,2012,2016
30,Montana,30011,Carter,0.02,2012,2016
30,Montana,30013,Cascade,0.14,2012,2016
30,Montana,30015,Chouteau,0.04,2012,2016
30,Montana,30017,Custer,0.13,2012,2016
30,Montana,30019,Daniels,0.03,2012,2016
30,Montana,30021,Dawson,0.19,2012,2016
30,Montana,30023,Deer Lodge,0.03,2012,2016
30,Montana,30025,Fallon,0.04,2012,2016
30,Montana,30027,Fergus,0.03,2012,2016
30,Montana,30029,Flathead,0.15,2012,2016
30,Montana,30031,Gallatin,0.12,2012,2016
30,Montana,30033,Garfield,0.02,2012,2016
30,Montana,30035,Glacier,0.05,2012,2016
30,Montana,30037,Golden Valley,0.03,2012,2016
30,Montana,30039,Granite,0.04,2012,2016
30,Montana,30041,Hill,0.1,2012,2016
30,Montana,30043,Jefferson,0.05,2012,2016
30,Montana,30045,Judith Basin,0.03,2012,2016
30,Montana,30047,Lake,0.05,2012,2016
30,Montana,30049,Lewis and Clark,0.1,2012,2016
30,Montana,30051,Liberty,0.05,2012,2016
30,Montana,30053,Lincoln,0.09,2012,2016
30,Montana,30055,McCone,0.03,2012,2016
30,Montana,30057,Madison,0.02,2012,2016
30,Montana,30059,Meagher,0.02,2012,2016
30,Montana,30061,Mineral,0.08,2012,2016
30,Montana,30063,Missoula,0.18,2012,2016
30,Montana,30065,Musselshell,0.03,2012,2016
30,Montana,30067,Park,0.07,2012,2016
30,Montana,30069,Petroleum,0.02,2012,2016
30,Montana,30071,Phillips,0.07,2012,2016
30,Montana,30073,Pondera,0.05,2012,2016
30,Montana,30075,Powder River,0.03,2012,2016
30,Montana,30077,Powell,0.06,2012,2016
30,Montana,30079,Prairie,0.09,2012,2016
30,Montana,30081,Ravalli,0.04,2012,2016
30,Montana,30083,Richland,0.05,2012,2016
30,Montana,30085,Roosevelt,0.06,2012,2016
30,Montana,30087,Rosebud,0.07,2012,2016
30,Montana,30089,Sanders,0.06,2012,2016
30,Montana,30091,Sheridan,0.04,2012,2016
30,Montana,30093,Silver Bow,0.09,2012,2016
30,Montana,30095,Stillwater,0.1,2012,2016
30,Montana,30097,Sweet Grass,0.07,2012,2016
30,Montana,30099,Teton,0.03,2012,2016
30,Montana,30101,Toole,0.08,2012,2016
30,Montana,30103,Treasure,0.08,2012,2016
30,Montana,30105,Valley,0.12,2012,2016
30,Montana,30107,Wheatland,0.03,2012,2016
30,Montana,30109,Wibaux,0.07,2012,2016
30,Montana,30111,Yellowstone,0.22,2012,2016
31,Nebraska,31001,Adams,0.25,2012,2016
31,Nebraska,31003,Antelope,0.09,2012,2016
31,Nebraska,31005,Arthur,0.07,2012,2016
31,Nebraska,31007,Banner,0.06,2012,2016
31,Nebraska,31009,Blaine,0.11,2012,2016
31,Nebraska,31011,Boone,0.11,2012,2016
31,Nebraska,31013,Box Butte,0.22,2012,2016
31,Nebraska,31015,Boyd,0.07,2012,2016
31,Nebraska,31017,Brown,0.07,2012,2016
31,Nebraska,31019,Buffalo,0.26,2012,2016
31,Nebraska,31021,Burt,0.16,2012,2016
31,Nebraska,31023,Butler,0.14,2012,2016
31,Nebraska,31025,Cass,0.24,2012,2016
31,Nebraska,31027,Cedar,0.11,2012,2016
31,Nebraska,31029,Chase,0.07,2012,2016
31,Nebraska,31031,Cherry,0.06,2012,2016
31,Nebraska,31033,Cheyenne,0.22,2012,2016
31,Nebraska,31035,Clay,0.17,2012,2016
31,Nebraska,31037,Colfax,0.19,2012,2016
31,Nebraska,31039,Cuming,0.13,2012,2016
31,Nebraska,31041,Custer,0.14,2012,2016
31,Nebraska,31043,Dakota,0.24,2012,2016
31,Nebraska,31045,Dawes,0.09,2012,2016
31,Nebraska,31047,Dawson,0.25,2012,2016
31,Nebraska,31049,Deuel,0.18,2012,2016
31,Nebraska,31051,Dixon,0.11,2012,2016
31,Nebraska,31053,Dodge,0.26,2012,2016
31,Nebraska,31055,Douglas,0.49,2012,2016
31,Nebraska,31057,Dundy,0.07,2012,2016
31,Nebraska,31059,Fillmore,0.15,2012,2016
31,Nebraska,31061,Franklin,0.1,2012,2016
31,Nebraska,31063,Frontier,0.08,2012,2016
31,Nebraska,31065,Furnas,0.1,2012,2016
31,Nebraska,31067,Gage,0.18,2012,2016
31,Nebraska,31069,Garden,0.15,2012,2016
31,Nebraska,31071,Garfield,0.08,2012,2016
31,Nebraska,31073,Gosper,0.11,2012,2016
31,Nebraska,31075,Grant,0.11,2012,2016
31,Nebraska,31077,Greeley,0.1,2012,2016
31,Nebraska,31079,Hall,0.35,2012,2016
31,Nebraska,31081,Hamilton,0.22,2012,2016
31,Nebraska,31083,Harlan,0.1,2012,2016
31,Nebraska,31085,Hayes,0.07,2012,2016
31,Nebraska,31087,Hitchcock,0.08,2012,2016
31,Nebraska,31089,Holt,0.09,2012,2016
31,Nebraska,31091,Hooker,0.13,2012,2016
31,Nebraska,31093,Howard,0.13,2012,2016
31,Nebraska,31095,Jefferson,0.2,2012,2016
31,Nebraska,31097,Johnson,0.18,2012,2016
31,Nebraska,31099,Kearney,0.15,2012,2016
31,Nebraska,31101,Keith,0.29,2012,2016
31,Nebraska,31103,Keya Paha,0.05,2012,2016
31,Nebraska,31105,Kimball,0.14,2012,2016
31,Nebraska,31107,Knox,0.09,2012,2016
31,Nebraska,31109,Lancaster,0.38,2012,2016
31,Nebraska,31111,Lincoln,0.34,2012,2016
31,Nebraska,31113,Logan,0.09,2012,2016
31,Nebraska,31115,Loup,0.07,2012,2016
31,Nebraska,31117,McPherson,0.08,2012,2016
31,Nebraska,31119,Madison,0.12,2012,2016
31,Nebraska,31121,Merrick,0.2,2012,2016
31,Nebraska,31123,Morrill,0.24,2012,2016
31,Nebraska,31125,Nance,0.12,2012,2016
31,Nebraska,31127,Nemaha,0.17,2012,2016
31,Nebraska,31129,Nuckolls,0.13,2012,2016
31,Nebraska,31131,Otoe,0.18,2012,2016
31,Nebraska,31133,Pawnee,0.15,2012,2016
31,Nebraska,31135,Perkins,0.09,2012,2016
31,Nebraska,31137,Phelps,0.13,2012,2016
31,Nebraska,31139,Pierce,0.1,2012,2016
31,Nebraska,31141,Platte,0.21,2012,2016
31,Nebraska,31143,Polk,0.15,2012,2016
31,Nebraska,31145,Red Willow,0.11,2012,2016
31,Nebraska,31147,Richardson,0.22,2012,2016
31,Nebraska,31149,Rock,0.07,2012,2016
31,Nebraska,31151,Saline,0.16,2012,2016
31,Nebraska,31153,Sarpy,0.35,2012,2016
31,Nebraska,31155,Saunders,0.18,2012,2016
31,Nebraska,31157,Scotts Bluff,0.28,2012,2016
31,Nebraska,31159,Seward,0.22,2012,2016
31,Nebraska,31161,Sheridan,0.06,2012,2016
31,Nebraska,31163,Sherman,0.14,2012,2016
31,Nebraska,31165,Sioux,0.1,2012,2016
31,Nebraska,31167,Stanton,0.12,2012,2016
31,Nebraska,31169,Thayer,0.16,2012,2016
31,Nebraska,31171,Thomas,0.13,2012,2016
31,Nebraska,31173,Thurston,0.14,2012,2016
31,Nebraska,31175,Valley,0.09,2012,2016
31,Nebraska,31177,Washington,0.22,2012,2016
31,Nebraska,31179,Wayne,0.12,2012,2016
31,Nebraska,31181,Webster,0.11,2012,2016
31,Nebraska,31183,Wheeler,0.08,2012,2016
31,Nebraska,31185,York,0.22,2012,2016
32,Nevada,32001,Churchill,0.1,2012,2016
32,Nevada,32003,Clark,0.71,2012,2016
32,Nevada,32005,Douglas,0.08,2012,2016
32,Nevada,32007,Elko,0.09,2012,2016
32,Nevada,32009,Esmeralda,0.02,2012,2016
32,Nevada,32011,Eureka,0.02,2012,2016
32,Nevada,32013,Humboldt,0.09,2012,2016
32,Nevada,32015,Lander,0.08,2012,2016
32,Nevada,32017,Lincoln,0.04,2012,2016
32,Nevada,32019,Lyon,0.07,2012,2016
32,Nevada,32021,Mineral,0.03,2012,2016
32,Nevada,32023,Nye,0.05,2012,2016
32,Nevada,32027,Pershing,0.07,2012,2016
32,Nevada,32029,Storey,0.12,2012,2016
32,Nevada,32031,Washoe,0.36,2012,2016
32,Nevada,32033,White Pine,0.02,2012,2016
32,Nevada,32510,Carson City,0.19,2012,2016
33,New Hampshire,33001,Belknap,0.13,2012,2016
33,New Hampshire,33003,Carroll,0.09,2012,2016
33,New Hampshire,33005,Cheshire,0.12,2012,2016
33,New Hampshire,33007,Coos,0.06,2012,2016
33,New Hampshire,33009,Grafton,0.09,2012,2016
33,New Hampshire,33011,Hillsborough,0.26,2012,2016
33,New Hampshire,33013,Merrimack,0.16,2012,2016
33,New Hampshire,33015,Rockingham,0.25,2012,2016
33,New Hampshire,33017,Strafford,0.18,2012,2016
33,New Hampshire,33019,Sullivan,0.11,2012,2016
34,New Jersey,34001,Atlantic,0.3,2012,2016
34,New Jersey,34003,Bergen,0.8,2012,2016
34,New Jersey,34005,Burlington,0.5,2012,2016
34,New Jersey,34007,Camden,0.64,2012,2016
34,New Jersey,34009,Cape May,0.27,2012,2016
34,New Jersey,34011,Cumberland,0.3,2012,2016
34,New Jersey,34013,Essex,0.76,2012,2016
34,New Jersey,34015,Gloucester,0.45,2012,2016
34,New Jersey,34017,Hudson,1.52,2012,2016
34,New Jersey,34019,Hunterdon,0.39,2012,2016
34,New Jersey,34021,Mercer,0.58,2012,2016
34,New Jersey,34023,Middlesex,0.7,2012,2016
34,New Jersey,34025,Monmouth,0.56,2012,2016
34,New Jersey,34027,Morris,0.43,2012,2016
34,New Jersey,34029,Ocean,0.44,2012,2016
34,New Jersey,34031,Passaic,0.69,2012,2016
34,New Jersey,34033,Salem,0.4,2012,2016
34,New Jersey,34035,Somerset,0.53,2012,2016
34,New Jersey,34037,Sussex,0.25,2012,2016
34,New Jersey,34039,Union,0.8,2012,2016
34,New Jersey,34041,Warren,0.35,2012,2016
35,New Mexico,35001,Bernalillo,0.46,2012,2016
35,New Mexico,35003,Catron,0.02,2012,2016
35,New Mexico,35005,Chaves,0.12,2012,2016
35,New Mexico,35006,Cibola,0.18,2012,2016
35,New Mexico,35007,Colfax,0.08,2012,2016
35,New Mexico,35009,Curry,0.22,2012,2016
35,New Mexico,35011,De Baca,0.13,2012,2016
35,New Mexico,35013,Dona Ana,0.44,2012,2016
35,New Mexico,35015,Eddy,0.09,2012,2016
35,New Mexico,35017,Grant,0.06,2012,2016
35,New Mexico,35019,Guadalupe,0.18,2012,2016
35,New Mexico,35021,Harding,0.04,2012,2016
35,New Mexico,35023,Hidalgo,0.2,2012,2016
35,New Mexico,35025,Lea,0.09,2012,2016
35,New Mexico,35027,Lincoln,0.04,2012,2016
35,New Mexico,35028,Los Alamos,0.09,2012,2016
35,New Mexico,35029,Luna,0.39,2012,2016
35,New Mexico,35031,McKinley,0.14,2012,2016
35,New Mexico,35033,Mora,0.03,2012,2016
35,New Mexico,35035,Otero,0.08,2012,2016
35,New Mexico,35037,Quay,0.17,2012,2016
35,New Mexico,35039,Rio Arriba,0.06,2012,2016
35,New Mexico,35041,Roosevelt,0.1,2012,2016
35,New Mexico,35043,Sandoval,0.24,2012,2016
35,New Mexico,35045,San Juan,0.11,2012,2016
35,New Mexico,35047,San Miguel,0.07,2012,2016
35,New Mexico,35049,Santa Fe,0.23,2012,2016
35,New Mexico,35051,Sierra,0.09,2012,2016
35,New Mexico,35053,Socorro,0.09,2012,2016
35,New Mexico,35055,Taos,0.06,2012,2016
35,New Mexico,35057,Torrance,0.11,2012,2016
35,New Mexico,35059,Union,0.05,2012,2016
35,New Mexico,35061,Valencia,0.38,2012,2016
36,New York,36001,Albany,0.37,2012,2016
36,New York,36003,Allegany,0.1,2012,2016
36,New York,36005,Bronx,1.8,2012,2016
36,New York,36007,Broome,0.25,2012,2016
36,New York,36009,Cattaraugus,0.13,2012,2016
36,New York,36011,Cayuga,0.16,2012,2016
36,New York,36013,Chautauqua,0.18,2012,2016
36,New York,36015,Chemung,0.2,2012,2016
36,New York,36017,Chenango,0.12,2012,2016
36,New York,36019,Clinton,0.1,2012,2016
36,New York,36021,Columbia,0.21,2012,2016
36,New York,36023,Cortland,0.16,2012,2016
36,New York,36025,Delaware,0.1,2012,2016
36,New York,36027,Dutchess,0.28,2012,2016
36,New York,36029,Erie,0.38,2012,2016
36,New York,36031,Essex,0.09,2012,2016
36,New York,36033,Franklin,0.07,2012,2016
36,New York,36035,Fulton,0.15,2012,2016
36,New York,36037,Genesee,0.19,2012,2016
36,New York,36039,Greene,0.2,2012,2016
36,New York,36041,Hamilton,0.06,2012,2016
36,New York,36043,Herkimer,0.16,2012,2016
36,New York,36045,Jefferson,0.12,2012,2016
36,New York,36047,Kings,1.89,2012,2016
36,New York,36049,Lewis,0.08,2012,2016
36,New York,36051,Livingston,0.13,2012,2016
36,New York,36053,Madison,0.15,2012,2016
36,New York,36055,Monroe,0.36,2012,2016
36,New York,36057,Montgomery,0.24,2012,2016
36,New York,36059,Nassau,0.84,2012,2016
36,New York,36061,New York,2.35,2012,2016
36,New York,36063,Niagara,0.21,2012,2016
36,New York,36065,Oneida,0.21,2012,2016
36,New York,36067,Onondaga,0.37,2012,2016
36,New York,36069,Ontario,0.16,2012,2016
36,New York,36071,Orange,0.28,2012,2016
36,New York,36073,Orleans,0.15,2012,2016
36,New York,36075,Oswego,0.15,2012,2016
36,New York,36077,Otsego,0.12,2012,2016
36,New York,36079,Putnam,0.3,2012,2016
36,New York,36081,Queens,1.54,2012,2016
36,New York,36083,Rensselaer,0.25,2012,2016
36,New York,36085,Richmond,0.99,2012,2016
36,New York,36087,Rockland,0.49,2012,2016
36,New York,36089,St. Lawrence,0.1,2012,2016
36,New York,36091,Saratoga,0.23,2012,2016
36,New York,36093,Schenectady,0.31,2012,2016
36,New York,36095,Schoharie,0.1,2012,2016
36,New York,36097,Schuyler,0.11,2012,2016
36,New York,36099,Seneca,0.16,2012,2016
36,New York,36101,Steuben,0.14,2012,2016
36,New York,36103,Suffolk,0.48,2012,2016
36,New York,36105,Sullivan,0.14,2012,2016
36,New York,36107,Tioga,0.17,2012,2016
36,New York,36109,Tompkins,0.16,2012,2016
36,New York,36111,Ulster,0.22,2012,2016
36,New York,36113,Warren,0.19,2012,2016
36,New York,36115,Washington,0.15,2012,2016
36,New York,36117,Wayne,0.18,2012,2016
36,New York,36119,Westchester,0.71,2012,2016
36,New York,36121,Wyoming,0.12,2012,2016
36,New York,36123,Yates,0.11,2012,2016
37,North Carolina,37001,Alamance,0.32,2012,2016
37,North Carolina,37003,Alexander,0.17,2012,2016
37,North Carolina,37005,Alleghany,0.1,2012,2016
37,North Carolina,37007,Anson,0.19,2012,2016
37,North Carolina,37009,Ashe,0.1,2012,2016
37,North Carolina,37011,Avery,0.09,2012,2016
37,North Carolina,37013,Beaufort,0.16,2012,2016
37,North Carolina,37015,Bertie,0.15,2012,2016
37,North Carolina,37017,Bladen,0.15,2012,2016
37,North Carolina,37019,Brunswick,0.19,2012,2016
37,North Carolina,37021,Buncombe,0.25,2012,2016
37,North Carolina,37023,Burke,0.24,2012,2016
37,North Carolina,37025,Cabarrus,0.42,2012,2016
37,North Carolina,37027,Caldwell,0.21,2012,2016
37,North Carolina,37029,Camden,0.17,2012,2016
37,North Carolina,37031,Carteret,0.16,2012,2016
37,North Carolina,37033,Caswell,0.18,2012,2016
37,North Carolina,37035,Catawba,0.29,2012,2016
37,North Carolina,37037,Chatham,0.21,2012,2016
37,North Carolina,37039,Cherokee,0.12,2012,2016
37,North Carolina,37041,Chowan,0.17,2012,2016
37,North Carolina,37043,Clay,0.11,2012,2016
37,North Carolina,37045,Cleveland,0.26,2012,2016
37,North Carolina,37047,Columbus,0.16,2012,2016
37,North Carolina,37049,Craven,0.16,2012,2016
37,North Carolina,37051,Cumberland,0.3,2012,2016
37,North Carolina,37053,Currituck,0.17,2012,2016
37,North Carolina,37055,Dare,0.19,2012,2016
37,North Carolina,37057,Davidson,0.31,2012,2016
37,North Carolina,37059,Davie,0.27,2012,2016
37,North Carolina,37061,Duplin,0.17,2012,2016
37,North Carolina,37063,Durham,0.41,2012,2016
37,North Carolina,37065,Edgecombe,0.22,2012,2016
37,North Carolina,37067,Forsyth,0.32,2012,2016
37,North Carolina,37069,Franklin,0.22,2012,2016
37,North Carolina,37071,Gaston,0.37,2012,2016
37,North Carolina,37073,Gates,0.15,2012,2016
37,North Carolina,37075,Graham,0.1,2012,2016
37,North Carolina,37077,Granville,0.22,2012,2016
37,North Carolina,37079,Greene,0.16,2012,2016
37,North Carolina,37081,Guilford,0.37,2012,2016
37,North Carolina,37083,Halifax,0.22,2012,2016
37,North Carolina,37085,Harnett,0.22,2012,2016
37,North Carolina,37087,Haywood,0.14,2012,2016
37,North Carolina,37089,Henderson,0.2,2012,2016
37,North Carolina,37091,Hertford,0.17,2012,2016
37,North Carolina,37093,Hoke,0.19,2012,2016
37,North Carolina,37095,Hyde,0.11,2012,2016
37,North Carolina,37097,Iredell,0.34,2012,2016
37,North Carolina,37099,Jackson,0.12,2012,2016
37,North Carolina,37101,Johnston,0.29,2012,2016
37,North Carolina,37103,Jones,0.14,2012,2016
37,North Carolina,37105,Lee,0.24,2012,2016
37,North Carolina,37107,Lenoir,0.2,2012,2016
37,North Carolina,37109,Lincoln,0.28,2012,2016
37,North Carolina,37111,McDowell,0.2,2012,2016
37,North Carolina,37113,Macon,0.11,2012,2016
37,North Carolina,37115,Madison,0.13,2012,2016
37,North Carolina,37117,Martin,0.17,2012,2016
37,North Carolina,37119,Mecklenburg,0.59,2012,2016
37,North Carolina,37121,Mitchell,0.12,2012,2016
37,North Carolina,37123,Montgomery,0.18,2012,2016
37,North Carolina,37125,Moore,0.19,2012,2016
37,North Carolina,37127,Nash,0.26,2012,2016
37,North Carolina,37129,New Hanover,0.35,2012,2016
37,North Carolina,37131,Northampton,0.18,2012,2016
37,North Carolina,37133,Onslow,0.2,2012,2016
37,North Carolina,37135,Orange,0.32,2012,2016
37,North Carolina,37137,Pamlico,0.13,2012,2016
37,North Carolina,37139,Pasquotank,0.23,2012,2016
37,North Carolina,37141,Pender,0.17,2012,2016
37,North Carolina,37143,Perquimans,0.16,2012,2016
37,North Carolina,37145,Person,0.19,2012,2016
37,North Carolina,37147,Pitt,0.23,2012,2016
37,North Carolina,37149,Polk,0.2,2012,2016
37,North Carolina,37151,Randolph,0.26,2012,2016
37,North Carolina,37153,Richmond,0.21,2012,2016
37,North Carolina,37155,Robeson,0.22,2012,2016
37,North Carolina,37157,Rockingham,0.22,2012,2016
37,North Carolina,37159,Rowan,0.36,2012,2016
37,North Carolina,37161,Rutherford,0.22,2012,2016
37,North Carolina,37163,Sampson,0.17,2012,2016
37,North Carolina,37165,Scotland,0.2,2012,2016
37,North Carolina,37167,Stanly,0.26,2012,2016
37,North Carolina,37169,Stokes,0.18,2012,2016
37,North Carolina,37171,Surry,0.19,2012,2016
37,North Carolina,37173,Swain,0.12,2012,2016
37,North Carolina,37175,Transylvania,0.12,2012,2016
37,North Carolina,37177,Tyrrell,0.13,2012,2016
37,North Carolina,37179,Union,0.34,2012,2016
37,North Carolina,37181,Vance,0.24,2012,2016
37,North Carolina,37183,Wake,0.41,2012,2016
37,North Carolina,37185,Warren,0.17,2012,2016
37,North Carolina,37187,Washington,0.15,2012,2016
37,North Carolina,37189,Watauga,0.13,2012,2016
37,North Carolina,37191,Wayne,0.22,2012,2016
37,North Carolina,37193,Wilkes,0.15,2012,2016
37,North Carolina,37195,Wilson,0.26,2012,2016
37,North Carolina,37197,Yadkin,0.21,2012,2016
37,North Carolina,37199,Yancey,0.1,2012,2016
38,North Dakota,38001,Adams,0.05,2012,2016
38,North Dakota,38003,Barnes,0.13,2012,2016
38,North Dakota,38005,Benson,0.07,2012,2016
38,North Dakota,38007,Billings,0.06,2012,2016
38,North Dakota,38009,Bottineau,0.06,2012,2016
38,North Dakota,38011,Bowman,0.05,2012,2016
38,North Dakota,38013,Burke,0.06,2012,2016
38,North Dakota,38015,Burleigh,0.38,2012,2016
38,North Dakota,38017,Cass,0.56,2012,2016
38,North Dakota,38019,Cavalier,0.05,2012,2016
38,North Dakota,38021,Dickey,0.08,2012,2016
38,North Dakota,38023,Divide,0.05,2012,2016
38,North Dakota,38025,Dunn,0.07,2012,2016
38,North Dakota,38027,Eddy,0.12,2012,2016
38,North Dakota,38029,Emmons,0.06,2012,2016
38,North Dakota,38031,Foster,0.09,2012,2016
38,North Dakota,38033,Golden Valley,0.07,2012,2016
38,North Dakota,38035,Grand Forks,0.25,2012,2016
38,North Dakota,38037,Grant,0.05,2012,2016
38,North Dakota,38039,Griggs,0.09,2012,2016
38,North Dakota,38041,Hettinger,0.05,2012,2016
38,North Dakota,38043,Kidder,0.09,2012,2016
38,North Dakota,38045,LaMoure,0.08,2012,2016
38,North Dakota,38047,Logan,0.06,2012,2016
38,North Dakota,38049,McHenry,0.09,2012,2016
38,North Dakota,38051,McIntosh,0.06,2012,2016
38,North Dakota,38053,McKenzie,0.09,2012,2016
38,North Dakota,38055,McLean,0.08,2012,2016
38,North Dakota,38057,Mercer,0.08,2012,2016
38,North Dakota,38059,Morton,0.22,2012,2016
38,North Dakota,38061,Mountrail,0.09,2012,2016
38,North Dakota,38063,Nelson,0.07,2012,2016
38,North Dakota,38065,Oliver,0.07,2012,2016
38,North Dakota,38067,Pembina,0.07,2012,2016
38,North Dakota,38069,Pierce,0.08,2012,2016
38,North Dakota,38071,Ramsey,0.12,2012,2016
38,North Dakota,38073,Ransom,0.09,2012,2016
38,North Dakota,38075,Renville,0.07,2012,2016
38,North Dakota,38077,Richland,0.14,2012,2016
38,North Dakota,38079,Rolette,0.05,2012,2016
38,North Dakota,38081,Sargent,0.09,2012,2016
38,North Dakota,38083,Sheridan,0.06,2012,2016
38,North Dakota,38085,Sioux,0.06,2012,2016
38,North Dakota,38087,Slope,0.04,2012,2016
38,North Dakota,38089,Stark,0.21,2012,2016
38,North Dakota,38091,Steele,0.08,2012,2016
38,North Dakota,38093,Stutsman,0.17,2012,2016
38,North Dakota,38095,Towner,0.05,2012,2016
38,North Dakota,38097,Traill,0.13,2012,2016
38,North Dakota,38099,Walsh,0.09,2012,2016
38,North Dakota,38101,Ward,0.22,2012,2016
38,North Dakota,38103,Wells,0.09,2012,2016
38,North Dakota,38105,Williams,0.19,2012,2016
39,Ohio,39001,Adams,0.21,2012,2016
39,Ohio,39003,Allen,0.3,2012,2016
39,Ohio,39005,Ashland,0.23,2012,2016
39,Ohio,39007,Ashtabula,0.23,2012,2016
39,Ohio,39009,Athens,0.2,2012,2016
39,Ohio,39011,Auglaize,0.24,2012,2016
39,Ohio,39013,Belmont,0.26,2012,2016
39,Ohio,39015,Brown,0.25,2012,2016
39,Ohio,39017,Butler,0.49,2012,2016
39,Ohio,39019,Carroll,0.18,2012,2016
39,Ohio,39021,Champaign,0.24,2012,2016
39,Ohio,39023,Clark,0.37,2012,2016
39,Ohio,39025,Clermont,0.34,2012,2016
39,Ohio,39027,Clinton,0.24,2012,2016
39,Ohio,39029,Columbiana,0.24,2012,2016
39,Ohio,39031,Coshocton,0.19,2012,2016
39,Ohio,39033,Crawford,0.25,2012,2016
39,Ohio,39035,Cuyahoga,0.57,2012,2016
39,Ohio,39037,Darke,0.25,2012,2016
39,Ohio,39039,Defiance,0.28,2012,2016
39,Ohio,39041,Delaware,0.42,2012,2016
39,Ohio,39043,Erie,0.32,2012,2016
39,Ohio,39045,Fairfield,0.3,2012,2016
39,Ohio,39047,Fayette,0.26,2012,2016
39,Ohio,39049,Franklin,0.65,2012,2016
39,Ohio,39051,Fulton,0.26,2012,2016
39,Ohio,39053,Gallia,0.23,2012,2016
39,Ohio,39055,Geauga,0.23,2012,2016
39,Ohio,39057,Greene,0.33,2012,2016
39,Ohio,39059,Guernsey,0.21,2012,2016
39,Ohio,39061,Hamilton,0.75,2012,2016
39,Ohio,39063,Hancock,0.29,2012,2016
39,Ohio,39065,Hardin,0.22,2012,2016
39,Ohio,39067,Harrison,0.16,2012,2016
39,Ohio,39069,Henry,0.25,2012,2016
39,Ohio,39071,Highland,0.2,2012,2016
39,Ohio,39073,Hocking,0.19,2012,2016
39,Ohio,39075,Holmes,0.18,2012,2016
39,Ohio,39077,Huron,0.25,2012,2016
39,Ohio,39079,Jackson,0.18,2012,2016
39,Ohio,39081,Jefferson,0.23,2012,2016
39,Ohio,39083,Knox,0.22,2012,2016
39,Ohio,39085,Lake,0.35,2012,2016
39,Ohio,39087,Lawrence,0.3,2012,2016
39,Ohio,39089,Licking,0.31,2012,2016
39,Ohio,39091,Logan,0.23,2012,2016
39,Ohio,39093,Lorain,0.36,2012,2016
39,Ohio,39095,Lucas,0.47,2012,2016
39,Ohio,39097,Madison,0.27,2012,2016
39,Ohio,39099,Mahoning,0.32,2012,2016
39,Ohio,39101,Marion,0.33,2012,2016
39,Ohio,39103,Medina,0.3,2012,2016
39,Ohio,39105,Meigs,0.21,2012,2016
39,Ohio,39107,Mercer,0.23,2012,2016
39,Ohio,39109,Miami,0.32,2012,2016
39,Ohio,39111,Monroe,0.17,2012,2016
39,Ohio,39113,Montgomery,0.49,2012,2016
39,Ohio,39115,Morgan,0.16,2012,2016
39,Ohio,39117,Morrow,0.23,2012,2016
39,Ohio,39119,Muskingum,0.24,2012,2016
39,Ohio,39121,Noble,0.17,2012,2016
39,Ohio,39123,Ottawa,0.27,2012,2016
39,Ohio,39125,Paulding,0.24,2012,2016
39,Ohio,39127,Perry,0.19,2012,2016
39,Ohio,39129,Pickaway,0.29,2012,2016
39,Ohio,39131,Pike,0.2,2012,2016
39,Ohio,39133,Portage,0.33,2012,2016
39,Ohio,39135,Preble,0.25,2012,2016
39,Ohio,39137,Putnam,0.23,2012,2016
39,Ohio,39139,Richland,0.25,2012,2016
39,Ohio,39141,Ross,0.24,2012,2016
39,Ohio,39143,Sandusky,0.3,2012,2016
39,Ohio,39145,Scioto,0.27,2012,2016
39,Ohio,39147,Seneca,0.28,2012,2016
39,Ohio,39149,Shelby,0.27,2012,2016
39,Ohio,39151,Stark,0.35,2012,2016
39,Ohio,39153,Summit,0.43,2012,2016
39,Ohio,39155,Trumbull,0.31,2012,2016
39,Ohio,39157,Tuscarawas,0.23,2012,2016
39,Ohio,39159,Union,0.27,2012,2016
39,Ohio,39161,Van Wert,0.24,2012,2016
39,Ohio,39163,Vinton,0.16,2012,2016
39,Ohio,39165,Warren,0.42,2012,2016
39,Ohio,39167,Washington,0.27,2012,2016
39,Ohio,39169,Wayne,0.24,2012,2016
39,Ohio,39171,Williams,0.27,2012,2016
39,Ohio,39173,Wood,0.34,2012,2016
39,Ohio,39175,Wyandot,0.23,2012,2016
40,Oklahoma,40001,Adair,0.15,2012,2016
40,Oklahoma,40003,Alfalfa,0.13,2012,2016
40,Oklahoma,40005,Atoka,0.18,2012,2016
40,Oklahoma,40007,Beaver,0.08,2012,2016
40,Oklahoma,40009,Beckham,0.18,2012,2016
40,Oklahoma,40011,Blaine,0.13,2012,2016
40,Oklahoma,40013,Bryan,0.23,2012,2016
40,Oklahoma,40015,Caddo,0.14,2012,2016
40,Oklahoma,40017,Canadian,0.27,2012,2016
40,Oklahoma,40019,Carter,0.36,2012,2016
40,Oklahoma,40021,Cherokee,0.19,2012,2016
40,Oklahoma,40023,Choctaw,0.18,2012,2016
40,Oklahoma,40025,Cimarron,0.08,2012,2016
40,Oklahoma,40027,Cleveland,0.41,2012,2016
40,Oklahoma,40029,Coal,0.16,2012,2016
40,Oklahoma,40031,Comanche,0.24,2012,2016
40,Oklahoma,40033,Cotton,0.14,2012,2016
40,Oklahoma,40035,Craig,0.26,2012,2016
40,Oklahoma,40037,Creek,0.23,2012,2016
40,Oklahoma,40039,Custer,0.23,2012,2016
40,Oklahoma,40041,Delaware,0.15,2012,2016
40,Oklahoma,40043,Dewey,0.11,2012,2016
40,Oklahoma,40045,Ellis,0.12,2012,2016
40,Oklahoma,40047,Garfield,0.26,2012,2016
40,Oklahoma,40049,Garvin,0.22,2012,2016
40,Oklahoma,40051,Grady,0.28,2012,2016
40,Oklahoma,40053,Grant,0.14,2012,2016
40,Oklahoma,40055,Greer,0.11,2012,2016
40,Oklahoma,40057,Harmon,0.09,2012,2016
40,Oklahoma,40059,Harper,0.11,2012,2016
40,Oklahoma,40061,Haskell,0.14,2012,2016
40,Oklahoma,40063,Hughes,0.15,2012,2016
40,Oklahoma,40065,Jackson,0.18,2012,2016
40,Oklahoma,40067,Jefferson,0.15,2012,2016
40,Oklahoma,40069,Johnston,0.17,2012,2016
40,Oklahoma,40071,Kay,0.2,2012,2016
40,Oklahoma,40073,Kingfisher,0.17,2012,2016
40,Oklahoma,40075,Kiowa,0.12,2012,2016
40,Oklahoma,40077,Latimer,0.12,2012,2016
40,Oklahoma,40079,Le Flore,0.17,2012,2016
40,Oklahoma,40081,Lincoln,0.24,2012,2016
40,Oklahoma,40083,Logan,0.24,2012,2016
40,Oklahoma,40085,Love,0.26,2012,2016
40,Oklahoma,40087,McClain,0.25,2012,2016
40,Oklahoma,40089,McCurtain,0.17,2012,2016
40,Oklahoma,40091,McIntosh,0.19,2012,2016
40,Oklahoma,40093,Major,0.12,2012,2016
40,Oklahoma,40095,Marshall,0.22,2012,2016
40,Oklahoma,40097,Mayes,0.21,2012,2016
40,Oklahoma,40099,Murray,0.19,2012,2016
40,Oklahoma,40101,Muskogee,0.26,2012,2016
40,Oklahoma,40103,Noble,0.18,2012,2016
40,Oklahoma,40105,Nowata,0.19,2012,2016
40,Oklahoma,40107,Okfuskee,0.19,2012,2016
40,Oklahoma,40109,Oklahoma,0.46,2012,2016
40,Oklahoma,40111,Okmulgee,0.23,2012,2016
40,Oklahoma,40113,Osage,0.16,2012,2016
40,Oklahoma,40115,Ottawa,0.26,2012,2016
40,Oklahoma,40117,Pawnee,0.16,2012,2016
40,Oklahoma,40119,Payne,0.23,2012,2016
40,Oklahoma,40121,Pittsburg,0.19,2012,2016
40,Oklahoma,40123,Pontotoc,0.21,2012,2016
40,Oklahoma,40125,Pottawatomie,0.19,2012,2016
40,Oklahoma,40127,Pushmataha,0.14,2012,2016
40,Oklahoma,40129,Roger Mills,0.09,2012,2016
40,Oklahoma,40131,Rogers,0.28,2012,2016
40,Oklahoma,40133,Seminole,0.16,2012,2016
40,Oklahoma,40135,Sequoyah,0.26,2012,2016
40,Oklahoma,40137,Stephens,0.17,2012,2016
40,Oklahoma,40139,Texas,0.12,2012,2016
40,Oklahoma,40141,Tillman,0.12,2012,2016
40,Oklahoma,40143,Tulsa,0.35,2012,2016
40,Oklahoma,40145,Wagoner,0.24,2012,2016
40,Oklahoma,40147,Washington,0.25,2012,2016
40,Oklahoma,40149,Washita,0.12,2012,2016
40,Oklahoma,40151,Woods,0.16,2012,2016
40,Oklahoma,40153,Woodward,0.17,2012,2016
41,Oregon,41001,Baker,0.16,2012,2016
41,Oregon,41003,Benton,0.17,2012,2016
41,Oregon,41005,Clackamas,0.46,2012,2016
41,Oregon,41007,Clatsop,0.08,2012,2016
41,Oregon,41009,Columbia,0.16,2012,2016
41,Oregon,41011,Coos,0.08,2012,2016
41,Oregon,41013,Crook,0.07,2012,2016
41,Oregon,41015,Curry,0.08,2012,2016
41,Oregon,41017,Deschutes,0.17,2012,2016
41,Oregon,41019,Douglas,0.11,2012,2016
41,Oregon,41021,Gilliam,0.07,2012,2016
41,Oregon,41023,Grant,0.03,2012,2016
41,Oregon,41025,Harney,0.04,2012,2016
41,Oregon,41027,Hood River,0.14,2012,2016
41,Oregon,41029,Jackson,0.2,2012,2016
41,Oregon,41031,Jefferson,0.08,2012,2016
41,Oregon,41033,Josephine,0.17,2012,2016
41,Oregon,41035,Klamath,0.09,2012,2016
41,Oregon,41037,Lake,0.03,2012,2016
41,Oregon,41039,Lane,0.31,2012,2016
41,Oregon,41041,Lincoln,0.07,2012,2016
41,Oregon,41043,Linn,0.24,2012,2016
41,Oregon,41045,Malheur,0.15,2012,2016
41,Oregon,41047,Marion,0.39,2012,2016
41,Oregon,41049,Morrow,0.09,2012,2016
41,Oregon,41051,Multnomah,0.78,2012,2016
41,Oregon,41053,Polk,0.17,2012,2016
41,Oregon,41055,Sherman,0.08,2012,2016
41,Oregon,41057,Tillamook,0.05,2012,2016
41,Oregon,41059,Umatilla,0.17,2012,2016
41,Oregon,41061,Union,0.08,2012,2016
41,Oregon,41063,Wallowa,0.03,2012,2016
41,Oregon,41065,Wasco,0.16,2012,2016
41,Oregon,41067,Washington,0.44,2012,2016
41,Oregon,41069,Wheeler,0.03,2012,2016
41,Oregon,41071,Yamhill,0.2,2012,2016
42,Pennsylvania,42001,Adams,0.27,2012,2016
42,Pennsylvania,42003,Allegheny,0.5,2012,2016
42,Pennsylvania,42005,Armstrong,0.24,2012,2016
42,Pennsylvania,42007,Beaver,0.35,2012,2016
42,Pennsylvania,42009,Bedford,0.2,2012,2016
42,Pennsylvania,42011,Berks,0.52,2012,2016
42,Pennsylvania,42013,Blair,0.25,2012,2016
42,Pennsylvania,42015,Bradford,0.14,2012,2016
42,Pennsylvania,42017,Bucks,0.51,2012,2016
42,Pennsylvania,42019,Butler,0.26,2012,2016
42,Pennsylvania,42021,Cambria,0.19,2012,2016
42,Pennsylvania,42023,Cameron,0.11,2012,2016
42,Pennsylvania,42025,Carbon,0.23,2012,2016
42,Pennsylvania,42027,Centre,0.23,2012,2016
42,Pennsylvania,42029,Chester,0.42,2012,2016
42,Pennsylvania,42031,Clarion,0.19,2012,2016
42,Pennsylvania,42033,Clearfield,0.18,2012,2016
42,Pennsylvania,42035,Clinton,0.18,2012,2016
42,Pennsylvania,42037,Columbia,0.25,2012,2016
42,Pennsylvania,42039,Crawford,0.16,2012,2016
42,Pennsylvania,42041,Cumberland,0.52,2012,2016
42,Pennsylvania,42043,Dauphin,0.54,2012,2016
42,Pennsylvania,42045,Delaware,0.56,2012,2016
42,Pennsylvania,42047,Elk,0.14,2012,2016
42,Pennsylvania,42049,Erie,0.28,2012,2016
42,Pennsylvania,42051,Fayette,0.23,2012,2016
42,Pennsylvania,42053,Forest,0.12,2012,2016
42,Pennsylvania,42055,Franklin,0.35,2012,2016
42,Pennsylvania,42057,Fulton,0.21,2012,2016
42,Pennsylvania,42059,Greene,0.23,2012,2016
42,Pennsylvania,42061,Huntingdon,0.19,2012,2016
42,Pennsylvania,42063,Indiana,0.19,2012,2016
42,Pennsylvania,42065,Jefferson,0.18,2012,2016
42,Pennsylvania,42067,Juniata,0.22,2012,2016
42,Pennsylvania,42069,Lackawanna,0.3,2012,2016
42,Pennsylvania,42071,Lancaster,0.45,2012,2016
42,Pennsylvania,42073,Lawrence,0.29,2012,2016
42,Pennsylvania,42075,Lebanon,0.41,2012,2016
42,Pennsylvania,42077,Lehigh,0.58,2012,2016
42,Pennsylvania,42079,Luzerne,0.29,2012,2016
42,Pennsylvania,42081,Lycoming,0.23,2012,2016
42,Pennsylvania,42083,McKean,0.12,2012,2016
42,Pennsylvania,42085,Mercer,0.27,2012,2016
42,Pennsylvania,42087,Mifflin,0.25,2012,2016
42,Pennsylvania,42089,Monroe,0.26,2012,2016
42,Pennsylvania,42091,Montgomery,0.54,2012,2016
42,Pennsylvania,42093,Montour,0.29,2012,2016
42,Pennsylvania,42095,Northampton,0.48,2012,2016
42,Pennsylvania,42097,Northumberland,0.27,2012,2016
42,Pennsylvania,42099,Perry,0.27,2012,2016
42,Pennsylvania,42101,Philadelphia,0.81,2012,2016
42,Pennsylvania,42103,Pike,0.2,2012,2016
42,Pennsylvania,42105,Potter,0.1,2012,2016
42,Pennsylvania,42107,Schuylkill,0.23,2012,2016
42,Pennsylvania,42109,Snyder,0.23,2012,2016
42,Pennsylvania,42111,Somerset,0.17,2012,2016
42,Pennsylvania,42113,Sullivan,0.11,2012,2016
42,Pennsylvania,42115,Susquehanna,0.15,2012,2016
42,Pennsylvania,42117,Tioga,0.12,2012,2016
42,Pennsylvania,42119,Union,0.25,2012,2016
42,Pennsylvania,42121,Venango,0.19,2012,2016
42,Pennsylvania,42123,Warren,0.15,2012,2016
42,Pennsylvania,42125,Washington,0.34,2012,2016
42,Pennsylvania,42127,Wayne,0.15,2012,2016
42,Pennsylvania,42129,Westmoreland,0.3,2012,2016
42,Pennsylvania,42131,Wyoming,0.15,2012,2016
42,Pennsylvania,42133,York,0.43,2012,2016
44,Rhode Island,44001,Bristol,0.33,2012,2016
44,Rhode Island,44003,Kent,0.4,2012,2016
44,Rhode Island,44005,Newport,0.45,2012,2016
44,Rhode Island,44007,Providence,0.58,2012,2016
44,Rhode Island,44009,Washington,0.28,2012,2016
45,South Carolina,45001,Abbeville,0.18,2012,2016
45,South Carolina,45003,Aiken,0.25,2012,2016
45,South Carolina,45005,Allendale,0.16,2012,2016
45,South Carolina,45007,Anderson,0.32,2012,2016
45,South Carolina,45009,Bamberg,0.15,2012,2016
45,South Carolina,45011,Barnwell,0.16,2012,2016
45,South Carolina,45013,Beaufort,0.26,2012,2016
45,South Carolina,45015,Berkeley,0.28,2012,2016
45,South Carolina,45017,Calhoun,0.2,2012,2016
45,South Carolina,45019,Charleston,0.42,2012,2016
45,South Carolina,45021,Cherokee,0.29,2012,2016
45,South Carolina,45023,Chester,0.25,2012,2016
45,South Carolina,45025,Chesterfield,0.18,2012,2016
45,South Carolina,45027,Clarendon,0.19,2012,2016
45,South Carolina,45029,Colleton,0.21,2012,2016
45,South Carolina,45031,Darlington,0.2,2012,2016
45,South Carolina,45033,Dillon,0.22,2012,2016
45,South Carolina,45035,Dorchester,0.29,2012,2016
45,South Carolina,45037,Edgefield,0.18,2012,2016
45,South Carolina,45039,Fairfield,0.21,2012,2016
45,South Carolina,45041,Florence,0.27,2012,2016
45,South Carolina,45043,Georgetown,0.19,2012,2016
45,South Carolina,45045,Greenville,0.39,2012,2016
45,South Carolina,45047,Greenwood,0.24,2012,2016
45,South Carolina,45049,Hampton,0.18,2012,2016
45,South Carolina,45051,Horry,0.25,2012,2016
45,South Carolina,45053,Jasper,0.24,2012,2016
45,South Carolina,45055,Kershaw,0.21,2012,2016
45,South Carolina,45057,Lancaster,0.23,2012,2016
45,South Carolina,45059,Laurens,0.25,2012,2016
45,South Carolina,45061,Lee,0.18,2012,2016
45,South Carolina,45063,Lexington,0.32,2012,2016
45,South Carolina,45065,McCormick,0.16,2012,2016
45,South Carolina,45067,Marion,0.18,2012,2016
45,South Carolina,45069,Marlboro,0.19,2012,2016
45,South Carolina,45071,Newberry,0.23,2012,2016
45,South Carolina,45073,Oconee,0.2,2012,2016
45,South Carolina,45075,Orangeburg,0.22,2012,2016
45,South Carolina,45077,Pickens,0.26,2012,2016
45,South Carolina,45079,Richland,0.43,2012,2016
45,South Carolina,45081,Saluda,0.17,2012,2016
45,South Carolina,45083,Spartanburg,0.34,2012,2016
45,South Carolina,45085,Sumter,0.24,2012,2016
45,South Carolina,45087,Union,0.22,2012,2016
45,South Carolina,45089,Williamsburg,0.16,2012,2016
45,South Carolina,45091,York,0.38,2012,2016
46,South Dakota,46003,Aurora,0.09,2012,2016
46,South Dakota,46005,Beadle,0.14,2012,2016
46,South Dakota,46007,Bennett,0.05,2012,2016
46,South Dakota,46009,Bon Homme,0.1,2012,2016
46,South Dakota,46011,Brookings,0.15,2012,2016
46,South Dakota,46013,Brown,0.15,2012,2016
46,South Dakota,46015,Brule,0.1,2012,2016
46,South Dakota,46017,Buffalo,0.06,2012,2016
46,South Dakota,46019,Butte,0.08,2012,2016
46,South Dakota,46021,Campbell,0.06,2012,2016
46,South Dakota,46023,Charles Mix,0.08,2012,2016
46,South Dakota,46025,Clark,0.08,2012,2016
46,South Dakota,46027,Clay,0.14,2012,2016
46,South Dakota,46029,Codington,0.15,2012,2016
46,South Dakota,46031,Corson,0.05,2012,2016
46,South Dakota,46033,Custer,0.04,2012,2016
46,South Dakota,46035,Davison,0.19,2012,2016
46,South Dakota,46037,Day,0.08,2012,2016
46,South Dakota,46039,Deuel,0.09,2012,2016
46,South Dakota,46041,Dewey,0.05,2012,2016
46,South Dakota,46043,Douglas,0.08,2012,2016
46,South Dakota,46045,Edmunds,0.07,2012,2016
46,South Dakota,46047,Fall River,0.09,2012,2016
46,South Dakota,46049,Faulk,0.07,2012,2016
46,South Dakota,46051,Grant,0.11,2012,2016
46,South Dakota,46053,Gregory,0.06,2012,2016
46,South Dakota,46055,Haakon,0.05,2012,2016
46,South Dakota,46057,Hamlin,0.09,2012,2016
46,South Dakota,46059,Hand,0.08,2012,2016
46,South Dakota,46061,Hanson,0.11,2012,2016
46,South Dakota,46063,Harding,0.03,2012,2016
46,South Dakota,46065,Hughes,0.12,2012,2016
46,South Dakota,46067,Hutchinson,0.1,2012,2016
46,South Dakota,46069,Hyde,0.06,2012,2016
46,South Dakota,46071,Jackson,0.06,2012,2016
46,South Dakota,46073,Jerauld,0.07,2012,2016
46,South Dakota,46075,Jones,0.08,2012,2016
46,South Dakota,46077,Kingsbury,0.09,2012,2016
46,South Dakota,46079,Lake,0.12,2012,2016
46,South Dakota,46081,Lawrence,0.06,2012,2016
46,South Dakota,46083,Lincoln,0.21,2012,2016
46,South Dakota,46085,Lyman,0.08,2012,2016
46,South Dakota,46087,McCook,0.11,2012,2016
46,South Dakota,46089,McPherson,0.06,2012,2016
46,South Dakota,46091,Marshall,0.08,2012,2016
46,South Dakota,46093,Meade,0.09,2012,2016
46,South Dakota,46095,Mellette,0.05,2012,2016
46,South Dakota,46097,Miner,0.09,2012,2016
46,South Dakota,46099,Minnehaha,0.35,2012,2016
46,South Dakota,46101,Moody,0.12,2012,2016
46,South Dakota,46103,Pennington,0.17,2012,2016
46,South Dakota,46105,Perkins,0.04,2012,2016
46,South Dakota,46107,Potter,0.06,2012,2016
46,South Dakota,46109,Roberts,0.09,2012,2016
46,South Dakota,46111,Sanborn,0.09,2012,2016
46,South Dakota,46113,Shannon,0.06,2012,2016
46,South Dakota,46115,Spink,0.09,2012,2016
46,South Dakota,46117,Stanley,0.09,2012,2016
46,South Dakota,46119,Sully,0.06,2012,2016
46,South Dakota,46121,Todd,0.06,2012,2016
46,South Dakota,46123,Tripp,0.07,2012,2016
46,South Dakota,46125,Turner,0.11,2012,2016
46,South Dakota,46127,Union,0.17,2012,2016
46,South Dakota,46129,Walworth,0.07,2012,2016
46,South Dakota,46135,Yankton,0.14,2012,2016
46,South Dakota,46137,Ziebach,0.04,2012,2016
47,Tennessee,47001,Anderson,0.29,2012,2016
47,Tennessee,47003,Bedford,0.23,2012,2016
47,Tennessee,47005,Benton,0.18,2012,2016
47,Tennessee,47007,Bledsoe,0.14,2012,2016
47,Tennessee,47009,Blount,0.31,2012,2016
47,Tennessee,47011,Bradley,0.42,2012,2016
47,Tennessee,47013,Campbell,0.22,2012,2016
47,Tennessee,47015,Cannon,0.17,2012,2016
47,Tennessee,47017,Carroll,0.19,2012,2016
47,Tennessee,47019,Carter,0.17,2012,2016
47,Tennessee,47021,Cheatham,0.3,2012,2016
47,Tennessee,47023,Chester,0.16,2012,2016
47,Tennessee,47025,Claiborne,0.18,2012,2016
47,Tennessee,47027,Clay,0.15,2012,2016
47,Tennessee,47029,Cocke,0.2,2012,2016
47,Tennessee,47031,Coffee,0.26,2012,2016
47,Tennessee,47033,Crockett,0.19,2012,2016
47,Tennessee,47035,Cumberland,0.17,2012,2016
47,Tennessee,47037,Davidson,0.73,2012,2016
47,Tennessee,47039,Decatur,0.19,2012,2016
47,Tennessee,47041,DeKalb,0.17,2012,2016
47,Tennessee,47043,Dickson,0.25,2012,2016
47,Tennessee,47045,Dyer,0.24,2012,2016
47,Tennessee,47047,Fayette,0.22,2012,2016
47,Tennessee,47049,Fentress,0.13,2012,2016
47,Tennessee,47051,Franklin,0.19,2012,2016
47,Tennessee,47053,Gibson,0.2,2012,2016
47,Tennessee,47055,Giles,0.22,2012,2016
47,Tennessee,47057,Grainger,0.21,2012,2016
47,Tennessee,47059,Greene,0.23,2012,2016
47,Tennessee,47061,Grundy,0.15,2012,2016
47,Tennessee,47063,Hamblen,0.35,2012,2016
47,Tennessee,47065,Hamilton,0.52,2012,2016
47,Tennessee,47067,Hancock,0.14,2012,2016
47,Tennessee,47069,Hardeman,0.16,2012,2016
47,Tennessee,47071,Hardin,0.19,2012,2016
47,Tennessee,47073,Hawkins,0.23,2012,2016
47,Tennessee,47075,Haywood,0.23,2012,2016
47,Tennessee,47077,Henderson,0.19,2012,2016
47,Tennessee,47079,Henry,0.19,2012,2016
47,Tennessee,47081,Hickman,0.17,2012,2016
47,Tennessee,47083,Houston,0.16,2012,2016
47,Tennessee,47085,Humphreys,0.18,2012,2016
47,Tennessee,47087,Jackson,0.15,2012,2016
47,Tennessee,47089,Jefferson,0.39,2012,2016
47,Tennessee,47091,Johnson,0.1,2012,2016
47,Tennessee,47093,Knox,0.68,2012,2016
47,Tennessee,47095,Lake,0.22,2012,2016
47,Tennessee,47097,Lauderdale,0.22,2012,2016
47,Tennessee,47099,Lawrence,0.18,2012,2016
47,Tennessee,47101,Lewis,0.15,2012,2016
47,Tennessee,47103,Lincoln,0.2,2012,2016
47,Tennessee,47105,Loudon,0.41,2012,2016
47,Tennessee,47107,McMinn,0.31,2012,2016
47,Tennessee,47109,McNairy,0.17,2012,2016
47,Tennessee,47111,Macon,0.19,2012,2016
47,Tennessee,47113,Madison,0.29,2012,2016
47,Tennessee,47115,Marion,0.28,2012,2016
47,Tennessee,47117,Marshall,0.26,2012,2016
47,Tennessee,47119,Maury,0.26,2012,2016
47,Tennessee,47121,Meigs,0.23,2012,2016
47,Tennessee,47123,Monroe,0.22,2012,2016
47,Tennessee,47125,Montgomery,0.29,2012,2016
47,Tennessee,47127,Moore,0.17,2012,2016
47,Tennessee,47129,Morgan,0.17,2012,2016
47,Tennessee,47131,Obion,0.23,2012,2016
47,Tennessee,47133,Overton,0.15,2012,2016
47,Tennessee,47135,Perry,0.17,2012,2016
47,Tennessee,47137,Pickett,0.13,2012,2016
47,Tennessee,47139,Polk,0.17,2012,2016
47,Tennessee,47141,Putnam,0.29,2012,2016
47,Tennessee,47143,Rhea,0.23,2012,2016
47,Tennessee,47145,Roane,0.3,2012,2016
47,Tennessee,47147,Robertson,0.31,2012,2016
47,Tennessee,47149,Rutherford,0.43,2012,2016
47,Tennessee,47151,Scott,0.17,2012,2016
47,Tennessee,47153,Sequatchie,0.16,2012,2016
47,Tennessee,47155,Sevier,0.23,2012,2016
47,Tennessee,47157,Shelby,0.56,2012,2016
47,Tennessee,47159,Smith,0.23,2012,2016
47,Tennessee,47161,Stewart,0.18,2012,2016
47,Tennessee,47163,Sullivan,0.3,2012,2016
47,Tennessee,47165,Sumner,0.34,2012,2016
47,Tennessee,47167,Tipton,0.26,2012,2016
47,Tennessee,47169,Trousdale,0.2,2012,2016
47,Tennessee,47171,Unicoi,0.18,2012,2016
47,Tennessee,47173,Union,0.22,2012,2016
47,Tennessee,47175,Van Buren,0.13,2012,2016
47,Tennessee,47177,Warren,0.18,2012,2016
47,Tennessee,47179,Washington,0.29,2012,2016
47,Tennessee,47181,Wayne,0.14,2012,2016
47,Tennessee,47183,Weakley,0.18,2012,2016
47,Tennessee,47185,White,0.17,2012,2016
47,Tennessee,47187,Williamson,0.42,2012,2016
47,Tennessee,47189,Wilson,0.35,2012,2016
48,Texas,48001,Anderson,0.21,2012,2016
48,Texas,48003,Andrews,0.15,2012,2016
48,Texas,48005,Angelina,0.27,2012,2016
48,Texas,48007,Aransas,0.13,2012,2016
48,Texas,48009,Archer,0.13,2012,2016
48,Texas,48011,Armstrong,0.12,2012,2016
48,Texas,48013,Atascosa,0.17,2012,2016
48,Texas,48015,Austin,0.28,2012,2016
48,Texas,48017,Bailey,0.1,2012,2016
48,Texas,48019,Bandera,0.1,2012,2016
48,Texas,48021,Bastrop,0.18,2012,2016
48,Texas,48023,Baylor,0.13,2012,2016
48,Texas,48025,Bee,0.13,2012,2016
48,Texas,48027,Bell,0.37,2012,2016
48,Texas,48029,Bexar,0.45,2012,2016
48,Texas,48031,Blanco,0.13,2012,2016
48,Texas,48033,Borden,0.07,2012,2016
48,Texas,48035,Bosque,0.16,2012,2016
48,Texas,48037,Bowie,0.32,2012,2016
48,Texas,48039,Brazoria,0.32,2012,2016
48,Texas,48041,Brazos,0.33,2012,2016
48,Texas,48043,Brewster,0.05,2012,2016
48,Texas,48045,Briscoe,0.07,2012,2016
48,Texas,48047,Brooks,0.12,2012,2016
48,Texas,48049,Brown,0.18,2012,2016
48,Texas,48051,Burleson,0.22,2012,2016
48,Texas,48053,Burnet,0.13,2012,2016
48,Texas,48055,Caldwell,0.19,2012,2016
48,Texas,48057,Calhoun,0.19,2012,2016
48,Texas,48059,Callahan,0.13,2012,2016
48,Texas,48061,Cameron,0.2,2012,2016
48,Texas,48063,Camp,0.2,2012,2016
48,Texas,48065,Carson,0.13,2012,2016
48,Texas,48067,Cass,0.18,2012,2016
48,Texas,48069,Castro,0.11,2012,2016
48,Texas,48071,Chambers,0.34,2012,2016
48,Texas,48073,Cherokee,0.17,2012,2016
48,Texas,48075,Childress,0.2,2012,2016
48,Texas,48077,Clay,0.19,2012,2016
48,Texas,48079,Cochran,0.07,2012,2016
48,Texas,48081,Coke,0.07,2012,2016
48,Texas,48083,Coleman,0.09,2012,2016
48,Texas,48085,Collin,0.49,2012,2016
48,Texas,48087,Collingsworth,0.11,2012,2016
48,Texas,48089,Colorado,0.23,2012,2016
48,Texas,48091,Comal,0.24,2012,2016
48,Texas,48093,Comanche,0.11,2012,2016
48,Texas,48095,Concho,0.07,2012,2016
48,Texas,48097,Cooke,0.3,2012,2016
48,Texas,48099,Coryell,0.21,2012,2016
48,Texas,48101,Cottle,0.08,2012,2016
48,Texas,48103,Crane,0.08,2012,2016
48,Texas,48105,Crockett,0.09,2012,2016
48,Texas,48107,Crosby,0.09,2012,2016
48,Texas,48109,Culberson,0.1,2012,2016
48,Texas,48111,Dallam,0.12,2012,2016
48,Texas,48113,Dallas,0.59,2012,2016
48,Texas,48115,Dawson,0.1,2012,2016
48,Texas,48117,Deaf Smith,0.17,2012,2016
48,Texas,48119,Delta,0.23,2012,2016
48,Texas,48121,Denton,0.53,2012,2016
48,Texas,48123,DeWitt,0.17,2012,2016
48,Texas,48125,Dickens,0.08,2012,2016
48,Texas,48127,Dimmit,0.14,2012,2016
48,Texas,48129,Donley,0.14,2012,2016
48,Texas,48131,Duval,0.09,2012,2016
48,Texas,48133,Eastland,0.17,2012,2016
48,Texas,48135,Ector,0.22,2012,2016
48,Texas,48137,Edwards,0.05,2012,2016
48,Texas,48139,Ellis,0.38,2012,2016
48,Texas,48141,El Paso,0.4,2012,2016
48,Texas,48143,Erath,0.14,2012,2016
48,Texas,48145,Falls,0.2,2012,2016
48,Texas,48147,Fannin,0.18,2012,2016
48,Texas,48149,Fayette,0.18,2012,2016
48,Texas,48151,Fisher,0.09,2012,2016
48,Texas,48153,Floyd,0.09,2012,2016
48,Texas,48155,Foard,0.1,2012,2016
48,Texas,48157,Fort Bend,0.46,2012,2016
48,Texas,48159,Franklin,0.19,2012,2016
48,Texas,48161,Freestone,0.2,2012,2016
48,Texas,48163,Frio,0.2,2012,2016
48,Texas,48165,Gaines,0.1,2012,2016
48,Texas,48167,Galveston,0.36,2012,2016
48,Texas,48169,Garza,0.09,2012,2016
48,Texas,48171,Gillespie,0.12,2012,2016
48,Texas,48173,Glasscock,0.06,2012,2016
48,Texas,48175,Goliad,0.12,2012,2016
48,Texas,48177,Gonzales,0.17,2012,2016
48,Texas,48179,Gray,0.17,2012,2016
48,Texas,48181,Grayson,0.28,2012,2016
48,Texas,48183,Gregg,0.28,2012,2016
48,Texas,48185,Grimes,0.23,2012,2016
48,Texas,48187,Guadalupe,0.26,2012,2016
48,Texas,48189,Hale,0.16,2012,2016
48,Texas,48191,Hall,0.12,2012,2016
48,Texas,48193,Hamilton,0.13,2012,2016
48,Texas,48195,Hansford,0.09,2012,2016
48,Texas,48197,Hardeman,0.15,2012,2016
48,Texas,48199,Hardin,0.25,2012,2016
48,Texas,48201,Harris,0.75,2012,2016
48,Texas,48203,Harrison,0.23,2012,2016
48,Texas,48205,Hartley,0.11,2012,2016
48,Texas,48207,Haskell,0.11,2012,2016
48,Texas,48209,Hays,0.29,2012,2016
48,Texas,48211,Hemphill,0.12,2012,2016
48,Texas,48213,Henderson,0.18,2012,2016
48,Texas,48215,Hidalgo,0.25,2012,2016
48,Texas,48217,Hill,0.24,2012,2016
48,Texas,48219,Hockley,0.12,2012,2016
48,Texas,48221,Hood,0.18,2012,2016
48,Texas,48223,Hopkins,0.23,2012,2016
48,Texas,48225,Houston,0.17,2012,2016
48,Texas,48227,Howard,0.17,2012,2016
48,Texas,48229,Hudspeth,0.07,2012,2016
48,Texas,48231,Hunt,0.35,2012,2016
48,Texas,48233,Hutchinson,0.14,2012,2016
48,Texas,48235,Irion,0.06,2012,2016
48,Texas,48237,Jack,0.14,2012,2016
48,Texas,48239,Jackson,0.2,2012,2016
48,Texas,48241,Jasper,0.2,2012,2016
48,Texas,48243,Jeff Davis,0.02,2012,2016
48,Texas,48245,Jefferson,0.48,2012,2016
48,Texas,48247,Jim Hogg,0.08,2012,2016
48,Texas,48249,Jim Wells,0.12,2012,2016
48,Texas,48251,Johnson,0.33,2012,2016
48,Texas,48253,Jones,0.12,2012,2016
48,Texas,48255,Karnes,0.14,2012,2016
48,Texas,48257,Kaufman,0.28,2012,2016
48,Texas,48259,Kendall,0.17,2012,2016
48,Texas,48261,Kenedy,0.08,2012,2016
48,Texas,48263,Kent,0.07,2012,2016
48,Texas,48265,Kerr,0.11,2012,2016
48,Texas,48267,Kimble,0.08,2012,2016
48,Texas,48269,King,0.09,2012,2016
48,Texas,48271,Kinney,0.07,2012,2016
48,Texas,48273,Kleberg,0.17,2012,2016
48,Texas,48275,Knox,0.1,2012,2016
48,Texas,48277,Lamar,0.19,2012,2016
48,Texas,48279,Lamb,0.1,2012,2016
48,Texas,48281,Lampasas,0.15,2012,2016
48,Texas,48283,La Salle,0.16,2012,2016
48,Texas,48285,Lavaca,0.18,2012,2016
48,Texas,48287,Lee,0.17,2012,2016
48,Texas,48289,Leon,0.19,2012,2016
48,Texas,48291,Liberty,0.28,2012,2016
48,Texas,48293,Limestone,0.2,2012,2016
48,Texas,48295,Lipscomb,0.09,2012,2016
48,Texas,48297,Live Oak,0.11,2012,2016
48,Texas,48299,Llano,0.11,2012,2016
48,Texas,48301,Loving,0.07,2012,2016
48,Texas,48303,Lubbock,0.31,2012,2016
48,Texas,48305,Lynn,0.09,2012,2016
48,Texas,48307,McCulloch,0.12,2012,2016
48,Texas,48309,McLennan,0.41,2012,2016
48,Texas,48311,McMullen,0.07,2012,2016
48,Texas,48313,Madison,0.21,2012,2016
48,Texas,48315,Marion,0.17,2012,2016
48,Texas,48317,Martin,0.11,2012,2016
48,Texas,48319,Mason,0.08,2012,2016
48,Texas,48321,Matagorda,0.25,2012,2016
48,Texas,48323,Maverick,0.13,2012,2016
48,Texas,48325,Medina,0.17,2012,2016
48,Texas,48327,Menard,0.07,2012,2016
48,Texas,48329,Midland,0.24,2012,2016
48,Texas,48331,Milam,0.21,2012,2016
48,Texas,48333,Mills,0.11,2012,2016
48,Texas,48335,Mitchell,0.13,2012,2016
48,Texas,48337,Montague,0.2,2012,2016
48,Texas,48339,Montgomery,0.4,2012,2016
48,Texas,48341,Moore,0.15,2012,2016
48,Texas,48343,Morris,0.17,2012,2016
48,Texas,48345,Motley,0.07,2012,2016
48,Texas,48347,Nacogdoches,0.23,2012,2016
48,Texas,48349,Navarro,0.24,2012,2016
48,Texas,48351,Newton,0.17,2012,2016
48,Texas,48353,Nolan,0.17,2012,2016
48,Texas,48355,Nueces,0.21,2012,2016
48,Texas,48357,Ochiltree,0.16,2012,2016
48,Texas,48359,Oldham,0.1,2012,2016
48,Texas,48361,Orange,0.37,2012,2016
48,Texas,48363,Palo Pinto,0.17,2012,2016
48,Texas,48365,Panola,0.19,2012,2016
48,Texas,48367,Parker,0.26,2012,2016
48,Texas,48369,Parmer,0.13,2012,2016
48,Texas,48371,Pecos,0.09,2012,2016
48,Texas,48373,Polk,0.21,2012,2016
48,Texas,48375,Potter,0.5,2012,2016
48,Texas,48377,Presidio,0.05,2012,2016
48,Texas,48379,Rains,0.17,2012,2016
48,Texas,48381,Randall,0.38,2012,2016
48,Texas,48383,Reagan,0.09,2012,2016
48,Texas,48385,Real,0.08,2012,2016
48,Texas,48387,Red River,0.15,2012,2016
48,Texas,48389,Reeves,0.15,2012,2016
48,Texas,48391,Refugio,0.13,2012,2016
48,Texas,48393,Roberts,0.11,2012,2016
48,Texas,48395,Robertson,0.21,2012,2016
48,Texas,48397,Rockwall,0.36,2012,2016
48,Texas,48399,Runnels,0.09,2012,2016
48,Texas,48401,Rusk,0.17,2012,2016
48,Texas,48403,Sabine,0.13,2012,2016
48,Texas,48405,San Augustine,0.13,2012,2016
48,Texas,48407,San Jacinto,0.22,2012,2016
48,Texas,48409,San Patricio,0.18,2012,2016
48,Texas,48411,San Saba,0.1,2012,2016
48,Texas,48413,Schleicher,0.07,2012,2016
48,Texas,48415,Scurry,0.11,2012,2016
48,Texas,48417,Shackelford,0.11,2012,2016
48,Texas,48419,Shelby,0.16,2012,2016
48,Texas,48421,Sherman,0.12,2012,2016
48,Texas,48423,Smith,0.26,2012,2016
48,Texas,48425,Somervell,0.17,2012,2016
48,Texas,48427,Starr,0.09,2012,2016
48,Texas,48429,Stephens,0.11,2012,2016
48,Texas,48431,Sterling,0.07,2012,2016
48,Texas,48433,Stonewall,0.08,2012,2016
48,Texas,48435,Sutton,0.08,2012,2016
48,Texas,48437,Swisher,0.11,2012,2016
48,Texas,48439,Tarrant,0.49,2012,2016
48,Texas,48441,Taylor,0.27,2012,2016
48,Texas,48443,Terrell,0.05,2012,2016
48,Texas,48445,Terry,0.13,2012,2016
48,Texas,48447,Throckmorton,0.1,2012,2016
48,Texas,48449,Titus,0.24,2012,2016
48,Texas,48451,Tom Green,0.2,2012,2016
48,Texas,48453,Travis,0.42,2012,2016
48,Texas,48455,Trinity,0.16,2012,2016
48,Texas,48457,Tyler,0.16,2012,2016
48,Texas,48459,Upshur,0.18,2012,2016
48,Texas,48461,Upton,0.08,2012,2016
48,Texas,48463,Uvalde,0.11,2012,2016
48,Texas,48465,Val Verde,0.13,2012,2016
48,Texas,48467,Van Zandt,0.18,2012,2016
48,Texas,48469,Victoria,0.27,2012,2016
48,Texas,48471,Walker,0.29,2012,2016
48,Texas,48473,Waller,0.29,2012,2016
48,Texas,48475,Ward,0.16,2012,2016
48,Texas,48477,Washington,0.21,2012,2016
48,Texas,48479,Webb,0.33,2012,2016
48,Texas,48481,Wharton,0.27,2012,2016
48,Texas,48483,Wheeler,0.13,2012,2016
48,Texas,48485,Wichita,0.26,2012,2016
48,Texas,48487,Wilbarger,0.17,2012,2016
48,Texas,48489,Willacy,0.1,2012,2016
48,Texas,48491,Williamson,0.3,2012,2016
48,Texas,48493,Wilson,0.14,2012,2016
48,Texas,48495,Winkler,0.11,2012,2016
48,Texas,48497,Wise,0.26,2012,2016
48,Texas,48499,Wood,0.17,2012,2016
48,Texas,48501,Yoakum,0.08,2012,2016
48,Texas,48503,Young,0.13,2012,2016
48,Texas,48505,Zapata,0.07,2012,2016
48,Texas,48507,Zavala,0.11,2012,2016
49,Utah,49001,Beaver,0.17,2012,2016
49,Utah,49003,Box Elder,0.29,2012,2016
49,Utah,49005,Cache,0.24,2012,2016
49,Utah,49007,Carbon,0.13,2012,2016
49,Utah,49009,Daggett,0.03,2012,2016
49,Utah,49011,Davis,0.64,2012,2016
49,Utah,49013,Duchesne,0.06,2012,2016
49,Utah,49015,Emery,0.06,2012,2016
49,Utah,49017,Garfield,0.03,2012,2016
49,Utah,49019,Grand,0.08,2012,2016
49,Utah,49021,Iron,0.12,2012,2016
49,Utah,49023,Juab,0.14,2012,2016
49,Utah,49025,Kane,0.04,2012,2016
49,Utah,49027,Millard,0.08,2012,2016
49,Utah,49029,Morgan,0.22,2012,2016
49,Utah,49031,Piute,0.03,2012,2016
49,Utah,49033,Rich,0.06,2012,2016
49,Utah,49035,Salt Lake,0.84,2012,2016
49,Utah,49037,San Juan,0.03,2012,2016
49,Utah,49039,Sanpete,0.05,2012,2016
49,Utah,49041,Sevier,0.08,2012,2016
49,Utah,49043,Summit,0.16,2012,2016
49,Utah,49045,Tooele,0.13,2012,2016
49,Utah,49047,Uintah,0.07,2012,2016
49,Utah,49049,Utah,0.54,2012,2016
49,Utah,49051,Wasatch,0.14,2012,2016
49,Utah,49053,Washington,0.38,2012,2016
49,Utah,49055,Wayne,0.03,2012,2016
49,Utah,49057,Weber,0.69,2012,2016
50,Vermont,50001,Addison,0.09,2012,2016
50,Vermont,50003,Bennington,0.1,2012,2016
50,Vermont,50005,Caledonia,0.07,2012,2016
50,Vermont,50007,Chittenden,0.14,2012,2016
50,Vermont,50009,Essex,0.05,2012,2016
50,Vermont,50011,Franklin,0.08,2012,2016
50,Vermont,50013,Grand Isle,0.1,2012,2016
50,Vermont,50015,Lamoille,0.06,2012,2016
50,Vermont,50017,Orange,0.08,2012,2016
50,Vermont,50019,Orleans,0.06,2012,2016
50,Vermont,50021,Rutland,0.09,2012,2016
50,Vermont,50023,Washington,0.09,2012,2016
50,Vermont,50025,Windham,0.11,2012,2016
50,Vermont,50027,Windsor,0.1,2012,2016
51,Virginia,51001,Accomack,0.18,2012,2016
51,Virginia,51003,Albemarle,0.23,2012,2016
51,Virginia,51005,Alleghany,0.21,2012,2016
51,Virginia,51007,Amelia,0.18,2012,2016
51,Virginia,51009,Amherst,0.19,2012,2016
51,Virginia,51011,Appomattox,0.18,2012,2016
51,Virginia,51013,Arlington,1.07,2012,2016
51,Virginia,51015,Augusta,0.19,2012,2016
51,Virginia,51017,Bath,0.1,2012,2016
51,Virginia,51019,Bedford,0.19,2012,2016
51,Virginia,51021,Bland,0.13,2012,2016
51,Virginia,51023,Botetourt,0.22,2012,2016
51,Virginia,51025,Brunswick,0.18,2012,2016
51,Virginia,51027,Buchanan,0.12,2012,2016
51,Virginia,51029,Buckingham,0.16,2012,2016
51,Virginia,51031,Campbell,0.23,2012,2016
51,Virginia,51033,Caroline,0.32,2012,2016
51,Virginia,51035,Carroll,0.15,2012,2016
51,Virginia,51036,Charles City,0.2,2012,2016
51,Virginia,51037,Charlotte,0.15,2012,2016
51,Virginia,51041,Chesterfield,0.35,2012,2016
51,Virginia,51043,Clarke,0.26,2012,2016
51,Virginia,51045,Craig,0.11,2012,2016
51,Virginia,51047,Culpeper,0.26,2012,2016
51,Virginia,51049,Cumberland,0.17,2012,2016
51,Virginia,51051,Dickenson,0.13,2012,2016
51,Virginia,51053,Dinwiddie,0.23,2012,2016
51,Virginia,51057,Essex,0.2,2012,2016
51,Virginia,51059,Fairfax,0.7,2012,2016
51,Virginia,51061,Fauquier,0.3,2012,2016
51,Virginia,51063,Floyd,0.11,2012,2016
51,Virginia,51065,Fluvanna,0.2,2012,2016
51,Virginia,51067,Franklin,0.16,2012,2016
51,Virginia,51069,Frederick,0.27,2012,2016
51,Virginia,51071,Giles,0.16,2012,2016
51,Virginia,51073,Gloucester,0.2,2012,2016
51,Virginia,51075,Goochland,0.27,2012,2016
51,Virginia,51077,Grayson,0.1,2012,2016
51,Virginia,51079,Greene,0.17,2012,2016
51,Virginia,51081,Greensville,0.24,2012,2016
51,Virginia,51083,Halifax,0.17,2012,2016
51,Virginia,51085,Hanover,0.38,2012,2016
51,Virginia,51087,Henrico,0.48,2012,2016
51,Virginia,51089,Henry,0.19,2012,2016
51,Virginia,51091,Highland,0.07,2012,2016
51,Virginia,51093,Isle of Wight,0.21,2012,2016
51,Virginia,51095,James City,0.29,2012,2016
51,Virginia,51097,King and Queen,0.19,2012,2016
51,Virginia,51099,King George,0.27,2012,2016
51,Virginia,51101,King William,0.22,2012,2016
51,Virginia,51103,Lancaster,0.17,2012,2016
51,Virginia,51105,Lee,0.14,2012,2016
51,Virginia,51107,Loudoun,0.45,2012,2016
51,Virginia,51109,Louisa,0.22,2012,2016
51,Virginia,51111,Lunenburg,0.16,2012,2016
51,Virginia,51113,Madison,0.16,2012,2016
51,Virginia,51115,Mathews,0.18,2012,2016
51,Virginia,51117,Mecklenburg,0.19,2012,2016
51,Virginia,51119,Middlesex,0.18,2012,2016
51,Virginia,51121,Montgomery,0.25,2012,2016
51,Virginia,51125,Nelson,0.15,2012,2016
51,Virginia,51127,New Kent,0.3,2012,2016
51,Virginia,51131,Northampton,0.2,2012,2016
51,Virginia,51133,Northumberland,0.17,2012,2016
51,Virginia,51135,Nottoway,0.21,2012,2016
51,Virginia,51137,Orange,0.21,2012,2016
51,Virginia,51139,Page,0.14,2012,2016
51,Virginia,51141,Patrick,0.12,2012,2016
51,Virginia,51143,Pittsylvania,0.18,2012,2016
51,Virginia,51145,Powhatan,0.22,2012,2016
51,Virginia,51147,Prince Edward,0.19,2012,2016
51,Virginia,51149,Prince George,0.25,2012,2016
51,Virginia,51153,Prince William,0.55,2012,2016
51,Virginia,51155,Pulaski,0.2,2012,2016
51,Virginia,51157,Rappahannock,0.15,2012,2016
51,Virginia,51159,Richmond,0.19,2012,2016
51,Virginia,51161,Roanoke,0.24,2012,2016
51,Virginia,51163,Rockbridge,0.19,2012,2016
51,Virginia,51165,Rockingham,0.17,2012,2016
51,Virginia,51167,Russell,0.13,2012,2016
51,Virginia,51169,Scott,0.18,2012,2016
51,Virginia,51171,Shenandoah,0.23,2012,2016
51,Virginia,51173,Smyth,0.15,2012,2016
51,Virginia,51175,Southampton,0.18,2012,2016
51,Virginia,51177,Spotsylvania,0.34,2012,2016
51,Virginia,51179,Stafford,0.47,2012,2016
51,Virginia,51181,Surry,0.18,2012,2016
51,Virginia,51183,Sussex,0.21,2012,2016
51,Virginia,51185,Tazewell,0.12,2012,2016
51,Virginia,51187,Warren,0.25,2012,2016
51,Virginia,51191,Washington,0.19,2012,2016
51,Virginia,51193,Westmoreland,0.19,2012,2016
51,Virginia,51195,Wise,0.14,2012,2016
51,Virginia,51197,Wythe,0.21,2012,2016
51,Virginia,51199,York,0.31,2012,2016
51,Virginia,51510,Alexandria,0.88,2012,2016
51,Virginia,51520,Bristol,0.28,2012,2016
51,Virginia,51530,Buena Vista,0.18,2012,2016
51,Virginia,51540,Charlottesville,0.48,2012,2016
51,Virginia,51550,Chesapeake,0.35,2012,2016
51,Virginia,51570,Colonial Heights,0.38,2012,2016
51,Virginia,51580,Covington,0.19,2012,2016
51,Virginia,51590,Danville,0.28,2012,2016
51,Virginia,51595,Emporia,0.36,2012,2016
51,Virginia,51600,Fairfax City,0.66,2012,2016
51,Virginia,51610,Falls Church,1.02,2012,2016
51,Virginia,51620,Franklin City,0.24,2012,2016
51,Virginia,51630,Fredericksburg,0.57,2012,2016
51,Virginia,51640,Galax,0.13,2012,2016
51,Virginia,51650,Hampton,0.39,2012,2016
51,Virginia,51660,Harrisonburg,0.33,2012,2016
51,Virginia,51670,Hopewell,0.35,2012,2016
51,Virginia,51678,Lexington,0.24,2012,2016
51,Virginia,51680,Lynchburg,0.33,2012,2016
51,Virginia,51683,Manassas,0.47,2012,2016
51,Virginia,51685,Manassas Park,0.45,2012,2016
51,Virginia,51690,Martinsville,0.26,2012,2016
51,Virginia,51700,Newport News,0.33,2012,2016
51,Virginia,51710,Norfolk,0.56,2012,2016
51,Virginia,51720,Norton,0.17,2012,2016
51,Virginia,51730,Petersburg,0.43,2012,2016
51,Virginia,51735,Poquoson,0.21,2012,2016
51,Virginia,51740,Portsmouth,0.41,2012,2016
51,Virginia,51750,Radford,0.28,2012,2016
51,Virginia,51760,Richmond City,0.55,2012,2016
51,Virginia,51770,Roanoke City,0.38,2012,2016
51,Virginia,51775,Salem,0.26,2012,2016
51,Virginia,51790,Staunton,0.21,2012,2016
51,Virginia,51800,Suffolk,0.25,2012,2016
51,Virginia,51810,Virginia Beach,0.38,2012,2016
51,Virginia,51820,Waynesboro,0.26,2012,2016
51,Virginia,51830,Williamsburg,0.34,2012,2016
51,Virginia,51840,Winchester,0.46,2012,2016
53,Washington,53001,Adams,0.12,2012,2016
53,Washington,53003,Asotin,0.17,2012,2016
53,Washington,53005,Benton,0.25,2012,2016
53,Washington,53007,Chelan,0.11,2012,2016
53,Washington,53009,Clallam,0.24,2012,2016
53,Washington,53011,Clark,0.47,2012,2016
53,Washington,53013,Columbia,0.06,2012,2016
53,Washington,53015,Cowlitz,0.32,2012,2016
53,Washington,53017,Douglas,0.11,2012,2016
53,Washington,53019,Ferry,0.02,2012,2016
53,Washington,53021,Franklin,0.32,2012,2016
53,Washington,53023,Garfield,0.05,2012,2016
53,Washington,53025,Grant,0.1,2012,2016
53,Washington,53027,Grays Harbor,0.11,2012,2016
53,Washington,53029,Island,0.32,2012,2016
53,Washington,53031,Jefferson,0.22,2012,2016
53,Washington,53033,King,0.9,2012,2016
53,Washington,53035,Kitsap,0.4,2012,2016
53,Washington,53037,Kittitas,0.14,2012,2016
53,Washington,53039,Klickitat,0.1,2012,2016
53,Washington,53041,Lewis,0.22,2012,2016
53,Washington,53043,Lincoln,0.08,2012,2016
53,Washington,53045,Mason,0.16,2012,2016
53,Washington,53047,Okanogan,0.04,2012,2016
53,Washington,53049,Pacific,0.07,2012,2016
53,Washington,53051,Pend Oreille,0.06,2012,2016
53,Washington,53053,Pierce,0.7,2012,2016
53,Washington,53055,San Juan,0.14,2012,2016
53,Washington,53057,Skagit,0.33,2012,2016
53,Washington,53059,Skamania,0.14,2012,2016
53,Washington,53061,Snohomish,0.66,2012,2016
53,Washington,53063,Spokane,0.42,2012,2016
53,Washington,53065,Stevens,0.06,2012,2016
53,Washington,53067,Thurston,0.42,2012,2016
53,Washington,53069,Wahkiakum,0.07,2012,2016
53,Washington,53071,Walla Walla,0.16,2012,2016
53,Washington,53073,Whatcom,0.32,2012,2016
53,Washington,53075,Whitman,0.08,2012,2016
53,Washington,53077,Yakima,0.19,2012,2016
54,West Virginia,54001,Barbour,0.11,2012,2016
54,West Virginia,54003,Berkeley,0.6,2012,2016
54,West Virginia,54005,Boone,0.14,2012,2016
54,West Virginia,54007,Braxton,0.15,2012,2016
54,West Virginia,54009,Brooke,0.27,2012,2016
54,West Virginia,54011,Cabell,0.37,2012,2016
54,West Virginia,54013,Calhoun,0.12,2012,2016
54,West Virginia,54015,Clay,0.13,2012,2016
54,West Virginia,54017,Doddridge,0.14,2012,2016
54,West Virginia,54019,Fayette,0.17,2012,2016
54,West Virginia,54021,Gilmer,0.13,2012,2016
54,West Virginia,54023,Grant,0.1,2012,2016
54,West Virginia,54025,Greenbrier,0.14,2012,2016
54,West Virginia,54027,Hampshire,0.14,2012,2016
54,West Virginia,54029,Hancock,0.29,2012,2016
54,West Virginia,54031,Hardy,0.12,2012,2016
54,West Virginia,54033,Harrison,0.28,2012,2016
54,West Virginia,54035,Jackson,0.23,2012,2016
54,West Virginia,54037,Jefferson,0.37,2012,2016
54,West Virginia,54039,Kanawha,0.36,2012,2016
54,West Virginia,54041,Lewis,0.18,2012,2016
54,West Virginia,54043,Lincoln,0.16,2012,2016
54,West Virginia,54045,Logan,0.14,2012,2016
54,West Virginia,54047,McDowell,0.13,2012,2016
54,West Virginia,54049,Marion,0.22,2012,2016
54,West Virginia,54051,Marshall,0.24,2012,2016
54,West Virginia,54053,Mason,0.24,2012,2016
54,West Virginia,54055,Mercer,0.2,2012,2016
54,West Virginia,54057,Mineral,0.17,2012,2016
54,West Virginia,54059,Mingo,0.18,2012,2016
54,West Virginia,54061,Monongalia,0.3,2012,2016
54,West Virginia,54063,Monroe,0.12,2012,2016
54,West Virginia,54065,Morgan,0.19,2012,2016
54,West Virginia,54067,Nicholas,0.12,2012,2016
54,West Virginia,54069,Ohio,0.47,2012,2016
54,West Virginia,54071,Pendleton,0.08,2012,2016
54,West Virginia,54073,Pleasants,0.18,2012,2016
54,West Virginia,54075,Pocahontas,0.08,2012,2016
54,West Virginia,54077,Preston,0.13,2012,2016
54,West Virginia,54079,Putnam,0.26,2012,2016
54,West Virginia,54081,Raleigh,0.2,2012,2016
54,West Virginia,54083,Randolph,0.12,2012,2016
54,West Virginia,54085,Ritchie,0.13,2012,2016
54,West Virginia,54087,Roane,0.15,2012,2016
54,West Virginia,54089,Summers,0.14,2012,2016
54,West Virginia,54091,Taylor,0.14,2012,2016
54,West Virginia,54093,Tucker,0.09,2012,2016
54,West Virginia,54095,Tyler,0.19,2012,2016
54,West Virginia,54097,Upshur,0.12,2012,2016
54,West Virginia,54099,Wayne,0.25,2012,2016
54,West Virginia,54101,Webster,0.09,2012,2016
54,West Virginia,54103,Wetzel,0.21,2012,2016
54,West Virginia,54105,Wirt,0.14,2012,2016
54,West Virginia,54107,Wood,0.33,2012,2016
54,West Virginia,54109,Wyoming,0.13,2012,2016
55,Wisconsin,55001,Adams,0.15,2012,2016
55,Wisconsin,55003,Ashland,0.11,2012,2016
55,Wisconsin,55005,Barron,0.13,2012,2016
55,Wisconsin,55007,Bayfield,0.07,2012,2016
55,Wisconsin,55009,Brown,0.26,2012,2016
55,Wisconsin,55011,Buffalo,0.16,2012,2016
55,Wisconsin,55013,Burnett,0.1,2012,2016
55,Wisconsin,55015,Calumet,0.19,2012,2016
55,Wisconsin,55017,Chippewa,0.15,2012,2016
55,Wisconsin,55019,Clark,0.13,2012,2016
55,Wisconsin,55021,Columbia,0.21,2012,2016
55,Wisconsin,55023,Crawford,0.19,2012,2016
55,Wisconsin,55025,Dane,0.31,2012,2016
55,Wisconsin,55027,Dodge,0.2,2012,2016
55,Wisconsin,55029,Door,0.12,2012,2016
55,Wisconsin,55031,Douglas,0.24,2012,2016
55,Wisconsin,55033,Dunn,0.18,2012,2016
55,Wisconsin,55035,Eau Claire,0.24,2012,2016
55,Wisconsin,55037,Florence,0.07,2012,2016
55,Wisconsin,55039,Fond du Lac,0.23,2012,2016
55,Wisconsin,55041,Forest,0.08,2012,2016
55,Wisconsin,55043,Grant,0.18,2012,2016
55,Wisconsin,55045,Green,0.19,2012,2016
55,Wisconsin,55047,Green Lake,0.16,2012,2016
55,Wisconsin,55049,Iowa,0.15,2012,2016
55,Wisconsin,55051,Iron,0.07,2012,2016
55,Wisconsin,55053,Jackson,0.19,2012,2016
55,Wisconsin,55055,Jefferson,0.27,2012,2016
55,Wisconsin,55057,Juneau,0.2,2012,2016
55,Wisconsin,55059,Kenosha,0.41,2012,2016
55,Wisconsin,55061,Kewaunee,0.13,2012,2016
55,Wisconsin,55063,La Crosse,0.3,2012,2016
55,Wisconsin,55065,Lafayette,0.16,2012,2016
55,Wisconsin,55067,Langlade,0.11,2012,2016
55,Wisconsin,55069,Lincoln,0.11,2012,2016
55,Wisconsin,55071,Manitowoc,0.18,2012,2016
55,Wisconsin,55073,Marathon,0.18,2012,2016
55,Wisconsin,55075,Marinette,0.11,2012,2016
55,Wisconsin,55077,Marquette,0.16,2012,2016
55,Wisconsin,55078,Menominee,0.09,2012,2016
55,Wisconsin,55079,Milwaukee,0.55,2012,2016
55,Wisconsin,55081,Monroe,0.18,2012,2016
55,Wisconsin,55083,Oconto,0.11,2012,2016
55,Wisconsin,55085,Oneida,0.09,2012,2016
55,Wisconsin,55087,Outagamie,0.25,2012,2016
55,Wisconsin,55089,Ozaukee,0.35,2012,2016
55,Wisconsin,55091,Pepin,0.17,2012,2016
55,Wisconsin,55093,Pierce,0.21,2012,2016
55,Wisconsin,55095,Polk,0.13,2012,2016
55,Wisconsin,55097,Portage,0.22,2012,2016
55,Wisconsin,55099,Price,0.08,2012,2016
55,Wisconsin,55101,Racine,0.34,2012,2016
55,Wisconsin,55103,Richland,0.14,2012,2016
55,Wisconsin,55105,Rock,0.31,2012,2016
55,Wisconsin,55107,Rusk,0.11,2012,2016
55,Wisconsin,55109,St. Croix,0.26,2012,2016
55,Wisconsin,55111,Sauk,0.19,2012,2016
55,Wisconsin,55113,Sawyer,0.09,2012,2016
55,Wisconsin,55115,Shawano,0.12,2012,2016
55,Wisconsin,55117,Sheboygan,0.22,2012,2016
55,Wisconsin,55119,Taylor,0.11,2012,2016
55,Wisconsin,55121,Trempealeau,0.16,2012,2016
55,Wisconsin,55123,Vernon,0.14,2012,2016
55,Wisconsin,55125,Vilas,0.07,2012,2016
55,Wisconsin,55127,Walworth,0.25,2012,2016
55,Wisconsin,55129,Washburn,0.1,2012,2016
55,Wisconsin,55131,Washington,0.25,2012,2016
55,Wisconsin,55133,Waukesha,0.36,2012,2016
55,Wisconsin,55135,Waupaca,0.15,2012,2016
55,Wisconsin,55137,Waushara,0.14,2012,2016
55,Wisconsin,55139,Winnebago,0.27,2012,2016
55,Wisconsin,55141,Wood,0.17,2012,2016
56,Wyoming,56001,Albany,0.19,2012,2016
56,Wyoming,56003,Big Horn,0.04,2012,2016
56,Wyoming,56005,Campbell,0.12,2012,2016
56,Wyoming,56007,Carbon,0.11,2012,2016
56,Wyoming,56009,Converse,0.14,2012,2016
56,Wyoming,56011,Crook,0.07,2012,2016
56,Wyoming,56013,Fremont,0.05,2012,2016
56,Wyoming,56015,Goshen,0.15,2012,2016
56,Wyoming,56017,Hot Springs,0.04,2012,2016
56,Wyoming,56019,Johnson,0.04,2012,2016
56,Wyoming,56021,Laramie,0.28,2012,2016
56,Wyoming,56023,Lincoln,0.05,2012,2016
56,Wyoming,56025,Natrona,0.16,2012,2016
56,Wyoming,56027,Niobrara,0.09,2012,2016
56,Wyoming,56029,Park,0.05,2012,2016
56,Wyoming,56031,Platte,0.11,2012,2016
56,Wyoming,56033,Sheridan,0.18,2012,2016
56,Wyoming,56035,Sublette,0.03,2012,2016
56,Wyoming,56037,Sweetwater,0.24,2012,2016
56,Wyoming,56039,Teton,0.05,2012,2016
56,Wyoming,56041,Uinta,0.2,2012,2016
56,Wyoming,56043,Washakie,0.07,2012,2016
56,Wyoming,56045,Weston,0.09,2012,2016
72,Puerto Rico,72001,Adjuntas,0.03,2012,2016
72,Puerto Rico,72003,Aguada,0.06,2012,2016
72,Puerto Rico,72005,Aguadilla,0.06,2012,2016
72,Puerto Rico,72007,Aguas Buenas,0.1,2012,2016
72,Puerto Rico,72009,Aibonito,0.06,2012,2016
72,Puerto Rico,72011,A?asco,0.05,2012,2016
72,Puerto Rico,72013,Arecibo,0.05,2012,2016
72,Puerto Rico,72015,Arroyo,0.04,2012,2016
72,Puerto Rico,72017,Barceloneta,0.09,2012,2016
72,Puerto Rico,72019,Barranquitas,0.07,2012,2016
72,Puerto Rico,72021,Bayam?n,0.43,2012,2016
72,Puerto Rico,72023,Cabo Rojo,0.04,2012,2016
72,Puerto Rico,72025,Caguas,0.12,2012,2016
72,Puerto Rico,72027,Camuy,0.04,2012,2016
72,Puerto Rico,72029,Can?vanas,0.08,2012,2016
72,Puerto Rico,72031,Carolina,0.19,2012,2016
72,Puerto Rico,72033,Cata?o,0.76,2012,2016
72,Puerto Rico,72035,Cayey,0.06,2012,2016
72,Puerto Rico,72037,Ceiba,0.04,2012,2016
72,Puerto Rico,72039,Ciales,0.08,2012,2016
72,Puerto Rico,72041,Cidra,0.07,2012,2016
72,Puerto Rico,72043,Coamo,0.05,2012,2016
72,Puerto Rico,72045,Comer?o,0.08,2012,2016
72,Puerto Rico,72047,Corozal,0.14,2012,2016
72,Puerto Rico,72049,Culebra,0.13,2012,2016
72,Puerto Rico,72051,Dorado,0.2,2012,2016
72,Puerto Rico,72053,Fajardo,0.19,2012,2016
72,Puerto Rico,72054,Florida,0.07,2012,2016
72,Puerto Rico,72055,Gu?nica,0.04,2012,2016
72,Puerto Rico,72057,Guayama,0.04,2012,2016
72,Puerto Rico,72059,Guayanilla,0.06,2012,2016
72,Puerto Rico,72061,Guaynabo,0.69,2012,2016
72,Puerto Rico,72063,Gurabo,0.09,2012,2016
72,Puerto Rico,72065,Hatillo,0.04,2012,2016
72,Puerto Rico,72067,Hormigueros,0.07,2012,2016
72,Puerto Rico,72069,Humacao,0.06,2012,2016
72,Puerto Rico,72071,Isabela,0.03,2012,2016
72,Puerto Rico,72073,Jayuya,0.04,2012,2016
72,Puerto Rico,72075,Juana D?az,0.04,2012,2016
72,Puerto Rico,72077,Juncos,0.07,2012,2016
72,Puerto Rico,72079,Lajas,0.04,2012,2016
72,Puerto Rico,72081,Lares,0.04,2012,2016
72,Puerto Rico,72083,Las Mar?as,0.03,2012,2016
72,Puerto Rico,72085,Las Piedras,0.09,2012,2016
72,Puerto Rico,72087,Lo?za,0.1,2012,2016
72,Puerto Rico,72089,Luquillo,0.08,2012,2016
72,Puerto Rico,72091,Manat?,0.12,2012,2016
72,Puerto Rico,72093,Maricao,0.03,2012,2016
72,Puerto Rico,72095,Maunabo,0.02,2012,2016
72,Puerto Rico,72097,Mayag?ez,0.12,2012,2016
72,Puerto Rico,72099,Moca,0.04,2012,2016
72,Puerto Rico,72101,Morovis,0.11,2012,2016
72,Puerto Rico,72103,Naguabo,0.04,2012,2016
72,Puerto Rico,72105,Naranjito,0.16,2012,2016
72,Puerto Rico,72107,Orocovis,0.07,2012,2016
72,Puerto Rico,72109,Patillas,0.03,2012,2016
72,Puerto Rico,72111,Pe?uelas,0.05,2012,2016
72,Puerto Rico,72113,Ponce,0.13,2012,2016
72,Puerto Rico,72115,Quebradillas,0.05,2012,2016
72,Puerto Rico,72117,Rinc?n,0.05,2012,2016
72,Puerto Rico,72119,R?o Grande,0.07,2012,2016
72,Puerto Rico,72121,Sabana Grande,0.04,2012,2016
72,Puerto Rico,72123,Salinas,0.03,2012,2016
72,Puerto Rico,72125,San Germ?n,0.03,2012,2016
72,Puerto Rico,72127,San Juan,0.61,2012,2016
72,Puerto Rico,72129,San Lorenzo,0.06,2012,2016
72,Puerto Rico,72131,San Sebasti?n,0.04,2012,2016
72,Puerto Rico,72133,Santa Isabel,0.04,2012,2016
72,Puerto Rico,72135,Toa Alta,0.28,2012,2016
72,Puerto Rico,72137,Toa Baja,0.39,2012,2016
72,Puerto Rico,72139,Trujillo Alto,0.23,2012,2016
72,Puerto Rico,72141,Utuado,0.03,2012,2016
72,Puerto Rico,72143,Vega Alta,0.17,2012,2016
72,Puerto Rico,72145,Vega Baja,0.14,2012,2016
72,Puerto Rico,72147,Vieques,0.02,2012,2016
72,Puerto Rico,72149,Villalba,0.04,2012,2016
72,Puerto Rico,72151,Yabucoa,0.04,2012,2016
72,Puerto Rico,72153,Yauco,0.04,2012,2016
78,Virgin Islands of the US,78010,St. Croix,0.08,2012,2016
78,Virgin Islands of the US,78020,St. John,0.05,2012,2016
78,Virgin Islands of the US,78030,St. Thomas,0.42,2012,2016
1,Alabama,1001,Autauga,0.205,2013,2017
1,Alabama,1003,Baldwin,0.21,2013,2017
1,Alabama,1005,Barbour,0.125,2013,2017
1,Alabama,1007,Bibb,0.155,2013,2017
1,Alabama,1009,Blount,0.185,2013,2017
1,Alabama,1011,Bullock,0.115,2013,2017
1,Alabama,1013,Butler,0.155,2013,2017
1,Alabama,1015,Calhoun,0.22,2013,2017
1,Alabama,1017,Chambers,0.18,2013,2017
1,Alabama,1019,Cherokee,0.155,2013,2017
1,Alabama,1021,Chilton,0.195,2013,2017
1,Alabama,1023,Choctaw,0.10500000000000001,2013,2017
1,Alabama,1025,Clarke,0.125,2013,2017
1,Alabama,1027,Clay,0.12,2013,2017
1,Alabama,1029,Cleburne,0.16499999999999998,2013,2017
1,Alabama,1031,Coffee,0.13,2013,2017
1,Alabama,1033,Colbert,0.19999999999999998,2013,2017
1,Alabama,1035,Conecuh,0.135,2013,2017
1,Alabama,1037,Coosa,0.12,2013,2017
1,Alabama,1039,Covington,0.115,2013,2017
1,Alabama,1041,Crenshaw,0.11,2013,2017
1,Alabama,1043,Cullman,0.215,2013,2017
1,Alabama,1045,Dale,0.13,2013,2017
1,Alabama,1047,Dallas,0.16499999999999998,2013,2017
1,Alabama,1049,DeKalb,0.16,2013,2017
1,Alabama,1051,Elmore,0.19,2013,2017
1,Alabama,1053,Escambia,0.15,2013,2017
1,Alabama,1055,Etowah,0.23,2013,2017
1,Alabama,1057,Fayette,0.12,2013,2017
1,Alabama,1059,Franklin,0.13,2013,2017
1,Alabama,1061,Geneva,0.12,2013,2017
1,Alabama,1063,Greene,0.165,2013,2017
1,Alabama,1065,Hale,0.135,2013,2017
1,Alabama,1067,Henry,0.10500000000000001,2013,2017
1,Alabama,1069,Houston,0.185,2013,2017
1,Alabama,1071,Jackson,0.16,2013,2017
1,Alabama,1073,Jefferson,0.405,2013,2017
1,Alabama,1075,Lamar,0.11499999999999999,2013,2017
1,Alabama,1077,Lauderdale,0.195,2013,2017
1,Alabama,1079,Lawrence,0.155,2013,2017
1,Alabama,1081,Lee,0.225,2013,2017
1,Alabama,1083,Limestone,0.26,2013,2017
1,Alabama,1085,Lowndes,0.145,2013,2017
1,Alabama,1087,Macon,0.165,2013,2017
1,Alabama,1089,Madison,0.27,2013,2017
1,Alabama,1091,Marengo,0.145,2013,2017
1,Alabama,1093,Marion,0.13,2013,2017
1,Alabama,1095,Marshall,0.16999999999999998,2013,2017
1,Alabama,1097,Mobile,0.345,2013,2017
1,Alabama,1099,Monroe,0.11,2013,2017
1,Alabama,1101,Montgomery,0.325,2013,2017
1,Alabama,1103,Morgan,0.265,2013,2017
1,Alabama,1105,Perry,0.12,2013,2017
1,Alabama,1107,Pickens,0.12,2013,2017
1,Alabama,1109,Pike,0.14,2013,2017
1,Alabama,1111,Randolph,0.135,2013,2017
1,Alabama,1113,Russell,0.21000000000000002,2013,2017
1,Alabama,1115,St. Clair,0.245,2013,2017
1,Alabama,1117,Shelby,0.275,2013,2017
1,Alabama,1119,Sumter,0.15000000000000002,2013,2017
1,Alabama,1121,Talladega,0.195,2013,2017
1,Alabama,1123,Tallapoosa,0.14,2013,2017
1,Alabama,1125,Tuscaloosa,0.29500000000000004,2013,2017
1,Alabama,1127,Walker,0.2,2013,2017
1,Alabama,1129,Washington,0.12000000000000001,2013,2017
1,Alabama,1131,Wilcox,0.11,2013,2017
1,Alabama,1133,Winston,0.13,2013,2017
2,Alaska,2013,Aleutians East,0.015,2013,2017
2,Alaska,2016,Aleutians West,0.05,2013,2017
2,Alaska,2020,Anchorage,0.4,2013,2017
2,Alaska,2050,Bethel,0.0,2013,2017
2,Alaska,2060,Bristol Bay,0.0,2013,2017
2,Alaska,2068,Denali,0.005,2013,2017
2,Alaska,2070,Dillingham,0.0,2013,2017
2,Alaska,2090,Fairbanks North Star,0.085,2013,2017
2,Alaska,2100,Haines,0.025,2013,2017
2,Alaska,2105,HOONAH-ANGOON CENSUS AREA,0.08,2013,2017
2,Alaska,2110,Juneau,0.17,2013,2017
2,Alaska,2122,Kenai Peninsula,0.055,2013,2017
2,Alaska,2130,Ketchikan Gateway,0.575,2013,2017
2,Alaska,2150,Kodiak Island,0.08,2013,2017
2,Alaska,2158,Kusilvak,0.0,2013,2017
2,Alaska,2164,Lake and Peninsula,0.0,2013,2017
2,Alaska,2170,Matanuska-Susitna,0.10500000000000001,2013,2017
2,Alaska,2180,Nome,0.005,2013,2017
2,Alaska,2185,North Slope,0.0,2013,2017
2,Alaska,2188,Northwest Arctic,0.01,2013,2017
2,Alaska,2195,PETERSBURG CENSUS AREA,0.10500000000000001,2013,2017
2,Alaska,2198,PRINCE OF WALES-HYDER CENSUS AREA,0.01,2013,2017
2,Alaska,2220,Sitka,0.125,2013,2017
2,Alaska,2230,SKAGWAY MUNICIPALITY,0.11,2013,2017
2,Alaska,2240,Southeast Fairbanks,0.01,2013,2017
2,Alaska,2261,Valdez-Cordova,0.185,2013,2017
2,Alaska,2270,Wade Hampton,0.0,2013,2017
2,Alaska,2275,WRANGELL CITY AND BURROUGH,0.005,2013,2017
2,Alaska,2282,Yakutat,0.005,2013,2017
2,Alaska,2290,Yukon-Koyukuk,0.0,2013,2017
4,Arizona,4001,Apache,0.03,2013,2017
4,Arizona,4003,Cochise,0.065,2013,2017
4,Arizona,4005,Coconino,0.08,2013,2017
4,Arizona,4007,Gila,0.075,2013,2017
4,Arizona,4009,Graham,0.055,2013,2017
4,Arizona,4011,Greenlee,0.03,2013,2017
4,Arizona,4012,La Paz,0.08499999999999999,2013,2017
4,Arizona,4013,Maricopa,0.42000000000000004,2013,2017
4,Arizona,4015,Mohave,0.09000000000000001,2013,2017
4,Arizona,4017,Navajo,0.075,2013,2017
4,Arizona,4019,Pima,0.28500000000000003,2013,2017
4,Arizona,4021,Pinal,0.18,2013,2017
4,Arizona,4023,Santa Cruz,0.055,2013,2017
4,Arizona,4025,Yavapai,0.085,2013,2017
4,Arizona,4027,Yuma,0.2,2013,2017
5,Arkansas,5001,Arkansas,0.15000000000000002,2013,2017
5,Arkansas,5003,Ashley,0.125,2013,2017
5,Arkansas,5005,Baxter,0.12,2013,2017
5,Arkansas,5007,Benton,0.2,2013,2017
5,Arkansas,5009,Boone,0.125,2013,2017
5,Arkansas,5011,Bradley,0.115,2013,2017
5,Arkansas,5013,Calhoun,0.10500000000000001,2013,2017
5,Arkansas,5015,Carroll,0.1,2013,2017
5,Arkansas,5017,Chicot,0.13,2013,2017
5,Arkansas,5019,Clark,0.175,2013,2017
5,Arkansas,5021,Clay,0.16999999999999998,2013,2017
5,Arkansas,5023,Cleburne,0.11499999999999999,2013,2017
5,Arkansas,5025,Cleveland,0.11000000000000001,2013,2017
5,Arkansas,5027,Columbia,0.12000000000000001,2013,2017
5,Arkansas,5029,Conway,0.22,2013,2017
5,Arkansas,5031,Craighead,0.22499999999999998,2013,2017
5,Arkansas,5033,Crawford,0.22,2013,2017
5,Arkansas,5035,Crittenden,0.3,2013,2017
5,Arkansas,5037,Cross,0.195,2013,2017
5,Arkansas,5039,Dallas,0.12,2013,2017
5,Arkansas,5041,Desha,0.15000000000000002,2013,2017
5,Arkansas,5043,Drew,0.12,2013,2017
5,Arkansas,5045,Faulkner,0.24000000000000002,2013,2017
5,Arkansas,5047,Franklin,0.155,2013,2017
5,Arkansas,5049,Fulton,0.12,2013,2017
5,Arkansas,5051,Garland,0.14500000000000002,2013,2017
5,Arkansas,5053,Grant,0.13,2013,2017
5,Arkansas,5055,Greene,0.2,2013,2017
5,Arkansas,5057,Hempstead,0.175,2013,2017
5,Arkansas,5059,Hot Spring,0.19,2013,2017
5,Arkansas,5061,Howard,0.12,2013,2017
5,Arkansas,5063,Independence,0.14500000000000002,2013,2017
5,Arkansas,5065,Izard,0.095,2013,2017
5,Arkansas,5067,Jackson,0.175,2013,2017
5,Arkansas,5069,Jefferson,0.2,2013,2017
5,Arkansas,5071,Johnson,0.175,2013,2017
5,Arkansas,5073,Lafayette,0.125,2013,2017
5,Arkansas,5075,Lawrence,0.175,2013,2017
5,Arkansas,5077,Lee,0.15,2013,2017
5,Arkansas,5079,Lincoln,0.12,2013,2017
5,Arkansas,5081,Little River,0.15,2013,2017
5,Arkansas,5083,Logan,0.11000000000000001,2013,2017
5,Arkansas,5085,Lonoke,0.21000000000000002,2013,2017
5,Arkansas,5087,Madison,0.08499999999999999,2013,2017
5,Arkansas,5089,Marion,0.1,2013,2017
5,Arkansas,5091,Miller,0.215,2013,2017
5,Arkansas,5093,Mississippi,0.22499999999999998,2013,2017
5,Arkansas,5095,Monroe,0.175,2013,2017
5,Arkansas,5097,Montgomery,0.09,2013,2017
5,Arkansas,5099,Nevada,0.14,2013,2017
5,Arkansas,5101,Newton,0.08,2013,2017
5,Arkansas,5103,Ouachita,0.135,2013,2017
5,Arkansas,5105,Perry,0.12,2013,2017
5,Arkansas,5107,Phillips,0.15,2013,2017
5,Arkansas,5109,Pike,0.11000000000000001,2013,2017
5,Arkansas,5111,Poinsett,0.185,2013,2017
5,Arkansas,5113,Polk,0.10500000000000001,2013,2017
5,Arkansas,5115,Pope,0.22,2013,2017
5,Arkansas,5117,Prairie,0.165,2013,2017
5,Arkansas,5119,Pulaski,0.395,2013,2017
5,Arkansas,5121,Randolph,0.14,2013,2017
5,Arkansas,5123,St. Francis,0.22499999999999998,2013,2017
5,Arkansas,5125,Saline,0.23,2013,2017
5,Arkansas,5127,Scott,0.09,2013,2017
5,Arkansas,5129,Searcy,0.09,2013,2017
5,Arkansas,5131,Sebastian,0.20500000000000002,2013,2017
5,Arkansas,5133,Sevier,0.13,2013,2017
5,Arkansas,5135,Sharp,0.125,2013,2017
5,Arkansas,5137,Stone,0.1,2013,2017
5,Arkansas,5139,Union,0.125,2013,2017
5,Arkansas,5141,Van Buren,0.11000000000000001,2013,2017
5,Arkansas,5143,Washington,0.195,2013,2017
5,Arkansas,5145,White,0.16999999999999998,2013,2017
5,Arkansas,5147,Woodruff,0.16999999999999998,2013,2017
5,Arkansas,5149,Yell,0.12,2013,2017
6,California,6001,Alameda,0.345,2013,2017
6,California,6003,Alpine,0.015,2013,2017
6,California,6005,Amador,0.085,2013,2017
6,California,6007,Butte,0.14,2013,2017
6,California,6009,Calaveras,0.07,2013,2017
6,California,6011,Colusa,0.09,2013,2017
6,California,6013,Contra Costa,0.28,2013,2017
6,California,6015,Del Norte,0.034999999999999996,2013,2017
6,California,6017,El Dorado,0.07,2013,2017
6,California,6019,Fresno,0.31,2013,2017
6,California,6021,Glenn,0.11499999999999999,2013,2017
6,California,6023,Humboldt,0.060000000000000005,2013,2017
6,California,6025,Imperial,0.12000000000000001,2013,2017
6,California,6027,Inyo,0.02,2013,2017
6,California,6029,Kern,0.185,2013,2017
6,California,6031,Kings,0.245,2013,2017
6,California,6033,Lake,0.04,2013,2017
6,California,6035,Lassen,0.03,2013,2017
6,California,6037,Los Angeles,0.425,2013,2017
6,California,6039,Madera,0.20500000000000002,2013,2017
6,California,6041,Marin,0.11499999999999999,2013,2017
6,California,6043,Mariposa,0.045,2013,2017
6,California,6045,Mendocino,0.05,2013,2017
6,California,6047,Merced,0.255,2013,2017
6,California,6049,Modoc,0.025,2013,2017
6,California,6051,Mono,0.015,2013,2017
6,California,6053,Monterey,0.115,2013,2017
6,California,6055,Napa,0.105,2013,2017
6,California,6057,Nevada,0.08,2013,2017
6,California,6059,Orange,0.43500000000000005,2013,2017
6,California,6061,Placer,0.185,2013,2017
6,California,6063,Plumas,0.04,2013,2017
6,California,6065,Riverside,0.25,2013,2017
6,California,6067,Sacramento,0.285,2013,2017
6,California,6069,San Benito,0.125,2013,2017
6,California,6071,San Bernardino,0.22999999999999998,2013,2017
6,California,6073,San Diego,0.265,2013,2017
6,California,6075,San Francisco,0.855,2013,2017
6,California,6077,San Joaquin,0.305,2013,2017
6,California,6079,San Luis Obispo,0.095,2013,2017
6,California,6081,San Mateo,0.185,2013,2017
6,California,6083,Santa Barbara,0.125,2013,2017
6,California,6085,Santa Clara,0.215,2013,2017
6,California,6087,Santa Cruz,0.125,2013,2017
6,California,6089,Shasta,0.085,2013,2017
6,California,6091,Sierra,0.035,2013,2017
6,California,6093,Siskiyou,0.03,2013,2017
6,California,6095,Solano,0.195,2013,2017
6,California,6097,Sonoma,0.11000000000000001,2013,2017
6,California,6099,Stanislaus,0.275,2013,2017
6,California,6101,Sutter,0.21500000000000002,2013,2017
6,California,6103,Tehama,0.1,2013,2017
6,California,6105,Trinity,0.02,2013,2017
6,California,6107,Tulare,0.25,2013,2017
6,California,6109,Tuolumne,0.05,2013,2017
6,California,6111,Ventura,0.19,2013,2017
6,California,6113,Yolo,0.18,2013,2017
6,California,6115,Yuba,0.16,2013,2017
8,Colorado,8001,Adams,0.42,2013,2017
8,Colorado,8003,Alamosa,0.045000000000000005,2013,2017
8,Colorado,8005,Arapahoe,0.36,2013,2017
8,Colorado,8007,Archuleta,0.02,2013,2017
8,Colorado,8009,Baca,0.045,2013,2017
8,Colorado,8011,Bent,0.05,2013,2017
8,Colorado,8013,Boulder,0.18000000000000002,2013,2017
8,Colorado,8014,Broomfield,0.44999999999999996,2013,2017
8,Colorado,8015,Chaffee,0.02,2013,2017
8,Colorado,8017,Cheyenne,0.04,2013,2017
8,Colorado,8019,Clear Creek,0.05,2013,2017
8,Colorado,8021,Conejos,0.02,2013,2017
8,Colorado,8023,Costilla,0.02,2013,2017
8,Colorado,8025,Crowley,0.05,2013,2017
8,Colorado,8027,Custer,0.015,2013,2017
8,Colorado,8029,Delta,0.05,2013,2017
8,Colorado,8031,Denver,0.795,2013,2017
8,Colorado,8033,Dolores,0.015,2013,2017
8,Colorado,8035,Douglas,0.21500000000000002,2013,2017
8,Colorado,8037,Eagle,0.045000000000000005,2013,2017
8,Colorado,8039,Elbert,0.06,2013,2017
8,Colorado,8041,El Paso,0.16999999999999998,2013,2017
8,Colorado,8043,Fremont,0.030000000000000002,2013,2017
8,Colorado,8045,Garfield,0.060000000000000005,2013,2017
8,Colorado,8047,Gilpin,0.04,2013,2017
8,Colorado,8049,Grand,0.035,2013,2017
8,Colorado,8051,Gunnison,0.02,2013,2017
8,Colorado,8053,Hinsdale,0.01,2013,2017
8,Colorado,8055,Huerfano,0.035,2013,2017
8,Colorado,8057,Jackson,0.015,2013,2017
8,Colorado,8059,Jefferson,0.29,2013,2017
8,Colorado,8061,Kiowa,0.04,2013,2017
8,Colorado,8063,Kit Carson,0.055,2013,2017
8,Colorado,8065,Lake,0.02,2013,2017
8,Colorado,8067,La Plata,0.04,2013,2017
8,Colorado,8069,Larimer,0.16,2013,2017
8,Colorado,8071,Las Animas,0.04,2013,2017
8,Colorado,8073,Lincoln,0.055,2013,2017
8,Colorado,8075,Logan,0.10500000000000001,2013,2017
8,Colorado,8077,Mesa,0.09999999999999999,2013,2017
8,Colorado,8079,Mineral,0.015,2013,2017
8,Colorado,8081,Moffat,0.025,2013,2017
8,Colorado,8083,Montezuma,0.03,2013,2017
8,Colorado,8085,Montrose,0.030000000000000002,2013,2017
8,Colorado,8087,Morgan,0.125,2013,2017
8,Colorado,8089,Otero,0.075,2013,2017
8,Colorado,8091,Ouray,0.02,2013,2017
8,Colorado,8093,Park,0.02,2013,2017
8,Colorado,8095,Phillips,0.05500000000000001,2013,2017
8,Colorado,8097,Pitkin,0.025,2013,2017
8,Colorado,8099,Prowers,0.07,2013,2017
8,Colorado,8101,Pueblo,0.155,2013,2017
8,Colorado,8103,Rio Blanco,0.015,2013,2017
8,Colorado,8105,Rio Grande,0.03,2013,2017
8,Colorado,8107,Routt,0.035,2013,2017
8,Colorado,8109,Saguache,0.02,2013,2017
8,Colorado,8111,San Juan,0.015,2013,2017
8,Colorado,8113,San Miguel,0.015,2013,2017
8,Colorado,8115,Sedgwick,0.095,2013,2017
8,Colorado,8117,Summit,0.045000000000000005,2013,2017
8,Colorado,8119,Teller,0.03,2013,2017
8,Colorado,8121,Washington,0.05,2013,2017
8,Colorado,8123,Weld,0.2,2013,2017
8,Colorado,8125,Yuma,0.05500000000000001,2013,2017
9,Connecticut,9001,Fairfield,0.31,2013,2017
9,Connecticut,9003,Hartford,0.22999999999999998,2013,2017
9,Connecticut,9005,Litchfield,0.14,2013,2017
9,Connecticut,9007,Middlesex,0.195,2013,2017
9,Connecticut,9009,New Haven,0.265,2013,2017
9,Connecticut,9011,New London,0.18,2013,2017
9,Connecticut,9013,Tolland,0.16499999999999998,2013,2017
9,Connecticut,9015,Windham,0.14,2013,2017
10,Delaware,10001,Kent,0.225,2013,2017
10,Delaware,10003,New Castle,0.355,2013,2017
10,Delaware,10005,Sussex,0.19,2013,2017
11,District of Columbia,11001,District of Columbia,0.795,2013,2017
12,Florida,12001,Alachua,0.26,2013,2017
12,Florida,12003,Baker,0.22000000000000003,2013,2017
12,Florida,12005,Bay,0.18,2013,2017
12,Florida,12007,Bradford,0.185,2013,2017
12,Florida,12009,Brevard,0.24000000000000002,2013,2017
12,Florida,12011,Broward,0.66,2013,2017
12,Florida,12013,Calhoun,0.10500000000000001,2013,2017
12,Florida,12015,Charlotte,0.21,2013,2017
12,Florida,12017,Citrus,0.175,2013,2017
12,Florida,12019,Clay,0.235,2013,2017
12,Florida,12021,Collier,0.24,2013,2017
12,Florida,12023,Columbia,0.195,2013,2017
12,Florida,12027,DeSoto,0.16999999999999998,2013,2017
12,Florida,12029,Dixie,0.095,2013,2017
12,Florida,12031,Duval,0.42999999999999994,2013,2017
12,Florida,12033,Escambia,0.26,2013,2017
12,Florida,12035,Flagler,0.22,2013,2017
12,Florida,12037,Franklin,0.095,2013,2017
12,Florida,12039,Gadsden,0.155,2013,2017
12,Florida,12041,Gilchrist,0.12000000000000001,2013,2017
12,Florida,12043,Glades,0.125,2013,2017
12,Florida,12045,Gulf,0.105,2013,2017
12,Florida,12047,Hamilton,0.155,2013,2017
12,Florida,12049,Hardee,0.16,2013,2017
12,Florida,12051,Hendry,0.14500000000000002,2013,2017
12,Florida,12053,Hernando,0.21999999999999997,2013,2017
12,Florida,12055,Highlands,0.15,2013,2017
12,Florida,12057,Hillsborough,0.51,2013,2017
12,Florida,12059,Holmes,0.13,2013,2017
12,Florida,12061,Indian River,0.23,2013,2017
12,Florida,12063,Jackson,0.135,2013,2017
12,Florida,12065,Jefferson,0.14,2013,2017
12,Florida,12067,Lafayette,0.10500000000000001,2013,2017
12,Florida,12069,Lake,0.25,2013,2017
12,Florida,12071,Lee,0.275,2013,2017
12,Florida,12073,Leon,0.285,2013,2017
12,Florida,12075,Levy,0.13,2013,2017
12,Florida,12077,Liberty,0.10500000000000001,2013,2017
12,Florida,12079,Madison,0.14,2013,2017
12,Florida,12081,Manatee,0.325,2013,2017
12,Florida,12083,Marion,0.25,2013,2017
12,Florida,12085,Martin,0.31,2013,2017
12,Florida,12086,Miami-Dade,0.615,2013,2017
12,Florida,12087,Monroe,0.18000000000000002,2013,2017
12,Florida,12089,Nassau,0.20500000000000002,2013,2017
12,Florida,12091,Okaloosa,0.185,2013,2017
12,Florida,12093,Okeechobee,0.175,2013,2017
12,Florida,12095,Orange,0.49,2013,2017
12,Florida,12097,Osceola,0.35,2013,2017
12,Florida,12099,Palm Beach,0.43999999999999995,2013,2017
12,Florida,12101,Pasco,0.28,2013,2017
12,Florida,12103,Pinellas,0.42000000000000004,2013,2017
12,Florida,12105,Polk,0.27,2013,2017
12,Florida,12107,Putnam,0.15,2013,2017
12,Florida,12109,St. Johns,0.275,2013,2017
12,Florida,12111,St. Lucie,0.3,2013,2017
12,Florida,12113,Santa Rosa,0.165,2013,2017
12,Florida,12115,Sarasota,0.3,2013,2017
12,Florida,12117,Seminole,0.41500000000000004,2013,2017
12,Florida,12119,Sumter,0.285,2013,2017
12,Florida,12121,Suwannee,0.14,2013,2017
12,Florida,12123,Taylor,0.12,2013,2017
12,Florida,12125,Union,0.15,2013,2017
12,Florida,12127,Volusia,0.275,2013,2017
12,Florida,12129,Wakulla,0.12,2013,2017
12,Florida,12131,Walton,0.14,2013,2017
12,Florida,12133,Washington,0.125,2013,2017
13,Georgia,13001,Appling,0.11499999999999999,2013,2017
13,Georgia,13003,Atkinson,0.10500000000000001,2013,2017
13,Georgia,13005,Bacon,0.11499999999999999,2013,2017
13,Georgia,13007,Baker,0.095,2013,2017
13,Georgia,13009,Baldwin,0.18,2013,2017
13,Georgia,13011,Banks,0.18,2013,2017
13,Georgia,13013,Barrow,0.315,2013,2017
13,Georgia,13015,Bartow,0.335,2013,2017
13,Georgia,13017,Ben Hill,0.14500000000000002,2013,2017
13,Georgia,13019,Berrien,0.11000000000000001,2013,2017
13,Georgia,13021,Bibb,0.37,2013,2017
13,Georgia,13023,Bleckley,0.14500000000000002,2013,2017
13,Georgia,13025,Brantley,0.11499999999999999,2013,2017
13,Georgia,13027,Brooks,0.125,2013,2017
13,Georgia,13029,Bryan,0.2,2013,2017
13,Georgia,13031,Bulloch,0.145,2013,2017
13,Georgia,13033,Burke,0.13,2013,2017
13,Georgia,13035,Butts,0.27,2013,2017
13,Georgia,13037,Calhoun,0.1,2013,2017
13,Georgia,13039,Camden,0.18,2013,2017
13,Georgia,13043,Candler,0.135,2013,2017
13,Georgia,13045,Carroll,0.215,2013,2017
13,Georgia,13047,Catoosa,0.32999999999999996,2013,2017
13,Georgia,13049,Charlton,0.13,2013,2017
13,Georgia,13051,Chatham,0.365,2013,2017
13,Georgia,13053,Chattahoochee,0.13,2013,2017
13,Georgia,13055,Chattooga,0.16999999999999998,2013,2017
13,Georgia,13057,Cherokee,0.3,2013,2017
13,Georgia,13059,Clarke,0.305,2013,2017
13,Georgia,13061,Clay,0.095,2013,2017
13,Georgia,13063,Clayton,0.4,2013,2017
13,Georgia,13065,Clinch,0.11,2013,2017
13,Georgia,13067,Cobb,0.505,2013,2017
13,Georgia,13069,Coffee,0.135,2013,2017
13,Georgia,13071,Colquitt,0.125,2013,2017
13,Georgia,13073,Columbia,0.235,2013,2017
13,Georgia,13075,Cook,0.18,2013,2017
13,Georgia,13077,Coweta,0.22499999999999998,2013,2017
13,Georgia,13079,Crawford,0.14,2013,2017
13,Georgia,13081,Crisp,0.205,2013,2017
13,Georgia,13083,Dade,0.20500000000000002,2013,2017
13,Georgia,13085,Dawson,0.165,2013,2017
13,Georgia,13087,Decatur,0.125,2013,2017
13,Georgia,13089,DeKalb,0.575,2013,2017
13,Georgia,13091,Dodge,0.13,2013,2017
13,Georgia,13093,Dooly,0.19,2013,2017
13,Georgia,13095,Dougherty,0.185,2013,2017
13,Georgia,13097,Douglas,0.29,2013,2017
13,Georgia,13099,Early,0.10500000000000001,2013,2017
13,Georgia,13101,Echols,0.11000000000000001,2013,2017
13,Georgia,13103,Effingham,0.175,2013,2017
13,Georgia,13105,Elbert,0.16,2013,2017
13,Georgia,13107,Emanuel,0.12,2013,2017
13,Georgia,13109,Evans,0.125,2013,2017
13,Georgia,13111,Fannin,0.11499999999999999,2013,2017
13,Georgia,13113,Fayette,0.255,2013,2017
13,Georgia,13115,Floyd,0.245,2013,2017
13,Georgia,13117,Forsyth,0.315,2013,2017
13,Georgia,13119,Franklin,0.22500000000000003,2013,2017
13,Georgia,13121,Fulton,0.54,2013,2017
13,Georgia,13123,Gilmer,0.125,2013,2017
13,Georgia,13125,Glascock,0.11000000000000001,2013,2017
13,Georgia,13127,Glynn,0.2,2013,2017
13,Georgia,13129,Gordon,0.28500000000000003,2013,2017
13,Georgia,13131,Grady,0.125,2013,2017
13,Georgia,13133,Greene,0.16999999999999998,2013,2017
13,Georgia,13135,Gwinnett,0.455,2013,2017
13,Georgia,13137,Habersham,0.14,2013,2017
13,Georgia,13139,Hall,0.255,2013,2017
13,Georgia,13141,Hancock,0.13,2013,2017
13,Georgia,13143,Haralson,0.21,2013,2017
13,Georgia,13145,Harris,0.16,2013,2017
13,Georgia,13147,Hart,0.18,2013,2017
13,Georgia,13149,Heard,0.135,2013,2017
13,Georgia,13151,Henry,0.35,2013,2017
13,Georgia,13153,Houston,0.22999999999999998,2013,2017
13,Georgia,13155,Irwin,0.11499999999999999,2013,2017
13,Georgia,13157,Jackson,0.25,2013,2017
13,Georgia,13159,Jasper,0.185,2013,2017
13,Georgia,13161,Jeff Davis,0.115,2013,2017
13,Georgia,13163,Jefferson,0.135,2013,2017
13,Georgia,13165,Jenkins,0.12,2013,2017
13,Georgia,13167,Johnson,0.11499999999999999,2013,2017
13,Georgia,13169,Jones,0.19,2013,2017
13,Georgia,13171,Lamar,0.185,2013,2017
13,Georgia,13173,Lanier,0.11000000000000001,2013,2017
13,Georgia,13175,Laurens,0.14,2013,2017
13,Georgia,13177,Lee,0.13,2013,2017
13,Georgia,13179,Liberty,0.16999999999999998,2013,2017
13,Georgia,13181,Lincoln,0.13,2013,2017
13,Georgia,13183,Long,0.125,2013,2017
13,Georgia,13185,Lowndes,0.19,2013,2017
13,Georgia,13187,Lumpkin,0.12,2013,2017
13,Georgia,13189,McDuffie,0.16499999999999998,2013,2017
13,Georgia,13191,McIntosh,0.19,2013,2017
13,Georgia,13193,Macon,0.14500000000000002,2013,2017
13,Georgia,13195,Madison,0.185,2013,2017
13,Georgia,13197,Marion,0.11000000000000001,2013,2017
13,Georgia,13199,Meriwether,0.155,2013,2017
13,Georgia,13201,Miller,0.1,2013,2017
13,Georgia,13205,Mitchell,0.11499999999999999,2013,2017
13,Georgia,13207,Monroe,0.275,2013,2017
13,Georgia,13209,Montgomery,0.11000000000000001,2013,2017
13,Georgia,13211,Morgan,0.245,2013,2017
13,Georgia,13213,Murray,0.16,2013,2017
13,Georgia,13215,Muscogee,0.305,2013,2017
13,Georgia,13217,Newton,0.315,2013,2017
13,Georgia,13219,Oconee,0.22500000000000003,2013,2017
13,Georgia,13221,Oglethorpe,0.16,2013,2017
13,Georgia,13223,Paulding,0.27,2013,2017
13,Georgia,13225,Peach,0.21000000000000002,2013,2017
13,Georgia,13227,Pickens,0.165,2013,2017
13,Georgia,13229,Pierce,0.13,2013,2017
13,Georgia,13231,Pike,0.16,2013,2017
13,Georgia,13233,Polk,0.195,2013,2017
13,Georgia,13235,Pulaski,0.135,2013,2017
13,Georgia,13237,Putnam,0.175,2013,2017
13,Georgia,13239,Quitman,0.095,2013,2017
13,Georgia,13241,Rabun,0.095,2013,2017
13,Georgia,13243,Randolph,0.10500000000000001,2013,2017
13,Georgia,13245,Richmond,0.27,2013,2017
13,Georgia,13247,Rockdale,0.37,2013,2017
13,Georgia,13249,Schley,0.11000000000000001,2013,2017
13,Georgia,13251,Screven,0.11499999999999999,2013,2017
13,Georgia,13253,Seminole,0.11000000000000001,2013,2017
13,Georgia,13255,Spalding,0.255,2013,2017
13,Georgia,13257,Stephens,0.165,2013,2017
13,Georgia,13259,Stewart,0.1,2013,2017
13,Georgia,13261,Sumter,0.155,2013,2017
13,Georgia,13263,Talbot,0.14,2013,2017
13,Georgia,13265,Taliaferro,0.155,2013,2017
13,Georgia,13267,Tattnall,0.11000000000000001,2013,2017
13,Georgia,13269,Taylor,0.14,2013,2017
13,Georgia,13271,Telfair,0.115,2013,2017
13,Georgia,13273,Terrell,0.13,2013,2017
13,Georgia,13275,Thomas,0.135,2013,2017
13,Georgia,13277,Tift,0.23,2013,2017
13,Georgia,13279,Toombs,0.125,2013,2017
13,Georgia,13281,Towns,0.1,2013,2017
13,Georgia,13283,Treutlen,0.125,2013,2017
13,Georgia,13285,Troup,0.21999999999999997,2013,2017
13,Georgia,13287,Turner,0.175,2013,2017
13,Georgia,13289,Twiggs,0.16999999999999998,2013,2017
13,Georgia,13291,Union,0.1,2013,2017
13,Georgia,13293,Upson,0.14500000000000002,2013,2017
13,Georgia,13295,Walker,0.20500000000000002,2013,2017
13,Georgia,13297,Walton,0.275,2013,2017
13,Georgia,13299,Ware,0.21000000000000002,2013,2017
13,Georgia,13301,Warren,0.14,2013,2017
13,Georgia,13303,Washington,0.135,2013,2017
13,Georgia,13305,Wayne,0.135,2013,2017
13,Georgia,13307,Webster,0.1,2013,2017
13,Georgia,13309,Wheeler,0.1,2013,2017
13,Georgia,13311,White,0.115,2013,2017
13,Georgia,13313,Whitfield,0.33,2013,2017
13,Georgia,13315,Wilcox,0.12,2013,2017
13,Georgia,13317,Wilkes,0.13,2013,2017
13,Georgia,13319,Wilkinson,0.14500000000000002,2013,2017
13,Georgia,13321,Worth,0.11499999999999999,2013,2017
15,Hawaii,15001,Hawaii,0.015,2013,2017
15,Hawaii,15003,Honolulu,0.135,2013,2017
15,Hawaii,15005,Kalawao,0.0,2013,2017
15,Hawaii,15007,Kauai,0.015,2013,2017
15,Hawaii,15009,Maui,0.02,2013,2017
16,Idaho,16001,Ada,0.355,2013,2017
16,Idaho,16003,Adams,0.03,2013,2017
16,Idaho,16005,Bannock,0.13,2013,2017
16,Idaho,16007,Bear Lake,0.06,2013,2017
16,Idaho,16009,Benewah,0.04,2013,2017
16,Idaho,16011,Bingham,0.085,2013,2017
16,Idaho,16013,Blaine,0.035,2013,2017
16,Idaho,16015,Boise,0.03,2013,2017
16,Idaho,16017,Bonner,0.11,2013,2017
16,Idaho,16019,Bonneville,0.135,2013,2017
16,Idaho,16021,Boundary,0.06,2013,2017
16,Idaho,16023,Butte,0.02,2013,2017
16,Idaho,16025,Camas,0.02,2013,2017
16,Idaho,16027,Canyon,0.265,2013,2017
16,Idaho,16029,Caribou,0.05,2013,2017
16,Idaho,16031,Cassia,0.06,2013,2017
16,Idaho,16033,Clark,0.030000000000000002,2013,2017
16,Idaho,16035,Clearwater,0.035,2013,2017
16,Idaho,16037,Custer,0.015,2013,2017
16,Idaho,16039,Elmore,0.095,2013,2017
16,Idaho,16041,Franklin,0.06,2013,2017
16,Idaho,16043,Fremont,0.055,2013,2017
16,Idaho,16045,Gem,0.1,2013,2017
16,Idaho,16047,Gooding,0.11,2013,2017
16,Idaho,16049,Idaho,0.03,2013,2017
16,Idaho,16051,Jefferson,0.07500000000000001,2013,2017
16,Idaho,16053,Jerome,0.13,2013,2017
16,Idaho,16055,Kootenai,0.195,2013,2017
16,Idaho,16057,Latah,0.05,2013,2017
16,Idaho,16059,Lemhi,0.015,2013,2017
16,Idaho,16061,Lewis,0.035,2013,2017
16,Idaho,16063,Lincoln,0.065,2013,2017
16,Idaho,16065,Madison,0.105,2013,2017
16,Idaho,16067,Minidoka,0.125,2013,2017
16,Idaho,16069,Nez Perce,0.10500000000000001,2013,2017
16,Idaho,16071,Oneida,0.06,2013,2017
16,Idaho,16073,Owyhee,0.045000000000000005,2013,2017
16,Idaho,16075,Payette,0.175,2013,2017
16,Idaho,16077,Power,0.07,2013,2017
16,Idaho,16079,Shoshone,0.05,2013,2017
16,Idaho,16081,Teton,0.03,2013,2017
16,Idaho,16083,Twin Falls,0.075,2013,2017
16,Idaho,16085,Valley,0.02,2013,2017
16,Idaho,16087,Washington,0.065,2013,2017
17,Illinois,17001,Adams,0.175,2013,2017
17,Illinois,17003,Alexander,0.25,2013,2017
17,Illinois,17005,Bond,0.185,2013,2017
17,Illinois,17007,Boone,0.235,2013,2017
17,Illinois,17009,Brown,0.14,2013,2017
17,Illinois,17011,Bureau,0.185,2013,2017
17,Illinois,17013,Calhoun,0.21500000000000002,2013,2017
17,Illinois,17015,Carroll,0.175,2013,2017
17,Illinois,17017,Cass,0.2,2013,2017
17,Illinois,17019,Champaign,0.22,2013,2017
17,Illinois,17021,Christian,0.16999999999999998,2013,2017
17,Illinois,17023,Clark,0.18,2013,2017
17,Illinois,17025,Clay,0.15,2013,2017
17,Illinois,17027,Clinton,0.195,2013,2017
17,Illinois,17029,Coles,0.185,2013,2017
17,Illinois,17031,Cook,0.72,2013,2017
17,Illinois,17033,Crawford,0.16499999999999998,2013,2017
17,Illinois,17035,Cumberland,0.175,2013,2017
17,Illinois,17037,DeKalb,0.255,2013,2017
17,Illinois,17039,De Witt,0.16999999999999998,2013,2017
17,Illinois,17041,Douglas,0.185,2013,2017
17,Illinois,17043,DuPage,0.61,2013,2017
17,Illinois,17045,Edgar,0.185,2013,2017
17,Illinois,17047,Edwards,0.15,2013,2017
17,Illinois,17049,Effingham,0.2,2013,2017
17,Illinois,17051,Fayette,0.16499999999999998,2013,2017
17,Illinois,17053,Ford,0.16,2013,2017
17,Illinois,17055,Franklin,0.195,2013,2017
17,Illinois,17057,Fulton,0.16,2013,2017
17,Illinois,17059,Gallatin,0.145,2013,2017
17,Illinois,17061,Greene,0.16499999999999998,2013,2017
17,Illinois,17063,Grundy,0.26,2013,2017
17,Illinois,17065,Hamilton,0.15,2013,2017
17,Illinois,17067,Hancock,0.16499999999999998,2013,2017
17,Illinois,17069,Hardin,0.16999999999999998,2013,2017
17,Illinois,17071,Henderson,0.185,2013,2017
17,Illinois,17073,Henry,0.175,2013,2017
17,Illinois,17075,Iroquois,0.185,2013,2017
17,Illinois,17077,Jackson,0.21000000000000002,2013,2017
17,Illinois,17079,Jasper,0.15,2013,2017
17,Illinois,17081,Jefferson,0.2,2013,2017
17,Illinois,17083,Jersey,0.22499999999999998,2013,2017
17,Illinois,17085,Jo Daviess,0.16,2013,2017
17,Illinois,17087,Johnson,0.16,2013,2017
17,Illinois,17089,Kane,0.405,2013,2017
17,Illinois,17091,Kankakee,0.25,2013,2017
17,Illinois,17093,Kendall,0.31,2013,2017
17,Illinois,17095,Knox,0.21999999999999997,2013,2017
17,Illinois,17097,Lake,0.395,2013,2017
17,Illinois,17099,La Salle,0.22499999999999998,2013,2017
17,Illinois,17101,Lawrence,0.16,2013,2017
17,Illinois,17103,Lee,0.195,2013,2017
17,Illinois,17105,Livingston,0.175,2013,2017
17,Illinois,17107,Logan,0.16999999999999998,2013,2017
17,Illinois,17109,McDonough,0.16999999999999998,2013,2017
17,Illinois,17111,McHenry,0.29000000000000004,2013,2017
17,Illinois,17113,McLean,0.21,2013,2017
17,Illinois,17115,Macon,0.21000000000000002,2013,2017
17,Illinois,17117,Macoupin,0.185,2013,2017
17,Illinois,17119,Madison,0.29500000000000004,2013,2017
17,Illinois,17121,Marion,0.20500000000000002,2013,2017
17,Illinois,17123,Marshall,0.19,2013,2017
17,Illinois,17125,Mason,0.16,2013,2017
17,Illinois,17127,Massac,0.21999999999999997,2013,2017
17,Illinois,17129,Menard,0.16,2013,2017
17,Illinois,17131,Mercer,0.16,2013,2017
17,Illinois,17133,Monroe,0.255,2013,2017
17,Illinois,17135,Montgomery,0.175,2013,2017
17,Illinois,17137,Morgan,0.16999999999999998,2013,2017
17,Illinois,17139,Moultrie,0.16,2013,2017
17,Illinois,17141,Ogle,0.195,2013,2017
17,Illinois,17143,Peoria,0.26,2013,2017
17,Illinois,17145,Perry,0.175,2013,2017
17,Illinois,17147,Piatt,0.16999999999999998,2013,2017
17,Illinois,17149,Pike,0.16,2013,2017
17,Illinois,17151,Pope,0.15,2013,2017
17,Illinois,17153,Pulaski,0.20500000000000002,2013,2017
17,Illinois,17155,Putnam,0.2,2013,2017
17,Illinois,17157,Randolph,0.20500000000000002,2013,2017
17,Illinois,17159,Richland,0.16,2013,2017
17,Illinois,17161,Rock Island,0.23500000000000001,2013,2017
17,Illinois,17163,St. Clair,0.31,2013,2017
17,Illinois,17165,Saline,0.18,2013,2017
17,Illinois,17167,Sangamon,0.23500000000000001,2013,2017
17,Illinois,17169,Schuyler,0.145,2013,2017
17,Illinois,17171,Scott,0.15,2013,2017
17,Illinois,17173,Shelby,0.155,2013,2017
17,Illinois,17175,Stark,0.16,2013,2017
17,Illinois,17177,Stephenson,0.16499999999999998,2013,2017
17,Illinois,17179,Tazewell,0.21000000000000002,2013,2017
17,Illinois,17181,Union,0.175,2013,2017
17,Illinois,17183,Vermilion,0.21000000000000002,2013,2017
17,Illinois,17185,Wabash,0.175,2013,2017
17,Illinois,17187,Warren,0.18,2013,2017
17,Illinois,17189,Washington,0.175,2013,2017
17,Illinois,17191,Wayne,0.15,2013,2017
17,Illinois,17193,White,0.155,2013,2017
17,Illinois,17195,Whiteside,0.21000000000000002,2013,2017
17,Illinois,17197,Will,0.41000000000000003,2013,2017
17,Illinois,17199,Williamson,0.2,2013,2017
17,Illinois,17201,Winnebago,0.245,2013,2017
17,Illinois,17203,Woodford,0.175,2013,2017
18,Indiana,18001,Adams,0.2,2013,2017
18,Indiana,18003,Allen,0.35,2013,2017
18,Indiana,18005,Bartholomew,0.295,2013,2017
18,Indiana,18007,Benton,0.175,2013,2017
18,Indiana,18009,Blackford,0.21500000000000002,2013,2017
18,Indiana,18011,Boone,0.29500000000000004,2013,2017
18,Indiana,18013,Brown,0.16999999999999998,2013,2017
18,Indiana,18015,Carroll,0.21000000000000002,2013,2017
18,Indiana,18017,Cass,0.21999999999999997,2013,2017
18,Indiana,18019,Clark,0.355,2013,2017
18,Indiana,18021,Clay,0.21999999999999997,2013,2017
18,Indiana,18023,Clinton,0.22500000000000003,2013,2017
18,Indiana,18025,Crawford,0.185,2013,2017
18,Indiana,18027,Daviess,0.20500000000000002,2013,2017
18,Indiana,18029,Dearborn,0.255,2013,2017
18,Indiana,18031,Decatur,0.21999999999999997,2013,2017
18,Indiana,18033,DeKalb,0.31,2013,2017
18,Indiana,18035,Delaware,0.28500000000000003,2013,2017
18,Indiana,18037,Dubois,0.20500000000000002,2013,2017
18,Indiana,18039,Elkhart,0.31,2013,2017
18,Indiana,18041,Fayette,0.22,2013,2017
18,Indiana,18043,Floyd,0.35,2013,2017
18,Indiana,18045,Fountain,0.20500000000000002,2013,2017
18,Indiana,18047,Franklin,0.19,2013,2017
18,Indiana,18049,Fulton,0.19,2013,2017
18,Indiana,18051,Gibson,0.22000000000000003,2013,2017
18,Indiana,18053,Grant,0.24,2013,2017
18,Indiana,18055,Greene,0.175,2013,2017
18,Indiana,18057,Hamilton,0.4,2013,2017
18,Indiana,18059,Hancock,0.32,2013,2017
18,Indiana,18061,Harrison,0.21999999999999997,2013,2017
18,Indiana,18063,Hendricks,0.345,2013,2017
18,Indiana,18065,Henry,0.24,2013,2017
18,Indiana,18067,Howard,0.27,2013,2017
18,Indiana,18069,Huntington,0.22999999999999998,2013,2017
18,Indiana,18071,Jackson,0.22,2013,2017
18,Indiana,18073,Jasper,0.22500000000000003,2013,2017
18,Indiana,18075,Jay,0.185,2013,2017
18,Indiana,18077,Jefferson,0.22,2013,2017
18,Indiana,18079,Jennings,0.21000000000000002,2013,2017
18,Indiana,18081,Johnson,0.345,2013,2017
18,Indiana,18083,Knox,0.21500000000000002,2013,2017
18,Indiana,18085,Kosciusko,0.235,2013,2017
18,Indiana,18087,LaGrange,0.2,2013,2017
18,Indiana,18089,Lake,0.4,2013,2017
18,Indiana,18091,LaPorte,0.3,2013,2017
18,Indiana,18093,Lawrence,0.2,2013,2017
18,Indiana,18095,Madison,0.3,2013,2017
18,Indiana,18097,Marion,0.62,2013,2017
18,Indiana,18099,Marshall,0.245,2013,2017
18,Indiana,18101,Martin,0.16999999999999998,2013,2017
18,Indiana,18103,Miami,0.21500000000000002,2013,2017
18,Indiana,18105,Monroe,0.24000000000000002,2013,2017
18,Indiana,18107,Montgomery,0.20500000000000002,2013,2017
18,Indiana,18109,Morgan,0.265,2013,2017
18,Indiana,18111,Newton,0.2,2013,2017
18,Indiana,18113,Noble,0.24,2013,2017
18,Indiana,18115,Ohio,0.255,2013,2017
18,Indiana,18117,Orange,0.16,2013,2017
18,Indiana,18119,Owen,0.185,2013,2017
18,Indiana,18121,Parke,0.18,2013,2017
18,Indiana,18123,Perry,0.24,2013,2017
18,Indiana,18125,Pike,0.18,2013,2017
18,Indiana,18127,Porter,0.325,2013,2017
18,Indiana,18129,Posey,0.20500000000000002,2013,2017
18,Indiana,18131,Pulaski,0.18,2013,2017
18,Indiana,18133,Putnam,0.21500000000000002,2013,2017
18,Indiana,18135,Randolph,0.19,2013,2017
18,Indiana,18137,Ripley,0.195,2013,2017
18,Indiana,18139,Rush,0.2,2013,2017
18,Indiana,18141,St. Joseph,0.335,2013,2017
18,Indiana,18143,Scott,0.26,2013,2017
18,Indiana,18145,Shelby,0.28,2013,2017
18,Indiana,18147,Spencer,0.20500000000000002,2013,2017
18,Indiana,18149,Starke,0.21000000000000002,2013,2017
18,Indiana,18151,Steuben,0.21500000000000002,2013,2017
18,Indiana,18153,Sullivan,0.19,2013,2017
18,Indiana,18155,Switzerland,0.25,2013,2017
18,Indiana,18157,Tippecanoe,0.33,2013,2017
18,Indiana,18159,Tipton,0.22500000000000003,2013,2017
18,Indiana,18161,Union,0.195,2013,2017
18,Indiana,18163,Vanderburgh,0.38,2013,2017
18,Indiana,18165,Vermillion,0.20500000000000002,2013,2017
18,Indiana,18167,Vigo,0.315,2013,2017
18,Indiana,18169,Wabash,0.21500000000000002,2013,2017
18,Indiana,18171,Warren,0.19,2013,2017
18,Indiana,18173,Warrick,0.22999999999999998,2013,2017
18,Indiana,18175,Washington,0.175,2013,2017
18,Indiana,18177,Wayne,0.245,2013,2017
18,Indiana,18179,Wells,0.21500000000000002,2013,2017
18,Indiana,18181,White,0.21000000000000002,2013,2017
18,Indiana,18183,Whitley,0.235,2013,2017
19,Iowa,19001,Adair,0.125,2013,2017
19,Iowa,19003,Adams,0.135,2013,2017
19,Iowa,19005,Allamakee,0.12,2013,2017
19,Iowa,19007,Appanoose,0.12,2013,2017
19,Iowa,19009,Audubon,0.11,2013,2017
19,Iowa,19011,Benton,0.155,2013,2017
19,Iowa,19013,Black Hawk,0.17,2013,2017
19,Iowa,19015,Boone,0.18,2013,2017
19,Iowa,19017,Bremer,0.125,2013,2017
19,Iowa,19019,Buchanan,0.13,2013,2017
19,Iowa,19021,Buena Vista,0.10500000000000001,2013,2017
19,Iowa,19023,Butler,0.12,2013,2017
19,Iowa,19025,Calhoun,0.11,2013,2017
19,Iowa,19027,Carroll,0.13,2013,2017
19,Iowa,19029,Cass,0.125,2013,2017
19,Iowa,19031,Cedar,0.18,2013,2017
19,Iowa,19033,Cerro Gordo,0.16999999999999998,2013,2017
19,Iowa,19035,Cherokee,0.10500000000000001,2013,2017
19,Iowa,19037,Chickasaw,0.115,2013,2017
19,Iowa,19039,Clarke,0.175,2013,2017
19,Iowa,19041,Clay,0.10500000000000001,2013,2017
19,Iowa,19043,Clayton,0.125,2013,2017
19,Iowa,19045,Clinton,0.215,2013,2017
19,Iowa,19047,Crawford,0.135,2013,2017
19,Iowa,19049,Dallas,0.165,2013,2017
19,Iowa,19051,Davis,0.12,2013,2017
19,Iowa,19053,Decatur,0.12,2013,2017
19,Iowa,19055,Delaware,0.125,2013,2017
19,Iowa,19057,Des Moines,0.2,2013,2017
19,Iowa,19059,Dickinson,0.10500000000000001,2013,2017
19,Iowa,19061,Dubuque,0.17,2013,2017
19,Iowa,19063,Emmet,0.10500000000000001,2013,2017
19,Iowa,19065,Fayette,0.115,2013,2017
19,Iowa,19067,Floyd,0.125,2013,2017
19,Iowa,19069,Franklin,0.13,2013,2017
19,Iowa,19071,Fremont,0.14,2013,2017
19,Iowa,19073,Greene,0.135,2013,2017
19,Iowa,19075,Grundy,0.125,2013,2017
19,Iowa,19077,Guthrie,0.13,2013,2017
19,Iowa,19079,Hamilton,0.145,2013,2017
19,Iowa,19081,Hancock,0.115,2013,2017
19,Iowa,19083,Hardin,0.13,2013,2017
19,Iowa,19085,Harrison,0.16499999999999998,2013,2017
19,Iowa,19087,Henry,0.155,2013,2017
19,Iowa,19089,Howard,0.1,2013,2017
19,Iowa,19091,Humboldt,0.115,2013,2017
19,Iowa,19093,Ida,0.10500000000000001,2013,2017
19,Iowa,19095,Iowa,0.155,2013,2017
19,Iowa,19097,Jackson,0.16,2013,2017
19,Iowa,19099,Jasper,0.165,2013,2017
19,Iowa,19101,Jefferson,0.145,2013,2017
19,Iowa,19103,Johnson,0.215,2013,2017
19,Iowa,19105,Jones,0.13,2013,2017
19,Iowa,19107,Keokuk,0.135,2013,2017
19,Iowa,19109,Kossuth,0.10500000000000001,2013,2017
19,Iowa,19111,Lee,0.19,2013,2017
19,Iowa,19113,Linn,0.215,2013,2017
19,Iowa,19115,Louisa,0.145,2013,2017
19,Iowa,19117,Lucas,0.15,2013,2017
19,Iowa,19119,Lyon,0.11,2013,2017
19,Iowa,19121,Madison,0.135,2013,2017
19,Iowa,19123,Mahaska,0.145,2013,2017
19,Iowa,19125,Marion,0.14,2013,2017
19,Iowa,19127,Marshall,0.16999999999999998,2013,2017
19,Iowa,19129,Mills,0.18,2013,2017
19,Iowa,19131,Mitchell,0.115,2013,2017
19,Iowa,19133,Monona,0.135,2013,2017
19,Iowa,19135,Monroe,0.155,2013,2017
19,Iowa,19137,Montgomery,0.155,2013,2017
19,Iowa,19139,Muscatine,0.16499999999999998,2013,2017
19,Iowa,19141,O'Brien,0.1,2013,2017
19,Iowa,19143,Osceola,0.1,2013,2017
19,Iowa,19145,Page,0.125,2013,2017
19,Iowa,19147,Palo Alto,0.1,2013,2017
19,Iowa,19149,Plymouth,0.12,2013,2017
19,Iowa,19151,Pocahontas,0.10500000000000001,2013,2017
19,Iowa,19153,Polk,0.295,2013,2017
19,Iowa,19155,Pottawattamie,0.27,2013,2017
19,Iowa,19157,Poweshiek,0.145,2013,2017
19,Iowa,19159,Ringgold,0.11000000000000001,2013,2017
19,Iowa,19161,Sac,0.11,2013,2017
19,Iowa,19163,Scott,0.255,2013,2017
19,Iowa,19165,Shelby,0.12,2013,2017
19,Iowa,19167,Sioux,0.12000000000000001,2013,2017
19,Iowa,19169,Story,0.2,2013,2017
19,Iowa,19171,Tama,0.15,2013,2017
19,Iowa,19173,Taylor,0.115,2013,2017
19,Iowa,19175,Union,0.155,2013,2017
19,Iowa,19177,Van Buren,0.125,2013,2017
19,Iowa,19179,Wapello,0.175,2013,2017
19,Iowa,19181,Warren,0.15,2013,2017
19,Iowa,19183,Washington,0.145,2013,2017
19,Iowa,19185,Wayne,0.115,2013,2017
19,Iowa,19187,Webster,0.13,2013,2017
19,Iowa,19189,Winnebago,0.115,2013,2017
19,Iowa,19191,Winneshiek,0.10500000000000001,2013,2017
19,Iowa,19193,Woodbury,0.165,2013,2017
19,Iowa,19195,Worth,0.13,2013,2017
19,Iowa,19197,Wright,0.13,2013,2017
20,Kansas,20001,Allen,0.14,2013,2017
20,Kansas,20003,Anderson,0.135,2013,2017
20,Kansas,20005,Atchison,0.19,2013,2017
20,Kansas,20007,Barber,0.1,2013,2017
20,Kansas,20009,Barton,0.115,2013,2017
20,Kansas,20011,Bourbon,0.155,2013,2017
20,Kansas,20013,Brown,0.14,2013,2017
20,Kansas,20015,Butler,0.15000000000000002,2013,2017
20,Kansas,20017,Chase,0.155,2013,2017
20,Kansas,20019,Chautauqua,0.10500000000000001,2013,2017
20,Kansas,20021,Cherokee,0.16,2013,2017
20,Kansas,20023,Cheyenne,0.05500000000000001,2013,2017
20,Kansas,20025,Clark,0.07,2013,2017
20,Kansas,20027,Clay,0.11499999999999999,2013,2017
20,Kansas,20029,Cloud,0.1,2013,2017
20,Kansas,20031,Coffey,0.14,2013,2017
20,Kansas,20033,Comanche,0.07,2013,2017
20,Kansas,20035,Cowley,0.15,2013,2017
20,Kansas,20037,Crawford,0.17,2013,2017
20,Kansas,20039,Decatur,0.065,2013,2017
20,Kansas,20041,Dickinson,0.135,2013,2017
20,Kansas,20043,Doniphan,0.16999999999999998,2013,2017
20,Kansas,20045,Douglas,0.255,2013,2017
20,Kansas,20047,Edwards,0.08499999999999999,2013,2017
20,Kansas,20049,Elk,0.095,2013,2017
20,Kansas,20051,Ellis,0.125,2013,2017
20,Kansas,20053,Ellsworth,0.095,2013,2017
20,Kansas,20055,Finney,0.115,2013,2017
20,Kansas,20057,Ford,0.1,2013,2017
20,Kansas,20059,Franklin,0.21000000000000002,2013,2017
20,Kansas,20061,Geary,0.16499999999999998,2013,2017
20,Kansas,20063,Gove,0.07500000000000001,2013,2017
20,Kansas,20065,Graham,0.07,2013,2017
20,Kansas,20067,Grant,0.07500000000000001,2013,2017
20,Kansas,20069,Gray,0.075,2013,2017
20,Kansas,20071,Greeley,0.05500000000000001,2013,2017
20,Kansas,20073,Greenwood,0.10500000000000001,2013,2017
20,Kansas,20075,Hamilton,0.06,2013,2017
20,Kansas,20077,Harper,0.12,2013,2017
20,Kansas,20079,Harvey,0.185,2013,2017
20,Kansas,20081,Haskell,0.07,2013,2017
20,Kansas,20083,Hodgeman,0.065,2013,2017
20,Kansas,20085,Jackson,0.135,2013,2017
20,Kansas,20087,Jefferson,0.16999999999999998,2013,2017
20,Kansas,20089,Jewell,0.08499999999999999,2013,2017
20,Kansas,20091,Johnson,0.395,2013,2017
20,Kansas,20093,Kearny,0.065,2013,2017
20,Kansas,20095,Kingman,0.1,2013,2017
20,Kansas,20097,Kiowa,0.08,2013,2017
20,Kansas,20099,Labette,0.15000000000000002,2013,2017
20,Kansas,20101,Lane,0.065,2013,2017
20,Kansas,20103,Leavenworth,0.28500000000000003,2013,2017
20,Kansas,20105,Lincoln,0.09,2013,2017
20,Kansas,20107,Linn,0.15,2013,2017
20,Kansas,20109,Logan,0.09000000000000001,2013,2017
20,Kansas,20111,Lyon,0.175,2013,2017
20,Kansas,20113,McPherson,0.135,2013,2017
20,Kansas,20115,Marion,0.12,2013,2017
20,Kansas,20117,Marshall,0.14500000000000002,2013,2017
20,Kansas,20119,Meade,0.08,2013,2017
20,Kansas,20121,Miami,0.195,2013,2017
20,Kansas,20123,Mitchell,0.1,2013,2017
20,Kansas,20125,Montgomery,0.165,2013,2017
20,Kansas,20127,Morris,0.10500000000000001,2013,2017
20,Kansas,20129,Morton,0.05500000000000001,2013,2017
20,Kansas,20131,Nemaha,0.12,2013,2017
20,Kansas,20133,Neosho,0.14500000000000002,2013,2017
20,Kansas,20135,Ness,0.07,2013,2017
20,Kansas,20137,Norton,0.07500000000000001,2013,2017
20,Kansas,20139,Osage,0.15,2013,2017
20,Kansas,20141,Osborne,0.07500000000000001,2013,2017
20,Kansas,20143,Ottawa,0.1,2013,2017
20,Kansas,20145,Pawnee,0.09,2013,2017
20,Kansas,20147,Phillips,0.07500000000000001,2013,2017
20,Kansas,20149,Pottawatomie,0.135,2013,2017
20,Kansas,20151,Pratt,0.10500000000000001,2013,2017
20,Kansas,20153,Rawlins,0.05500000000000001,2013,2017
20,Kansas,20155,Reno,0.14500000000000002,2013,2017
20,Kansas,20157,Republic,0.10500000000000001,2013,2017
20,Kansas,20159,Rice,0.095,2013,2017
20,Kansas,20161,Riley,0.16,2013,2017
20,Kansas,20163,Rooks,0.08,2013,2017
20,Kansas,20165,Rush,0.07,2013,2017
20,Kansas,20167,Russell,0.095,2013,2017
20,Kansas,20169,Saline,0.16999999999999998,2013,2017
20,Kansas,20171,Scott,0.07500000000000001,2013,2017
20,Kansas,20173,Sedgwick,0.24000000000000002,2013,2017
20,Kansas,20175,Seward,0.115,2013,2017
20,Kansas,20177,Shawnee,0.265,2013,2017
20,Kansas,20179,Sheridan,0.065,2013,2017
20,Kansas,20181,Sherman,0.08,2013,2017
20,Kansas,20183,Smith,0.08,2013,2017
20,Kansas,20185,Stafford,0.085,2013,2017
20,Kansas,20187,Stanton,0.05,2013,2017
20,Kansas,20189,Stevens,0.07,2013,2017
20,Kansas,20191,Sumner,0.165,2013,2017
20,Kansas,20193,Thomas,0.095,2013,2017
20,Kansas,20195,Trego,0.07500000000000001,2013,2017
20,Kansas,20197,Wabaunsee,0.13,2013,2017
20,Kansas,20199,Wallace,0.05,2013,2017
20,Kansas,20201,Washington,0.11000000000000001,2013,2017
20,Kansas,20203,Wichita,0.06,2013,2017
20,Kansas,20205,Wilson,0.125,2013,2017
20,Kansas,20207,Woodson,0.12,2013,2017
20,Kansas,20209,Wyandotte,0.44999999999999996,2013,2017
21,Kentucky,21001,Adair,0.135,2013,2017
21,Kentucky,21003,Allen,0.16,2013,2017
21,Kentucky,21005,Anderson,0.195,2013,2017
21,Kentucky,21007,Ballard,0.19,2013,2017
21,Kentucky,21009,Barren,0.175,2013,2017
21,Kentucky,21011,Bath,0.16,2013,2017
21,Kentucky,21013,Bell,0.135,2013,2017
21,Kentucky,21015,Boone,0.45,2013,2017
21,Kentucky,21017,Bourbon,0.21000000000000002,2013,2017
21,Kentucky,21019,Boyd,0.265,2013,2017
21,Kentucky,21021,Boyle,0.215,2013,2017
21,Kentucky,21023,Bracken,0.19,2013,2017
21,Kentucky,21025,Breathitt,0.11,2013,2017
21,Kentucky,21027,Breckinridge,0.165,2013,2017
21,Kentucky,21029,Bullitt,0.32999999999999996,2013,2017
21,Kentucky,21031,Butler,0.15,2013,2017
21,Kentucky,21033,Caldwell,0.17,2013,2017
21,Kentucky,21035,Calloway,0.16,2013,2017
21,Kentucky,21037,Campbell,0.545,2013,2017
21,Kentucky,21039,Carlisle,0.16999999999999998,2013,2017
21,Kentucky,21041,Carroll,0.28,2013,2017
21,Kentucky,21043,Carter,0.16999999999999998,2013,2017
21,Kentucky,21045,Casey,0.125,2013,2017
21,Kentucky,21047,Christian,0.21,2013,2017
21,Kentucky,21049,Clark,0.275,2013,2017
21,Kentucky,21051,Clay,0.11499999999999999,2013,2017
21,Kentucky,21053,Clinton,0.12,2013,2017
21,Kentucky,21055,Crittenden,0.155,2013,2017
21,Kentucky,21057,Cumberland,0.11499999999999999,2013,2017
21,Kentucky,21059,Daviess,0.245,2013,2017
21,Kentucky,21061,Edmonson,0.16499999999999998,2013,2017
21,Kentucky,21063,Elliott,0.11000000000000001,2013,2017
21,Kentucky,21065,Estill,0.135,2013,2017
21,Kentucky,21067,Fayette,0.44499999999999995,2013,2017
21,Kentucky,21069,Fleming,0.14500000000000002,2013,2017
21,Kentucky,21071,Floyd,0.14,2013,2017
21,Kentucky,21073,Franklin,0.295,2013,2017
21,Kentucky,21075,Fulton,0.215,2013,2017
21,Kentucky,21077,Gallatin,0.305,2013,2017
21,Kentucky,21079,Garrard,0.16499999999999998,2013,2017
21,Kentucky,21081,Grant,0.265,2013,2017
21,Kentucky,21083,Graves,0.16,2013,2017
21,Kentucky,21085,Grayson,0.16,2013,2017
21,Kentucky,21087,Green,0.13,2013,2017
21,Kentucky,21089,Greenup,0.2,2013,2017
21,Kentucky,21091,Hancock,0.245,2013,2017
21,Kentucky,21093,Hardin,0.25,2013,2017
21,Kentucky,21095,Harlan,0.12,2013,2017
21,Kentucky,21097,Harrison,0.2,2013,2017
21,Kentucky,21099,Hart,0.215,2013,2017
21,Kentucky,21101,Henderson,0.255,2013,2017
21,Kentucky,21103,Henry,0.22499999999999998,2013,2017
21,Kentucky,21105,Hickman,0.16499999999999998,2013,2017
21,Kentucky,21107,Hopkins,0.195,2013,2017
21,Kentucky,21109,Jackson,0.12,2013,2017
21,Kentucky,21111,Jefferson,0.43,2013,2017
21,Kentucky,21113,Jessamine,0.27,2013,2017
21,Kentucky,21115,Johnson,0.14500000000000002,2013,2017
21,Kentucky,21117,Kenton,0.58,2013,2017
21,Kentucky,21119,Knott,0.11000000000000001,2013,2017
21,Kentucky,21121,Knox,0.15,2013,2017
21,Kentucky,21123,Larue,0.185,2013,2017
21,Kentucky,21125,Laurel,0.20500000000000002,2013,2017
21,Kentucky,21127,Lawrence,0.15,2013,2017
21,Kentucky,21129,Lee,0.11499999999999999,2013,2017
21,Kentucky,21131,Leslie,0.095,2013,2017
21,Kentucky,21133,Letcher,0.1,2013,2017
21,Kentucky,21135,Lewis,0.14500000000000002,2013,2017
21,Kentucky,21137,Lincoln,0.16,2013,2017
21,Kentucky,21139,Livingston,0.2,2013,2017
21,Kentucky,21141,Logan,0.175,2013,2017
21,Kentucky,21143,Lyon,0.225,2013,2017
21,Kentucky,21145,McCracken,0.265,2013,2017
21,Kentucky,21147,McCreary,0.14,2013,2017
21,Kentucky,21149,McLean,0.16499999999999998,2013,2017
21,Kentucky,21151,Madison,0.25,2013,2017
21,Kentucky,21153,Magoffin,0.11499999999999999,2013,2017
21,Kentucky,21155,Marion,0.15000000000000002,2013,2017
21,Kentucky,21157,Marshall,0.195,2013,2017
21,Kentucky,21159,Martin,0.135,2013,2017
21,Kentucky,21161,Mason,0.21,2013,2017
21,Kentucky,21163,Meade,0.19,2013,2017
21,Kentucky,21165,Menifee,0.11499999999999999,2013,2017
21,Kentucky,21167,Mercer,0.195,2013,2017
21,Kentucky,21169,Metcalfe,0.125,2013,2017
21,Kentucky,21171,Monroe,0.125,2013,2017
21,Kentucky,21173,Montgomery,0.195,2013,2017
21,Kentucky,21175,Morgan,0.11499999999999999,2013,2017
21,Kentucky,21177,Muhlenberg,0.16,2013,2017
21,Kentucky,21179,Nelson,0.195,2013,2017
21,Kentucky,21181,Nicholas,0.155,2013,2017
21,Kentucky,21183,Ohio,0.15000000000000002,2013,2017
21,Kentucky,21185,Oldham,0.31,2013,2017
21,Kentucky,21187,Owen,0.175,2013,2017
21,Kentucky,21189,Owsley,0.10500000000000001,2013,2017
21,Kentucky,21191,Pendleton,0.185,2013,2017
21,Kentucky,21193,Perry,0.125,2013,2017
21,Kentucky,21195,Pike,0.135,2013,2017
21,Kentucky,21197,Powell,0.14,2013,2017
21,Kentucky,21199,Pulaski,0.19,2013,2017
21,Kentucky,21201,Robertson,0.14,2013,2017
21,Kentucky,21203,Rockcastle,0.18,2013,2017
21,Kentucky,21205,Rowan,0.16,2013,2017
21,Kentucky,21207,Russell,0.13,2013,2017
21,Kentucky,21209,Scott,0.325,2013,2017
21,Kentucky,21211,Shelby,0.275,2013,2017
21,Kentucky,21213,Simpson,0.27,2013,2017
21,Kentucky,21215,Spencer,0.19,2013,2017
21,Kentucky,21217,Taylor,0.175,2013,2017
21,Kentucky,21219,Todd,0.16499999999999998,2013,2017
21,Kentucky,21221,Trigg,0.15,2013,2017
21,Kentucky,21223,Trimble,0.22499999999999998,2013,2017
21,Kentucky,21225,Union,0.18,2013,2017
21,Kentucky,21227,Warren,0.27,2013,2017
21,Kentucky,21229,Washington,0.155,2013,2017
21,Kentucky,21231,Wayne,0.13,2013,2017
21,Kentucky,21233,Webster,0.18,2013,2017
21,Kentucky,21235,Whitley,0.21,2013,2017
21,Kentucky,21237,Wolfe,0.11499999999999999,2013,2017
21,Kentucky,21239,Woodford,0.22999999999999998,2013,2017
22,Louisiana,22001,Acadia,0.22,2013,2017
22,Louisiana,22003,Allen,0.14,2013,2017
22,Louisiana,22005,Ascension,0.36,2013,2017
22,Louisiana,22007,Assumption,0.19,2013,2017
22,Louisiana,22009,Avoyelles,0.15000000000000002,2013,2017
22,Louisiana,22011,Beauregard,0.14500000000000002,2013,2017
22,Louisiana,22013,Bienville,0.12,2013,2017
22,Louisiana,22015,Bossier,0.22999999999999998,2013,2017
22,Louisiana,22017,Caddo,0.275,2013,2017
22,Louisiana,22019,Calcasieu,0.295,2013,2017
22,Louisiana,22021,Caldwell,0.12,2013,2017
22,Louisiana,22023,Cameron,0.15,2013,2017
22,Louisiana,22025,Catahoula,0.11499999999999999,2013,2017
22,Louisiana,22027,Claiborne,0.1,2013,2017
22,Louisiana,22029,Concordia,0.14500000000000002,2013,2017
22,Louisiana,22031,De Soto,0.14500000000000002,2013,2017
22,Louisiana,22033,East Baton Rouge,0.44999999999999996,2013,2017
22,Louisiana,22035,East Carroll,0.14,2013,2017
22,Louisiana,22037,East Feliciana,0.15,2013,2017
22,Louisiana,22039,Evangeline,0.16,2013,2017
22,Louisiana,22041,Franklin,0.125,2013,2017
22,Louisiana,22043,Grant,0.12,2013,2017
22,Louisiana,22045,Iberia,0.21,2013,2017
22,Louisiana,22047,Iberville,0.29000000000000004,2013,2017
22,Louisiana,22049,Jackson,0.11,2013,2017
22,Louisiana,22051,Jefferson,0.63,2013,2017
22,Louisiana,22053,Jefferson Davis,0.185,2013,2017
22,Louisiana,22055,Lafayette,0.36,2013,2017
22,Louisiana,22057,Lafourche,0.245,2013,2017
22,Louisiana,22059,La Salle,0.11,2013,2017
22,Louisiana,22061,Lincoln,0.19,2013,2017
22,Louisiana,22063,Livingston,0.28500000000000003,2013,2017
22,Louisiana,22065,Madison,0.22999999999999998,2013,2017
22,Louisiana,22067,Morehouse,0.14500000000000002,2013,2017
22,Louisiana,22069,Natchitoches,0.135,2013,2017
22,Louisiana,22071,Orleans,0.775,2013,2017
22,Louisiana,22073,Ouachita,0.27,2013,2017
22,Louisiana,22075,Plaquemines,0.24,2013,2017
22,Louisiana,22077,Pointe Coupee,0.19,2013,2017
22,Louisiana,22079,Rapides,0.21000000000000002,2013,2017
22,Louisiana,22081,Red River,0.10500000000000001,2013,2017
22,Louisiana,22083,Richland,0.17,2013,2017
22,Louisiana,22085,Sabine,0.1,2013,2017
22,Louisiana,22087,St. Bernard,0.44,2013,2017
22,Louisiana,22089,St. Charles,0.415,2013,2017
22,Louisiana,22091,St. Helena,0.145,2013,2017
22,Louisiana,22093,St. James,0.36,2013,2017
22,Louisiana,22095,St. John the Baptist,0.395,2013,2017
22,Louisiana,22097,St. Landry,0.225,2013,2017
22,Louisiana,22099,St. Martin,0.21500000000000002,2013,2017
22,Louisiana,22101,St. Mary,0.215,2013,2017
22,Louisiana,22103,St. Tammany,0.295,2013,2017
22,Louisiana,22105,Tangipahoa,0.315,2013,2017
22,Louisiana,22107,Tensas,0.125,2013,2017
22,Louisiana,22109,Terrebonne,0.255,2013,2017
22,Louisiana,22111,Union,0.11499999999999999,2013,2017
22,Louisiana,22113,Vermilion,0.165,2013,2017
22,Louisiana,22115,Vernon,0.12,2013,2017
22,Louisiana,22117,Washington,0.155,2013,2017
22,Louisiana,22119,Webster,0.165,2013,2017
22,Louisiana,22121,West Baton Rouge,0.41500000000000004,2013,2017
22,Louisiana,22123,West Carroll,0.12,2013,2017
22,Louisiana,22125,West Feliciana,0.14,2013,2017
22,Louisiana,22127,Winn,0.11,2013,2017
23,Maine,23001,Androscoggin,0.125,2013,2017
23,Maine,23003,Aroostook,0.03,2013,2017
23,Maine,23005,Cumberland,0.18,2013,2017
23,Maine,23007,Franklin,0.045,2013,2017
23,Maine,23009,Hancock,0.06,2013,2017
23,Maine,23011,Kennebec,0.11,2013,2017
23,Maine,23013,Knox,0.08499999999999999,2013,2017
23,Maine,23015,Lincoln,0.08499999999999999,2013,2017
23,Maine,23017,Oxford,0.06,2013,2017
23,Maine,23019,Penobscot,0.08,2013,2017
23,Maine,23021,Piscataquis,0.04,2013,2017
23,Maine,23023,Sagadahoc,0.125,2013,2017
23,Maine,23025,Somerset,0.055,2013,2017
23,Maine,23027,Waldo,0.065,2013,2017
23,Maine,23029,Washington,0.04,2013,2017
23,Maine,23031,York,0.145,2013,2017
24,Maryland,24001,Allegany,0.165,2013,2017
24,Maryland,24003,Anne Arundel,0.42000000000000004,2013,2017
24,Maryland,24005,Baltimore,0.45,2013,2017
24,Maryland,24009,Calvert,0.20500000000000002,2013,2017
24,Maryland,24011,Caroline,0.175,2013,2017
24,Maryland,24013,Carroll,0.26,2013,2017
24,Maryland,24015,Cecil,0.29000000000000004,2013,2017
24,Maryland,24017,Charles,0.255,2013,2017
24,Maryland,24019,Dorchester,0.16,2013,2017
24,Maryland,24021,Frederick,0.305,2013,2017
24,Maryland,24023,Garrett,0.1,2013,2017
24,Maryland,24025,Harford,0.315,2013,2017
24,Maryland,24027,Howard,0.46,2013,2017
24,Maryland,24029,Kent,0.22499999999999998,2013,2017
24,Maryland,24031,Montgomery,0.535,2013,2017
24,Maryland,24033,Prince George's,0.53,2013,2017
24,Maryland,24035,Queen Anne's,0.22999999999999998,2013,2017
24,Maryland,24037,St. Mary's,0.19,2013,2017
24,Maryland,24039,Somerset,0.15000000000000002,2013,2017
24,Maryland,24041,Talbot,0.20500000000000002,2013,2017
24,Maryland,24043,Washington,0.365,2013,2017
24,Maryland,24045,Wicomico,0.18,2013,2017
24,Maryland,24047,Worcester,0.16,2013,2017
24,Maryland,24510,Baltimore City,0.635,2013,2017
25,Massachusetts,25001,Barnstable,0.14,2013,2017
25,Massachusetts,25003,Berkshire,0.10500000000000001,2013,2017
25,Massachusetts,25005,Bristol,0.315,2013,2017
25,Massachusetts,25007,Dukes,0.14,2013,2017
25,Massachusetts,25009,Essex,0.295,2013,2017
25,Massachusetts,25011,Franklin,0.11000000000000001,2013,2017
25,Massachusetts,25013,Hampden,0.21,2013,2017
25,Massachusetts,25015,Hampshire,0.15,2013,2017
25,Massachusetts,25017,Middlesex,0.33,2013,2017
25,Massachusetts,25019,Nantucket,0.13,2013,2017
25,Massachusetts,25021,Norfolk,0.32999999999999996,2013,2017
25,Massachusetts,25023,Plymouth,0.21000000000000002,2013,2017
25,Massachusetts,25025,Suffolk,0.665,2013,2017
25,Massachusetts,25027,Worcester,0.16499999999999998,2013,2017
26,Michigan,26001,Alcona,0.05500000000000001,2013,2017
26,Michigan,26003,Alger,0.045,2013,2017
26,Michigan,26005,Allegan,0.155,2013,2017
26,Michigan,26007,Alpena,0.06,2013,2017
26,Michigan,26009,Antrim,0.065,2013,2017
26,Michigan,26011,Arenac,0.085,2013,2017
26,Michigan,26013,Baraga,0.04,2013,2017
26,Michigan,26015,Barry,0.13,2013,2017
26,Michigan,26017,Bay,0.14,2013,2017
26,Michigan,26019,Benzie,0.07,2013,2017
26,Michigan,26021,Berrien,0.22000000000000003,2013,2017
26,Michigan,26023,Branch,0.16,2013,2017
26,Michigan,26025,Calhoun,0.18,2013,2017
26,Michigan,26027,Cass,0.185,2013,2017
26,Michigan,26029,Charlevoix,0.065,2013,2017
26,Michigan,26031,Cheboygan,0.05500000000000001,2013,2017
26,Michigan,26033,Chippewa,0.07,2013,2017
26,Michigan,26035,Clare,0.075,2013,2017
26,Michigan,26037,Clinton,0.15,2013,2017
26,Michigan,26039,Crawford,0.065,2013,2017
26,Michigan,26041,Delta,0.065,2013,2017
26,Michigan,26043,Dickinson,0.06,2013,2017
26,Michigan,26045,Eaton,0.16,2013,2017
26,Michigan,26047,Emmet,0.05500000000000001,2013,2017
26,Michigan,26049,Genesee,0.2,2013,2017
26,Michigan,26051,Gladwin,0.08,2013,2017
26,Michigan,26053,Gogebic,0.045,2013,2017
26,Michigan,26055,Grand Traverse,0.08499999999999999,2013,2017
26,Michigan,26057,Gratiot,0.12,2013,2017
26,Michigan,26059,Hillsdale,0.145,2013,2017
26,Michigan,26061,Houghton,0.04,2013,2017
26,Michigan,26063,Huron,0.09,2013,2017
26,Michigan,26065,Ingham,0.18,2013,2017
26,Michigan,26067,Ionia,0.14,2013,2017
26,Michigan,26069,Iosco,0.07,2013,2017
26,Michigan,26071,Iron,0.045,2013,2017
26,Michigan,26073,Isabella,0.1,2013,2017
26,Michigan,26075,Jackson,0.16,2013,2017
26,Michigan,26077,Kalamazoo,0.195,2013,2017
26,Michigan,26079,Kalkaska,0.065,2013,2017
26,Michigan,26081,Kent,0.215,2013,2017
26,Michigan,26083,Keweenaw,0.03,2013,2017
26,Michigan,26085,Lake,0.07,2013,2017
26,Michigan,26087,Lapeer,0.145,2013,2017
26,Michigan,26089,Leelanau,0.07,2013,2017
26,Michigan,26091,Lenawee,0.175,2013,2017
26,Michigan,26093,Livingston,0.2,2013,2017
26,Michigan,26095,Luce,0.04,2013,2017
26,Michigan,26097,Mackinac,0.06,2013,2017
26,Michigan,26099,Macomb,0.345,2013,2017
26,Michigan,26101,Manistee,0.075,2013,2017
26,Michigan,26103,Marquette,0.045,2013,2017
26,Michigan,26105,Mason,0.095,2013,2017
26,Michigan,26107,Mecosta,0.09,2013,2017
26,Michigan,26109,Menominee,0.07500000000000001,2013,2017
26,Michigan,26111,Midland,0.10500000000000001,2013,2017
26,Michigan,26113,Missaukee,0.065,2013,2017
26,Michigan,26115,Monroe,0.255,2013,2017
26,Michigan,26117,Montcalm,0.10500000000000001,2013,2017
26,Michigan,26119,Montmorency,0.05,2013,2017
26,Michigan,26121,Muskegon,0.15000000000000002,2013,2017
26,Michigan,26123,Newaygo,0.095,2013,2017
26,Michigan,26125,Oakland,0.335,2013,2017
26,Michigan,26127,Oceana,0.1,2013,2017
26,Michigan,26129,Ogemaw,0.065,2013,2017
26,Michigan,26131,Ontonagon,0.04,2013,2017
26,Michigan,26133,Osceola,0.075,2013,2017
26,Michigan,26135,Oscoda,0.05500000000000001,2013,2017
26,Michigan,26137,Otsego,0.065,2013,2017
26,Michigan,26139,Ottawa,0.19,2013,2017
26,Michigan,26141,Presque Isle,0.05,2013,2017
26,Michigan,26143,Roscommon,0.065,2013,2017
26,Michigan,26145,Saginaw,0.16,2013,2017
26,Michigan,26147,St. Clair,0.2,2013,2017
26,Michigan,26149,St. Joseph,0.16999999999999998,2013,2017
26,Michigan,26151,Sanilac,0.10500000000000001,2013,2017
26,Michigan,26153,Schoolcraft,0.05,2013,2017
26,Michigan,26155,Shiawassee,0.15,2013,2017
26,Michigan,26157,Tuscola,0.115,2013,2017
26,Michigan,26159,Van Buren,0.16999999999999998,2013,2017
26,Michigan,26161,Washtenaw,0.265,2013,2017
26,Michigan,26163,Wayne,0.43999999999999995,2013,2017
26,Michigan,26165,Wexford,0.07,2013,2017
27,Minnesota,27001,Aitkin,0.065,2013,2017
27,Minnesota,27003,Anoka,0.28500000000000003,2013,2017
27,Minnesota,27005,Becker,0.08499999999999999,2013,2017
27,Minnesota,27007,Beltrami,0.05,2013,2017
27,Minnesota,27009,Benton,0.16,2013,2017
27,Minnesota,27011,Big Stone,0.08,2013,2017
27,Minnesota,27013,Blue Earth,0.135,2013,2017
27,Minnesota,27015,Brown,0.11000000000000001,2013,2017
27,Minnesota,27017,Carlton,0.08499999999999999,2013,2017
27,Minnesota,27019,Carver,0.175,2013,2017
27,Minnesota,27021,Cass,0.06,2013,2017
27,Minnesota,27023,Chippewa,0.1,2013,2017
27,Minnesota,27025,Chisago,0.14500000000000002,2013,2017
27,Minnesota,27027,Clay,0.20500000000000002,2013,2017
27,Minnesota,27029,Clearwater,0.05,2013,2017
27,Minnesota,27031,Cook,0.03,2013,2017
27,Minnesota,27033,Cottonwood,0.09,2013,2017
27,Minnesota,27035,Crow Wing,0.08499999999999999,2013,2017
27,Minnesota,27037,Dakota,0.27,2013,2017
27,Minnesota,27039,Dodge,0.115,2013,2017
27,Minnesota,27041,Douglas,0.1,2013,2017
27,Minnesota,27043,Faribault,0.115,2013,2017
27,Minnesota,27045,Fillmore,0.10500000000000001,2013,2017
27,Minnesota,27047,Freeborn,0.125,2013,2017
27,Minnesota,27049,Goodhue,0.15,2013,2017
27,Minnesota,27051,Grant,0.095,2013,2017
27,Minnesota,27053,Hennepin,0.39,2013,2017
27,Minnesota,27055,Houston,0.125,2013,2017
27,Minnesota,27057,Hubbard,0.05500000000000001,2013,2017
27,Minnesota,27059,Isanti,0.14,2013,2017
27,Minnesota,27061,Itasca,0.05,2013,2017
27,Minnesota,27063,Jackson,0.1,2013,2017
27,Minnesota,27065,Kanabec,0.095,2013,2017
27,Minnesota,27067,Kandiyohi,0.11000000000000001,2013,2017
27,Minnesota,27069,Kittson,0.05,2013,2017
27,Minnesota,27071,Koochiching,0.045,2013,2017
27,Minnesota,27073,Lac qui Parle,0.085,2013,2017
27,Minnesota,27075,Lake,0.045,2013,2017
27,Minnesota,27077,Lake of the Woods,0.04,2013,2017
27,Minnesota,27079,Le Sueur,0.12000000000000001,2013,2017
27,Minnesota,27081,Lincoln,0.075,2013,2017
27,Minnesota,27083,Lyon,0.095,2013,2017
27,Minnesota,27085,McLeod,0.115,2013,2017
27,Minnesota,27087,Mahnomen,0.07,2013,2017
27,Minnesota,27089,Marshall,0.060000000000000005,2013,2017
27,Minnesota,27091,Martin,0.10500000000000001,2013,2017
27,Minnesota,27093,Meeker,0.11,2013,2017
27,Minnesota,27095,Mille Lacs,0.11000000000000001,2013,2017
27,Minnesota,27097,Morrison,0.115,2013,2017
27,Minnesota,27099,Mower,0.13,2013,2017
27,Minnesota,27101,Murray,0.085,2013,2017
27,Minnesota,27103,Nicollet,0.13,2013,2017
27,Minnesota,27105,Nobles,0.10500000000000001,2013,2017
27,Minnesota,27107,Norman,0.085,2013,2017
27,Minnesota,27109,Olmsted,0.165,2013,2017
27,Minnesota,27111,Otter Tail,0.09,2013,2017
27,Minnesota,27113,Pennington,0.07,2013,2017
27,Minnesota,27115,Pine,0.08499999999999999,2013,2017
27,Minnesota,27117,Pipestone,0.095,2013,2017
27,Minnesota,27119,Polk,0.095,2013,2017
27,Minnesota,27121,Pope,0.09,2013,2017
27,Minnesota,27123,Ramsey,0.44000000000000006,2013,2017
27,Minnesota,27125,Red Lake,0.060000000000000005,2013,2017
27,Minnesota,27127,Redwood,0.1,2013,2017
27,Minnesota,27129,Renville,0.1,2013,2017
27,Minnesota,27131,Rice,0.15,2013,2017
27,Minnesota,27133,Rock,0.11,2013,2017
27,Minnesota,27135,Roseau,0.045,2013,2017
27,Minnesota,27137,St. Louis,0.085,2013,2017
27,Minnesota,27139,Scott,0.2,2013,2017
27,Minnesota,27141,Sherburne,0.19,2013,2017
27,Minnesota,27143,Sibley,0.11,2013,2017
27,Minnesota,27145,Stearns,0.15000000000000002,2013,2017
27,Minnesota,27147,Steele,0.135,2013,2017
27,Minnesota,27149,Stevens,0.095,2013,2017
27,Minnesota,27151,Swift,0.1,2013,2017
27,Minnesota,27153,Todd,0.085,2013,2017
27,Minnesota,27155,Traverse,0.085,2013,2017
27,Minnesota,27157,Wabasha,0.14500000000000002,2013,2017
27,Minnesota,27159,Wadena,0.08499999999999999,2013,2017
27,Minnesota,27161,Waseca,0.12,2013,2017
27,Minnesota,27163,Washington,0.27,2013,2017
27,Minnesota,27165,Watonwan,0.11499999999999999,2013,2017
27,Minnesota,27167,Wilkin,0.12,2013,2017
27,Minnesota,27169,Winona,0.155,2013,2017
27,Minnesota,27171,Wright,0.16499999999999998,2013,2017
27,Minnesota,27173,Yellow Medicine,0.09,2013,2017
28,Mississippi,28001,Adams,0.15,2013,2017
28,Mississippi,28003,Alcorn,0.16999999999999998,2013,2017
28,Mississippi,28005,Amite,0.11000000000000001,2013,2017
28,Mississippi,28007,Attala,0.11,2013,2017
28,Mississippi,28009,Benton,0.125,2013,2017
28,Mississippi,28011,Bolivar,0.15000000000000002,2013,2017
28,Mississippi,28013,Calhoun,0.115,2013,2017
28,Mississippi,28015,Carroll,0.11499999999999999,2013,2017
28,Mississippi,28017,Chickasaw,0.12,2013,2017
28,Mississippi,28019,Choctaw,0.095,2013,2017
28,Mississippi,28021,Claiborne,0.11,2013,2017
28,Mississippi,28023,Clarke,0.11,2013,2017
28,Mississippi,28025,Clay,0.14,2013,2017
28,Mississippi,28027,Coahoma,0.16999999999999998,2013,2017
28,Mississippi,28029,Copiah,0.16,2013,2017
28,Mississippi,28031,Covington,0.135,2013,2017
28,Mississippi,28033,DeSoto,0.275,2013,2017
28,Mississippi,28035,Forrest,0.19999999999999998,2013,2017
28,Mississippi,28037,Franklin,0.11,2013,2017
28,Mississippi,28039,George,0.13,2013,2017
28,Mississippi,28041,Greene,0.1,2013,2017
28,Mississippi,28043,Grenada,0.155,2013,2017
28,Mississippi,28045,Hancock,0.185,2013,2017
28,Mississippi,28047,Harrison,0.24000000000000002,2013,2017
28,Mississippi,28049,Hinds,0.31,2013,2017
28,Mississippi,28051,Holmes,0.14,2013,2017
28,Mississippi,28053,Humphreys,0.13,2013,2017
28,Mississippi,28055,Issaquena,0.12,2013,2017
28,Mississippi,28057,Itawamba,0.14,2013,2017
28,Mississippi,28059,Jackson,0.23,2013,2017
28,Mississippi,28061,Jasper,0.11499999999999999,2013,2017
28,Mississippi,28063,Jefferson,0.10500000000000001,2013,2017
28,Mississippi,28065,Jefferson Davis,0.1,2013,2017
28,Mississippi,28067,Jones,0.185,2013,2017
28,Mississippi,28069,Kemper,0.1,2013,2017
28,Mississippi,28071,Lafayette,0.145,2013,2017
28,Mississippi,28073,Lamar,0.14500000000000002,2013,2017
28,Mississippi,28075,Lauderdale,0.21000000000000002,2013,2017
28,Mississippi,28077,Lawrence,0.11000000000000001,2013,2017
28,Mississippi,28079,Leake,0.11000000000000001,2013,2017
28,Mississippi,28081,Lee,0.195,2013,2017
28,Mississippi,28083,Leflore,0.18,2013,2017
28,Mississippi,28085,Lincoln,0.155,2013,2017
28,Mississippi,28087,Lowndes,0.19,2013,2017
28,Mississippi,28089,Madison,0.23500000000000001,2013,2017
28,Mississippi,28091,Marion,0.12,2013,2017
28,Mississippi,28093,Marshall,0.165,2013,2017
28,Mississippi,28095,Monroe,0.16,2013,2017
28,Mississippi,28097,Montgomery,0.14,2013,2017
28,Mississippi,28099,Neshoba,0.125,2013,2017
28,Mississippi,28101,Newton,0.135,2013,2017
28,Mississippi,28103,Noxubee,0.125,2013,2017
28,Mississippi,28105,Oktibbeha,0.145,2013,2017
28,Mississippi,28107,Panola,0.165,2013,2017
28,Mississippi,28109,Pearl River,0.185,2013,2017
28,Mississippi,28111,Perry,0.11,2013,2017
28,Mississippi,28113,Pike,0.20500000000000002,2013,2017
28,Mississippi,28115,Pontotoc,0.135,2013,2017
28,Mississippi,28117,Prentiss,0.14,2013,2017
28,Mississippi,28119,Quitman,0.155,2013,2017
28,Mississippi,28121,Rankin,0.19,2013,2017
28,Mississippi,28123,Scott,0.14500000000000002,2013,2017
28,Mississippi,28125,Sharkey,0.11499999999999999,2013,2017
28,Mississippi,28127,Simpson,0.125,2013,2017
28,Mississippi,28129,Smith,0.1,2013,2017
28,Mississippi,28131,Stone,0.13,2013,2017
28,Mississippi,28133,Sunflower,0.13,2013,2017
28,Mississippi,28135,Tallahatchie,0.135,2013,2017
28,Mississippi,28137,Tate,0.205,2013,2017
28,Mississippi,28139,Tippah,0.135,2013,2017
28,Mississippi,28141,Tishomingo,0.135,2013,2017
28,Mississippi,28143,Tunica,0.17,2013,2017
28,Mississippi,28145,Union,0.165,2013,2017
28,Mississippi,28147,Walthall,0.11499999999999999,2013,2017
28,Mississippi,28149,Warren,0.215,2013,2017
28,Mississippi,28151,Washington,0.16,2013,2017
28,Mississippi,28153,Wayne,0.11,2013,2017
28,Mississippi,28155,Webster,0.11,2013,2017
28,Mississippi,28157,Wilkinson,0.12,2013,2017
28,Mississippi,28159,Winston,0.11,2013,2017
28,Mississippi,28161,Yalobusha,0.13,2013,2017
28,Mississippi,28163,Yazoo,0.155,2013,2017
29,Missouri,29001,Adair,0.15000000000000002,2013,2017
29,Missouri,29003,Andrew,0.175,2013,2017
29,Missouri,29005,Atchison,0.15000000000000002,2013,2017
29,Missouri,29007,Audrain,0.14500000000000002,2013,2017
29,Missouri,29009,Barry,0.12,2013,2017
29,Missouri,29011,Barton,0.165,2013,2017
29,Missouri,29013,Bates,0.175,2013,2017
29,Missouri,29015,Benton,0.11000000000000001,2013,2017
29,Missouri,29017,Bollinger,0.135,2013,2017
29,Missouri,29019,Boone,0.215,2013,2017
29,Missouri,29021,Buchanan,0.29,2013,2017
29,Missouri,29023,Butler,0.19,2013,2017
29,Missouri,29025,Caldwell,0.155,2013,2017
29,Missouri,29027,Callaway,0.165,2013,2017
29,Missouri,29029,Camden,0.12,2013,2017
29,Missouri,29031,Cape Girardeau,0.265,2013,2017
29,Missouri,29033,Carroll,0.175,2013,2017
29,Missouri,29035,Carter,0.11499999999999999,2013,2017
29,Missouri,29037,Cass,0.235,2013,2017
29,Missouri,29039,Cedar,0.12,2013,2017
29,Missouri,29041,Chariton,0.14,2013,2017
29,Missouri,29043,Christian,0.135,2013,2017
29,Missouri,29045,Clark,0.15,2013,2017
29,Missouri,29047,Clay,0.385,2013,2017
29,Missouri,29049,Clinton,0.22,2013,2017
29,Missouri,29051,Cole,0.19,2013,2017
29,Missouri,29053,Cooper,0.195,2013,2017
29,Missouri,29055,Crawford,0.15,2013,2017
29,Missouri,29057,Dade,0.13,2013,2017
29,Missouri,29059,Dallas,0.12,2013,2017
29,Missouri,29061,Daviess,0.15,2013,2017
29,Missouri,29063,DeKalb,0.15,2013,2017
29,Missouri,29065,Dent,0.10500000000000001,2013,2017
29,Missouri,29067,Douglas,0.095,2013,2017
29,Missouri,29069,Dunklin,0.185,2013,2017
29,Missouri,29071,Franklin,0.23,2013,2017
29,Missouri,29073,Gasconade,0.135,2013,2017
29,Missouri,29075,Gentry,0.13,2013,2017
29,Missouri,29077,Greene,0.24,2013,2017
29,Missouri,29079,Grundy,0.14,2013,2017
29,Missouri,29081,Harrison,0.14500000000000002,2013,2017
29,Missouri,29083,Henry,0.135,2013,2017
29,Missouri,29085,Hickory,0.10500000000000001,2013,2017
29,Missouri,29087,Holt,0.185,2013,2017
29,Missouri,29089,Howard,0.135,2013,2017
29,Missouri,29091,Howell,0.135,2013,2017
29,Missouri,29093,Iron,0.11000000000000001,2013,2017
29,Missouri,29095,Jackson,0.45,2013,2017
29,Missouri,29097,Jasper,0.23500000000000001,2013,2017
29,Missouri,29099,Jefferson,0.255,2013,2017
29,Missouri,29101,Johnson,0.155,2013,2017
29,Missouri,29103,Knox,0.14,2013,2017
29,Missouri,29105,Laclede,0.15,2013,2017
29,Missouri,29107,Lafayette,0.23,2013,2017
29,Missouri,29109,Lawrence,0.175,2013,2017
29,Missouri,29111,Lewis,0.155,2013,2017
29,Missouri,29113,Lincoln,0.2,2013,2017
29,Missouri,29115,Linn,0.145,2013,2017
29,Missouri,29117,Livingston,0.155,2013,2017
29,Missouri,29119,McDonald,0.14,2013,2017
29,Missouri,29121,Macon,0.155,2013,2017
29,Missouri,29123,Madison,0.12,2013,2017
29,Missouri,29125,Maries,0.11499999999999999,2013,2017
29,Missouri,29127,Marion,0.2,2013,2017
29,Missouri,29129,Mercer,0.115,2013,2017
29,Missouri,29131,Miller,0.13,2013,2017
29,Missouri,29133,Mississippi,0.22999999999999998,2013,2017
29,Missouri,29135,Moniteau,0.135,2013,2017
29,Missouri,29137,Monroe,0.135,2013,2017
29,Missouri,29139,Montgomery,0.165,2013,2017
29,Missouri,29141,Morgan,0.115,2013,2017
29,Missouri,29143,New Madrid,0.22499999999999998,2013,2017
29,Missouri,29145,Newton,0.185,2013,2017
29,Missouri,29147,Nodaway,0.135,2013,2017
29,Missouri,29149,Oregon,0.12,2013,2017
29,Missouri,29151,Osage,0.135,2013,2017
29,Missouri,29153,Ozark,0.09,2013,2017
29,Missouri,29155,Pemiscot,0.25,2013,2017
29,Missouri,29157,Perry,0.205,2013,2017
29,Missouri,29159,Pettis,0.15000000000000002,2013,2017
29,Missouri,29161,Phelps,0.175,2013,2017
29,Missouri,29163,Pike,0.155,2013,2017
29,Missouri,29165,Platte,0.35,2013,2017
29,Missouri,29167,Polk,0.14,2013,2017
29,Missouri,29169,Pulaski,0.14500000000000002,2013,2017
29,Missouri,29171,Putnam,0.11,2013,2017
29,Missouri,29173,Ralls,0.15,2013,2017
29,Missouri,29175,Randolph,0.15000000000000002,2013,2017
29,Missouri,29177,Ray,0.2,2013,2017
29,Missouri,29179,Reynolds,0.095,2013,2017
29,Missouri,29181,Ripley,0.12,2013,2017
29,Missouri,29183,St. Charles,0.415,2013,2017
29,Missouri,29185,St. Clair,0.12,2013,2017
29,Missouri,29186,Ste. Genevieve,0.19,2013,2017
29,Missouri,29187,St. Francois,0.15000000000000002,2013,2017
29,Missouri,29189,St. Louis,0.56,2013,2017
29,Missouri,29195,Saline,0.195,2013,2017
29,Missouri,29197,Schuyler,0.12,2013,2017
29,Missouri,29199,Scotland,0.135,2013,2017
29,Missouri,29201,Scott,0.27,2013,2017
29,Missouri,29203,Shannon,0.095,2013,2017
29,Missouri,29205,Shelby,0.135,2013,2017
29,Missouri,29207,Stoddard,0.20500000000000002,2013,2017
29,Missouri,29209,Stone,0.115,2013,2017
29,Missouri,29211,Sullivan,0.115,2013,2017
29,Missouri,29213,Taney,0.13,2013,2017
29,Missouri,29215,Texas,0.11000000000000001,2013,2017
29,Missouri,29217,Vernon,0.16,2013,2017
29,Missouri,29219,Warren,0.215,2013,2017
29,Missouri,29221,Washington,0.12,2013,2017
29,Missouri,29223,Wayne,0.12,2013,2017
29,Missouri,29225,Webster,0.15000000000000002,2013,2017
29,Missouri,29227,Worth,0.11,2013,2017
29,Missouri,29229,Wright,0.125,2013,2017
29,Missouri,29510,St. Louis City,0.72,2013,2017
30,Montana,30001,Beaverhead,0.025,2013,2017
30,Montana,30003,Big Horn,0.085,2013,2017
30,Montana,30005,Blaine,0.04,2013,2017
30,Montana,30007,Broadwater,0.05,2013,2017
30,Montana,30009,Carbon,0.025,2013,2017
30,Montana,30011,Carter,0.02,2013,2017
30,Montana,30013,Cascade,0.08,2013,2017
30,Montana,30015,Chouteau,0.03,2013,2017
30,Montana,30017,Custer,0.075,2013,2017
30,Montana,30019,Daniels,0.025,2013,2017
30,Montana,30021,Dawson,0.105,2013,2017
30,Montana,30023,Deer Lodge,0.02,2013,2017
30,Montana,30025,Fallon,0.03,2013,2017
30,Montana,30027,Fergus,0.02,2013,2017
30,Montana,30029,Flathead,0.09,2013,2017
30,Montana,30031,Gallatin,0.075,2013,2017
30,Montana,30033,Garfield,0.015,2013,2017
30,Montana,30035,Glacier,0.035,2013,2017
30,Montana,30037,Golden Valley,0.025,2013,2017
30,Montana,30039,Granite,0.03,2013,2017
30,Montana,30041,Hill,0.065,2013,2017
30,Montana,30043,Jefferson,0.035,2013,2017
30,Montana,30045,Judith Basin,0.02,2013,2017
30,Montana,30047,Lake,0.04,2013,2017
30,Montana,30049,Lewis and Clark,0.060000000000000005,2013,2017
30,Montana,30051,Liberty,0.035,2013,2017
30,Montana,30053,Lincoln,0.06,2013,2017
30,Montana,30055,McCone,0.025,2013,2017
30,Montana,30057,Madison,0.015,2013,2017
30,Montana,30059,Meagher,0.015,2013,2017
30,Montana,30061,Mineral,0.055,2013,2017
30,Montana,30063,Missoula,0.105,2013,2017
30,Montana,30065,Musselshell,0.025,2013,2017
30,Montana,30067,Park,0.045000000000000005,2013,2017
30,Montana,30069,Petroleum,0.015,2013,2017
30,Montana,30071,Phillips,0.045000000000000005,2013,2017
30,Montana,30073,Pondera,0.035,2013,2017
30,Montana,30075,Powder River,0.025,2013,2017
30,Montana,30077,Powell,0.04,2013,2017
30,Montana,30079,Prairie,0.06,2013,2017
30,Montana,30081,Ravalli,0.025,2013,2017
30,Montana,30083,Richland,0.035,2013,2017
30,Montana,30085,Roosevelt,0.045,2013,2017
30,Montana,30087,Rosebud,0.045000000000000005,2013,2017
30,Montana,30089,Sanders,0.045,2013,2017
30,Montana,30091,Sheridan,0.03,2013,2017
30,Montana,30093,Silver Bow,0.055,2013,2017
30,Montana,30095,Stillwater,0.065,2013,2017
30,Montana,30097,Sweet Grass,0.045000000000000005,2013,2017
30,Montana,30099,Teton,0.025,2013,2017
30,Montana,30101,Toole,0.055,2013,2017
30,Montana,30103,Treasure,0.055,2013,2017
30,Montana,30105,Valley,0.06999999999999999,2013,2017
30,Montana,30107,Wheatland,0.02,2013,2017
30,Montana,30109,Wibaux,0.045000000000000005,2013,2017
30,Montana,30111,Yellowstone,0.13,2013,2017
31,Nebraska,31001,Adams,0.18,2013,2017
31,Nebraska,31003,Antelope,0.075,2013,2017
31,Nebraska,31005,Arthur,0.05500000000000001,2013,2017
31,Nebraska,31007,Banner,0.05,2013,2017
31,Nebraska,31009,Blaine,0.08499999999999999,2013,2017
31,Nebraska,31011,Boone,0.09,2013,2017
31,Nebraska,31013,Box Butte,0.14,2013,2017
31,Nebraska,31015,Boyd,0.05500000000000001,2013,2017
31,Nebraska,31017,Brown,0.05500000000000001,2013,2017
31,Nebraska,31019,Buffalo,0.19,2013,2017
31,Nebraska,31021,Burt,0.13,2013,2017
31,Nebraska,31023,Butler,0.115,2013,2017
31,Nebraska,31025,Cass,0.185,2013,2017
31,Nebraska,31027,Cedar,0.09,2013,2017
31,Nebraska,31029,Chase,0.05500000000000001,2013,2017
31,Nebraska,31031,Cherry,0.05,2013,2017
31,Nebraska,31033,Cheyenne,0.14500000000000002,2013,2017
31,Nebraska,31035,Clay,0.135,2013,2017
31,Nebraska,31037,Colfax,0.14500000000000002,2013,2017
31,Nebraska,31039,Cuming,0.10500000000000001,2013,2017
31,Nebraska,31041,Custer,0.10500000000000001,2013,2017
31,Nebraska,31043,Dakota,0.16999999999999998,2013,2017
31,Nebraska,31045,Dawes,0.065,2013,2017
31,Nebraska,31047,Dawson,0.18,2013,2017
31,Nebraska,31049,Deuel,0.13,2013,2017
31,Nebraska,31051,Dixon,0.09,2013,2017
31,Nebraska,31053,Dodge,0.185,2013,2017
31,Nebraska,31055,Douglas,0.33499999999999996,2013,2017
31,Nebraska,31057,Dundy,0.05500000000000001,2013,2017
31,Nebraska,31059,Fillmore,0.12,2013,2017
31,Nebraska,31061,Franklin,0.08,2013,2017
31,Nebraska,31063,Frontier,0.07,2013,2017
31,Nebraska,31065,Furnas,0.08,2013,2017
31,Nebraska,31067,Gage,0.135,2013,2017
31,Nebraska,31069,Garden,0.105,2013,2017
31,Nebraska,31071,Garfield,0.065,2013,2017
31,Nebraska,31073,Gosper,0.08499999999999999,2013,2017
31,Nebraska,31075,Grant,0.08499999999999999,2013,2017
31,Nebraska,31077,Greeley,0.08,2013,2017
31,Nebraska,31079,Hall,0.245,2013,2017
31,Nebraska,31081,Hamilton,0.175,2013,2017
31,Nebraska,31083,Harlan,0.085,2013,2017
31,Nebraska,31085,Hayes,0.060000000000000005,2013,2017
31,Nebraska,31087,Hitchcock,0.065,2013,2017
31,Nebraska,31089,Holt,0.07,2013,2017
31,Nebraska,31091,Hooker,0.095,2013,2017
31,Nebraska,31093,Howard,0.11,2013,2017
31,Nebraska,31095,Jefferson,0.15000000000000002,2013,2017
31,Nebraska,31097,Johnson,0.14,2013,2017
31,Nebraska,31099,Kearney,0.12,2013,2017
31,Nebraska,31101,Keith,0.195,2013,2017
31,Nebraska,31103,Keya Paha,0.045,2013,2017
31,Nebraska,31105,Kimball,0.1,2013,2017
31,Nebraska,31107,Knox,0.075,2013,2017
31,Nebraska,31109,Lancaster,0.255,2013,2017
31,Nebraska,31111,Lincoln,0.21000000000000002,2013,2017
31,Nebraska,31113,Logan,0.07,2013,2017
31,Nebraska,31115,Loup,0.05500000000000001,2013,2017
31,Nebraska,31117,McPherson,0.065,2013,2017
31,Nebraska,31119,Madison,0.095,2013,2017
31,Nebraska,31121,Merrick,0.165,2013,2017
31,Nebraska,31123,Morrill,0.16,2013,2017
31,Nebraska,31125,Nance,0.1,2013,2017
31,Nebraska,31127,Nemaha,0.135,2013,2017
31,Nebraska,31129,Nuckolls,0.10500000000000001,2013,2017
31,Nebraska,31131,Otoe,0.14,2013,2017
31,Nebraska,31133,Pawnee,0.12,2013,2017
31,Nebraska,31135,Perkins,0.07,2013,2017
31,Nebraska,31137,Phelps,0.10500000000000001,2013,2017
31,Nebraska,31139,Pierce,0.085,2013,2017
31,Nebraska,31141,Platte,0.155,2013,2017
31,Nebraska,31143,Polk,0.125,2013,2017
31,Nebraska,31145,Red Willow,0.08,2013,2017
31,Nebraska,31147,Richardson,0.16999999999999998,2013,2017
31,Nebraska,31149,Rock,0.05500000000000001,2013,2017
31,Nebraska,31151,Saline,0.125,2013,2017
31,Nebraska,31153,Sarpy,0.255,2013,2017
31,Nebraska,31155,Saunders,0.145,2013,2017
31,Nebraska,31157,Scotts Bluff,0.195,2013,2017
31,Nebraska,31159,Seward,0.175,2013,2017
31,Nebraska,31161,Sheridan,0.055,2013,2017
31,Nebraska,31163,Sherman,0.115,2013,2017
31,Nebraska,31165,Sioux,0.07,2013,2017
31,Nebraska,31167,Stanton,0.1,2013,2017
31,Nebraska,31169,Thayer,0.125,2013,2017
31,Nebraska,31171,Thomas,0.1,2013,2017
31,Nebraska,31173,Thurston,0.115,2013,2017
31,Nebraska,31175,Valley,0.075,2013,2017
31,Nebraska,31177,Washington,0.16999999999999998,2013,2017
31,Nebraska,31179,Wayne,0.095,2013,2017
31,Nebraska,31181,Webster,0.09,2013,2017
31,Nebraska,31183,Wheeler,0.065,2013,2017
31,Nebraska,31185,York,0.175,2013,2017
32,Nevada,32001,Churchill,0.060000000000000005,2013,2017
32,Nevada,32003,Clark,0.42,2013,2017
32,Nevada,32005,Douglas,0.06,2013,2017
32,Nevada,32007,Elko,0.049999999999999996,2013,2017
32,Nevada,32009,Esmeralda,0.015,2013,2017
32,Nevada,32011,Eureka,0.015,2013,2017
32,Nevada,32013,Humboldt,0.049999999999999996,2013,2017
32,Nevada,32015,Lander,0.045,2013,2017
32,Nevada,32017,Lincoln,0.03,2013,2017
32,Nevada,32019,Lyon,0.05,2013,2017
32,Nevada,32021,Mineral,0.02,2013,2017
32,Nevada,32023,Nye,0.030000000000000002,2013,2017
32,Nevada,32027,Pershing,0.045000000000000005,2013,2017
32,Nevada,32029,Storey,0.1,2013,2017
32,Nevada,32031,Washoe,0.19999999999999998,2013,2017
32,Nevada,32033,White Pine,0.015,2013,2017
32,Nevada,32510,Carson City,0.14,2013,2017
33,New Hampshire,33001,Belknap,0.095,2013,2017
33,New Hampshire,33003,Carroll,0.065,2013,2017
33,New Hampshire,33005,Cheshire,0.095,2013,2017
33,New Hampshire,33007,Coos,0.045,2013,2017
33,New Hampshire,33009,Grafton,0.07,2013,2017
33,New Hampshire,33011,Hillsborough,0.18,2013,2017
33,New Hampshire,33013,Merrimack,0.115,2013,2017
33,New Hampshire,33015,Rockingham,0.185,2013,2017
33,New Hampshire,33017,Strafford,0.13,2013,2017
33,New Hampshire,33019,Sullivan,0.08499999999999999,2013,2017
34,New Jersey,34001,Atlantic,0.22,2013,2017
34,New Jersey,34003,Bergen,0.69,2013,2017
34,New Jersey,34005,Burlington,0.365,2013,2017
34,New Jersey,34007,Camden,0.47,2013,2017
34,New Jersey,34009,Cape May,0.20500000000000002,2013,2017
34,New Jersey,34011,Cumberland,0.22499999999999998,2013,2017
34,New Jersey,34013,Essex,0.675,2013,2017
34,New Jersey,34015,Gloucester,0.345,2013,2017
34,New Jersey,34017,Hudson,1.405,2013,2017
34,New Jersey,34019,Hunterdon,0.32,2013,2017
34,New Jersey,34021,Mercer,0.44499999999999995,2013,2017
34,New Jersey,34023,Middlesex,0.5599999999999999,2013,2017
34,New Jersey,34025,Monmouth,0.41000000000000003,2013,2017
34,New Jersey,34027,Morris,0.345,2013,2017
34,New Jersey,34029,Ocean,0.31,2013,2017
34,New Jersey,34031,Passaic,0.5,2013,2017
34,New Jersey,34033,Salem,0.30000000000000004,2013,2017
34,New Jersey,34035,Somerset,0.43500000000000005,2013,2017
34,New Jersey,34037,Sussex,0.195,2013,2017
34,New Jersey,34039,Union,0.685,2013,2017
34,New Jersey,34041,Warren,0.275,2013,2017
35,New Mexico,35001,Bernalillo,0.305,2013,2017
35,New Mexico,35003,Catron,0.015,2013,2017
35,New Mexico,35005,Chaves,0.06999999999999999,2013,2017
35,New Mexico,35006,Cibola,0.11,2013,2017
35,New Mexico,35007,Colfax,0.05,2013,2017
35,New Mexico,35009,Curry,0.14,2013,2017
35,New Mexico,35011,De Baca,0.095,2013,2017
35,New Mexico,35013,Dona Ana,0.26,2013,2017
35,New Mexico,35015,Eddy,0.055,2013,2017
35,New Mexico,35017,Grant,0.04,2013,2017
35,New Mexico,35019,Guadalupe,0.11,2013,2017
35,New Mexico,35021,Harding,0.03,2013,2017
35,New Mexico,35023,Hidalgo,0.11,2013,2017
35,New Mexico,35025,Lea,0.06,2013,2017
35,New Mexico,35027,Lincoln,0.03,2013,2017
35,New Mexico,35028,Los Alamos,0.065,2013,2017
35,New Mexico,35029,Luna,0.215,2013,2017
35,New Mexico,35031,McKinley,0.095,2013,2017
35,New Mexico,35033,Mora,0.02,2013,2017
35,New Mexico,35035,Otero,0.05,2013,2017
35,New Mexico,35037,Quay,0.10500000000000001,2013,2017
35,New Mexico,35039,Rio Arriba,0.04,2013,2017
35,New Mexico,35041,Roosevelt,0.065,2013,2017
35,New Mexico,35043,Sandoval,0.13999999999999999,2013,2017
35,New Mexico,35045,San Juan,0.07,2013,2017
35,New Mexico,35047,San Miguel,0.045000000000000005,2013,2017
35,New Mexico,35049,Santa Fe,0.14,2013,2017
35,New Mexico,35051,Sierra,0.055,2013,2017
35,New Mexico,35053,Socorro,0.055,2013,2017
35,New Mexico,35055,Taos,0.04,2013,2017
35,New Mexico,35057,Torrance,0.08,2013,2017
35,New Mexico,35059,Union,0.035,2013,2017
35,New Mexico,35061,Valencia,0.24,2013,2017
36,New York,36001,Albany,0.245,2013,2017
36,New York,36003,Allegany,0.08,2013,2017
36,New York,36005,Bronx,1.415,2013,2017
36,New York,36007,Broome,0.175,2013,2017
36,New York,36009,Cattaraugus,0.095,2013,2017
36,New York,36011,Cayuga,0.12,2013,2017
36,New York,36013,Chautauqua,0.13,2013,2017
36,New York,36015,Chemung,0.14500000000000002,2013,2017
36,New York,36017,Chenango,0.095,2013,2017
36,New York,36019,Clinton,0.07,2013,2017
36,New York,36021,Columbia,0.155,2013,2017
36,New York,36023,Cortland,0.115,2013,2017
36,New York,36025,Delaware,0.08,2013,2017
36,New York,36027,Dutchess,0.21500000000000002,2013,2017
36,New York,36029,Erie,0.25,2013,2017
36,New York,36031,Essex,0.065,2013,2017
36,New York,36033,Franklin,0.05,2013,2017
36,New York,36035,Fulton,0.11,2013,2017
36,New York,36037,Genesee,0.15,2013,2017
36,New York,36039,Greene,0.14,2013,2017
36,New York,36041,Hamilton,0.05,2013,2017
36,New York,36043,Herkimer,0.115,2013,2017
36,New York,36045,Jefferson,0.09,2013,2017
36,New York,36047,Kings,1.545,2013,2017
36,New York,36049,Lewis,0.065,2013,2017
36,New York,36051,Livingston,0.10500000000000001,2013,2017
36,New York,36053,Madison,0.11,2013,2017
36,New York,36055,Monroe,0.245,2013,2017
36,New York,36057,Montgomery,0.16999999999999998,2013,2017
36,New York,36059,Nassau,0.65,2013,2017
36,New York,36061,New York,1.92,2013,2017
36,New York,36063,Niagara,0.16,2013,2017
36,New York,36065,Oneida,0.145,2013,2017
36,New York,36067,Onondaga,0.24,2013,2017
36,New York,36069,Ontario,0.12,2013,2017
36,New York,36071,Orange,0.22500000000000003,2013,2017
36,New York,36073,Orleans,0.12,2013,2017
36,New York,36075,Oswego,0.11,2013,2017
36,New York,36077,Otsego,0.09,2013,2017
36,New York,36079,Putnam,0.245,2013,2017
36,New York,36081,Queens,1.225,2013,2017
36,New York,36083,Rensselaer,0.175,2013,2017
36,New York,36085,Richmond,0.8300000000000001,2013,2017
36,New York,36087,Rockland,0.41000000000000003,2013,2017
36,New York,36089,St. Lawrence,0.07,2013,2017
36,New York,36091,Saratoga,0.165,2013,2017
36,New York,36093,Schenectady,0.215,2013,2017
36,New York,36095,Schoharie,0.08,2013,2017
36,New York,36097,Schuyler,0.09,2013,2017
36,New York,36099,Seneca,0.12,2013,2017
36,New York,36101,Steuben,0.10500000000000001,2013,2017
36,New York,36103,Suffolk,0.35,2013,2017
36,New York,36105,Sullivan,0.11000000000000001,2013,2017
36,New York,36107,Tioga,0.125,2013,2017
36,New York,36109,Tompkins,0.115,2013,2017
36,New York,36111,Ulster,0.16,2013,2017
36,New York,36113,Warren,0.12,2013,2017
36,New York,36115,Washington,0.11,2013,2017
36,New York,36117,Wayne,0.14,2013,2017
36,New York,36119,Westchester,0.525,2013,2017
36,New York,36121,Wyoming,0.095,2013,2017
36,New York,36123,Yates,0.09,2013,2017
37,North Carolina,37001,Alamance,0.23,2013,2017
37,North Carolina,37003,Alexander,0.14,2013,2017
37,North Carolina,37005,Alleghany,0.08,2013,2017
37,North Carolina,37007,Anson,0.15,2013,2017
37,North Carolina,37009,Ashe,0.08,2013,2017
37,North Carolina,37011,Avery,0.07,2013,2017
37,North Carolina,37013,Beaufort,0.115,2013,2017
37,North Carolina,37015,Bertie,0.11499999999999999,2013,2017
37,North Carolina,37017,Bladen,0.11499999999999999,2013,2017
37,North Carolina,37019,Brunswick,0.14,2013,2017
37,North Carolina,37021,Buncombe,0.175,2013,2017
37,North Carolina,37023,Burke,0.16999999999999998,2013,2017
37,North Carolina,37025,Cabarrus,0.315,2013,2017
37,North Carolina,37027,Caldwell,0.15,2013,2017
37,North Carolina,37029,Camden,0.125,2013,2017
37,North Carolina,37031,Carteret,0.12,2013,2017
37,North Carolina,37033,Caswell,0.145,2013,2017
37,North Carolina,37035,Catawba,0.22499999999999998,2013,2017
37,North Carolina,37037,Chatham,0.16,2013,2017
37,North Carolina,37039,Cherokee,0.095,2013,2017
37,North Carolina,37041,Chowan,0.125,2013,2017
37,North Carolina,37043,Clay,0.08499999999999999,2013,2017
37,North Carolina,37045,Cleveland,0.2,2013,2017
37,North Carolina,37047,Columbus,0.12,2013,2017
37,North Carolina,37049,Craven,0.12,2013,2017
37,North Carolina,37051,Cumberland,0.215,2013,2017
37,North Carolina,37053,Currituck,0.13,2013,2017
37,North Carolina,37055,Dare,0.13,2013,2017
37,North Carolina,37057,Davidson,0.24,2013,2017
37,North Carolina,37059,Davie,0.21000000000000002,2013,2017
37,North Carolina,37061,Duplin,0.13,2013,2017
37,North Carolina,37063,Durham,0.295,2013,2017
37,North Carolina,37065,Edgecombe,0.16,2013,2017
37,North Carolina,37067,Forsyth,0.255,2013,2017
37,North Carolina,37069,Franklin,0.165,2013,2017
37,North Carolina,37071,Gaston,0.28,2013,2017
37,North Carolina,37073,Gates,0.12,2013,2017
37,North Carolina,37075,Graham,0.07500000000000001,2013,2017
37,North Carolina,37077,Granville,0.165,2013,2017
37,North Carolina,37079,Greene,0.13,2013,2017
37,North Carolina,37081,Guilford,0.275,2013,2017
37,North Carolina,37083,Halifax,0.16,2013,2017
37,North Carolina,37085,Harnett,0.16999999999999998,2013,2017
37,North Carolina,37087,Haywood,0.1,2013,2017
37,North Carolina,37089,Henderson,0.15000000000000002,2013,2017
37,North Carolina,37091,Hertford,0.13,2013,2017
37,North Carolina,37093,Hoke,0.15,2013,2017
37,North Carolina,37095,Hyde,0.08499999999999999,2013,2017
37,North Carolina,37097,Iredell,0.245,2013,2017
37,North Carolina,37099,Jackson,0.09,2013,2017
37,North Carolina,37101,Johnston,0.215,2013,2017
37,North Carolina,37103,Jones,0.10500000000000001,2013,2017
37,North Carolina,37105,Lee,0.18,2013,2017
37,North Carolina,37107,Lenoir,0.14500000000000002,2013,2017
37,North Carolina,37109,Lincoln,0.21500000000000002,2013,2017
37,North Carolina,37111,McDowell,0.14500000000000002,2013,2017
37,North Carolina,37113,Macon,0.08499999999999999,2013,2017
37,North Carolina,37115,Madison,0.1,2013,2017
37,North Carolina,37117,Martin,0.13,2013,2017
37,North Carolina,37119,Mecklenburg,0.44499999999999995,2013,2017
37,North Carolina,37121,Mitchell,0.09,2013,2017
37,North Carolina,37123,Montgomery,0.14,2013,2017
37,North Carolina,37125,Moore,0.14500000000000002,2013,2017
37,North Carolina,37127,Nash,0.19,2013,2017
37,North Carolina,37129,New Hanover,0.25,2013,2017
37,North Carolina,37131,Northampton,0.14,2013,2017
37,North Carolina,37133,Onslow,0.14,2013,2017
37,North Carolina,37135,Orange,0.225,2013,2017
37,North Carolina,37137,Pamlico,0.1,2013,2017
37,North Carolina,37139,Pasquotank,0.16,2013,2017
37,North Carolina,37141,Pender,0.125,2013,2017
37,North Carolina,37143,Perquimans,0.12,2013,2017
37,North Carolina,37145,Person,0.14500000000000002,2013,2017
37,North Carolina,37147,Pitt,0.165,2013,2017
37,North Carolina,37149,Polk,0.155,2013,2017
37,North Carolina,37151,Randolph,0.19,2013,2017
37,North Carolina,37153,Richmond,0.16,2013,2017
37,North Carolina,37155,Robeson,0.16999999999999998,2013,2017
37,North Carolina,37157,Rockingham,0.175,2013,2017
37,North Carolina,37159,Rowan,0.27,2013,2017
37,North Carolina,37161,Rutherford,0.165,2013,2017
37,North Carolina,37163,Sampson,0.13,2013,2017
37,North Carolina,37165,Scotland,0.155,2013,2017
37,North Carolina,37167,Stanly,0.195,2013,2017
37,North Carolina,37169,Stokes,0.14,2013,2017
37,North Carolina,37171,Surry,0.15,2013,2017
37,North Carolina,37173,Swain,0.09,2013,2017
37,North Carolina,37175,Transylvania,0.09,2013,2017
37,North Carolina,37177,Tyrrell,0.095,2013,2017
37,North Carolina,37179,Union,0.25,2013,2017
37,North Carolina,37181,Vance,0.175,2013,2017
37,North Carolina,37183,Wake,0.3,2013,2017
37,North Carolina,37185,Warren,0.135,2013,2017
37,North Carolina,37187,Washington,0.11,2013,2017
37,North Carolina,37189,Watauga,0.095,2013,2017
37,North Carolina,37191,Wayne,0.165,2013,2017
37,North Carolina,37193,Wilkes,0.11499999999999999,2013,2017
37,North Carolina,37195,Wilson,0.195,2013,2017
37,North Carolina,37197,Yadkin,0.16499999999999998,2013,2017
37,North Carolina,37199,Yancey,0.07500000000000001,2013,2017
38,North Dakota,38001,Adams,0.04,2013,2017
38,North Dakota,38003,Barnes,0.1,2013,2017
38,North Dakota,38005,Benson,0.060000000000000005,2013,2017
38,North Dakota,38007,Billings,0.045,2013,2017
38,North Dakota,38009,Bottineau,0.045,2013,2017
38,North Dakota,38011,Bowman,0.035,2013,2017
38,North Dakota,38013,Burke,0.045,2013,2017
38,North Dakota,38015,Burleigh,0.225,2013,2017
38,North Dakota,38017,Cass,0.335,2013,2017
38,North Dakota,38019,Cavalier,0.045,2013,2017
38,North Dakota,38021,Dickey,0.065,2013,2017
38,North Dakota,38023,Divide,0.04,2013,2017
38,North Dakota,38025,Dunn,0.05,2013,2017
38,North Dakota,38027,Eddy,0.09,2013,2017
38,North Dakota,38029,Emmons,0.05,2013,2017
38,North Dakota,38031,Foster,0.075,2013,2017
38,North Dakota,38033,Golden Valley,0.05,2013,2017
38,North Dakota,38035,Grand Forks,0.165,2013,2017
38,North Dakota,38037,Grant,0.04,2013,2017
38,North Dakota,38039,Griggs,0.075,2013,2017
38,North Dakota,38041,Hettinger,0.04,2013,2017
38,North Dakota,38043,Kidder,0.07,2013,2017
38,North Dakota,38045,LaMoure,0.065,2013,2017
38,North Dakota,38047,Logan,0.05,2013,2017
38,North Dakota,38049,McHenry,0.07,2013,2017
38,North Dakota,38051,McIntosh,0.05,2013,2017
38,North Dakota,38053,McKenzie,0.06,2013,2017
38,North Dakota,38055,McLean,0.06,2013,2017
38,North Dakota,38057,Mercer,0.055,2013,2017
38,North Dakota,38059,Morton,0.135,2013,2017
38,North Dakota,38061,Mountrail,0.065,2013,2017
38,North Dakota,38063,Nelson,0.060000000000000005,2013,2017
38,North Dakota,38065,Oliver,0.05500000000000001,2013,2017
38,North Dakota,38067,Pembina,0.060000000000000005,2013,2017
38,North Dakota,38069,Pierce,0.065,2013,2017
38,North Dakota,38071,Ramsey,0.08499999999999999,2013,2017
38,North Dakota,38073,Ransom,0.075,2013,2017
38,North Dakota,38075,Renville,0.05500000000000001,2013,2017
38,North Dakota,38077,Richland,0.11000000000000001,2013,2017
38,North Dakota,38079,Rolette,0.04,2013,2017
38,North Dakota,38081,Sargent,0.075,2013,2017
38,North Dakota,38083,Sheridan,0.05,2013,2017
38,North Dakota,38085,Sioux,0.045,2013,2017
38,North Dakota,38087,Slope,0.03,2013,2017
38,North Dakota,38089,Stark,0.13,2013,2017
38,North Dakota,38091,Steele,0.07,2013,2017
38,North Dakota,38093,Stutsman,0.115,2013,2017
38,North Dakota,38095,Towner,0.045,2013,2017
38,North Dakota,38097,Traill,0.10500000000000001,2013,2017
38,North Dakota,38099,Walsh,0.075,2013,2017
38,North Dakota,38101,Ward,0.135,2013,2017
38,North Dakota,38103,Wells,0.07,2013,2017
38,North Dakota,38105,Williams,0.12,2013,2017
39,Ohio,39001,Adams,0.155,2013,2017
39,Ohio,39003,Allen,0.235,2013,2017
39,Ohio,39005,Ashland,0.19,2013,2017
39,Ohio,39007,Ashtabula,0.18,2013,2017
39,Ohio,39009,Athens,0.15000000000000002,2013,2017
39,Ohio,39011,Auglaize,0.2,2013,2017
39,Ohio,39013,Belmont,0.19,2013,2017
39,Ohio,39015,Brown,0.19,2013,2017
39,Ohio,39017,Butler,0.365,2013,2017
39,Ohio,39019,Carroll,0.145,2013,2017
39,Ohio,39021,Champaign,0.195,2013,2017
39,Ohio,39023,Clark,0.275,2013,2017
39,Ohio,39025,Clermont,0.26,2013,2017
39,Ohio,39027,Clinton,0.195,2013,2017
39,Ohio,39029,Columbiana,0.19,2013,2017
39,Ohio,39031,Coshocton,0.15,2013,2017
39,Ohio,39033,Crawford,0.20500000000000002,2013,2017
39,Ohio,39035,Cuyahoga,0.43499999999999994,2013,2017
39,Ohio,39037,Darke,0.20500000000000002,2013,2017
39,Ohio,39039,Defiance,0.22500000000000003,2013,2017
39,Ohio,39041,Delaware,0.325,2013,2017
39,Ohio,39043,Erie,0.27,2013,2017
39,Ohio,39045,Fairfield,0.22499999999999998,2013,2017
39,Ohio,39047,Fayette,0.20500000000000002,2013,2017
39,Ohio,39049,Franklin,0.49,2013,2017
39,Ohio,39051,Fulton,0.225,2013,2017
39,Ohio,39053,Gallia,0.165,2013,2017
39,Ohio,39055,Geauga,0.195,2013,2017
39,Ohio,39057,Greene,0.255,2013,2017
39,Ohio,39059,Guernsey,0.16499999999999998,2013,2017
39,Ohio,39061,Hamilton,0.5549999999999999,2013,2017
39,Ohio,39063,Hancock,0.22999999999999998,2013,2017
39,Ohio,39065,Hardin,0.18,2013,2017
39,Ohio,39067,Harrison,0.13,2013,2017
39,Ohio,39069,Henry,0.21000000000000002,2013,2017
39,Ohio,39071,Highland,0.16,2013,2017
39,Ohio,39073,Hocking,0.14500000000000002,2013,2017
39,Ohio,39075,Holmes,0.155,2013,2017
39,Ohio,39077,Huron,0.21000000000000002,2013,2017
39,Ohio,39079,Jackson,0.145,2013,2017
39,Ohio,39081,Jefferson,0.175,2013,2017
39,Ohio,39083,Knox,0.175,2013,2017
39,Ohio,39085,Lake,0.27999999999999997,2013,2017
39,Ohio,39087,Lawrence,0.21,2013,2017
39,Ohio,39089,Licking,0.24,2013,2017
39,Ohio,39091,Logan,0.19,2013,2017
39,Ohio,39093,Lorain,0.28,2013,2017
39,Ohio,39095,Lucas,0.345,2013,2017
39,Ohio,39097,Madison,0.225,2013,2017
39,Ohio,39099,Mahoning,0.25,2013,2017
39,Ohio,39101,Marion,0.25,2013,2017
39,Ohio,39103,Medina,0.25,2013,2017
39,Ohio,39105,Meigs,0.155,2013,2017
39,Ohio,39107,Mercer,0.19,2013,2017
39,Ohio,39109,Miami,0.26,2013,2017
39,Ohio,39111,Monroe,0.13,2013,2017
39,Ohio,39113,Montgomery,0.375,2013,2017
39,Ohio,39115,Morgan,0.125,2013,2017
39,Ohio,39117,Morrow,0.2,2013,2017
39,Ohio,39119,Muskingum,0.18,2013,2017
39,Ohio,39121,Noble,0.135,2013,2017
39,Ohio,39123,Ottawa,0.23500000000000001,2013,2017
39,Ohio,39125,Paulding,0.2,2013,2017
39,Ohio,39127,Perry,0.15,2013,2017
39,Ohio,39129,Pickaway,0.22499999999999998,2013,2017
39,Ohio,39131,Pike,0.16,2013,2017
39,Ohio,39133,Portage,0.265,2013,2017
39,Ohio,39135,Preble,0.21000000000000002,2013,2017
39,Ohio,39137,Putnam,0.195,2013,2017
39,Ohio,39139,Richland,0.2,2013,2017
39,Ohio,39141,Ross,0.185,2013,2017
39,Ohio,39143,Sandusky,0.25,2013,2017
39,Ohio,39145,Scioto,0.195,2013,2017
39,Ohio,39147,Seneca,0.23,2013,2017
39,Ohio,39149,Shelby,0.225,2013,2017
39,Ohio,39151,Stark,0.265,2013,2017
39,Ohio,39153,Summit,0.33999999999999997,2013,2017
39,Ohio,39155,Trumbull,0.235,2013,2017
39,Ohio,39157,Tuscarawas,0.175,2013,2017
39,Ohio,39159,Union,0.22000000000000003,2013,2017
39,Ohio,39161,Van Wert,0.195,2013,2017
39,Ohio,39163,Vinton,0.125,2013,2017
39,Ohio,39165,Warren,0.325,2013,2017
39,Ohio,39167,Washington,0.185,2013,2017
39,Ohio,39169,Wayne,0.20500000000000002,2013,2017
39,Ohio,39171,Williams,0.22000000000000003,2013,2017
39,Ohio,39173,Wood,0.27,2013,2017
39,Ohio,39175,Wyandot,0.19,2013,2017
40,Oklahoma,40001,Adair,0.12,2013,2017
40,Oklahoma,40003,Alfalfa,0.10500000000000001,2013,2017
40,Oklahoma,40005,Atoka,0.135,2013,2017
40,Oklahoma,40007,Beaver,0.065,2013,2017
40,Oklahoma,40009,Beckham,0.12,2013,2017
40,Oklahoma,40011,Blaine,0.095,2013,2017
40,Oklahoma,40013,Bryan,0.165,2013,2017
40,Oklahoma,40015,Caddo,0.10500000000000001,2013,2017
40,Oklahoma,40017,Canadian,0.185,2013,2017
40,Oklahoma,40019,Carter,0.235,2013,2017
40,Oklahoma,40021,Cherokee,0.135,2013,2017
40,Oklahoma,40023,Choctaw,0.13,2013,2017
40,Oklahoma,40025,Cimarron,0.055,2013,2017
40,Oklahoma,40027,Cleveland,0.27999999999999997,2013,2017
40,Oklahoma,40029,Coal,0.125,2013,2017
40,Oklahoma,40031,Comanche,0.16,2013,2017
40,Oklahoma,40033,Cotton,0.11000000000000001,2013,2017
40,Oklahoma,40035,Craig,0.19,2013,2017
40,Oklahoma,40037,Creek,0.17,2013,2017
40,Oklahoma,40039,Custer,0.15000000000000002,2013,2017
40,Oklahoma,40041,Delaware,0.12,2013,2017
40,Oklahoma,40043,Dewey,0.08499999999999999,2013,2017
40,Oklahoma,40045,Ellis,0.09,2013,2017
40,Oklahoma,40047,Garfield,0.175,2013,2017
40,Oklahoma,40049,Garvin,0.165,2013,2017
40,Oklahoma,40051,Grady,0.19,2013,2017
40,Oklahoma,40053,Grant,0.11000000000000001,2013,2017
40,Oklahoma,40055,Greer,0.08,2013,2017
40,Oklahoma,40057,Harmon,0.07,2013,2017
40,Oklahoma,40059,Harper,0.08,2013,2017
40,Oklahoma,40061,Haskell,0.11000000000000001,2013,2017
40,Oklahoma,40063,Hughes,0.11499999999999999,2013,2017
40,Oklahoma,40065,Jackson,0.12,2013,2017
40,Oklahoma,40067,Jefferson,0.11499999999999999,2013,2017
40,Oklahoma,40069,Johnston,0.135,2013,2017
40,Oklahoma,40071,Kay,0.15000000000000002,2013,2017
40,Oklahoma,40073,Kingfisher,0.13,2013,2017
40,Oklahoma,40075,Kiowa,0.09,2013,2017
40,Oklahoma,40077,Latimer,0.095,2013,2017
40,Oklahoma,40079,Le Flore,0.125,2013,2017
40,Oklahoma,40081,Lincoln,0.16999999999999998,2013,2017
40,Oklahoma,40083,Logan,0.18,2013,2017
40,Oklahoma,40085,Love,0.19,2013,2017
40,Oklahoma,40087,McClain,0.19,2013,2017
40,Oklahoma,40089,McCurtain,0.125,2013,2017
40,Oklahoma,40091,McIntosh,0.14500000000000002,2013,2017
40,Oklahoma,40093,Major,0.095,2013,2017
40,Oklahoma,40095,Marshall,0.165,2013,2017
40,Oklahoma,40097,Mayes,0.16499999999999998,2013,2017
40,Oklahoma,40099,Murray,0.14500000000000002,2013,2017
40,Oklahoma,40101,Muskogee,0.185,2013,2017
40,Oklahoma,40103,Noble,0.145,2013,2017
40,Oklahoma,40105,Nowata,0.14500000000000002,2013,2017
40,Oklahoma,40107,Okfuskee,0.14,2013,2017
40,Oklahoma,40109,Oklahoma,0.33,2013,2017
40,Oklahoma,40111,Okmulgee,0.165,2013,2017
40,Oklahoma,40113,Osage,0.125,2013,2017
40,Oklahoma,40115,Ottawa,0.19,2013,2017
40,Oklahoma,40117,Pawnee,0.125,2013,2017
40,Oklahoma,40119,Payne,0.165,2013,2017
40,Oklahoma,40121,Pittsburg,0.135,2013,2017
40,Oklahoma,40123,Pontotoc,0.15,2013,2017
40,Oklahoma,40125,Pottawatomie,0.14500000000000002,2013,2017
40,Oklahoma,40127,Pushmataha,0.10500000000000001,2013,2017
40,Oklahoma,40129,Roger Mills,0.07,2013,2017
40,Oklahoma,40131,Rogers,0.21500000000000002,2013,2017
40,Oklahoma,40133,Seminole,0.125,2013,2017
40,Oklahoma,40135,Sequoyah,0.195,2013,2017
40,Oklahoma,40137,Stephens,0.125,2013,2017
40,Oklahoma,40139,Texas,0.08499999999999999,2013,2017
40,Oklahoma,40141,Tillman,0.09,2013,2017
40,Oklahoma,40143,Tulsa,0.27999999999999997,2013,2017
40,Oklahoma,40145,Wagoner,0.19,2013,2017
40,Oklahoma,40147,Washington,0.185,2013,2017
40,Oklahoma,40149,Washita,0.09,2013,2017
40,Oklahoma,40151,Woods,0.12,2013,2017
40,Oklahoma,40153,Woodward,0.12000000000000001,2013,2017
41,Oregon,41001,Baker,0.095,2013,2017
41,Oregon,41003,Benton,0.12000000000000001,2013,2017
41,Oregon,41005,Clackamas,0.32,2013,2017
41,Oregon,41007,Clatsop,0.07,2013,2017
41,Oregon,41009,Columbia,0.13,2013,2017
41,Oregon,41011,Coos,0.055,2013,2017
41,Oregon,41013,Crook,0.045000000000000005,2013,2017
41,Oregon,41015,Curry,0.05,2013,2017
41,Oregon,41017,Deschutes,0.115,2013,2017
41,Oregon,41019,Douglas,0.08499999999999999,2013,2017
41,Oregon,41021,Gilliam,0.05500000000000001,2013,2017
41,Oregon,41023,Grant,0.02,2013,2017
41,Oregon,41025,Harney,0.025,2013,2017
41,Oregon,41027,Hood River,0.1,2013,2017
41,Oregon,41029,Jackson,0.125,2013,2017
41,Oregon,41031,Jefferson,0.06,2013,2017
41,Oregon,41033,Josephine,0.10500000000000001,2013,2017
41,Oregon,41035,Klamath,0.055,2013,2017
41,Oregon,41037,Lake,0.02,2013,2017
41,Oregon,41039,Lane,0.19,2013,2017
41,Oregon,41041,Lincoln,0.05,2013,2017
41,Oregon,41043,Linn,0.185,2013,2017
41,Oregon,41045,Malheur,0.08499999999999999,2013,2017
41,Oregon,41047,Marion,0.29500000000000004,2013,2017
41,Oregon,41049,Morrow,0.07,2013,2017
41,Oregon,41051,Multnomah,0.575,2013,2017
41,Oregon,41053,Polk,0.135,2013,2017
41,Oregon,41055,Sherman,0.065,2013,2017
41,Oregon,41057,Tillamook,0.04,2013,2017
41,Oregon,41059,Umatilla,0.115,2013,2017
41,Oregon,41061,Union,0.06,2013,2017
41,Oregon,41063,Wallowa,0.02,2013,2017
41,Oregon,41065,Wasco,0.10500000000000001,2013,2017
41,Oregon,41067,Washington,0.32,2013,2017
41,Oregon,41069,Wheeler,0.025,2013,2017
41,Oregon,41071,Yamhill,0.16,2013,2017
42,Pennsylvania,42001,Adams,0.21500000000000002,2013,2017
42,Pennsylvania,42003,Allegheny,0.38,2013,2017
42,Pennsylvania,42005,Armstrong,0.18,2013,2017
42,Pennsylvania,42007,Beaver,0.265,2013,2017
42,Pennsylvania,42009,Bedford,0.155,2013,2017
42,Pennsylvania,42011,Berks,0.365,2013,2017
42,Pennsylvania,42013,Blair,0.185,2013,2017
42,Pennsylvania,42015,Bradford,0.11000000000000001,2013,2017
42,Pennsylvania,42017,Bucks,0.38,2013,2017
42,Pennsylvania,42019,Butler,0.2,2013,2017
42,Pennsylvania,42021,Cambria,0.14500000000000002,2013,2017
42,Pennsylvania,42023,Cameron,0.09,2013,2017
42,Pennsylvania,42025,Carbon,0.18,2013,2017
42,Pennsylvania,42027,Centre,0.17,2013,2017
42,Pennsylvania,42029,Chester,0.325,2013,2017
42,Pennsylvania,42031,Clarion,0.15,2013,2017
42,Pennsylvania,42033,Clearfield,0.135,2013,2017
42,Pennsylvania,42035,Clinton,0.14,2013,2017
42,Pennsylvania,42037,Columbia,0.185,2013,2017
42,Pennsylvania,42039,Crawford,0.13,2013,2017
42,Pennsylvania,42041,Cumberland,0.36,2013,2017
42,Pennsylvania,42043,Dauphin,0.37,2013,2017
42,Pennsylvania,42045,Delaware,0.43500000000000005,2013,2017
42,Pennsylvania,42047,Elk,0.10500000000000001,2013,2017
42,Pennsylvania,42049,Erie,0.195,2013,2017
42,Pennsylvania,42051,Fayette,0.17,2013,2017
42,Pennsylvania,42053,Forest,0.095,2013,2017
42,Pennsylvania,42055,Franklin,0.26,2013,2017
42,Pennsylvania,42057,Fulton,0.16499999999999998,2013,2017
42,Pennsylvania,42059,Greene,0.18,2013,2017
42,Pennsylvania,42061,Huntingdon,0.15,2013,2017
42,Pennsylvania,42063,Indiana,0.15,2013,2017
42,Pennsylvania,42065,Jefferson,0.135,2013,2017
42,Pennsylvania,42067,Juniata,0.175,2013,2017
42,Pennsylvania,42069,Lackawanna,0.22,2013,2017
42,Pennsylvania,42071,Lancaster,0.34,2013,2017
42,Pennsylvania,42073,Lawrence,0.22499999999999998,2013,2017
42,Pennsylvania,42075,Lebanon,0.315,2013,2017
42,Pennsylvania,42077,Lehigh,0.415,2013,2017
42,Pennsylvania,42079,Luzerne,0.205,2013,2017
42,Pennsylvania,42081,Lycoming,0.165,2013,2017
42,Pennsylvania,42083,McKean,0.09,2013,2017
42,Pennsylvania,42085,Mercer,0.20500000000000002,2013,2017
42,Pennsylvania,42087,Mifflin,0.185,2013,2017
42,Pennsylvania,42089,Monroe,0.195,2013,2017
42,Pennsylvania,42091,Montgomery,0.41500000000000004,2013,2017
42,Pennsylvania,42093,Montour,0.22999999999999998,2013,2017
42,Pennsylvania,42095,Northampton,0.35,2013,2017
42,Pennsylvania,42097,Northumberland,0.21000000000000002,2013,2017
42,Pennsylvania,42099,Perry,0.20500000000000002,2013,2017
42,Pennsylvania,42101,Philadelphia,0.625,2013,2017
42,Pennsylvania,42103,Pike,0.15000000000000002,2013,2017
42,Pennsylvania,42105,Potter,0.08,2013,2017
42,Pennsylvania,42107,Schuylkill,0.18,2013,2017
42,Pennsylvania,42109,Snyder,0.175,2013,2017
42,Pennsylvania,42111,Somerset,0.13,2013,2017
42,Pennsylvania,42113,Sullivan,0.09,2013,2017
42,Pennsylvania,42115,Susquehanna,0.12,2013,2017
42,Pennsylvania,42117,Tioga,0.095,2013,2017
42,Pennsylvania,42119,Union,0.19,2013,2017
42,Pennsylvania,42121,Venango,0.14500000000000002,2013,2017
42,Pennsylvania,42123,Warren,0.11,2013,2017
42,Pennsylvania,42125,Washington,0.26,2013,2017
42,Pennsylvania,42127,Wayne,0.11499999999999999,2013,2017
42,Pennsylvania,42129,Westmoreland,0.22999999999999998,2013,2017
42,Pennsylvania,42131,Wyoming,0.12,2013,2017
42,Pennsylvania,42133,York,0.315,2013,2017
44,Rhode Island,44001,Bristol,0.255,2013,2017
44,Rhode Island,44003,Kent,0.27,2013,2017
44,Rhode Island,44005,Newport,0.3,2013,2017
44,Rhode Island,44007,Providence,0.375,2013,2017
44,Rhode Island,44009,Washington,0.2,2013,2017
45,South Carolina,45001,Abbeville,0.145,2013,2017
45,South Carolina,45003,Aiken,0.185,2013,2017
45,South Carolina,45005,Allendale,0.12,2013,2017
45,South Carolina,45007,Anderson,0.25,2013,2017
45,South Carolina,45009,Bamberg,0.12,2013,2017
45,South Carolina,45011,Barnwell,0.125,2013,2017
45,South Carolina,45013,Beaufort,0.195,2013,2017
45,South Carolina,45015,Berkeley,0.20500000000000002,2013,2017
45,South Carolina,45017,Calhoun,0.165,2013,2017
45,South Carolina,45019,Charleston,0.29,2013,2017
45,South Carolina,45021,Cherokee,0.22999999999999998,2013,2017
45,South Carolina,45023,Chester,0.195,2013,2017
45,South Carolina,45025,Chesterfield,0.14,2013,2017
45,South Carolina,45027,Clarendon,0.15,2013,2017
45,South Carolina,45029,Colleton,0.155,2013,2017
45,South Carolina,45031,Darlington,0.165,2013,2017
45,South Carolina,45033,Dillon,0.175,2013,2017
45,South Carolina,45035,Dorchester,0.215,2013,2017
45,South Carolina,45037,Edgefield,0.145,2013,2017
45,South Carolina,45039,Fairfield,0.16999999999999998,2013,2017
45,South Carolina,45041,Florence,0.195,2013,2017
45,South Carolina,45043,Georgetown,0.14,2013,2017
45,South Carolina,45045,Greenville,0.28,2013,2017
45,South Carolina,45047,Greenwood,0.175,2013,2017
45,South Carolina,45049,Hampton,0.135,2013,2017
45,South Carolina,45051,Horry,0.175,2013,2017
45,South Carolina,45053,Jasper,0.19,2013,2017
45,South Carolina,45055,Kershaw,0.16499999999999998,2013,2017
45,South Carolina,45057,Lancaster,0.18,2013,2017
45,South Carolina,45059,Laurens,0.195,2013,2017
45,South Carolina,45061,Lee,0.15,2013,2017
45,South Carolina,45063,Lexington,0.24,2013,2017
45,South Carolina,45065,McCormick,0.13,2013,2017
45,South Carolina,45067,Marion,0.14,2013,2017
45,South Carolina,45069,Marlboro,0.15,2013,2017
45,South Carolina,45071,Newberry,0.175,2013,2017
45,South Carolina,45073,Oconee,0.155,2013,2017
45,South Carolina,45075,Orangeburg,0.16999999999999998,2013,2017
45,South Carolina,45077,Pickens,0.195,2013,2017
45,South Carolina,45079,Richland,0.315,2013,2017
45,South Carolina,45081,Saluda,0.135,2013,2017
45,South Carolina,45083,Spartanburg,0.27,2013,2017
45,South Carolina,45085,Sumter,0.185,2013,2017
45,South Carolina,45087,Union,0.16999999999999998,2013,2017
45,South Carolina,45089,Williamsburg,0.125,2013,2017
45,South Carolina,45091,York,0.275,2013,2017
46,South Dakota,46003,Aurora,0.07,2013,2017
46,South Dakota,46005,Beadle,0.095,2013,2017
46,South Dakota,46007,Bennett,0.04,2013,2017
46,South Dakota,46009,Bon Homme,0.08,2013,2017
46,South Dakota,46011,Brookings,0.11,2013,2017
46,South Dakota,46013,Brown,0.1,2013,2017
46,South Dakota,46015,Brule,0.07,2013,2017
46,South Dakota,46017,Buffalo,0.05,2013,2017
46,South Dakota,46019,Butte,0.05,2013,2017
46,South Dakota,46021,Campbell,0.05,2013,2017
46,South Dakota,46023,Charles Mix,0.065,2013,2017
46,South Dakota,46025,Clark,0.065,2013,2017
46,South Dakota,46027,Clay,0.10500000000000001,2013,2017
46,South Dakota,46029,Codington,0.105,2013,2017
46,South Dakota,46031,Corson,0.04,2013,2017
46,South Dakota,46033,Custer,0.035,2013,2017
46,South Dakota,46035,Davison,0.125,2013,2017
46,South Dakota,46037,Day,0.065,2013,2017
46,South Dakota,46039,Deuel,0.075,2013,2017
46,South Dakota,46041,Dewey,0.04,2013,2017
46,South Dakota,46043,Douglas,0.065,2013,2017
46,South Dakota,46045,Edmunds,0.05500000000000001,2013,2017
46,South Dakota,46047,Fall River,0.065,2013,2017
46,South Dakota,46049,Faulk,0.05500000000000001,2013,2017
46,South Dakota,46051,Grant,0.08499999999999999,2013,2017
46,South Dakota,46053,Gregory,0.05,2013,2017
46,South Dakota,46055,Haakon,0.04,2013,2017
46,South Dakota,46057,Hamlin,0.075,2013,2017
46,South Dakota,46059,Hand,0.06,2013,2017
46,South Dakota,46061,Hanson,0.08499999999999999,2013,2017
46,South Dakota,46063,Harding,0.025,2013,2017
46,South Dakota,46065,Hughes,0.08,2013,2017
46,South Dakota,46067,Hutchinson,0.08,2013,2017
46,South Dakota,46069,Hyde,0.05,2013,2017
46,South Dakota,46071,Jackson,0.045,2013,2017
46,South Dakota,46073,Jerauld,0.05500000000000001,2013,2017
46,South Dakota,46075,Jones,0.055,2013,2017
46,South Dakota,46077,Kingsbury,0.07,2013,2017
46,South Dakota,46079,Lake,0.09,2013,2017
46,South Dakota,46081,Lawrence,0.04,2013,2017
46,South Dakota,46083,Lincoln,0.15,2013,2017
46,South Dakota,46085,Lyman,0.06,2013,2017
46,South Dakota,46087,McCook,0.09,2013,2017
46,South Dakota,46089,McPherson,0.05,2013,2017
46,South Dakota,46091,Marshall,0.065,2013,2017
46,South Dakota,46093,Meade,0.055,2013,2017
46,South Dakota,46095,Mellette,0.04,2013,2017
46,South Dakota,46097,Miner,0.075,2013,2017
46,South Dakota,46099,Minnehaha,0.22499999999999998,2013,2017
46,South Dakota,46101,Moody,0.1,2013,2017
46,South Dakota,46102,Oglala Lakota,0.03,2013,2017
46,South Dakota,46103,Pennington,0.1,2013,2017
46,South Dakota,46105,Perkins,0.03,2013,2017
46,South Dakota,46107,Potter,0.05,2013,2017
46,South Dakota,46109,Roberts,0.075,2013,2017
46,South Dakota,46111,Sanborn,0.07,2013,2017
46,South Dakota,46113,Shannon,0.06,2013,2017
46,South Dakota,46115,Spink,0.07,2013,2017
46,South Dakota,46117,Stanley,0.06,2013,2017
46,South Dakota,46119,Sully,0.045,2013,2017
46,South Dakota,46121,Todd,0.045,2013,2017
46,South Dakota,46123,Tripp,0.05,2013,2017
46,South Dakota,46125,Turner,0.09,2013,2017
46,South Dakota,46127,Union,0.13,2013,2017
46,South Dakota,46129,Walworth,0.05500000000000001,2013,2017
46,South Dakota,46135,Yankton,0.10500000000000001,2013,2017
46,South Dakota,46137,Ziebach,0.03,2013,2017
47,Tennessee,47001,Anderson,0.21999999999999997,2013,2017
47,Tennessee,47003,Bedford,0.175,2013,2017
47,Tennessee,47005,Benton,0.14,2013,2017
47,Tennessee,47007,Bledsoe,0.11000000000000001,2013,2017
47,Tennessee,47009,Blount,0.215,2013,2017
47,Tennessee,47011,Bradley,0.3,2013,2017
47,Tennessee,47013,Campbell,0.16,2013,2017
47,Tennessee,47015,Cannon,0.135,2013,2017
47,Tennessee,47017,Carroll,0.14500000000000002,2013,2017
47,Tennessee,47019,Carter,0.12000000000000001,2013,2017
47,Tennessee,47021,Cheatham,0.22999999999999998,2013,2017
47,Tennessee,47023,Chester,0.12,2013,2017
47,Tennessee,47025,Claiborne,0.135,2013,2017
47,Tennessee,47027,Clay,0.11499999999999999,2013,2017
47,Tennessee,47029,Cocke,0.15000000000000002,2013,2017
47,Tennessee,47031,Coffee,0.195,2013,2017
47,Tennessee,47033,Crockett,0.15,2013,2017
47,Tennessee,47035,Cumberland,0.13,2013,2017
47,Tennessee,47037,Davidson,0.535,2013,2017
47,Tennessee,47039,Decatur,0.14,2013,2017
47,Tennessee,47041,DeKalb,0.13,2013,2017
47,Tennessee,47043,Dickson,0.19,2013,2017
47,Tennessee,47045,Dyer,0.18,2013,2017
47,Tennessee,47047,Fayette,0.16999999999999998,2013,2017
47,Tennessee,47049,Fentress,0.10500000000000001,2013,2017
47,Tennessee,47051,Franklin,0.155,2013,2017
47,Tennessee,47053,Gibson,0.15000000000000002,2013,2017
47,Tennessee,47055,Giles,0.16999999999999998,2013,2017
47,Tennessee,47057,Grainger,0.16,2013,2017
47,Tennessee,47059,Greene,0.17,2013,2017
47,Tennessee,47061,Grundy,0.11499999999999999,2013,2017
47,Tennessee,47063,Hamblen,0.275,2013,2017
47,Tennessee,47065,Hamilton,0.365,2013,2017
47,Tennessee,47067,Hancock,0.11000000000000001,2013,2017
47,Tennessee,47069,Hardeman,0.125,2013,2017
47,Tennessee,47071,Hardin,0.135,2013,2017
47,Tennessee,47073,Hawkins,0.17,2013,2017
47,Tennessee,47075,Haywood,0.18,2013,2017
47,Tennessee,47077,Henderson,0.14500000000000002,2013,2017
47,Tennessee,47079,Henry,0.14,2013,2017
47,Tennessee,47081,Hickman,0.135,2013,2017
47,Tennessee,47083,Houston,0.125,2013,2017
47,Tennessee,47085,Humphreys,0.14,2013,2017
47,Tennessee,47087,Jackson,0.12,2013,2017
47,Tennessee,47089,Jefferson,0.3,2013,2017
47,Tennessee,47091,Johnson,0.08,2013,2017
47,Tennessee,47093,Knox,0.465,2013,2017
47,Tennessee,47095,Lake,0.16999999999999998,2013,2017
47,Tennessee,47097,Lauderdale,0.175,2013,2017
47,Tennessee,47099,Lawrence,0.14,2013,2017
47,Tennessee,47101,Lewis,0.11499999999999999,2013,2017
47,Tennessee,47103,Lincoln,0.155,2013,2017
47,Tennessee,47105,Loudon,0.305,2013,2017
47,Tennessee,47107,McMinn,0.235,2013,2017
47,Tennessee,47109,McNairy,0.13,2013,2017
47,Tennessee,47111,Macon,0.14500000000000002,2013,2017
47,Tennessee,47113,Madison,0.205,2013,2017
47,Tennessee,47115,Marion,0.20500000000000002,2013,2017
47,Tennessee,47117,Marshall,0.195,2013,2017
47,Tennessee,47119,Maury,0.195,2013,2017
47,Tennessee,47121,Meigs,0.185,2013,2017
47,Tennessee,47123,Monroe,0.155,2013,2017
47,Tennessee,47125,Montgomery,0.215,2013,2017
47,Tennessee,47127,Moore,0.135,2013,2017
47,Tennessee,47129,Morgan,0.135,2013,2017
47,Tennessee,47131,Obion,0.17,2013,2017
47,Tennessee,47133,Overton,0.11499999999999999,2013,2017
47,Tennessee,47135,Perry,0.125,2013,2017
47,Tennessee,47137,Pickett,0.1,2013,2017
47,Tennessee,47139,Polk,0.13,2013,2017
47,Tennessee,47141,Putnam,0.21,2013,2017
47,Tennessee,47143,Rhea,0.18,2013,2017
47,Tennessee,47145,Roane,0.22999999999999998,2013,2017
47,Tennessee,47147,Robertson,0.24,2013,2017
47,Tennessee,47149,Rutherford,0.315,2013,2017
47,Tennessee,47151,Scott,0.13,2013,2017
47,Tennessee,47153,Sequatchie,0.125,2013,2017
47,Tennessee,47155,Sevier,0.165,2013,2017
47,Tennessee,47157,Shelby,0.395,2013,2017
47,Tennessee,47159,Smith,0.18,2013,2017
47,Tennessee,47161,Stewart,0.135,2013,2017
47,Tennessee,47163,Sullivan,0.235,2013,2017
47,Tennessee,47165,Sumner,0.255,2013,2017
47,Tennessee,47167,Tipton,0.2,2013,2017
47,Tennessee,47169,Trousdale,0.155,2013,2017
47,Tennessee,47171,Unicoi,0.125,2013,2017
47,Tennessee,47173,Union,0.165,2013,2017
47,Tennessee,47175,Van Buren,0.1,2013,2017
47,Tennessee,47177,Warren,0.135,2013,2017
47,Tennessee,47179,Washington,0.21,2013,2017
47,Tennessee,47181,Wayne,0.11000000000000001,2013,2017
47,Tennessee,47183,Weakley,0.135,2013,2017
47,Tennessee,47185,White,0.13,2013,2017
47,Tennessee,47187,Williamson,0.31,2013,2017
47,Tennessee,47189,Wilson,0.26,2013,2017
48,Texas,48001,Anderson,0.145,2013,2017
48,Texas,48003,Andrews,0.09,2013,2017
48,Texas,48005,Angelina,0.18,2013,2017
48,Texas,48007,Aransas,0.1,2013,2017
48,Texas,48009,Archer,0.1,2013,2017
48,Texas,48011,Armstrong,0.09,2013,2017
48,Texas,48013,Atascosa,0.12000000000000001,2013,2017
48,Texas,48015,Austin,0.2,2013,2017
48,Texas,48017,Bailey,0.07,2013,2017
48,Texas,48019,Bandera,0.07,2013,2017
48,Texas,48021,Bastrop,0.13,2013,2017
48,Texas,48023,Baylor,0.09,2013,2017
48,Texas,48025,Bee,0.095,2013,2017
48,Texas,48027,Bell,0.245,2013,2017
48,Texas,48029,Bexar,0.3,2013,2017
48,Texas,48031,Blanco,0.095,2013,2017
48,Texas,48033,Borden,0.05500000000000001,2013,2017
48,Texas,48035,Bosque,0.125,2013,2017
48,Texas,48037,Bowie,0.22,2013,2017
48,Texas,48039,Brazoria,0.225,2013,2017
48,Texas,48041,Brazos,0.225,2013,2017
48,Texas,48043,Brewster,0.030000000000000002,2013,2017
48,Texas,48045,Briscoe,0.05500000000000001,2013,2017
48,Texas,48047,Brooks,0.08,2013,2017
48,Texas,48049,Brown,0.12,2013,2017
48,Texas,48051,Burleson,0.16,2013,2017
48,Texas,48053,Burnet,0.1,2013,2017
48,Texas,48055,Caldwell,0.14,2013,2017
48,Texas,48057,Calhoun,0.13,2013,2017
48,Texas,48059,Callahan,0.095,2013,2017
48,Texas,48061,Cameron,0.125,2013,2017
48,Texas,48063,Camp,0.155,2013,2017
48,Texas,48065,Carson,0.1,2013,2017
48,Texas,48067,Cass,0.135,2013,2017
48,Texas,48069,Castro,0.08,2013,2017
48,Texas,48071,Chambers,0.245,2013,2017
48,Texas,48073,Cherokee,0.125,2013,2017
48,Texas,48075,Childress,0.13,2013,2017
48,Texas,48077,Clay,0.135,2013,2017
48,Texas,48079,Cochran,0.05,2013,2017
48,Texas,48081,Coke,0.05,2013,2017
48,Texas,48083,Coleman,0.07,2013,2017
48,Texas,48085,Collin,0.33,2013,2017
48,Texas,48087,Collingsworth,0.08,2013,2017
48,Texas,48089,Colorado,0.165,2013,2017
48,Texas,48091,Comal,0.175,2013,2017
48,Texas,48093,Comanche,0.08499999999999999,2013,2017
48,Texas,48095,Concho,0.05500000000000001,2013,2017
48,Texas,48097,Cooke,0.22,2013,2017
48,Texas,48099,Coryell,0.145,2013,2017
48,Texas,48101,Cottle,0.06,2013,2017
48,Texas,48103,Crane,0.055,2013,2017
48,Texas,48105,Crockett,0.06,2013,2017
48,Texas,48107,Crosby,0.07,2013,2017
48,Texas,48109,Culberson,0.060000000000000005,2013,2017
48,Texas,48111,Dallam,0.08,2013,2017
48,Texas,48113,Dallas,0.42,2013,2017
48,Texas,48115,Dawson,0.07,2013,2017
48,Texas,48117,Deaf Smith,0.11000000000000001,2013,2017
48,Texas,48119,Delta,0.17,2013,2017
48,Texas,48121,Denton,0.365,2013,2017
48,Texas,48123,DeWitt,0.12000000000000001,2013,2017
48,Texas,48125,Dickens,0.06,2013,2017
48,Texas,48127,Dimmit,0.09000000000000001,2013,2017
48,Texas,48129,Donley,0.1,2013,2017
48,Texas,48131,Duval,0.065,2013,2017
48,Texas,48133,Eastland,0.115,2013,2017
48,Texas,48135,Ector,0.135,2013,2017
48,Texas,48137,Edwards,0.04,2013,2017
48,Texas,48139,Ellis,0.26,2013,2017
48,Texas,48141,El Paso,0.26,2013,2017
48,Texas,48143,Erath,0.10500000000000001,2013,2017
48,Texas,48145,Falls,0.15000000000000002,2013,2017
48,Texas,48147,Fannin,0.14,2013,2017
48,Texas,48149,Fayette,0.135,2013,2017
48,Texas,48151,Fisher,0.07,2013,2017
48,Texas,48153,Floyd,0.07,2013,2017
48,Texas,48155,Foard,0.07500000000000001,2013,2017
48,Texas,48157,Fort Bend,0.315,2013,2017
48,Texas,48159,Franklin,0.15,2013,2017
48,Texas,48161,Freestone,0.15000000000000002,2013,2017
48,Texas,48163,Frio,0.13,2013,2017
48,Texas,48165,Gaines,0.07,2013,2017
48,Texas,48167,Galveston,0.27,2013,2017
48,Texas,48169,Garza,0.065,2013,2017
48,Texas,48171,Gillespie,0.08499999999999999,2013,2017
48,Texas,48173,Glasscock,0.045,2013,2017
48,Texas,48175,Goliad,0.09,2013,2017
48,Texas,48177,Gonzales,0.125,2013,2017
48,Texas,48179,Gray,0.115,2013,2017
48,Texas,48181,Grayson,0.21000000000000002,2013,2017
48,Texas,48183,Gregg,0.20500000000000002,2013,2017
48,Texas,48185,Grimes,0.165,2013,2017
48,Texas,48187,Guadalupe,0.18,2013,2017
48,Texas,48189,Hale,0.11,2013,2017
48,Texas,48191,Hall,0.08499999999999999,2013,2017
48,Texas,48193,Hamilton,0.095,2013,2017
48,Texas,48195,Hansford,0.07,2013,2017
48,Texas,48197,Hardeman,0.105,2013,2017
48,Texas,48199,Hardin,0.18,2013,2017
48,Texas,48201,Harris,0.53,2013,2017
48,Texas,48203,Harrison,0.17,2013,2017
48,Texas,48205,Hartley,0.08,2013,2017
48,Texas,48207,Haskell,0.08499999999999999,2013,2017
48,Texas,48209,Hays,0.195,2013,2017
48,Texas,48211,Hemphill,0.09,2013,2017
48,Texas,48213,Henderson,0.135,2013,2017
48,Texas,48215,Hidalgo,0.155,2013,2017
48,Texas,48217,Hill,0.185,2013,2017
48,Texas,48219,Hockley,0.08499999999999999,2013,2017
48,Texas,48221,Hood,0.14,2013,2017
48,Texas,48223,Hopkins,0.17,2013,2017
48,Texas,48225,Houston,0.125,2013,2017
48,Texas,48227,Howard,0.11000000000000001,2013,2017
48,Texas,48229,Hudspeth,0.05,2013,2017
48,Texas,48231,Hunt,0.235,2013,2017
48,Texas,48233,Hutchinson,0.095,2013,2017
48,Texas,48235,Irion,0.045,2013,2017
48,Texas,48237,Jack,0.10500000000000001,2013,2017
48,Texas,48239,Jackson,0.14,2013,2017
48,Texas,48241,Jasper,0.14500000000000002,2013,2017
48,Texas,48243,Jeff Davis,0.015,2013,2017
48,Texas,48245,Jefferson,0.325,2013,2017
48,Texas,48247,Jim Hogg,0.055,2013,2017
48,Texas,48249,Jim Wells,0.08499999999999999,2013,2017
48,Texas,48251,Johnson,0.23500000000000001,2013,2017
48,Texas,48253,Jones,0.09,2013,2017
48,Texas,48255,Karnes,0.1,2013,2017
48,Texas,48257,Kaufman,0.2,2013,2017
48,Texas,48259,Kendall,0.12000000000000001,2013,2017
48,Texas,48261,Kenedy,0.06,2013,2017
48,Texas,48263,Kent,0.05500000000000001,2013,2017
48,Texas,48265,Kerr,0.075,2013,2017
48,Texas,48267,Kimble,0.055,2013,2017
48,Texas,48269,King,0.065,2013,2017
48,Texas,48271,Kinney,0.05,2013,2017
48,Texas,48273,Kleberg,0.11000000000000001,2013,2017
48,Texas,48275,Knox,0.07500000000000001,2013,2017
48,Texas,48277,Lamar,0.14,2013,2017
48,Texas,48279,Lamb,0.07500000000000001,2013,2017
48,Texas,48281,Lampasas,0.11,2013,2017
48,Texas,48283,La Salle,0.11,2013,2017
48,Texas,48285,Lavaca,0.125,2013,2017
48,Texas,48287,Lee,0.13,2013,2017
48,Texas,48289,Leon,0.14500000000000002,2013,2017
48,Texas,48291,Liberty,0.20500000000000002,2013,2017
48,Texas,48293,Limestone,0.14500000000000002,2013,2017
48,Texas,48295,Lipscomb,0.07,2013,2017
48,Texas,48297,Live Oak,0.08499999999999999,2013,2017
48,Texas,48299,Llano,0.08,2013,2017
48,Texas,48301,Loving,0.05,2013,2017
48,Texas,48303,Lubbock,0.19,2013,2017
48,Texas,48305,Lynn,0.07,2013,2017
48,Texas,48307,McCulloch,0.08499999999999999,2013,2017
48,Texas,48309,McLennan,0.27,2013,2017
48,Texas,48311,McMullen,0.05500000000000001,2013,2017
48,Texas,48313,Madison,0.155,2013,2017
48,Texas,48315,Marion,0.135,2013,2017
48,Texas,48317,Martin,0.08,2013,2017
48,Texas,48319,Mason,0.06,2013,2017
48,Texas,48321,Matagorda,0.165,2013,2017
48,Texas,48323,Maverick,0.085,2013,2017
48,Texas,48325,Medina,0.12000000000000001,2013,2017
48,Texas,48327,Menard,0.05,2013,2017
48,Texas,48329,Midland,0.145,2013,2017
48,Texas,48331,Milam,0.155,2013,2017
48,Texas,48333,Mills,0.08499999999999999,2013,2017
48,Texas,48335,Mitchell,0.09,2013,2017
48,Texas,48337,Montague,0.15000000000000002,2013,2017
48,Texas,48339,Montgomery,0.28500000000000003,2013,2017
48,Texas,48341,Moore,0.105,2013,2017
48,Texas,48343,Morris,0.135,2013,2017
48,Texas,48345,Motley,0.05500000000000001,2013,2017
48,Texas,48347,Nacogdoches,0.155,2013,2017
48,Texas,48349,Navarro,0.175,2013,2017
48,Texas,48351,Newton,0.125,2013,2017
48,Texas,48353,Nolan,0.11000000000000001,2013,2017
48,Texas,48355,Nueces,0.145,2013,2017
48,Texas,48357,Ochiltree,0.10500000000000001,2013,2017
48,Texas,48359,Oldham,0.07500000000000001,2013,2017
48,Texas,48361,Orange,0.28,2013,2017
48,Texas,48363,Palo Pinto,0.125,2013,2017
48,Texas,48365,Panola,0.14,2013,2017
48,Texas,48367,Parker,0.19,2013,2017
48,Texas,48369,Parmer,0.1,2013,2017
48,Texas,48371,Pecos,0.055,2013,2017
48,Texas,48373,Polk,0.15,2013,2017
48,Texas,48375,Potter,0.3,2013,2017
48,Texas,48377,Presidio,0.030000000000000002,2013,2017
48,Texas,48379,Rains,0.135,2013,2017
48,Texas,48381,Randall,0.23,2013,2017
48,Texas,48383,Reagan,0.06,2013,2017
48,Texas,48385,Real,0.06,2013,2017
48,Texas,48387,Red River,0.11499999999999999,2013,2017
48,Texas,48389,Reeves,0.09,2013,2017
48,Texas,48391,Refugio,0.095,2013,2017
48,Texas,48393,Roberts,0.08,2013,2017
48,Texas,48395,Robertson,0.155,2013,2017
48,Texas,48397,Rockwall,0.26,2013,2017
48,Texas,48399,Runnels,0.07,2013,2017
48,Texas,48401,Rusk,0.13,2013,2017
48,Texas,48403,Sabine,0.1,2013,2017
48,Texas,48405,San Augustine,0.1,2013,2017
48,Texas,48407,San Jacinto,0.165,2013,2017
48,Texas,48409,San Patricio,0.135,2013,2017
48,Texas,48411,San Saba,0.07500000000000001,2013,2017
48,Texas,48413,Schleicher,0.05,2013,2017
48,Texas,48415,Scurry,0.08,2013,2017
48,Texas,48417,Shackelford,0.08,2013,2017
48,Texas,48419,Shelby,0.115,2013,2017
48,Texas,48421,Sherman,0.09,2013,2017
48,Texas,48423,Smith,0.185,2013,2017
48,Texas,48425,Somervell,0.13,2013,2017
48,Texas,48427,Starr,0.06,2013,2017
48,Texas,48429,Stephens,0.08499999999999999,2013,2017
48,Texas,48431,Sterling,0.05,2013,2017
48,Texas,48433,Stonewall,0.06,2013,2017
48,Texas,48435,Sutton,0.055,2013,2017
48,Texas,48437,Swisher,0.08,2013,2017
48,Texas,48439,Tarrant,0.36,2013,2017
48,Texas,48441,Taylor,0.17,2013,2017
48,Texas,48443,Terrell,0.035,2013,2017
48,Texas,48445,Terry,0.09,2013,2017
48,Texas,48447,Throckmorton,0.07500000000000001,2013,2017
48,Texas,48449,Titus,0.175,2013,2017
48,Texas,48451,Tom Green,0.12000000000000001,2013,2017
48,Texas,48453,Travis,0.275,2013,2017
48,Texas,48455,Trinity,0.12,2013,2017
48,Texas,48457,Tyler,0.115,2013,2017
48,Texas,48459,Upshur,0.14,2013,2017
48,Texas,48461,Upton,0.055,2013,2017
48,Texas,48463,Uvalde,0.075,2013,2017
48,Texas,48465,Val Verde,0.08,2013,2017
48,Texas,48467,Van Zandt,0.14,2013,2017
48,Texas,48469,Victoria,0.185,2013,2017
48,Texas,48471,Walker,0.19999999999999998,2013,2017
48,Texas,48473,Waller,0.21,2013,2017
48,Texas,48475,Ward,0.10500000000000001,2013,2017
48,Texas,48477,Washington,0.155,2013,2017
48,Texas,48479,Webb,0.19,2013,2017
48,Texas,48481,Wharton,0.185,2013,2017
48,Texas,48483,Wheeler,0.09,2013,2017
48,Texas,48485,Wichita,0.18,2013,2017
48,Texas,48487,Wilbarger,0.12000000000000001,2013,2017
48,Texas,48489,Willacy,0.07,2013,2017
48,Texas,48491,Williamson,0.205,2013,2017
48,Texas,48493,Wilson,0.10500000000000001,2013,2017
48,Texas,48495,Winkler,0.07,2013,2017
48,Texas,48497,Wise,0.195,2013,2017
48,Texas,48499,Wood,0.13,2013,2017
48,Texas,48501,Yoakum,0.06,2013,2017
48,Texas,48503,Young,0.095,2013,2017
48,Texas,48505,Zapata,0.05,2013,2017
48,Texas,48507,Zavala,0.075,2013,2017
49,Utah,49001,Beaver,0.10500000000000001,2013,2017
49,Utah,49003,Box Elder,0.16499999999999998,2013,2017
49,Utah,49005,Cache,0.15,2013,2017
49,Utah,49007,Carbon,0.095,2013,2017
49,Utah,49009,Daggett,0.025,2013,2017
49,Utah,49011,Davis,0.45,2013,2017
49,Utah,49013,Duchesne,0.04,2013,2017
49,Utah,49015,Emery,0.04,2013,2017
49,Utah,49017,Garfield,0.02,2013,2017
49,Utah,49019,Grand,0.05,2013,2017
49,Utah,49021,Iron,0.075,2013,2017
49,Utah,49023,Juab,0.08,2013,2017
49,Utah,49025,Kane,0.03,2013,2017
49,Utah,49027,Millard,0.06,2013,2017
49,Utah,49029,Morgan,0.155,2013,2017
49,Utah,49031,Piute,0.025,2013,2017
49,Utah,49033,Rich,0.045,2013,2017
49,Utah,49035,Salt Lake,0.525,2013,2017
49,Utah,49037,San Juan,0.02,2013,2017
49,Utah,49039,Sanpete,0.04,2013,2017
49,Utah,49041,Sevier,0.06,2013,2017
49,Utah,49043,Summit,0.115,2013,2017
49,Utah,49045,Tooele,0.08,2013,2017
49,Utah,49047,Uintah,0.045000000000000005,2013,2017
49,Utah,49049,Utah,0.33,2013,2017
49,Utah,49051,Wasatch,0.09000000000000001,2013,2017
49,Utah,49053,Washington,0.215,2013,2017
49,Utah,49055,Wayne,0.02,2013,2017
49,Utah,49057,Weber,0.41,2013,2017
50,Vermont,50001,Addison,0.075,2013,2017
50,Vermont,50003,Bennington,0.07500000000000001,2013,2017
50,Vermont,50005,Caledonia,0.060000000000000005,2013,2017
50,Vermont,50007,Chittenden,0.12000000000000001,2013,2017
50,Vermont,50009,Essex,0.04,2013,2017
50,Vermont,50011,Franklin,0.065,2013,2017
50,Vermont,50013,Grand Isle,0.09,2013,2017
50,Vermont,50015,Lamoille,0.05,2013,2017
50,Vermont,50017,Orange,0.065,2013,2017
50,Vermont,50019,Orleans,0.05,2013,2017
50,Vermont,50021,Rutland,0.075,2013,2017
50,Vermont,50023,Washington,0.075,2013,2017
50,Vermont,50025,Windham,0.08499999999999999,2013,2017
50,Vermont,50027,Windsor,0.07500000000000001,2013,2017
51,Virginia,51001,Accomack,0.14,2013,2017
51,Virginia,51003,Albemarle,0.17,2013,2017
51,Virginia,51005,Alleghany,0.15,2013,2017
51,Virginia,51007,Amelia,0.14,2013,2017
51,Virginia,51009,Amherst,0.14500000000000002,2013,2017
51,Virginia,51011,Appomattox,0.145,2013,2017
51,Virginia,51013,Arlington,0.77,2013,2017
51,Virginia,51015,Augusta,0.14,2013,2017
51,Virginia,51017,Bath,0.08,2013,2017
51,Virginia,51019,Bedford,0.15,2013,2017
51,Virginia,51021,Bland,0.1,2013,2017
51,Virginia,51023,Botetourt,0.16999999999999998,2013,2017
51,Virginia,51025,Brunswick,0.14,2013,2017
51,Virginia,51027,Buchanan,0.095,2013,2017
51,Virginia,51029,Buckingham,0.125,2013,2017
51,Virginia,51031,Campbell,0.175,2013,2017
51,Virginia,51033,Caroline,0.235,2013,2017
51,Virginia,51035,Carroll,0.12,2013,2017
51,Virginia,51036,Charles City,0.16,2013,2017
51,Virginia,51037,Charlotte,0.12,2013,2017
51,Virginia,51041,Chesterfield,0.255,2013,2017
51,Virginia,51043,Clarke,0.20500000000000002,2013,2017
51,Virginia,51045,Craig,0.09,2013,2017
51,Virginia,51047,Culpeper,0.185,2013,2017
51,Virginia,51049,Cumberland,0.13,2013,2017
51,Virginia,51051,Dickenson,0.1,2013,2017
51,Virginia,51053,Dinwiddie,0.18,2013,2017
51,Virginia,51057,Essex,0.155,2013,2017
51,Virginia,51059,Fairfax,0.51,2013,2017
51,Virginia,51061,Fauquier,0.215,2013,2017
51,Virginia,51063,Floyd,0.09,2013,2017
51,Virginia,51065,Fluvanna,0.15000000000000002,2013,2017
51,Virginia,51067,Franklin,0.125,2013,2017
51,Virginia,51069,Frederick,0.20500000000000002,2013,2017
51,Virginia,51071,Giles,0.12,2013,2017
51,Virginia,51073,Gloucester,0.165,2013,2017
51,Virginia,51075,Goochland,0.195,2013,2017
51,Virginia,51077,Grayson,0.08,2013,2017
51,Virginia,51079,Greene,0.13,2013,2017
51,Virginia,51081,Greensville,0.18,2013,2017
51,Virginia,51083,Halifax,0.135,2013,2017
51,Virginia,51085,Hanover,0.265,2013,2017
51,Virginia,51087,Henrico,0.355,2013,2017
51,Virginia,51089,Henry,0.14500000000000002,2013,2017
51,Virginia,51091,Highland,0.060000000000000005,2013,2017
51,Virginia,51093,Isle of Wight,0.16499999999999998,2013,2017
51,Virginia,51095,James City,0.215,2013,2017
51,Virginia,51097,King and Queen,0.14500000000000002,2013,2017
51,Virginia,51099,King George,0.20500000000000002,2013,2017
51,Virginia,51101,King William,0.16999999999999998,2013,2017
51,Virginia,51103,Lancaster,0.135,2013,2017
51,Virginia,51105,Lee,0.10500000000000001,2013,2017
51,Virginia,51107,Loudoun,0.31,2013,2017
51,Virginia,51109,Louisa,0.165,2013,2017
51,Virginia,51111,Lunenburg,0.125,2013,2017
51,Virginia,51113,Madison,0.12,2013,2017
51,Virginia,51115,Mathews,0.145,2013,2017
51,Virginia,51117,Mecklenburg,0.14500000000000002,2013,2017
51,Virginia,51119,Middlesex,0.14,2013,2017
51,Virginia,51121,Montgomery,0.185,2013,2017
51,Virginia,51125,Nelson,0.11499999999999999,2013,2017
51,Virginia,51127,New Kent,0.22499999999999998,2013,2017
51,Virginia,51131,Northampton,0.16,2013,2017
51,Virginia,51133,Northumberland,0.135,2013,2017
51,Virginia,51135,Nottoway,0.155,2013,2017
51,Virginia,51137,Orange,0.155,2013,2017
51,Virginia,51139,Page,0.11000000000000001,2013,2017
51,Virginia,51141,Patrick,0.095,2013,2017
51,Virginia,51143,Pittsylvania,0.145,2013,2017
51,Virginia,51145,Powhatan,0.165,2013,2017
51,Virginia,51147,Prince Edward,0.14500000000000002,2013,2017
51,Virginia,51149,Prince George,0.195,2013,2017
51,Virginia,51153,Prince William,0.38,2013,2017
51,Virginia,51155,Pulaski,0.155,2013,2017
51,Virginia,51157,Rappahannock,0.11499999999999999,2013,2017
51,Virginia,51159,Richmond,0.14500000000000002,2013,2017
51,Virginia,51161,Roanoke,0.185,2013,2017
51,Virginia,51163,Rockbridge,0.15,2013,2017
51,Virginia,51165,Rockingham,0.14,2013,2017
51,Virginia,51167,Russell,0.1,2013,2017
51,Virginia,51169,Scott,0.135,2013,2017
51,Virginia,51171,Shenandoah,0.17,2013,2017
51,Virginia,51173,Smyth,0.11,2013,2017
51,Virginia,51175,Southampton,0.14,2013,2017
51,Virginia,51177,Spotsylvania,0.23500000000000001,2013,2017
51,Virginia,51179,Stafford,0.32999999999999996,2013,2017
51,Virginia,51181,Surry,0.145,2013,2017
51,Virginia,51183,Sussex,0.16499999999999998,2013,2017
51,Virginia,51185,Tazewell,0.09,2013,2017
51,Virginia,51187,Warren,0.185,2013,2017
51,Virginia,51191,Washington,0.14500000000000002,2013,2017
51,Virginia,51193,Westmoreland,0.15,2013,2017
51,Virginia,51195,Wise,0.10500000000000001,2013,2017
51,Virginia,51197,Wythe,0.15,2013,2017
51,Virginia,51199,York,0.255,2013,2017
51,Virginia,51510,Alexandria,0.66,2013,2017
51,Virginia,51520,Bristol,0.26,2013,2017
51,Virginia,51530,Buena Vista,0.145,2013,2017
51,Virginia,51540,Charlottesville,0.355,2013,2017
51,Virginia,51550,Chesapeake,0.26,2013,2017
51,Virginia,51570,Colonial Heights,0.32,2013,2017
51,Virginia,51580,Covington,0.16999999999999998,2013,2017
51,Virginia,51590,Danville,0.23,2013,2017
51,Virginia,51595,Emporia,0.31,2013,2017
51,Virginia,51600,Fairfax City,0.5,2013,2017
51,Virginia,51610,Falls Church,0.735,2013,2017
51,Virginia,51620,Franklin City,0.185,2013,2017
51,Virginia,51630,Fredericksburg,0.475,2013,2017
51,Virginia,51640,Galax,0.10500000000000001,2013,2017
51,Virginia,51650,Hampton,0.32,2013,2017
51,Virginia,51660,Harrisonburg,0.30000000000000004,2013,2017
51,Virginia,51670,Hopewell,0.29,2013,2017
51,Virginia,51678,Lexington,0.2,2013,2017
51,Virginia,51680,Lynchburg,0.275,2013,2017
51,Virginia,51683,Manassas,0.365,2013,2017
51,Virginia,51685,Manassas Park,0.34,2013,2017
51,Virginia,51690,Martinsville,0.2,2013,2017
51,Virginia,51700,Newport News,0.275,2013,2017
51,Virginia,51710,Norfolk,0.485,2013,2017
51,Virginia,51720,Norton,0.13,2013,2017
51,Virginia,51730,Petersburg,0.345,2013,2017
51,Virginia,51735,Poquoson,0.185,2013,2017
51,Virginia,51740,Portsmouth,0.35,2013,2017
51,Virginia,51750,Radford,0.23,2013,2017
51,Virginia,51760,Richmond City,0.44500000000000006,2013,2017
51,Virginia,51770,Roanoke City,0.315,2013,2017
51,Virginia,51775,Salem,0.225,2013,2017
51,Virginia,51790,Staunton,0.19,2013,2017
51,Virginia,51800,Suffolk,0.19,2013,2017
51,Virginia,51810,Virginia Beach,0.275,2013,2017
51,Virginia,51820,Waynesboro,0.21500000000000002,2013,2017
51,Virginia,51830,Williamsburg,0.265,2013,2017
51,Virginia,51840,Winchester,0.375,2013,2017
53,Washington,53001,Adams,0.1,2013,2017
53,Washington,53003,Asotin,0.1,2013,2017
53,Washington,53005,Benton,0.175,2013,2017
53,Washington,53007,Chelan,0.065,2013,2017
53,Washington,53009,Clallam,0.135,2013,2017
53,Washington,53011,Clark,0.32499999999999996,2013,2017
53,Washington,53013,Columbia,0.05,2013,2017
53,Washington,53015,Cowlitz,0.20500000000000002,2013,2017
53,Washington,53017,Douglas,0.07,2013,2017
53,Washington,53019,Ferry,0.02,2013,2017
53,Washington,53021,Franklin,0.21000000000000002,2013,2017
53,Washington,53023,Garfield,0.04,2013,2017
53,Washington,53025,Grant,0.08,2013,2017
53,Washington,53027,Grays Harbor,0.075,2013,2017
53,Washington,53029,Island,0.245,2013,2017
53,Washington,53031,Jefferson,0.13,2013,2017
53,Washington,53033,King,0.56,2013,2017
53,Washington,53035,Kitsap,0.29500000000000004,2013,2017
53,Washington,53037,Kittitas,0.09000000000000001,2013,2017
53,Washington,53039,Klickitat,0.07500000000000001,2013,2017
53,Washington,53041,Lewis,0.14,2013,2017
53,Washington,53043,Lincoln,0.065,2013,2017
53,Washington,53045,Mason,0.11,2013,2017
53,Washington,53047,Okanogan,0.03,2013,2017
53,Washington,53049,Pacific,0.05500000000000001,2013,2017
53,Washington,53051,Pend Oreille,0.045,2013,2017
53,Washington,53053,Pierce,0.425,2013,2017
53,Washington,53055,San Juan,0.135,2013,2017
53,Washington,53057,Skagit,0.21000000000000002,2013,2017
53,Washington,53059,Skamania,0.1,2013,2017
53,Washington,53061,Snohomish,0.39,2013,2017
53,Washington,53063,Spokane,0.26,2013,2017
53,Washington,53065,Stevens,0.045,2013,2017
53,Washington,53067,Thurston,0.285,2013,2017
53,Washington,53069,Wahkiakum,0.065,2013,2017
53,Washington,53071,Walla Walla,0.12,2013,2017
53,Washington,53073,Whatcom,0.2,2013,2017
53,Washington,53075,Whitman,0.06,2013,2017
53,Washington,53077,Yakima,0.125,2013,2017
54,West Virginia,54001,Barbour,0.08499999999999999,2013,2017
54,West Virginia,54003,Berkeley,0.385,2013,2017
54,West Virginia,54005,Boone,0.11000000000000001,2013,2017
54,West Virginia,54007,Braxton,0.11,2013,2017
54,West Virginia,54009,Brooke,0.21000000000000002,2013,2017
54,West Virginia,54011,Cabell,0.245,2013,2017
54,West Virginia,54013,Calhoun,0.11,2013,2017
54,West Virginia,54015,Clay,0.1,2013,2017
54,West Virginia,54017,Doddridge,0.10500000000000001,2013,2017
54,West Virginia,54019,Fayette,0.125,2013,2017
54,West Virginia,54021,Gilmer,0.1,2013,2017
54,West Virginia,54023,Grant,0.07500000000000001,2013,2017
54,West Virginia,54025,Greenbrier,0.1,2013,2017
54,West Virginia,54027,Hampshire,0.11000000000000001,2013,2017
54,West Virginia,54029,Hancock,0.21999999999999997,2013,2017
54,West Virginia,54031,Hardy,0.09,2013,2017
54,West Virginia,54033,Harrison,0.185,2013,2017
54,West Virginia,54035,Jackson,0.165,2013,2017
54,West Virginia,54037,Jefferson,0.275,2013,2017
54,West Virginia,54039,Kanawha,0.235,2013,2017
54,West Virginia,54041,Lewis,0.125,2013,2017
54,West Virginia,54043,Lincoln,0.12,2013,2017
54,West Virginia,54045,Logan,0.11000000000000001,2013,2017
54,West Virginia,54047,McDowell,0.11,2013,2017
54,West Virginia,54049,Marion,0.15,2013,2017
54,West Virginia,54051,Marshall,0.16999999999999998,2013,2017
54,West Virginia,54053,Mason,0.175,2013,2017
54,West Virginia,54055,Mercer,0.14,2013,2017
54,West Virginia,54057,Mineral,0.125,2013,2017
54,West Virginia,54059,Mingo,0.14,2013,2017
54,West Virginia,54061,Monongalia,0.205,2013,2017
54,West Virginia,54063,Monroe,0.095,2013,2017
54,West Virginia,54065,Morgan,0.155,2013,2017
54,West Virginia,54067,Nicholas,0.09,2013,2017
54,West Virginia,54069,Ohio,0.32,2013,2017
54,West Virginia,54071,Pendleton,0.065,2013,2017
54,West Virginia,54073,Pleasants,0.135,2013,2017
54,West Virginia,54075,Pocahontas,0.065,2013,2017
54,West Virginia,54077,Preston,0.1,2013,2017
54,West Virginia,54079,Putnam,0.185,2013,2017
54,West Virginia,54081,Raleigh,0.14,2013,2017
54,West Virginia,54083,Randolph,0.08499999999999999,2013,2017
54,West Virginia,54085,Ritchie,0.10500000000000001,2013,2017
54,West Virginia,54087,Roane,0.11,2013,2017
54,West Virginia,54089,Summers,0.10500000000000001,2013,2017
54,West Virginia,54091,Taylor,0.11000000000000001,2013,2017
54,West Virginia,54093,Tucker,0.07,2013,2017
54,West Virginia,54095,Tyler,0.135,2013,2017
54,West Virginia,54097,Upshur,0.09,2013,2017
54,West Virginia,54099,Wayne,0.175,2013,2017
54,West Virginia,54101,Webster,0.07,2013,2017
54,West Virginia,54103,Wetzel,0.145,2013,2017
54,West Virginia,54105,Wirt,0.11000000000000001,2013,2017
54,West Virginia,54107,Wood,0.22,2013,2017
54,West Virginia,54109,Wyoming,0.1,2013,2017
55,Wisconsin,55001,Adams,0.11499999999999999,2013,2017
55,Wisconsin,55003,Ashland,0.075,2013,2017
55,Wisconsin,55005,Barron,0.1,2013,2017
55,Wisconsin,55007,Bayfield,0.05500000000000001,2013,2017
55,Wisconsin,55009,Brown,0.185,2013,2017
55,Wisconsin,55011,Buffalo,0.125,2013,2017
55,Wisconsin,55013,Burnett,0.08,2013,2017
55,Wisconsin,55015,Calumet,0.15,2013,2017
55,Wisconsin,55017,Chippewa,0.11,2013,2017
55,Wisconsin,55019,Clark,0.1,2013,2017
55,Wisconsin,55021,Columbia,0.16499999999999998,2013,2017
55,Wisconsin,55023,Crawford,0.14,2013,2017
55,Wisconsin,55025,Dane,0.22,2013,2017
55,Wisconsin,55027,Dodge,0.155,2013,2017
55,Wisconsin,55029,Door,0.095,2013,2017
55,Wisconsin,55031,Douglas,0.15,2013,2017
55,Wisconsin,55033,Dunn,0.135,2013,2017
55,Wisconsin,55035,Eau Claire,0.16499999999999998,2013,2017
55,Wisconsin,55037,Florence,0.05,2013,2017
55,Wisconsin,55039,Fond du Lac,0.17,2013,2017
55,Wisconsin,55041,Forest,0.06,2013,2017
55,Wisconsin,55043,Grant,0.14,2013,2017
55,Wisconsin,55045,Green,0.14500000000000002,2013,2017
55,Wisconsin,55047,Green Lake,0.125,2013,2017
55,Wisconsin,55049,Iowa,0.11499999999999999,2013,2017
55,Wisconsin,55051,Iron,0.05500000000000001,2013,2017
55,Wisconsin,55053,Jackson,0.14,2013,2017
55,Wisconsin,55055,Jefferson,0.2,2013,2017
55,Wisconsin,55057,Juneau,0.15000000000000002,2013,2017
55,Wisconsin,55059,Kenosha,0.305,2013,2017
55,Wisconsin,55061,Kewaunee,0.10500000000000001,2013,2017
55,Wisconsin,55063,La Crosse,0.205,2013,2017
55,Wisconsin,55065,Lafayette,0.125,2013,2017
55,Wisconsin,55067,Langlade,0.08,2013,2017
55,Wisconsin,55069,Lincoln,0.08,2013,2017
55,Wisconsin,55071,Manitowoc,0.14,2013,2017
55,Wisconsin,55073,Marathon,0.125,2013,2017
55,Wisconsin,55075,Marinette,0.08,2013,2017
55,Wisconsin,55077,Marquette,0.125,2013,2017
55,Wisconsin,55078,Menominee,0.07,2013,2017
55,Wisconsin,55079,Milwaukee,0.41500000000000004,2013,2017
55,Wisconsin,55081,Monroe,0.135,2013,2017
55,Wisconsin,55083,Oconto,0.08499999999999999,2013,2017
55,Wisconsin,55085,Oneida,0.065,2013,2017
55,Wisconsin,55087,Outagamie,0.19,2013,2017
55,Wisconsin,55089,Ozaukee,0.25,2013,2017
55,Wisconsin,55091,Pepin,0.135,2013,2017
55,Wisconsin,55093,Pierce,0.16,2013,2017
55,Wisconsin,55095,Polk,0.1,2013,2017
55,Wisconsin,55097,Portage,0.15,2013,2017
55,Wisconsin,55099,Price,0.06,2013,2017
55,Wisconsin,55101,Racine,0.26,2013,2017
55,Wisconsin,55103,Richland,0.11000000000000001,2013,2017
55,Wisconsin,55105,Rock,0.225,2013,2017
55,Wisconsin,55107,Rusk,0.08499999999999999,2013,2017
55,Wisconsin,55109,St. Croix,0.18,2013,2017
55,Wisconsin,55111,Sauk,0.14,2013,2017
55,Wisconsin,55113,Sawyer,0.07,2013,2017
55,Wisconsin,55115,Shawano,0.095,2013,2017
55,Wisconsin,55117,Sheboygan,0.16,2013,2017
55,Wisconsin,55119,Taylor,0.08499999999999999,2013,2017
55,Wisconsin,55121,Trempealeau,0.125,2013,2017
55,Wisconsin,55123,Vernon,0.11000000000000001,2013,2017
55,Wisconsin,55125,Vilas,0.05500000000000001,2013,2017
55,Wisconsin,55127,Walworth,0.19,2013,2017
55,Wisconsin,55129,Washburn,0.08,2013,2017
55,Wisconsin,55131,Washington,0.19,2013,2017
55,Wisconsin,55133,Waukesha,0.27,2013,2017
55,Wisconsin,55135,Waupaca,0.11499999999999999,2013,2017
55,Wisconsin,55137,Waushara,0.11000000000000001,2013,2017
55,Wisconsin,55139,Winnebago,0.2,2013,2017
55,Wisconsin,55141,Wood,0.125,2013,2017
56,Wyoming,56001,Albany,0.11,2013,2017
56,Wyoming,56003,Big Horn,0.03,2013,2017
56,Wyoming,56005,Campbell,0.075,2013,2017
56,Wyoming,56007,Carbon,0.065,2013,2017
56,Wyoming,56009,Converse,0.09000000000000001,2013,2017
56,Wyoming,56011,Crook,0.045000000000000005,2013,2017
56,Wyoming,56013,Fremont,0.030000000000000002,2013,2017
56,Wyoming,56015,Goshen,0.1,2013,2017
56,Wyoming,56017,Hot Springs,0.025,2013,2017
56,Wyoming,56019,Johnson,0.025,2013,2017
56,Wyoming,56021,Laramie,0.165,2013,2017
56,Wyoming,56023,Lincoln,0.035,2013,2017
56,Wyoming,56025,Natrona,0.09,2013,2017
56,Wyoming,56027,Niobrara,0.06,2013,2017
56,Wyoming,56029,Park,0.030000000000000002,2013,2017
56,Wyoming,56031,Platte,0.075,2013,2017
56,Wyoming,56033,Sheridan,0.105,2013,2017
56,Wyoming,56035,Sublette,0.02,2013,2017
56,Wyoming,56037,Sweetwater,0.13999999999999999,2013,2017
56,Wyoming,56039,Teton,0.030000000000000002,2013,2017
56,Wyoming,56041,Uinta,0.12000000000000001,2013,2017
56,Wyoming,56043,Washakie,0.04,2013,2017
56,Wyoming,56045,Weston,0.06,2013,2017
72,Puerto Rico,72001,Adjuntas,0.02,2013,2017
72,Puerto Rico,72003,Aguada,0.05,2013,2017
72,Puerto Rico,72005,Aguadilla,0.045,2013,2017
72,Puerto Rico,72007,Aguas Buenas,0.07500000000000001,2013,2017
72,Puerto Rico,72009,Aibonito,0.04,2013,2017
72,Puerto Rico,72011,A?asco,0.04,2013,2017
72,Puerto Rico,72013,Arecibo,0.035,2013,2017
72,Puerto Rico,72015,Arroyo,0.03,2013,2017
72,Puerto Rico,72017,Barceloneta,0.065,2013,2017
72,Puerto Rico,72019,Barranquitas,0.05,2013,2017
72,Puerto Rico,72021,Bayam?n,0.295,2013,2017
72,Puerto Rico,72023,Cabo Rojo,0.035,2013,2017
72,Puerto Rico,72025,Caguas,0.09,2013,2017
72,Puerto Rico,72027,Camuy,0.03,2013,2017
72,Puerto Rico,72029,Can?vanas,0.05,2013,2017
72,Puerto Rico,72031,Carolina,0.13,2013,2017
72,Puerto Rico,72033,Cata?o,0.5549999999999999,2013,2017
72,Puerto Rico,72035,Cayey,0.04,2013,2017
72,Puerto Rico,72037,Ceiba,0.025,2013,2017
72,Puerto Rico,72039,Ciales,0.055,2013,2017
72,Puerto Rico,72041,Cidra,0.05,2013,2017
72,Puerto Rico,72043,Coamo,0.035,2013,2017
72,Puerto Rico,72045,Comer?o,0.06,2013,2017
72,Puerto Rico,72047,Corozal,0.095,2013,2017
72,Puerto Rico,72049,Culebra,0.075,2013,2017
72,Puerto Rico,72051,Dorado,0.16,2013,2017
72,Puerto Rico,72053,Fajardo,0.11,2013,2017
72,Puerto Rico,72054,Florida,0.05500000000000001,2013,2017
72,Puerto Rico,72055,Gu?nica,0.03,2013,2017
72,Puerto Rico,72057,Guayama,0.03,2013,2017
72,Puerto Rico,72059,Guayanilla,0.04,2013,2017
72,Puerto Rico,72061,Guaynabo,0.48,2013,2017
72,Puerto Rico,72063,Gurabo,0.07,2013,2017
72,Puerto Rico,72065,Hatillo,0.03,2013,2017
72,Puerto Rico,72067,Hormigueros,0.060000000000000005,2013,2017
72,Puerto Rico,72069,Humacao,0.04,2013,2017
72,Puerto Rico,72071,Isabela,0.025,2013,2017
72,Puerto Rico,72073,Jayuya,0.025,2013,2017
72,Puerto Rico,72075,Juana D?az,0.03,2013,2017
72,Puerto Rico,72077,Juncos,0.05,2013,2017
72,Puerto Rico,72079,Lajas,0.03,2013,2017
72,Puerto Rico,72081,Lares,0.03,2013,2017
72,Puerto Rico,72083,Las Mar?as,0.025,2013,2017
72,Puerto Rico,72085,Las Piedras,0.065,2013,2017
72,Puerto Rico,72087,Lo?za,0.060000000000000005,2013,2017
72,Puerto Rico,72089,Luquillo,0.05,2013,2017
72,Puerto Rico,72091,Manat?,0.09,2013,2017
72,Puerto Rico,72093,Maricao,0.025,2013,2017
72,Puerto Rico,72095,Maunabo,0.015,2013,2017
72,Puerto Rico,72097,Mayag?ez,0.08499999999999999,2013,2017
72,Puerto Rico,72099,Moca,0.03,2013,2017
72,Puerto Rico,72101,Morovis,0.075,2013,2017
72,Puerto Rico,72103,Naguabo,0.025,2013,2017
72,Puerto Rico,72105,Naranjito,0.11,2013,2017
72,Puerto Rico,72107,Orocovis,0.045000000000000005,2013,2017
72,Puerto Rico,72109,Patillas,0.02,2013,2017
72,Puerto Rico,72111,Pe?uelas,0.035,2013,2017
72,Puerto Rico,72113,Ponce,0.08,2013,2017
72,Puerto Rico,72115,Quebradillas,0.035,2013,2017
72,Puerto Rico,72117,Rinc?n,0.04,2013,2017
72,Puerto Rico,72119,R?o Grande,0.04,2013,2017
72,Puerto Rico,72121,Sabana Grande,0.03,2013,2017
72,Puerto Rico,72123,Salinas,0.02,2013,2017
72,Puerto Rico,72125,San Germ?n,0.025,2013,2017
72,Puerto Rico,72127,San Juan,0.45499999999999996,2013,2017
72,Puerto Rico,72129,San Lorenzo,0.045,2013,2017
72,Puerto Rico,72131,San Sebasti?n,0.03,2013,2017
72,Puerto Rico,72133,Santa Isabel,0.03,2013,2017
72,Puerto Rico,72135,Toa Alta,0.19,2013,2017
72,Puerto Rico,72137,Toa Baja,0.3,2013,2017
72,Puerto Rico,72139,Trujillo Alto,0.17,2013,2017
72,Puerto Rico,72141,Utuado,0.02,2013,2017
72,Puerto Rico,72143,Vega Alta,0.13,2013,2017
72,Puerto Rico,72145,Vega Baja,0.11000000000000001,2013,2017
72,Puerto Rico,72147,Vieques,0.015,2013,2017
72,Puerto Rico,72149,Villalba,0.03,2013,2017
72,Puerto Rico,72151,Yabucoa,0.03,2013,2017
72,Puerto Rico,72153,Yauco,0.03,2013,2017
78,Virgin Islands of the US,78010,St. Croix,0.065,2013,2017
78,Virgin Islands of the US,78020,St. John,0.035,2013,2017
78,Virgin Islands of the US,78030,St. Thomas,0.255,2013,2017
1,Alabama,1001,Autauga,0.17,2014,2018
1,Alabama,1003,Baldwin,0.18000000000000002,2014,2018
1,Alabama,1005,Barbour,0.10333333333333333,2014,2018
1,Alabama,1007,Bibb,0.13333333333333333,2014,2018
1,Alabama,1009,Blount,0.16333333333333333,2014,2018
1,Alabama,1011,Bullock,0.10000000000000002,2014,2018
1,Alabama,1013,Butler,0.13,2014,2018
1,Alabama,1015,Calhoun,0.18666666666666668,2014,2018
1,Alabama,1017,Chambers,0.15,2014,2018
1,Alabama,1019,Cherokee,0.1366666666666667,2014,2018
1,Alabama,1021,Chilton,0.16666666666666666,2014,2018
1,Alabama,1023,Choctaw,0.09000000000000001,2014,2018
1,Alabama,1025,Clarke,0.10666666666666667,2014,2018
1,Alabama,1027,Clay,0.10666666666666667,2014,2018
1,Alabama,1029,Cleburne,0.14333333333333334,2014,2018
1,Alabama,1031,Coffee,0.11,2014,2018
1,Alabama,1033,Colbert,0.16666666666666666,2014,2018
1,Alabama,1035,Conecuh,0.11666666666666665,2014,2018
1,Alabama,1037,Coosa,0.10666666666666667,2014,2018
1,Alabama,1039,Covington,0.10000000000000002,2014,2018
1,Alabama,1041,Crenshaw,0.09666666666666668,2014,2018
1,Alabama,1043,Cullman,0.18666666666666668,2014,2018
1,Alabama,1045,Dale,0.11333333333333333,2014,2018
1,Alabama,1047,Dallas,0.13666666666666666,2014,2018
1,Alabama,1049,DeKalb,0.14333333333333334,2014,2018
1,Alabama,1051,Elmore,0.16,2014,2018
1,Alabama,1053,Escambia,0.12666666666666668,2014,2018
1,Alabama,1055,Etowah,0.19333333333333336,2014,2018
1,Alabama,1057,Fayette,0.10666666666666667,2014,2018
1,Alabama,1059,Franklin,0.11,2014,2018
1,Alabama,1061,Geneva,0.10666666666666667,2014,2018
1,Alabama,1063,Greene,0.13999999999999999,2014,2018
1,Alabama,1065,Hale,0.11666666666666665,2014,2018
1,Alabama,1067,Henry,0.09333333333333334,2014,2018
1,Alabama,1069,Houston,0.15333333333333335,2014,2018
1,Alabama,1071,Jackson,0.13999999999999999,2014,2018
1,Alabama,1073,Jefferson,0.34,2014,2018
1,Alabama,1075,Lamar,0.09999999999999999,2014,2018
1,Alabama,1077,Lauderdale,0.16333333333333333,2014,2018
1,Alabama,1079,Lawrence,0.14,2014,2018
1,Alabama,1081,Lee,0.19000000000000003,2014,2018
1,Alabama,1083,Limestone,0.22333333333333336,2014,2018
1,Alabama,1085,Lowndes,0.12666666666666668,2014,2018
1,Alabama,1087,Macon,0.14,2014,2018
1,Alabama,1089,Madison,0.22666666666666668,2014,2018
1,Alabama,1091,Marengo,0.12,2014,2018
1,Alabama,1093,Marion,0.11333333333333333,2014,2018
1,Alabama,1095,Marshall,0.15,2014,2018
1,Alabama,1097,Mobile,0.2833333333333333,2014,2018
1,Alabama,1099,Monroe,0.09666666666666668,2014,2018
1,Alabama,1101,Montgomery,0.25666666666666665,2014,2018
1,Alabama,1103,Morgan,0.22,2014,2018
1,Alabama,1105,Perry,0.10333333333333333,2014,2018
1,Alabama,1107,Pickens,0.10666666666666667,2014,2018
1,Alabama,1109,Pike,0.11666666666666668,2014,2018
1,Alabama,1111,Randolph,0.11666666666666665,2014,2018
1,Alabama,1113,Russell,0.17,2014,2018
1,Alabama,1115,St. Clair,0.21,2014,2018
1,Alabama,1117,Shelby,0.2333333333333333,2014,2018
1,Alabama,1119,Sumter,0.12666666666666668,2014,2018
1,Alabama,1121,Talladega,0.16666666666666666,2014,2018
1,Alabama,1123,Tallapoosa,0.12,2014,2018
1,Alabama,1125,Tuscaloosa,0.23666666666666666,2014,2018
1,Alabama,1127,Walker,0.17333333333333334,2014,2018
1,Alabama,1129,Washington,0.10333333333333335,2014,2018
1,Alabama,1131,Wilcox,0.09333333333333334,2014,2018
1,Alabama,1133,Winston,0.11333333333333334,2014,2018
2,Alaska,2013,Aleutians East,0.013333333333333334,2014,2018
2,Alaska,2016,Aleutians West,0.04666666666666667,2014,2018
2,Alaska,2020,Anchorage,0.2733333333333333,2014,2018
2,Alaska,2050,Bethel,0.0,2014,2018
2,Alaska,2060,Bristol Bay,0.0,2014,2018
2,Alaska,2068,Denali,0.0033333333333333335,2014,2018
2,Alaska,2070,Dillingham,0.0,2014,2018
2,Alaska,2090,Fairbanks North Star,0.06,2014,2018
2,Alaska,2100,Haines,0.016666666666666666,2014,2018
2,Alaska,2105,HOONAH-ANGOON CENSUS AREA,0.05333333333333334,2014,2018
2,Alaska,2110,Juneau,0.11666666666666668,2014,2018
2,Alaska,2122,Kenai Peninsula,0.03666666666666667,2014,2018
2,Alaska,2130,Ketchikan Gateway,0.3833333333333333,2014,2018
2,Alaska,2150,Kodiak Island,0.05333333333333334,2014,2018
2,Alaska,2158,Kusilvak,0.0,2014,2018
2,Alaska,2164,Lake and Peninsula,0.0,2014,2018
2,Alaska,2170,Matanuska-Susitna,0.07333333333333333,2014,2018
2,Alaska,2180,Nome,0.0033333333333333335,2014,2018
2,Alaska,2185,North Slope,0.0,2014,2018
2,Alaska,2188,Northwest Arctic,0.006666666666666667,2014,2018
2,Alaska,2195,PETERSBURG CENSUS AREA,0.07,2014,2018
2,Alaska,2198,PRINCE OF WALES-HYDER CENSUS AREA,0.006666666666666667,2014,2018
2,Alaska,2220,Sitka,0.08333333333333333,2014,2018
2,Alaska,2230,SKAGWAY MUNICIPALITY,0.07333333333333333,2014,2018
2,Alaska,2240,Southeast Fairbanks,0.006666666666666667,2014,2018
2,Alaska,2261,Valdez-Cordova,0.12333333333333334,2014,2018
2,Alaska,2270,Wade Hampton,0.0,2014,2018
2,Alaska,2275,WRANGELL CITY AND BURROUGH,0.0033333333333333335,2014,2018
2,Alaska,2282,Yakutat,0.0033333333333333335,2014,2018
2,Alaska,2290,Yukon-Koyukuk,0.0,2014,2018
4,Arizona,4001,Apache,0.02666666666666667,2014,2018
4,Arizona,4003,Cochise,0.05333333333333334,2014,2018
4,Arizona,4005,Coconino,0.06333333333333334,2014,2018
4,Arizona,4007,Gila,0.06,2014,2018
4,Arizona,4009,Graham,0.043333333333333335,2014,2018
4,Arizona,4011,Greenlee,0.02666666666666667,2014,2018
4,Arizona,4012,La Paz,0.06999999999999999,2014,2018
4,Arizona,4013,Maricopa,0.3333333333333333,2014,2018
4,Arizona,4015,Mohave,0.07333333333333335,2014,2018
4,Arizona,4017,Navajo,0.06,2014,2018
4,Arizona,4019,Pima,0.20666666666666667,2014,2018
4,Arizona,4021,Pinal,0.14333333333333334,2014,2018
4,Arizona,4023,Santa Cruz,0.043333333333333335,2014,2018
4,Arizona,4025,Yavapai,0.07,2014,2018
4,Arizona,4027,Yuma,0.16666666666666666,2014,2018
5,Arkansas,5001,Arkansas,0.13,2014,2018
5,Arkansas,5003,Ashley,0.11,2014,2018
5,Arkansas,5005,Baxter,0.10333333333333333,2014,2018
5,Arkansas,5007,Benton,0.17333333333333334,2014,2018
5,Arkansas,5009,Boone,0.10666666666666667,2014,2018
5,Arkansas,5011,Bradley,0.09666666666666668,2014,2018
5,Arkansas,5013,Calhoun,0.09000000000000001,2014,2018
5,Arkansas,5015,Carroll,0.08666666666666667,2014,2018
5,Arkansas,5017,Chicot,0.11666666666666665,2014,2018
5,Arkansas,5019,Clark,0.14333333333333334,2014,2018
5,Arkansas,5021,Clay,0.15333333333333332,2014,2018
5,Arkansas,5023,Cleburne,0.09999999999999999,2014,2018
5,Arkansas,5025,Cleveland,0.09666666666666668,2014,2018
5,Arkansas,5027,Columbia,0.10333333333333335,2014,2018
5,Arkansas,5029,Conway,0.18000000000000002,2014,2018
5,Arkansas,5031,Craighead,0.19666666666666666,2014,2018
5,Arkansas,5033,Crawford,0.18000000000000002,2014,2018
5,Arkansas,5035,Crittenden,0.26,2014,2018
5,Arkansas,5037,Cross,0.17,2014,2018
5,Arkansas,5039,Dallas,0.10333333333333333,2014,2018
5,Arkansas,5041,Desha,0.13,2014,2018
5,Arkansas,5043,Drew,0.10333333333333333,2014,2018
5,Arkansas,5045,Faulkner,0.20000000000000004,2014,2018
5,Arkansas,5047,Franklin,0.13333333333333333,2014,2018
5,Arkansas,5049,Fulton,0.10333333333333333,2014,2018
5,Arkansas,5051,Garland,0.12333333333333334,2014,2018
5,Arkansas,5053,Grant,0.11333333333333334,2014,2018
5,Arkansas,5055,Greene,0.17666666666666667,2014,2018
5,Arkansas,5057,Hempstead,0.14666666666666667,2014,2018
5,Arkansas,5059,Hot Spring,0.15666666666666668,2014,2018
5,Arkansas,5061,Howard,0.10333333333333333,2014,2018
5,Arkansas,5063,Independence,0.12666666666666668,2014,2018
5,Arkansas,5065,Izard,0.08666666666666667,2014,2018
5,Arkansas,5067,Jackson,0.15666666666666665,2014,2018
5,Arkansas,5069,Jefferson,0.17,2014,2018
5,Arkansas,5071,Johnson,0.14333333333333334,2014,2018
5,Arkansas,5073,Lafayette,0.11,2014,2018
5,Arkansas,5075,Lawrence,0.15666666666666665,2014,2018
5,Arkansas,5077,Lee,0.13333333333333333,2014,2018
5,Arkansas,5079,Lincoln,0.10666666666666667,2014,2018
5,Arkansas,5081,Little River,0.13,2014,2018
5,Arkansas,5083,Logan,0.09666666666666668,2014,2018
5,Arkansas,5085,Lonoke,0.18000000000000002,2014,2018
5,Arkansas,5087,Madison,0.07666666666666666,2014,2018
5,Arkansas,5089,Marion,0.08666666666666667,2014,2018
5,Arkansas,5091,Miller,0.17666666666666667,2014,2018
5,Arkansas,5093,Mississippi,0.19666666666666666,2014,2018
5,Arkansas,5095,Monroe,0.15333333333333335,2014,2018
5,Arkansas,5097,Montgomery,0.07666666666666666,2014,2018
5,Arkansas,5099,Nevada,0.12,2014,2018
5,Arkansas,5101,Newton,0.07,2014,2018
5,Arkansas,5103,Ouachita,0.11333333333333334,2014,2018
5,Arkansas,5105,Perry,0.10666666666666667,2014,2018
5,Arkansas,5107,Phillips,0.13333333333333333,2014,2018
5,Arkansas,5109,Pike,0.09666666666666668,2014,2018
5,Arkansas,5111,Poinsett,0.16666666666666666,2014,2018
5,Arkansas,5113,Polk,0.09000000000000001,2014,2018
5,Arkansas,5115,Pope,0.17666666666666667,2014,2018
5,Arkansas,5117,Prairie,0.14666666666666667,2014,2018
5,Arkansas,5119,Pulaski,0.32,2014,2018
5,Arkansas,5121,Randolph,0.12666666666666668,2014,2018
5,Arkansas,5123,St. Francis,0.19333333333333333,2014,2018
5,Arkansas,5125,Saline,0.19000000000000003,2014,2018
5,Arkansas,5127,Scott,0.08,2014,2018
5,Arkansas,5129,Searcy,0.08,2014,2018
5,Arkansas,5131,Sebastian,0.16666666666666666,2014,2018
5,Arkansas,5133,Sevier,0.11333333333333334,2014,2018
5,Arkansas,5135,Sharp,0.11,2014,2018
5,Arkansas,5137,Stone,0.08666666666666667,2014,2018
5,Arkansas,5139,Union,0.10333333333333333,2014,2018
5,Arkansas,5141,Van Buren,0.09666666666666668,2014,2018
5,Arkansas,5143,Washington,0.16,2014,2018
5,Arkansas,5145,White,0.14666666666666667,2014,2018
5,Arkansas,5147,Woodruff,0.15333333333333332,2014,2018
5,Arkansas,5149,Yell,0.10333333333333333,2014,2018
6,California,6001,Alameda,0.29333333333333333,2014,2018
6,California,6003,Alpine,0.016666666666666666,2014,2018
6,California,6005,Amador,0.08,2014,2018
6,California,6007,Butte,0.12666666666666668,2014,2018
6,California,6009,Calaveras,0.06666666666666667,2014,2018
6,California,6011,Colusa,0.08,2014,2018
6,California,6013,Contra Costa,0.25,2014,2018
6,California,6015,Del Norte,0.02666666666666667,2014,2018
6,California,6017,El Dorado,0.06333333333333334,2014,2018
6,California,6019,Fresno,0.25333333333333335,2014,2018
6,California,6021,Glenn,0.10333333333333333,2014,2018
6,California,6023,Humboldt,0.04666666666666667,2014,2018
6,California,6025,Imperial,0.10000000000000002,2014,2018
6,California,6027,Inyo,0.016666666666666666,2014,2018
6,California,6029,Kern,0.15666666666666668,2014,2018
6,California,6031,Kings,0.22666666666666666,2014,2018
6,California,6033,Lake,0.03333333333333333,2014,2018
6,California,6035,Lassen,0.02666666666666667,2014,2018
6,California,6037,Los Angeles,0.35333333333333333,2014,2018
6,California,6039,Madera,0.18000000000000002,2014,2018
6,California,6041,Marin,0.09000000000000001,2014,2018
6,California,6043,Mariposa,0.04666666666666667,2014,2018
6,California,6045,Mendocino,0.04,2014,2018
6,California,6047,Merced,0.2333333333333333,2014,2018
6,California,6049,Modoc,0.023333333333333334,2014,2018
6,California,6051,Mono,0.013333333333333334,2014,2018
6,California,6053,Monterey,0.09000000000000001,2014,2018
6,California,6055,Napa,0.08666666666666667,2014,2018
6,California,6057,Nevada,0.07333333333333333,2014,2018
6,California,6059,Orange,0.38333333333333336,2014,2018
6,California,6061,Placer,0.16,2014,2018
6,California,6063,Plumas,0.03666666666666667,2014,2018
6,California,6065,Riverside,0.21,2014,2018
6,California,6067,Sacramento,0.25333333333333335,2014,2018
6,California,6069,San Benito,0.10000000000000002,2014,2018
6,California,6071,San Bernardino,0.18000000000000002,2014,2018
6,California,6073,San Diego,0.22,2014,2018
6,California,6075,San Francisco,0.7333333333333334,2014,2018
6,California,6077,San Joaquin,0.2733333333333334,2014,2018
6,California,6079,San Luis Obispo,0.08,2014,2018
6,California,6081,San Mateo,0.15,2014,2018
6,California,6083,Santa Barbara,0.10000000000000002,2014,2018
6,California,6085,Santa Clara,0.18333333333333335,2014,2018
6,California,6087,Santa Cruz,0.10666666666666667,2014,2018
6,California,6089,Shasta,0.07,2014,2018
6,California,6091,Sierra,0.03333333333333333,2014,2018
6,California,6093,Siskiyou,0.02666666666666667,2014,2018
6,California,6095,Solano,0.17333333333333334,2014,2018
6,California,6097,Sonoma,0.08666666666666667,2014,2018
6,California,6099,Stanislaus,0.23666666666666666,2014,2018
6,California,6101,Sutter,0.19666666666666668,2014,2018
6,California,6103,Tehama,0.08333333333333333,2014,2018
6,California,6105,Trinity,0.016666666666666666,2014,2018
6,California,6107,Tulare,0.22,2014,2018
6,California,6109,Tuolumne,0.043333333333333335,2014,2018
6,California,6111,Ventura,0.15333333333333332,2014,2018
6,California,6113,Yolo,0.15,2014,2018
6,California,6115,Yuba,0.14,2014,2018
8,Colorado,8001,Adams,0.31666666666666665,2014,2018
8,Colorado,8003,Alamosa,0.036666666666666674,2014,2018
8,Colorado,8005,Arapahoe,0.26999999999999996,2014,2018
8,Colorado,8007,Archuleta,0.016666666666666666,2014,2018
8,Colorado,8009,Baca,0.04,2014,2018
8,Colorado,8011,Bent,0.043333333333333335,2014,2018
8,Colorado,8013,Boulder,0.14333333333333334,2014,2018
8,Colorado,8014,Broomfield,0.3933333333333333,2014,2018
8,Colorado,8015,Chaffee,0.016666666666666666,2014,2018
8,Colorado,8017,Cheyenne,0.03333333333333333,2014,2018
8,Colorado,8019,Clear Creek,0.04,2014,2018
8,Colorado,8021,Conejos,0.016666666666666666,2014,2018
8,Colorado,8023,Costilla,0.016666666666666666,2014,2018
8,Colorado,8025,Crowley,0.04,2014,2018
8,Colorado,8027,Custer,0.013333333333333334,2014,2018
8,Colorado,8029,Delta,0.04,2014,2018
8,Colorado,8031,Denver,0.6900000000000001,2014,2018
8,Colorado,8033,Dolores,0.013333333333333334,2014,2018
8,Colorado,8035,Douglas,0.17,2014,2018
8,Colorado,8037,Eagle,0.036666666666666674,2014,2018
8,Colorado,8039,Elbert,0.049999999999999996,2014,2018
8,Colorado,8041,El Paso,0.13,2014,2018
8,Colorado,8043,Fremont,0.023333333333333334,2014,2018
8,Colorado,8045,Garfield,0.04666666666666667,2014,2018
8,Colorado,8047,Gilpin,0.03666666666666667,2014,2018
8,Colorado,8049,Grand,0.03,2014,2018
8,Colorado,8051,Gunnison,0.016666666666666666,2014,2018
8,Colorado,8053,Hinsdale,0.01,2014,2018
8,Colorado,8055,Huerfano,0.02666666666666667,2014,2018
8,Colorado,8057,Jackson,0.013333333333333334,2014,2018
8,Colorado,8059,Jefferson,0.2233333333333333,2014,2018
8,Colorado,8061,Kiowa,0.03333333333333333,2014,2018
8,Colorado,8063,Kit Carson,0.04666666666666667,2014,2018
8,Colorado,8065,Lake,0.016666666666666666,2014,2018
8,Colorado,8067,La Plata,0.03333333333333333,2014,2018
8,Colorado,8069,Larimer,0.12333333333333334,2014,2018
8,Colorado,8071,Las Animas,0.03333333333333333,2014,2018
8,Colorado,8073,Lincoln,0.043333333333333335,2014,2018
8,Colorado,8075,Logan,0.08333333333333333,2014,2018
8,Colorado,8077,Mesa,0.07333333333333333,2014,2018
8,Colorado,8079,Mineral,0.013333333333333334,2014,2018
8,Colorado,8081,Moffat,0.02,2014,2018
8,Colorado,8083,Montezuma,0.023333333333333334,2014,2018
8,Colorado,8085,Montrose,0.023333333333333334,2014,2018
8,Colorado,8087,Morgan,0.10333333333333333,2014,2018
8,Colorado,8089,Otero,0.06,2014,2018
8,Colorado,8091,Ouray,0.016666666666666666,2014,2018
8,Colorado,8093,Park,0.016666666666666666,2014,2018
8,Colorado,8095,Phillips,0.05000000000000001,2014,2018
8,Colorado,8097,Pitkin,0.02,2014,2018
8,Colorado,8099,Prowers,0.05666666666666667,2014,2018
8,Colorado,8101,Pueblo,0.11666666666666668,2014,2018
8,Colorado,8103,Rio Blanco,0.013333333333333334,2014,2018
8,Colorado,8105,Rio Grande,0.023333333333333334,2014,2018
8,Colorado,8107,Routt,0.03,2014,2018
8,Colorado,8109,Saguache,0.016666666666666666,2014,2018
8,Colorado,8111,San Juan,0.013333333333333334,2014,2018
8,Colorado,8113,San Miguel,0.013333333333333334,2014,2018
8,Colorado,8115,Sedgwick,0.08,2014,2018
8,Colorado,8117,Summit,0.036666666666666674,2014,2018
8,Colorado,8119,Teller,0.02666666666666667,2014,2018
8,Colorado,8121,Washington,0.043333333333333335,2014,2018
8,Colorado,8123,Weld,0.16,2014,2018
8,Colorado,8125,Yuma,0.04666666666666667,2014,2018
9,Connecticut,9001,Fairfield,0.26999999999999996,2014,2018
9,Connecticut,9003,Hartford,0.19999999999999998,2014,2018
9,Connecticut,9005,Litchfield,0.12333333333333334,2014,2018
9,Connecticut,9007,Middlesex,0.17,2014,2018
9,Connecticut,9009,New Haven,0.22999999999999998,2014,2018
9,Connecticut,9011,New London,0.15666666666666665,2014,2018
9,Connecticut,9013,Tolland,0.14666666666666667,2014,2018
9,Connecticut,9015,Windham,0.12333333333333334,2014,2018
10,Delaware,10001,Kent,0.18666666666666668,2014,2018
10,Delaware,10003,New Castle,0.30333333333333334,2014,2018
10,Delaware,10005,Sussex,0.16333333333333333,2014,2018
11,District of Columbia,11001,District of Columbia,0.6733333333333333,2014,2018
12,Florida,12001,Alachua,0.21666666666666667,2014,2018
12,Florida,12003,Baker,0.19333333333333336,2014,2018
12,Florida,12005,Bay,0.15333333333333335,2014,2018
12,Florida,12007,Bradford,0.16333333333333333,2014,2018
12,Florida,12009,Brevard,0.20333333333333337,2014,2018
12,Florida,12011,Broward,0.5766666666666667,2014,2018
12,Florida,12013,Calhoun,0.09333333333333334,2014,2018
12,Florida,12015,Charlotte,0.17,2014,2018
12,Florida,12017,Citrus,0.15333333333333335,2014,2018
12,Florida,12019,Clay,0.20666666666666667,2014,2018
12,Florida,12021,Collier,0.19333333333333336,2014,2018
12,Florida,12023,Columbia,0.16666666666666666,2014,2018
12,Florida,12027,DeSoto,0.14333333333333334,2014,2018
12,Florida,12029,Dixie,0.08666666666666667,2014,2018
12,Florida,12031,Duval,0.3733333333333333,2014,2018
12,Florida,12033,Escambia,0.21666666666666667,2014,2018
12,Florida,12035,Flagler,0.18333333333333335,2014,2018
12,Florida,12037,Franklin,0.08333333333333333,2014,2018
12,Florida,12039,Gadsden,0.13999999999999999,2014,2018
12,Florida,12041,Gilchrist,0.11,2014,2018
12,Florida,12043,Glades,0.11333333333333333,2014,2018
12,Florida,12045,Gulf,0.09000000000000001,2014,2018
12,Florida,12047,Hamilton,0.1366666666666667,2014,2018
12,Florida,12049,Hardee,0.13999999999999999,2014,2018
12,Florida,12051,Hendry,0.13,2014,2018
12,Florida,12053,Hernando,0.19333333333333333,2014,2018
12,Florida,12055,Highlands,0.13,2014,2018
12,Florida,12057,Hillsborough,0.42,2014,2018
12,Florida,12059,Holmes,0.11666666666666665,2014,2018
12,Florida,12061,Indian River,0.19666666666666668,2014,2018
12,Florida,12063,Jackson,0.12,2014,2018
12,Florida,12065,Jefferson,0.12333333333333334,2014,2018
12,Florida,12067,Lafayette,0.09333333333333334,2014,2018
12,Florida,12069,Lake,0.22,2014,2018
12,Florida,12071,Lee,0.23,2014,2018
12,Florida,12073,Leon,0.23666666666666666,2014,2018
12,Florida,12075,Levy,0.11666666666666665,2014,2018
12,Florida,12077,Liberty,0.09000000000000001,2014,2018
12,Florida,12079,Madison,0.12333333333333334,2014,2018
12,Florida,12081,Manatee,0.26333333333333336,2014,2018
12,Florida,12083,Marion,0.21,2014,2018
12,Florida,12085,Martin,0.2733333333333334,2014,2018
12,Florida,12086,Miami-Dade,0.49666666666666665,2014,2018
12,Florida,12087,Monroe,0.15,2014,2018
12,Florida,12089,Nassau,0.18000000000000002,2014,2018
12,Florida,12091,Okaloosa,0.15333333333333335,2014,2018
12,Florida,12093,Okeechobee,0.15,2014,2018
12,Florida,12095,Orange,0.43333333333333335,2014,2018
12,Florida,12097,Osceola,0.3033333333333333,2014,2018
12,Florida,12099,Palm Beach,0.38666666666666666,2014,2018
12,Florida,12101,Pasco,0.24333333333333332,2014,2018
12,Florida,12103,Pinellas,0.3666666666666667,2014,2018
12,Florida,12105,Polk,0.2333333333333333,2014,2018
12,Florida,12107,Putnam,0.13333333333333333,2014,2018
12,Florida,12109,St. Johns,0.24,2014,2018
12,Florida,12111,St. Lucie,0.25666666666666665,2014,2018
12,Florida,12113,Santa Rosa,0.14,2014,2018
12,Florida,12115,Sarasota,0.25333333333333335,2014,2018
12,Florida,12117,Seminole,0.36000000000000004,2014,2018
12,Florida,12119,Sumter,0.25,2014,2018
12,Florida,12121,Suwannee,0.12666666666666668,2014,2018
12,Florida,12123,Taylor,0.10333333333333333,2014,2018
12,Florida,12125,Union,0.13666666666666666,2014,2018
12,Florida,12127,Volusia,0.23,2014,2018
12,Florida,12129,Wakulla,0.10666666666666667,2014,2018
12,Florida,12131,Walton,0.12333333333333334,2014,2018
12,Florida,12133,Washington,0.11,2014,2018
13,Georgia,13001,Appling,0.09999999999999999,2014,2018
13,Georgia,13003,Atkinson,0.09333333333333334,2014,2018
13,Georgia,13005,Bacon,0.09999999999999999,2014,2018
13,Georgia,13007,Baker,0.08333333333333333,2014,2018
13,Georgia,13009,Baldwin,0.15333333333333335,2014,2018
13,Georgia,13011,Banks,0.16,2014,2018
13,Georgia,13013,Barrow,0.27,2014,2018
13,Georgia,13015,Bartow,0.2866666666666667,2014,2018
13,Georgia,13017,Ben Hill,0.12333333333333334,2014,2018
13,Georgia,13019,Berrien,0.10000000000000002,2014,2018
13,Georgia,13021,Bibb,0.31,2014,2018
13,Georgia,13023,Bleckley,0.12333333333333334,2014,2018
13,Georgia,13025,Brantley,0.09999999999999999,2014,2018
13,Georgia,13027,Brooks,0.11,2014,2018
13,Georgia,13029,Bryan,0.17,2014,2018
13,Georgia,13031,Bulloch,0.12666666666666668,2014,2018
13,Georgia,13033,Burke,0.11,2014,2018
13,Georgia,13035,Butts,0.2333333333333333,2014,2018
13,Georgia,13037,Calhoun,0.09000000000000001,2014,2018
13,Georgia,13039,Camden,0.15333333333333335,2014,2018
13,Georgia,13043,Candler,0.11666666666666665,2014,2018
13,Georgia,13045,Carroll,0.18333333333333335,2014,2018
13,Georgia,13047,Catoosa,0.2866666666666667,2014,2018
13,Georgia,13049,Charlton,0.11333333333333334,2014,2018
13,Georgia,13051,Chatham,0.3133333333333333,2014,2018
13,Georgia,13053,Chattahoochee,0.11,2014,2018
13,Georgia,13055,Chattooga,0.15333333333333332,2014,2018
13,Georgia,13057,Cherokee,0.26,2014,2018
13,Georgia,13059,Clarke,0.25666666666666665,2014,2018
13,Georgia,13061,Clay,0.08666666666666667,2014,2018
13,Georgia,13063,Clayton,0.35000000000000003,2014,2018
13,Georgia,13065,Clinch,0.09666666666666668,2014,2018
13,Georgia,13067,Cobb,0.4566666666666666,2014,2018
13,Georgia,13069,Coffee,0.11666666666666665,2014,2018
13,Georgia,13071,Colquitt,0.10666666666666667,2014,2018
13,Georgia,13073,Columbia,0.19999999999999998,2014,2018
13,Georgia,13075,Cook,0.15666666666666665,2014,2018
13,Georgia,13077,Coweta,0.19333333333333333,2014,2018
13,Georgia,13079,Crawford,0.12666666666666668,2014,2018
13,Georgia,13081,Crisp,0.17333333333333334,2014,2018
13,Georgia,13083,Dade,0.18000000000000002,2014,2018
13,Georgia,13085,Dawson,0.14333333333333334,2014,2018
13,Georgia,13087,Decatur,0.11,2014,2018
13,Georgia,13089,DeKalb,0.51,2014,2018
13,Georgia,13091,Dodge,0.11,2014,2018
13,Georgia,13093,Dooly,0.16333333333333333,2014,2018
13,Georgia,13095,Dougherty,0.15333333333333335,2014,2018
13,Georgia,13097,Douglas,0.25666666666666665,2014,2018
13,Georgia,13099,Early,0.09333333333333334,2014,2018
13,Georgia,13101,Echols,0.09666666666666668,2014,2018
13,Georgia,13103,Effingham,0.15,2014,2018
13,Georgia,13105,Elbert,0.1366666666666667,2014,2018
13,Georgia,13107,Emanuel,0.10333333333333333,2014,2018
13,Georgia,13109,Evans,0.11,2014,2018
13,Georgia,13111,Fannin,0.09999999999999999,2014,2018
13,Georgia,13113,Fayette,0.22666666666666668,2014,2018
13,Georgia,13115,Floyd,0.21333333333333335,2014,2018
13,Georgia,13117,Forsyth,0.27999999999999997,2014,2018
13,Georgia,13119,Franklin,0.19333333333333336,2014,2018
13,Georgia,13121,Fulton,0.4633333333333333,2014,2018
13,Georgia,13123,Gilmer,0.10666666666666667,2014,2018
13,Georgia,13125,Glascock,0.09666666666666668,2014,2018
13,Georgia,13127,Glynn,0.17,2014,2018
13,Georgia,13129,Gordon,0.24666666666666667,2014,2018
13,Georgia,13131,Grady,0.11,2014,2018
13,Georgia,13133,Greene,0.14666666666666667,2014,2018
13,Georgia,13135,Gwinnett,0.39666666666666667,2014,2018
13,Georgia,13137,Habersham,0.12,2014,2018
13,Georgia,13139,Hall,0.22,2014,2018
13,Georgia,13141,Hancock,0.11333333333333334,2014,2018
13,Georgia,13143,Haralson,0.18000000000000002,2014,2018
13,Georgia,13145,Harris,0.14,2014,2018
13,Georgia,13147,Hart,0.15666666666666668,2014,2018
13,Georgia,13149,Heard,0.12,2014,2018
13,Georgia,13151,Henry,0.30333333333333334,2014,2018
13,Georgia,13153,Houston,0.19666666666666666,2014,2018
13,Georgia,13155,Irwin,0.10333333333333333,2014,2018
13,Georgia,13157,Jackson,0.22,2014,2018
13,Georgia,13159,Jasper,0.16,2014,2018
13,Georgia,13161,Jeff Davis,0.10000000000000002,2014,2018
13,Georgia,13163,Jefferson,0.11666666666666665,2014,2018
13,Georgia,13165,Jenkins,0.10333333333333333,2014,2018
13,Georgia,13167,Johnson,0.09999999999999999,2014,2018
13,Georgia,13169,Jones,0.16333333333333333,2014,2018
13,Georgia,13171,Lamar,0.16333333333333333,2014,2018
13,Georgia,13173,Lanier,0.10000000000000002,2014,2018
13,Georgia,13175,Laurens,0.12,2014,2018
13,Georgia,13177,Lee,0.11333333333333334,2014,2018
13,Georgia,13179,Liberty,0.15,2014,2018
13,Georgia,13181,Lincoln,0.11333333333333334,2014,2018
13,Georgia,13183,Long,0.11333333333333333,2014,2018
13,Georgia,13185,Lowndes,0.16666666666666666,2014,2018
13,Georgia,13187,Lumpkin,0.10666666666666667,2014,2018
13,Georgia,13189,McDuffie,0.14333333333333334,2014,2018
13,Georgia,13191,McIntosh,0.16,2014,2018
13,Georgia,13193,Macon,0.12666666666666668,2014,2018
13,Georgia,13195,Madison,0.16,2014,2018
13,Georgia,13197,Marion,0.09666666666666668,2014,2018
13,Georgia,13199,Meriwether,0.1366666666666667,2014,2018
13,Georgia,13201,Miller,0.09000000000000001,2014,2018
13,Georgia,13205,Mitchell,0.09999999999999999,2014,2018
13,Georgia,13207,Monroe,0.2333333333333333,2014,2018
13,Georgia,13209,Montgomery,0.09666666666666668,2014,2018
13,Georgia,13211,Morgan,0.20666666666666667,2014,2018
13,Georgia,13213,Murray,0.14,2014,2018
13,Georgia,13215,Muscogee,0.25666666666666665,2014,2018
13,Georgia,13217,Newton,0.26666666666666666,2014,2018
13,Georgia,13219,Oconee,0.19666666666666668,2014,2018
13,Georgia,13221,Oglethorpe,0.1366666666666667,2014,2018
13,Georgia,13223,Paulding,0.24,2014,2018
13,Georgia,13225,Peach,0.18666666666666668,2014,2018
13,Georgia,13227,Pickens,0.14666666666666667,2014,2018
13,Georgia,13229,Pierce,0.11333333333333334,2014,2018
13,Georgia,13231,Pike,0.14,2014,2018
13,Georgia,13233,Polk,0.17333333333333334,2014,2018
13,Georgia,13235,Pulaski,0.11666666666666665,2014,2018
13,Georgia,13237,Putnam,0.15,2014,2018
13,Georgia,13239,Quitman,0.08333333333333333,2014,2018
13,Georgia,13241,Rabun,0.08333333333333333,2014,2018
13,Georgia,13243,Randolph,0.09000000000000001,2014,2018
13,Georgia,13245,Richmond,0.22999999999999998,2014,2018
13,Georgia,13247,Rockdale,0.3233333333333333,2014,2018
13,Georgia,13249,Schley,0.10000000000000002,2014,2018
13,Georgia,13251,Screven,0.09999999999999999,2014,2018
13,Georgia,13253,Seminole,0.09666666666666668,2014,2018
13,Georgia,13255,Spalding,0.21999999999999997,2014,2018
13,Georgia,13257,Stephens,0.14666666666666667,2014,2018
13,Georgia,13259,Stewart,0.08666666666666667,2014,2018
13,Georgia,13261,Sumter,0.13,2014,2018
13,Georgia,13263,Talbot,0.12333333333333334,2014,2018
13,Georgia,13265,Taliaferro,0.13333333333333333,2014,2018
13,Georgia,13267,Tattnall,0.09666666666666668,2014,2018
13,Georgia,13269,Taylor,0.12333333333333334,2014,2018
13,Georgia,13271,Telfair,0.09666666666666668,2014,2018
13,Georgia,13273,Terrell,0.11,2014,2018
13,Georgia,13275,Thomas,0.11666666666666665,2014,2018
13,Georgia,13277,Tift,0.19000000000000003,2014,2018
13,Georgia,13279,Toombs,0.10666666666666667,2014,2018
13,Georgia,13281,Towns,0.08666666666666667,2014,2018
13,Georgia,13283,Treutlen,0.11,2014,2018
13,Georgia,13285,Troup,0.18999999999999997,2014,2018
13,Georgia,13287,Turner,0.15,2014,2018
13,Georgia,13289,Twiggs,0.14666666666666667,2014,2018
13,Georgia,13291,Union,0.08666666666666667,2014,2018
13,Georgia,13293,Upson,0.12666666666666668,2014,2018
13,Georgia,13295,Walker,0.17666666666666667,2014,2018
13,Georgia,13297,Walton,0.23666666666666666,2014,2018
13,Georgia,13299,Ware,0.17,2014,2018
13,Georgia,13301,Warren,0.12,2014,2018
13,Georgia,13303,Washington,0.11666666666666665,2014,2018
13,Georgia,13305,Wayne,0.11666666666666665,2014,2018
13,Georgia,13307,Webster,0.08666666666666667,2014,2018
13,Georgia,13309,Wheeler,0.09000000000000001,2014,2018
13,Georgia,13311,White,0.10333333333333333,2014,2018
13,Georgia,13313,Whitfield,0.2833333333333333,2014,2018
13,Georgia,13315,Wilcox,0.10666666666666667,2014,2018
13,Georgia,13317,Wilkes,0.11333333333333334,2014,2018
13,Georgia,13319,Wilkinson,0.12666666666666668,2014,2018
13,Georgia,13321,Worth,0.09999999999999999,2014,2018
15,Hawaii,15001,Hawaii,0.013333333333333334,2014,2018
15,Hawaii,15003,Honolulu,0.10666666666666667,2014,2018
15,Hawaii,15005,Kalawao,0.0,2014,2018
15,Hawaii,15007,Kauai,0.013333333333333334,2014,2018
15,Hawaii,15009,Maui,0.016666666666666666,2014,2018
16,Idaho,16001,Ada,0.27999999999999997,2014,2018
16,Idaho,16003,Adams,0.02666666666666667,2014,2018
16,Idaho,16005,Bannock,0.10333333333333333,2014,2018
16,Idaho,16007,Bear Lake,0.049999999999999996,2014,2018
16,Idaho,16009,Benewah,0.03666666666666667,2014,2018
16,Idaho,16011,Bingham,0.07,2014,2018
16,Idaho,16013,Blaine,0.02666666666666667,2014,2018
16,Idaho,16015,Boise,0.02666666666666667,2014,2018
16,Idaho,16017,Bonner,0.09333333333333334,2014,2018
16,Idaho,16019,Bonneville,0.09999999999999999,2014,2018
16,Idaho,16021,Boundary,0.05333333333333334,2014,2018
16,Idaho,16023,Butte,0.016666666666666666,2014,2018
16,Idaho,16025,Camas,0.016666666666666666,2014,2018
16,Idaho,16027,Canyon,0.21666666666666667,2014,2018
16,Idaho,16029,Caribou,0.043333333333333335,2014,2018
16,Idaho,16031,Cassia,0.049999999999999996,2014,2018
16,Idaho,16033,Clark,0.023333333333333334,2014,2018
16,Idaho,16035,Clearwater,0.03,2014,2018
16,Idaho,16037,Custer,0.013333333333333334,2014,2018
16,Idaho,16039,Elmore,0.07333333333333333,2014,2018
16,Idaho,16041,Franklin,0.05333333333333334,2014,2018
16,Idaho,16043,Fremont,0.04666666666666667,2014,2018
16,Idaho,16045,Gem,0.08333333333333333,2014,2018
16,Idaho,16047,Gooding,0.09999999999999999,2014,2018
16,Idaho,16049,Idaho,0.023333333333333334,2014,2018
16,Idaho,16051,Jefferson,0.06333333333333334,2014,2018
16,Idaho,16053,Jerome,0.11333333333333334,2014,2018
16,Idaho,16055,Kootenai,0.15333333333333335,2014,2018
16,Idaho,16057,Latah,0.043333333333333335,2014,2018
16,Idaho,16059,Lemhi,0.013333333333333334,2014,2018
16,Idaho,16061,Lewis,0.03,2014,2018
16,Idaho,16063,Lincoln,0.06,2014,2018
16,Idaho,16065,Madison,0.09000000000000001,2014,2018
16,Idaho,16067,Minidoka,0.11,2014,2018
16,Idaho,16069,Nez Perce,0.08333333333333333,2014,2018
16,Idaho,16071,Oneida,0.049999999999999996,2014,2018
16,Idaho,16073,Owyhee,0.036666666666666674,2014,2018
16,Idaho,16075,Payette,0.14666666666666667,2014,2018
16,Idaho,16077,Power,0.06,2014,2018
16,Idaho,16079,Shoshone,0.043333333333333335,2014,2018
16,Idaho,16081,Teton,0.02666666666666667,2014,2018
16,Idaho,16083,Twin Falls,0.06333333333333334,2014,2018
16,Idaho,16085,Valley,0.016666666666666666,2014,2018
16,Idaho,16087,Washington,0.05333333333333334,2014,2018
17,Illinois,17001,Adams,0.15333333333333332,2014,2018
17,Illinois,17003,Alexander,0.21666666666666665,2014,2018
17,Illinois,17005,Bond,0.16666666666666666,2014,2018
17,Illinois,17007,Boone,0.20666666666666667,2014,2018
17,Illinois,17009,Brown,0.12666666666666668,2014,2018
17,Illinois,17011,Bureau,0.17,2014,2018
17,Illinois,17013,Calhoun,0.19000000000000003,2014,2018
17,Illinois,17015,Carroll,0.16,2014,2018
17,Illinois,17017,Cass,0.17,2014,2018
17,Illinois,17019,Champaign,0.19000000000000003,2014,2018
17,Illinois,17021,Christian,0.15333333333333332,2014,2018
17,Illinois,17023,Clark,0.16,2014,2018
17,Illinois,17025,Clay,0.13333333333333333,2014,2018
17,Illinois,17027,Clinton,0.17333333333333334,2014,2018
17,Illinois,17029,Coles,0.16333333333333333,2014,2018
17,Illinois,17031,Cook,0.6266666666666666,2014,2018
17,Illinois,17033,Crawford,0.14666666666666667,2014,2018
17,Illinois,17035,Cumberland,0.15666666666666665,2014,2018
17,Illinois,17037,DeKalb,0.22666666666666668,2014,2018
17,Illinois,17039,De Witt,0.15,2014,2018
17,Illinois,17041,Douglas,0.16333333333333333,2014,2018
17,Illinois,17043,DuPage,0.5433333333333333,2014,2018
17,Illinois,17045,Edgar,0.16,2014,2018
17,Illinois,17047,Edwards,0.1366666666666667,2014,2018
17,Illinois,17049,Effingham,0.17666666666666667,2014,2018
17,Illinois,17051,Fayette,0.15,2014,2018
17,Illinois,17053,Ford,0.14666666666666667,2014,2018
17,Illinois,17055,Franklin,0.17333333333333334,2014,2018
17,Illinois,17057,Fulton,0.14333333333333334,2014,2018
17,Illinois,17059,Gallatin,0.13333333333333333,2014,2018
17,Illinois,17061,Greene,0.15,2014,2018
17,Illinois,17063,Grundy,0.23,2014,2018
17,Illinois,17065,Hamilton,0.13333333333333333,2014,2018
17,Illinois,17067,Hancock,0.15,2014,2018
17,Illinois,17069,Hardin,0.14666666666666667,2014,2018
17,Illinois,17071,Henderson,0.17,2014,2018
17,Illinois,17073,Henry,0.16,2014,2018
17,Illinois,17075,Iroquois,0.16666666666666666,2014,2018
17,Illinois,17077,Jackson,0.18333333333333335,2014,2018
17,Illinois,17079,Jasper,0.13333333333333333,2014,2018
17,Illinois,17081,Jefferson,0.17333333333333334,2014,2018
17,Illinois,17083,Jersey,0.19999999999999998,2014,2018
17,Illinois,17085,Jo Daviess,0.14666666666666667,2014,2018
17,Illinois,17087,Johnson,0.14333333333333334,2014,2018
17,Illinois,17089,Kane,0.35000000000000003,2014,2018
17,Illinois,17091,Kankakee,0.22,2014,2018
17,Illinois,17093,Kendall,0.2733333333333334,2014,2018
17,Illinois,17095,Knox,0.19333333333333333,2014,2018
17,Illinois,17097,Lake,0.35000000000000003,2014,2018
17,Illinois,17099,La Salle,0.19999999999999998,2014,2018
17,Illinois,17101,Lawrence,0.14333333333333334,2014,2018
17,Illinois,17103,Lee,0.17666666666666667,2014,2018
17,Illinois,17105,Livingston,0.15666666666666665,2014,2018
17,Illinois,17107,Logan,0.15333333333333332,2014,2018
17,Illinois,17109,McDonough,0.15333333333333332,2014,2018
17,Illinois,17111,McHenry,0.25333333333333335,2014,2018
17,Illinois,17113,McLean,0.18000000000000002,2014,2018
17,Illinois,17115,Macon,0.18333333333333335,2014,2018
17,Illinois,17117,Macoupin,0.16333333333333333,2014,2018
17,Illinois,17119,Madison,0.25333333333333335,2014,2018
17,Illinois,17121,Marion,0.17666666666666667,2014,2018
17,Illinois,17123,Marshall,0.17,2014,2018
17,Illinois,17125,Mason,0.14333333333333334,2014,2018
17,Illinois,17127,Massac,0.19333333333333333,2014,2018
17,Illinois,17129,Menard,0.14333333333333334,2014,2018
17,Illinois,17131,Mercer,0.14333333333333334,2014,2018
17,Illinois,17133,Monroe,0.22333333333333336,2014,2018
17,Illinois,17135,Montgomery,0.15666666666666665,2014,2018
17,Illinois,17137,Morgan,0.15333333333333332,2014,2018
17,Illinois,17139,Moultrie,0.14666666666666667,2014,2018
17,Illinois,17141,Ogle,0.17666666666666667,2014,2018
17,Illinois,17143,Peoria,0.2233333333333333,2014,2018
17,Illinois,17145,Perry,0.15666666666666665,2014,2018
17,Illinois,17147,Piatt,0.15333333333333332,2014,2018
17,Illinois,17149,Pike,0.14333333333333334,2014,2018
17,Illinois,17151,Pope,0.1366666666666667,2014,2018
17,Illinois,17153,Pulaski,0.18333333333333335,2014,2018
17,Illinois,17155,Putnam,0.18000000000000002,2014,2018
17,Illinois,17157,Randolph,0.18000000000000002,2014,2018
17,Illinois,17159,Richland,0.13999999999999999,2014,2018
17,Illinois,17161,Rock Island,0.20000000000000004,2014,2018
17,Illinois,17163,St. Clair,0.26333333333333336,2014,2018
17,Illinois,17165,Saline,0.15666666666666665,2014,2018
17,Illinois,17167,Sangamon,0.20000000000000004,2014,2018
17,Illinois,17169,Schuyler,0.13,2014,2018
17,Illinois,17171,Scott,0.1366666666666667,2014,2018
17,Illinois,17173,Shelby,0.13999999999999999,2014,2018
17,Illinois,17175,Stark,0.14666666666666667,2014,2018
17,Illinois,17177,Stephenson,0.15,2014,2018
17,Illinois,17179,Tazewell,0.18666666666666668,2014,2018
17,Illinois,17181,Union,0.15666666666666665,2014,2018
17,Illinois,17183,Vermilion,0.18333333333333335,2014,2018
17,Illinois,17185,Wabash,0.15333333333333335,2014,2018
17,Illinois,17187,Warren,0.16333333333333333,2014,2018
17,Illinois,17189,Washington,0.15666666666666665,2014,2018
17,Illinois,17191,Wayne,0.13333333333333333,2014,2018
17,Illinois,17193,White,0.14,2014,2018
17,Illinois,17195,Whiteside,0.18666666666666668,2014,2018
17,Illinois,17197,Will,0.35333333333333333,2014,2018
17,Illinois,17199,Williamson,0.17333333333333334,2014,2018
17,Illinois,17201,Winnebago,0.21,2014,2018
17,Illinois,17203,Woodford,0.15666666666666665,2014,2018
18,Indiana,18001,Adams,0.18000000000000002,2014,2018
18,Indiana,18003,Allen,0.2966666666666667,2014,2018
18,Indiana,18005,Bartholomew,0.25,2014,2018
18,Indiana,18007,Benton,0.16,2014,2018
18,Indiana,18009,Blackford,0.19000000000000003,2014,2018
18,Indiana,18011,Boone,0.25333333333333335,2014,2018
18,Indiana,18013,Brown,0.15,2014,2018
18,Indiana,18015,Carroll,0.19000000000000003,2014,2018
18,Indiana,18017,Cass,0.19333333333333333,2014,2018
18,Indiana,18019,Clark,0.29333333333333333,2014,2018
18,Indiana,18021,Clay,0.19333333333333333,2014,2018
18,Indiana,18023,Clinton,0.20000000000000004,2014,2018
18,Indiana,18025,Crawford,0.16,2014,2018
18,Indiana,18027,Daviess,0.18000000000000002,2014,2018
18,Indiana,18029,Dearborn,0.22,2014,2018
18,Indiana,18031,Decatur,0.18999999999999997,2014,2018
18,Indiana,18033,DeKalb,0.27,2014,2018
18,Indiana,18035,Delaware,0.24333333333333332,2014,2018
18,Indiana,18037,Dubois,0.18000000000000002,2014,2018
18,Indiana,18039,Elkhart,0.27,2014,2018
18,Indiana,18041,Fayette,0.19000000000000003,2014,2018
18,Indiana,18043,Floyd,0.2966666666666667,2014,2018
18,Indiana,18045,Fountain,0.18000000000000002,2014,2018
18,Indiana,18047,Franklin,0.17,2014,2018
18,Indiana,18049,Fulton,0.17333333333333334,2014,2018
18,Indiana,18051,Gibson,0.19666666666666668,2014,2018
18,Indiana,18053,Grant,0.21,2014,2018
18,Indiana,18055,Greene,0.15333333333333335,2014,2018
18,Indiana,18057,Hamilton,0.3433333333333333,2014,2018
18,Indiana,18059,Hancock,0.27666666666666667,2014,2018
18,Indiana,18061,Harrison,0.18999999999999997,2014,2018
18,Indiana,18063,Hendricks,0.29333333333333333,2014,2018
18,Indiana,18065,Henry,0.21,2014,2018
18,Indiana,18067,Howard,0.22999999999999998,2014,2018
18,Indiana,18069,Huntington,0.20333333333333334,2014,2018
18,Indiana,18071,Jackson,0.19000000000000003,2014,2018
18,Indiana,18073,Jasper,0.20000000000000004,2014,2018
18,Indiana,18075,Jay,0.16666666666666666,2014,2018
18,Indiana,18077,Jefferson,0.18666666666666668,2014,2018
18,Indiana,18079,Jennings,0.18333333333333335,2014,2018
18,Indiana,18081,Johnson,0.29333333333333333,2014,2018
18,Indiana,18083,Knox,0.19000000000000003,2014,2018
18,Indiana,18085,Kosciusko,0.21,2014,2018
18,Indiana,18087,LaGrange,0.18000000000000002,2014,2018
18,Indiana,18089,Lake,0.3433333333333333,2014,2018
18,Indiana,18091,LaPorte,0.26666666666666666,2014,2018
18,Indiana,18093,Lawrence,0.17,2014,2018
18,Indiana,18095,Madison,0.26,2014,2018
18,Indiana,18097,Marion,0.5299999999999999,2014,2018
18,Indiana,18099,Marshall,0.22,2014,2018
18,Indiana,18101,Martin,0.15,2014,2018
18,Indiana,18103,Miami,0.19000000000000003,2014,2018
18,Indiana,18105,Monroe,0.20000000000000004,2014,2018
18,Indiana,18107,Montgomery,0.18333333333333335,2014,2018
18,Indiana,18109,Morgan,0.22999999999999998,2014,2018
18,Indiana,18111,Newton,0.18000000000000002,2014,2018
18,Indiana,18113,Noble,0.21666666666666667,2014,2018
18,Indiana,18115,Ohio,0.21666666666666667,2014,2018
18,Indiana,18117,Orange,0.13999999999999999,2014,2018
18,Indiana,18119,Owen,0.16,2014,2018
18,Indiana,18121,Parke,0.16,2014,2018
18,Indiana,18123,Perry,0.19666666666666666,2014,2018
18,Indiana,18125,Pike,0.16,2014,2018
18,Indiana,18127,Porter,0.2866666666666667,2014,2018
18,Indiana,18129,Posey,0.18333333333333335,2014,2018
18,Indiana,18131,Pulaski,0.16333333333333333,2014,2018
18,Indiana,18133,Putnam,0.19000000000000003,2014,2018
18,Indiana,18135,Randolph,0.17,2014,2018
18,Indiana,18137,Ripley,0.17333333333333334,2014,2018
18,Indiana,18139,Rush,0.17666666666666667,2014,2018
18,Indiana,18141,St. Joseph,0.2866666666666667,2014,2018
18,Indiana,18143,Scott,0.22,2014,2018
18,Indiana,18145,Shelby,0.24,2014,2018
18,Indiana,18147,Spencer,0.18000000000000002,2014,2018
18,Indiana,18149,Starke,0.19000000000000003,2014,2018
18,Indiana,18151,Steuben,0.19000000000000003,2014,2018
18,Indiana,18153,Sullivan,0.17,2014,2018
18,Indiana,18155,Switzerland,0.21,2014,2018
18,Indiana,18157,Tippecanoe,0.28,2014,2018
18,Indiana,18159,Tipton,0.20000000000000004,2014,2018
18,Indiana,18161,Union,0.17333333333333334,2014,2018
18,Indiana,18163,Vanderburgh,0.33,2014,2018
18,Indiana,18165,Vermillion,0.18333333333333335,2014,2018
18,Indiana,18167,Vigo,0.26333333333333336,2014,2018
18,Indiana,18169,Wabash,0.19000000000000003,2014,2018
18,Indiana,18171,Warren,0.17,2014,2018
18,Indiana,18173,Warrick,0.19999999999999998,2014,2018
18,Indiana,18175,Washington,0.15333333333333335,2014,2018
18,Indiana,18177,Wayne,0.21333333333333335,2014,2018
18,Indiana,18179,Wells,0.19000000000000003,2014,2018
18,Indiana,18181,White,0.18666666666666668,2014,2018
18,Indiana,18183,Whitley,0.21,2014,2018
19,Iowa,19001,Adair,0.11333333333333333,2014,2018
19,Iowa,19003,Adams,0.12333333333333334,2014,2018
19,Iowa,19005,Allamakee,0.10999999999999999,2014,2018
19,Iowa,19007,Appanoose,0.10999999999999999,2014,2018
19,Iowa,19009,Audubon,0.10333333333333333,2014,2018
19,Iowa,19011,Benton,0.13999999999999999,2014,2018
19,Iowa,19013,Black Hawk,0.15,2014,2018
19,Iowa,19015,Boone,0.16,2014,2018
19,Iowa,19017,Bremer,0.11666666666666665,2014,2018
19,Iowa,19019,Buchanan,0.12,2014,2018
19,Iowa,19021,Buena Vista,0.09666666666666668,2014,2018
19,Iowa,19023,Butler,0.11333333333333333,2014,2018
19,Iowa,19025,Calhoun,0.10333333333333333,2014,2018
19,Iowa,19027,Carroll,0.12,2014,2018
19,Iowa,19029,Cass,0.11333333333333333,2014,2018
19,Iowa,19031,Cedar,0.16333333333333333,2014,2018
19,Iowa,19033,Cerro Gordo,0.14666666666666667,2014,2018
19,Iowa,19035,Cherokee,0.09666666666666668,2014,2018
19,Iowa,19037,Chickasaw,0.10666666666666667,2014,2018
19,Iowa,19039,Clarke,0.15666666666666665,2014,2018
19,Iowa,19041,Clay,0.09666666666666668,2014,2018
19,Iowa,19043,Clayton,0.11666666666666665,2014,2018
19,Iowa,19045,Clinton,0.18666666666666668,2014,2018
19,Iowa,19047,Crawford,0.12333333333333334,2014,2018
19,Iowa,19049,Dallas,0.14666666666666667,2014,2018
19,Iowa,19051,Davis,0.10999999999999999,2014,2018
19,Iowa,19053,Decatur,0.10999999999999999,2014,2018
19,Iowa,19055,Delaware,0.11666666666666665,2014,2018
19,Iowa,19057,Des Moines,0.17666666666666667,2014,2018
19,Iowa,19059,Dickinson,0.09666666666666668,2014,2018
19,Iowa,19061,Dubuque,0.15,2014,2018
19,Iowa,19063,Emmet,0.09666666666666668,2014,2018
19,Iowa,19065,Fayette,0.10666666666666667,2014,2018
19,Iowa,19067,Floyd,0.11333333333333333,2014,2018
19,Iowa,19069,Franklin,0.12,2014,2018
19,Iowa,19071,Fremont,0.12666666666666668,2014,2018
19,Iowa,19073,Greene,0.12333333333333334,2014,2018
19,Iowa,19075,Grundy,0.11666666666666665,2014,2018
19,Iowa,19077,Guthrie,0.11666666666666665,2014,2018
19,Iowa,19079,Hamilton,0.13333333333333333,2014,2018
19,Iowa,19081,Hancock,0.10666666666666667,2014,2018
19,Iowa,19083,Hardin,0.12,2014,2018
19,Iowa,19085,Harrison,0.15,2014,2018
19,Iowa,19087,Henry,0.14333333333333334,2014,2018
19,Iowa,19089,Howard,0.09666666666666666,2014,2018
19,Iowa,19091,Humboldt,0.10666666666666667,2014,2018
19,Iowa,19093,Ida,0.09666666666666668,2014,2018
19,Iowa,19095,Iowa,0.13999999999999999,2014,2018
19,Iowa,19097,Jackson,0.14333333333333334,2014,2018
19,Iowa,19099,Jasper,0.14666666666666667,2014,2018
19,Iowa,19101,Jefferson,0.13333333333333333,2014,2018
19,Iowa,19103,Johnson,0.19000000000000003,2014,2018
19,Iowa,19105,Jones,0.12,2014,2018
19,Iowa,19107,Keokuk,0.12333333333333334,2014,2018
19,Iowa,19109,Kossuth,0.09999999999999999,2014,2018
19,Iowa,19111,Lee,0.17,2014,2018
19,Iowa,19113,Linn,0.18666666666666668,2014,2018
19,Iowa,19115,Louisa,0.13333333333333333,2014,2018
19,Iowa,19117,Lucas,0.13999999999999999,2014,2018
19,Iowa,19119,Lyon,0.10333333333333333,2014,2018
19,Iowa,19121,Madison,0.12,2014,2018
19,Iowa,19123,Mahaska,0.13,2014,2018
19,Iowa,19125,Marion,0.12666666666666668,2014,2018
19,Iowa,19127,Marshall,0.15,2014,2018
19,Iowa,19129,Mills,0.16,2014,2018
19,Iowa,19131,Mitchell,0.10666666666666667,2014,2018
19,Iowa,19133,Monona,0.12,2014,2018
19,Iowa,19135,Monroe,0.14333333333333334,2014,2018
19,Iowa,19137,Montgomery,0.14,2014,2018
19,Iowa,19139,Muscatine,0.15,2014,2018
19,Iowa,19141,O'Brien,0.09333333333333334,2014,2018
19,Iowa,19143,Osceola,0.09333333333333334,2014,2018
19,Iowa,19145,Page,0.11333333333333333,2014,2018
19,Iowa,19147,Palo Alto,0.09333333333333334,2014,2018
19,Iowa,19149,Plymouth,0.10999999999999999,2014,2018
19,Iowa,19151,Pocahontas,0.09666666666666668,2014,2018
19,Iowa,19153,Polk,0.25333333333333335,2014,2018
19,Iowa,19155,Pottawattamie,0.21666666666666667,2014,2018
19,Iowa,19157,Poweshiek,0.13,2014,2018
19,Iowa,19159,Ringgold,0.10000000000000002,2014,2018
19,Iowa,19161,Sac,0.10333333333333333,2014,2018
19,Iowa,19163,Scott,0.21999999999999997,2014,2018
19,Iowa,19165,Shelby,0.10999999999999999,2014,2018
19,Iowa,19167,Sioux,0.11333333333333334,2014,2018
19,Iowa,19169,Story,0.17666666666666667,2014,2018
19,Iowa,19171,Tama,0.1366666666666667,2014,2018
19,Iowa,19173,Taylor,0.10333333333333333,2014,2018
19,Iowa,19175,Union,0.1366666666666667,2014,2018
19,Iowa,19177,Van Buren,0.11333333333333333,2014,2018
19,Iowa,19179,Wapello,0.15666666666666665,2014,2018
19,Iowa,19181,Warren,0.1366666666666667,2014,2018
19,Iowa,19183,Washington,0.13333333333333333,2014,2018
19,Iowa,19185,Wayne,0.10666666666666667,2014,2018
19,Iowa,19187,Webster,0.11666666666666665,2014,2018
19,Iowa,19189,Winnebago,0.10666666666666667,2014,2018
19,Iowa,19191,Winneshiek,0.09999999999999999,2014,2018
19,Iowa,19193,Woodbury,0.14,2014,2018
19,Iowa,19195,Worth,0.12,2014,2018
19,Iowa,19197,Wright,0.11666666666666665,2014,2018
20,Kansas,20001,Allen,0.12333333333333334,2014,2018
20,Kansas,20003,Anderson,0.12333333333333334,2014,2018
20,Kansas,20005,Atchison,0.16333333333333333,2014,2018
20,Kansas,20007,Barber,0.08666666666666667,2014,2018
20,Kansas,20009,Barton,0.09666666666666668,2014,2018
20,Kansas,20011,Bourbon,0.1366666666666667,2014,2018
20,Kansas,20013,Brown,0.12666666666666668,2014,2018
20,Kansas,20015,Butler,0.13,2014,2018
20,Kansas,20017,Chase,0.1366666666666667,2014,2018
20,Kansas,20019,Chautauqua,0.09333333333333334,2014,2018
20,Kansas,20021,Cherokee,0.14333333333333334,2014,2018
20,Kansas,20023,Cheyenne,0.05000000000000001,2014,2018
20,Kansas,20025,Clark,0.06333333333333334,2014,2018
20,Kansas,20027,Clay,0.09999999999999999,2014,2018
20,Kansas,20029,Cloud,0.09000000000000001,2014,2018
20,Kansas,20031,Coffey,0.12333333333333334,2014,2018
20,Kansas,20033,Comanche,0.06333333333333334,2014,2018
20,Kansas,20035,Cowley,0.12666666666666668,2014,2018
20,Kansas,20037,Crawford,0.14666666666666667,2014,2018
20,Kansas,20039,Decatur,0.05666666666666667,2014,2018
20,Kansas,20041,Dickinson,0.11666666666666665,2014,2018
20,Kansas,20043,Doniphan,0.15,2014,2018
20,Kansas,20045,Douglas,0.21333333333333335,2014,2018
20,Kansas,20047,Edwards,0.07333333333333333,2014,2018
20,Kansas,20049,Elk,0.08666666666666667,2014,2018
20,Kansas,20051,Ellis,0.09999999999999999,2014,2018
20,Kansas,20053,Ellsworth,0.08333333333333333,2014,2018
20,Kansas,20055,Finney,0.09333333333333334,2014,2018
20,Kansas,20057,Ford,0.08333333333333333,2014,2018
20,Kansas,20059,Franklin,0.18333333333333335,2014,2018
20,Kansas,20061,Geary,0.13666666666666666,2014,2018
20,Kansas,20063,Gove,0.06666666666666667,2014,2018
20,Kansas,20065,Graham,0.06,2014,2018
20,Kansas,20067,Grant,0.06666666666666667,2014,2018
20,Kansas,20069,Gray,0.06999999999999999,2014,2018
20,Kansas,20071,Greeley,0.04666666666666667,2014,2018
20,Kansas,20073,Greenwood,0.09333333333333334,2014,2018
20,Kansas,20075,Hamilton,0.05333333333333334,2014,2018
20,Kansas,20077,Harper,0.10666666666666667,2014,2018
20,Kansas,20079,Harvey,0.16,2014,2018
20,Kansas,20081,Haskell,0.06333333333333334,2014,2018
20,Kansas,20083,Hodgeman,0.06,2014,2018
20,Kansas,20085,Jackson,0.12,2014,2018
20,Kansas,20087,Jefferson,0.15333333333333332,2014,2018
20,Kansas,20089,Jewell,0.07666666666666666,2014,2018
20,Kansas,20091,Johnson,0.33666666666666667,2014,2018
20,Kansas,20093,Kearny,0.05666666666666667,2014,2018
20,Kansas,20095,Kingman,0.09000000000000001,2014,2018
20,Kansas,20097,Kiowa,0.07,2014,2018
20,Kansas,20099,Labette,0.13,2014,2018
20,Kansas,20101,Lane,0.05666666666666667,2014,2018
20,Kansas,20103,Leavenworth,0.24,2014,2018
20,Kansas,20105,Lincoln,0.08,2014,2018
20,Kansas,20107,Linn,0.1366666666666667,2014,2018
20,Kansas,20109,Logan,0.07333333333333335,2014,2018
20,Kansas,20111,Lyon,0.15,2014,2018
20,Kansas,20113,McPherson,0.11666666666666665,2014,2018
20,Kansas,20115,Marion,0.10999999999999999,2014,2018
20,Kansas,20117,Marshall,0.12666666666666668,2014,2018
20,Kansas,20119,Meade,0.07,2014,2018
20,Kansas,20121,Miami,0.17666666666666667,2014,2018
20,Kansas,20123,Mitchell,0.08666666666666667,2014,2018
20,Kansas,20125,Montgomery,0.14,2014,2018
20,Kansas,20127,Morris,0.09666666666666668,2014,2018
20,Kansas,20129,Morton,0.05000000000000001,2014,2018
20,Kansas,20131,Nemaha,0.10666666666666667,2014,2018
20,Kansas,20133,Neosho,0.13,2014,2018
20,Kansas,20135,Ness,0.06,2014,2018
20,Kansas,20137,Norton,0.06666666666666667,2014,2018
20,Kansas,20139,Osage,0.13666666666666666,2014,2018
20,Kansas,20141,Osborne,0.06666666666666667,2014,2018
20,Kansas,20143,Ottawa,0.09000000000000001,2014,2018
20,Kansas,20145,Pawnee,0.07666666666666666,2014,2018
20,Kansas,20147,Phillips,0.06666666666666667,2014,2018
20,Kansas,20149,Pottawatomie,0.12,2014,2018
20,Kansas,20151,Pratt,0.09000000000000001,2014,2018
20,Kansas,20153,Rawlins,0.05000000000000001,2014,2018
20,Kansas,20155,Reno,0.12333333333333334,2014,2018
20,Kansas,20157,Republic,0.09333333333333334,2014,2018
20,Kansas,20159,Rice,0.08333333333333333,2014,2018
20,Kansas,20161,Riley,0.13333333333333333,2014,2018
20,Kansas,20163,Rooks,0.07,2014,2018
20,Kansas,20165,Rush,0.06333333333333334,2014,2018
20,Kansas,20167,Russell,0.08,2014,2018
20,Kansas,20169,Saline,0.13999999999999999,2014,2018
20,Kansas,20171,Scott,0.06333333333333334,2014,2018
20,Kansas,20173,Sedgwick,0.20333333333333337,2014,2018
20,Kansas,20175,Seward,0.09333333333333334,2014,2018
20,Kansas,20177,Shawnee,0.22,2014,2018
20,Kansas,20179,Sheridan,0.06,2014,2018
20,Kansas,20181,Sherman,0.06666666666666667,2014,2018
20,Kansas,20183,Smith,0.07,2014,2018
20,Kansas,20185,Stafford,0.07666666666666667,2014,2018
20,Kansas,20187,Stanton,0.04666666666666667,2014,2018
20,Kansas,20189,Stevens,0.06333333333333334,2014,2018
20,Kansas,20191,Sumner,0.14666666666666667,2014,2018
20,Kansas,20193,Thomas,0.08,2014,2018
20,Kansas,20195,Trego,0.06333333333333334,2014,2018
20,Kansas,20197,Wabaunsee,0.11666666666666665,2014,2018
20,Kansas,20199,Wallace,0.043333333333333335,2014,2018
20,Kansas,20201,Washington,0.10000000000000002,2014,2018
20,Kansas,20203,Wichita,0.05333333333333334,2014,2018
20,Kansas,20205,Wilson,0.11333333333333333,2014,2018
20,Kansas,20207,Woodson,0.10666666666666667,2014,2018
20,Kansas,20209,Wyandotte,0.3833333333333333,2014,2018
21,Kentucky,21001,Adair,0.11666666666666665,2014,2018
21,Kentucky,21003,Allen,0.13999999999999999,2014,2018
21,Kentucky,21005,Anderson,0.17,2014,2018
21,Kentucky,21007,Ballard,0.17,2014,2018
21,Kentucky,21009,Barren,0.15,2014,2018
21,Kentucky,21011,Bath,0.13999999999999999,2014,2018
21,Kentucky,21013,Bell,0.11333333333333334,2014,2018
21,Kentucky,21015,Boone,0.37000000000000005,2014,2018
21,Kentucky,21017,Bourbon,0.18333333333333335,2014,2018
21,Kentucky,21019,Boyd,0.22333333333333336,2014,2018
21,Kentucky,21021,Boyle,0.18333333333333335,2014,2018
21,Kentucky,21023,Bracken,0.16333333333333333,2014,2018
21,Kentucky,21025,Breathitt,0.09333333333333334,2014,2018
21,Kentucky,21027,Breckinridge,0.14333333333333334,2014,2018
21,Kentucky,21029,Bullitt,0.2733333333333333,2014,2018
21,Kentucky,21031,Butler,0.13333333333333333,2014,2018
21,Kentucky,21033,Caldwell,0.14666666666666667,2014,2018
21,Kentucky,21035,Calloway,0.14,2014,2018
21,Kentucky,21037,Campbell,0.4266666666666667,2014,2018
21,Kentucky,21039,Carlisle,0.15,2014,2018
21,Kentucky,21041,Carroll,0.24,2014,2018
21,Kentucky,21043,Carter,0.14333333333333334,2014,2018
21,Kentucky,21045,Casey,0.11,2014,2018
21,Kentucky,21047,Christian,0.18000000000000002,2014,2018
21,Kentucky,21049,Clark,0.22666666666666668,2014,2018
21,Kentucky,21051,Clay,0.09999999999999999,2014,2018
21,Kentucky,21053,Clinton,0.10666666666666667,2014,2018
21,Kentucky,21055,Crittenden,0.1366666666666667,2014,2018
21,Kentucky,21057,Cumberland,0.09999999999999999,2014,2018
21,Kentucky,21059,Daviess,0.20333333333333334,2014,2018
21,Kentucky,21061,Edmonson,0.14666666666666667,2014,2018
21,Kentucky,21063,Elliott,0.09666666666666668,2014,2018
21,Kentucky,21065,Estill,0.11666666666666665,2014,2018
21,Kentucky,21067,Fayette,0.37666666666666665,2014,2018
21,Kentucky,21069,Fleming,0.12666666666666668,2014,2018
21,Kentucky,21071,Floyd,0.12,2014,2018
21,Kentucky,21073,Franklin,0.24666666666666667,2014,2018
21,Kentucky,21075,Fulton,0.18333333333333335,2014,2018
21,Kentucky,21077,Gallatin,0.26,2014,2018
21,Kentucky,21079,Garrard,0.14666666666666667,2014,2018
21,Kentucky,21081,Grant,0.22666666666666666,2014,2018
21,Kentucky,21083,Graves,0.13999999999999999,2014,2018
21,Kentucky,21085,Grayson,0.1366666666666667,2014,2018
21,Kentucky,21087,Green,0.11666666666666665,2014,2018
21,Kentucky,21089,Greenup,0.16666666666666666,2014,2018
21,Kentucky,21091,Hancock,0.19999999999999998,2014,2018
21,Kentucky,21093,Hardin,0.20666666666666667,2014,2018
21,Kentucky,21095,Harlan,0.10333333333333333,2014,2018
21,Kentucky,21097,Harrison,0.17333333333333334,2014,2018
21,Kentucky,21099,Hart,0.18333333333333335,2014,2018
21,Kentucky,21101,Henderson,0.21999999999999997,2014,2018
21,Kentucky,21103,Henry,0.19333333333333333,2014,2018
21,Kentucky,21105,Hickman,0.14666666666666667,2014,2018
21,Kentucky,21107,Hopkins,0.17,2014,2018
21,Kentucky,21109,Jackson,0.10666666666666667,2014,2018
21,Kentucky,21111,Jefferson,0.3666666666666667,2014,2018
21,Kentucky,21113,Jessamine,0.2333333333333333,2014,2018
21,Kentucky,21115,Johnson,0.12333333333333334,2014,2018
21,Kentucky,21117,Kenton,0.4666666666666666,2014,2018
21,Kentucky,21119,Knott,0.09666666666666668,2014,2018
21,Kentucky,21121,Knox,0.12666666666666668,2014,2018
21,Kentucky,21123,Larue,0.16,2014,2018
21,Kentucky,21125,Laurel,0.17333333333333334,2014,2018
21,Kentucky,21127,Lawrence,0.13,2014,2018
21,Kentucky,21129,Lee,0.09999999999999999,2014,2018
21,Kentucky,21131,Leslie,0.08666666666666667,2014,2018
21,Kentucky,21133,Letcher,0.08666666666666667,2014,2018
21,Kentucky,21135,Lewis,0.12666666666666668,2014,2018
21,Kentucky,21137,Lincoln,0.14333333333333334,2014,2018
21,Kentucky,21139,Livingston,0.17666666666666667,2014,2018
21,Kentucky,21141,Logan,0.15333333333333335,2014,2018
21,Kentucky,21143,Lyon,0.19333333333333336,2014,2018
21,Kentucky,21145,McCracken,0.22999999999999998,2014,2018
21,Kentucky,21147,McCreary,0.12333333333333334,2014,2018
21,Kentucky,21149,McLean,0.14666666666666667,2014,2018
21,Kentucky,21151,Madison,0.20666666666666667,2014,2018
21,Kentucky,21153,Magoffin,0.09999999999999999,2014,2018
21,Kentucky,21155,Marion,0.13,2014,2018
21,Kentucky,21157,Marshall,0.17333333333333334,2014,2018
21,Kentucky,21159,Martin,0.11666666666666665,2014,2018
21,Kentucky,21161,Mason,0.17666666666666667,2014,2018
21,Kentucky,21163,Meade,0.16333333333333333,2014,2018
21,Kentucky,21165,Menifee,0.09999999999999999,2014,2018
21,Kentucky,21167,Mercer,0.17333333333333334,2014,2018
21,Kentucky,21169,Metcalfe,0.11,2014,2018
21,Kentucky,21171,Monroe,0.11,2014,2018
21,Kentucky,21173,Montgomery,0.16666666666666666,2014,2018
21,Kentucky,21175,Morgan,0.09999999999999999,2014,2018
21,Kentucky,21177,Muhlenberg,0.13999999999999999,2014,2018
21,Kentucky,21179,Nelson,0.16666666666666666,2014,2018
21,Kentucky,21181,Nicholas,0.1366666666666667,2014,2018
21,Kentucky,21183,Ohio,0.13,2014,2018
21,Kentucky,21185,Oldham,0.26999999999999996,2014,2018
21,Kentucky,21187,Owen,0.15333333333333335,2014,2018
21,Kentucky,21189,Owsley,0.09333333333333334,2014,2018
21,Kentucky,21191,Pendleton,0.16333333333333333,2014,2018
21,Kentucky,21193,Perry,0.10666666666666667,2014,2018
21,Kentucky,21195,Pike,0.11666666666666665,2014,2018
21,Kentucky,21197,Powell,0.12,2014,2018
21,Kentucky,21199,Pulaski,0.16,2014,2018
21,Kentucky,21201,Robertson,0.12333333333333334,2014,2018
21,Kentucky,21203,Rockcastle,0.15333333333333332,2014,2018
21,Kentucky,21205,Rowan,0.13666666666666666,2014,2018
21,Kentucky,21207,Russell,0.11333333333333334,2014,2018
21,Kentucky,21209,Scott,0.2733333333333334,2014,2018
21,Kentucky,21211,Shelby,0.2333333333333333,2014,2018
21,Kentucky,21213,Simpson,0.22666666666666668,2014,2018
21,Kentucky,21215,Spencer,0.16666666666666666,2014,2018
21,Kentucky,21217,Taylor,0.14666666666666667,2014,2018
21,Kentucky,21219,Todd,0.14666666666666667,2014,2018
21,Kentucky,21221,Trigg,0.13333333333333333,2014,2018
21,Kentucky,21223,Trimble,0.19666666666666666,2014,2018
21,Kentucky,21225,Union,0.16,2014,2018
21,Kentucky,21227,Warren,0.22333333333333336,2014,2018
21,Kentucky,21229,Washington,0.1366666666666667,2014,2018
21,Kentucky,21231,Wayne,0.11,2014,2018
21,Kentucky,21233,Webster,0.16,2014,2018
21,Kentucky,21235,Whitley,0.17,2014,2018
21,Kentucky,21237,Wolfe,0.09999999999999999,2014,2018
21,Kentucky,21239,Woodford,0.20333333333333334,2014,2018
22,Louisiana,22001,Acadia,0.18333333333333335,2014,2018
22,Louisiana,22003,Allen,0.12,2014,2018
22,Louisiana,22005,Ascension,0.33666666666666667,2014,2018
22,Louisiana,22007,Assumption,0.17666666666666667,2014,2018
22,Louisiana,22009,Avoyelles,0.13,2014,2018
22,Louisiana,22011,Beauregard,0.12666666666666668,2014,2018
22,Louisiana,22013,Bienville,0.10333333333333333,2014,2018
22,Louisiana,22015,Bossier,0.18333333333333332,2014,2018
22,Louisiana,22017,Caddo,0.22,2014,2018
22,Louisiana,22019,Calcasieu,0.24666666666666667,2014,2018
22,Louisiana,22021,Caldwell,0.10333333333333333,2014,2018
22,Louisiana,22023,Cameron,0.13,2014,2018
22,Louisiana,22025,Catahoula,0.09999999999999999,2014,2018
22,Louisiana,22027,Claiborne,0.08666666666666667,2014,2018
22,Louisiana,22029,Concordia,0.12333333333333334,2014,2018
22,Louisiana,22031,De Soto,0.12333333333333334,2014,2018
22,Louisiana,22033,East Baton Rouge,0.3833333333333333,2014,2018
22,Louisiana,22035,East Carroll,0.12333333333333334,2014,2018
22,Louisiana,22037,East Feliciana,0.13333333333333333,2014,2018
22,Louisiana,22039,Evangeline,0.1366666666666667,2014,2018
22,Louisiana,22041,Franklin,0.10666666666666667,2014,2018
22,Louisiana,22043,Grant,0.10666666666666667,2014,2018
22,Louisiana,22045,Iberia,0.18000000000000002,2014,2018
22,Louisiana,22047,Iberville,0.26,2014,2018
22,Louisiana,22049,Jackson,0.09666666666666668,2014,2018
22,Louisiana,22051,Jefferson,0.56,2014,2018
22,Louisiana,22053,Jefferson Davis,0.15666666666666668,2014,2018
22,Louisiana,22055,Lafayette,0.30333333333333334,2014,2018
22,Louisiana,22057,Lafourche,0.22666666666666666,2014,2018
22,Louisiana,22059,La Salle,0.09666666666666668,2014,2018
22,Louisiana,22061,Lincoln,0.15666666666666668,2014,2018
22,Louisiana,22063,Livingston,0.24333333333333332,2014,2018
22,Louisiana,22065,Madison,0.18666666666666665,2014,2018
22,Louisiana,22067,Morehouse,0.12333333333333334,2014,2018
22,Louisiana,22069,Natchitoches,0.11333333333333334,2014,2018
22,Louisiana,22071,Orleans,0.6633333333333333,2014,2018
22,Louisiana,22073,Ouachita,0.21666666666666667,2014,2018
22,Louisiana,22075,Plaquemines,0.19999999999999998,2014,2018
22,Louisiana,22077,Pointe Coupee,0.17,2014,2018
22,Louisiana,22079,Rapides,0.17,2014,2018
22,Louisiana,22081,Red River,0.09333333333333334,2014,2018
22,Louisiana,22083,Richland,0.14333333333333334,2014,2018
22,Louisiana,22085,Sabine,0.09000000000000001,2014,2018
22,Louisiana,22087,St. Bernard,0.32666666666666666,2014,2018
22,Louisiana,22089,St. Charles,0.38999999999999996,2014,2018
22,Louisiana,22091,St. Helena,0.13,2014,2018
22,Louisiana,22093,St. James,0.3633333333333333,2014,2018
22,Louisiana,22095,St. John the Baptist,0.3633333333333333,2014,2018
22,Louisiana,22097,St. Landry,0.19000000000000003,2014,2018
22,Louisiana,22099,St. Martin,0.19000000000000003,2014,2018
22,Louisiana,22101,St. Mary,0.18333333333333335,2014,2018
22,Louisiana,22103,St. Tammany,0.24333333333333332,2014,2018
22,Louisiana,22105,Tangipahoa,0.25666666666666665,2014,2018
22,Louisiana,22107,Tensas,0.11,2014,2018
22,Louisiana,22109,Terrebonne,0.21333333333333335,2014,2018
22,Louisiana,22111,Union,0.09999999999999999,2014,2018
22,Louisiana,22113,Vermilion,0.14333333333333334,2014,2018
22,Louisiana,22115,Vernon,0.10333333333333333,2014,2018
22,Louisiana,22117,Washington,0.13,2014,2018
22,Louisiana,22119,Webster,0.1366666666666667,2014,2018
22,Louisiana,22121,West Baton Rouge,0.37333333333333335,2014,2018
22,Louisiana,22123,West Carroll,0.10666666666666667,2014,2018
22,Louisiana,22125,West Feliciana,0.12666666666666668,2014,2018
22,Louisiana,22127,Winn,0.09333333333333334,2014,2018
23,Maine,23001,Androscoggin,0.10333333333333333,2014,2018
23,Maine,23003,Aroostook,0.02666666666666667,2014,2018
23,Maine,23005,Cumberland,0.14666666666666667,2014,2018
23,Maine,23007,Franklin,0.04,2014,2018
23,Maine,23009,Hancock,0.05333333333333334,2014,2018
23,Maine,23011,Kennebec,0.09333333333333334,2014,2018
23,Maine,23013,Knox,0.07333333333333333,2014,2018
23,Maine,23015,Lincoln,0.07333333333333333,2014,2018
23,Maine,23017,Oxford,0.049999999999999996,2014,2018
23,Maine,23019,Penobscot,0.06333333333333334,2014,2018
23,Maine,23021,Piscataquis,0.03333333333333333,2014,2018
23,Maine,23023,Sagadahoc,0.10666666666666667,2014,2018
23,Maine,23025,Somerset,0.04666666666666667,2014,2018
23,Maine,23027,Waldo,0.05666666666666667,2014,2018
23,Maine,23029,Washington,0.03666666666666667,2014,2018
23,Maine,23031,York,0.12,2014,2018
24,Maryland,24001,Allegany,0.13999999999999999,2014,2018
24,Maryland,24003,Anne Arundel,0.35333333333333333,2014,2018
24,Maryland,24005,Baltimore,0.36333333333333334,2014,2018
24,Maryland,24009,Calvert,0.17666666666666667,2014,2018
24,Maryland,24011,Caroline,0.15,2014,2018
24,Maryland,24013,Carroll,0.21666666666666667,2014,2018
24,Maryland,24015,Cecil,0.24666666666666667,2014,2018
24,Maryland,24017,Charles,0.21333333333333335,2014,2018
24,Maryland,24019,Dorchester,0.13666666666666666,2014,2018
24,Maryland,24021,Frederick,0.25,2014,2018
24,Maryland,24023,Garrett,0.08333333333333333,2014,2018
24,Maryland,24025,Harford,0.26333333333333336,2014,2018
24,Maryland,24027,Howard,0.3766666666666667,2014,2018
24,Maryland,24029,Kent,0.18999999999999997,2014,2018
24,Maryland,24031,Montgomery,0.43333333333333335,2014,2018
24,Maryland,24033,Prince George's,0.4266666666666667,2014,2018
24,Maryland,24035,Queen Anne's,0.19333333333333333,2014,2018
24,Maryland,24037,St. Mary's,0.16333333333333333,2014,2018
24,Maryland,24039,Somerset,0.12666666666666668,2014,2018
24,Maryland,24041,Talbot,0.17333333333333334,2014,2018
24,Maryland,24043,Washington,0.2966666666666667,2014,2018
24,Maryland,24045,Wicomico,0.15,2014,2018
24,Maryland,24047,Worcester,0.13333333333333333,2014,2018
24,Maryland,24510,Baltimore City,0.5399999999999999,2014,2018
25,Massachusetts,25001,Barnstable,0.12333333333333334,2014,2018
25,Massachusetts,25003,Berkshire,0.09333333333333334,2014,2018
25,Massachusetts,25005,Bristol,0.26,2014,2018
25,Massachusetts,25007,Dukes,0.11666666666666665,2014,2018
25,Massachusetts,25009,Essex,0.26,2014,2018
25,Massachusetts,25011,Franklin,0.09666666666666668,2014,2018
25,Massachusetts,25013,Hampden,0.18000000000000002,2014,2018
25,Massachusetts,25015,Hampshire,0.13333333333333333,2014,2018
25,Massachusetts,25017,Middlesex,0.2866666666666667,2014,2018
25,Massachusetts,25019,Nantucket,0.11,2014,2018
25,Massachusetts,25021,Norfolk,0.2966666666666667,2014,2018
25,Massachusetts,25023,Plymouth,0.18666666666666668,2014,2018
25,Massachusetts,25025,Suffolk,0.6166666666666667,2014,2018
25,Massachusetts,25027,Worcester,0.14666666666666667,2014,2018
26,Michigan,26001,Alcona,0.05000000000000001,2014,2018
26,Michigan,26003,Alger,0.04,2014,2018
26,Michigan,26005,Allegan,0.13999999999999999,2014,2018
26,Michigan,26007,Alpena,0.05333333333333334,2014,2018
26,Michigan,26009,Antrim,0.05666666666666667,2014,2018
26,Michigan,26011,Arenac,0.07666666666666667,2014,2018
26,Michigan,26013,Baraga,0.03666666666666667,2014,2018
26,Michigan,26015,Barry,0.11666666666666665,2014,2018
26,Michigan,26017,Bay,0.12,2014,2018
26,Michigan,26019,Benzie,0.06333333333333334,2014,2018
26,Michigan,26021,Berrien,0.19000000000000003,2014,2018
26,Michigan,26023,Branch,0.14333333333333334,2014,2018
26,Michigan,26025,Calhoun,0.15333333333333332,2014,2018
26,Michigan,26027,Cass,0.16666666666666666,2014,2018
26,Michigan,26029,Charlevoix,0.05666666666666667,2014,2018
26,Michigan,26031,Cheboygan,0.05000000000000001,2014,2018
26,Michigan,26033,Chippewa,0.05666666666666667,2014,2018
26,Michigan,26035,Clare,0.06666666666666667,2014,2018
26,Michigan,26037,Clinton,0.13333333333333333,2014,2018
26,Michigan,26039,Crawford,0.05666666666666667,2014,2018
26,Michigan,26041,Delta,0.056666666666666664,2014,2018
26,Michigan,26043,Dickinson,0.049999999999999996,2014,2018
26,Michigan,26045,Eaton,0.13999999999999999,2014,2018
26,Michigan,26047,Emmet,0.05000000000000001,2014,2018
26,Michigan,26049,Genesee,0.17,2014,2018
26,Michigan,26051,Gladwin,0.07,2014,2018
26,Michigan,26053,Gogebic,0.04,2014,2018
26,Michigan,26055,Grand Traverse,0.07333333333333333,2014,2018
26,Michigan,26057,Gratiot,0.10666666666666667,2014,2018
26,Michigan,26059,Hillsdale,0.13,2014,2018
26,Michigan,26061,Houghton,0.03666666666666667,2014,2018
26,Michigan,26063,Huron,0.08,2014,2018
26,Michigan,26065,Ingham,0.15666666666666665,2014,2018
26,Michigan,26067,Ionia,0.12333333333333334,2014,2018
26,Michigan,26069,Iosco,0.06,2014,2018
26,Michigan,26071,Iron,0.04,2014,2018
26,Michigan,26073,Isabella,0.08666666666666667,2014,2018
26,Michigan,26075,Jackson,0.13999999999999999,2014,2018
26,Michigan,26077,Kalamazoo,0.17333333333333334,2014,2018
26,Michigan,26079,Kalkaska,0.05666666666666667,2014,2018
26,Michigan,26081,Kent,0.18333333333333335,2014,2018
26,Michigan,26083,Keweenaw,0.02666666666666667,2014,2018
26,Michigan,26085,Lake,0.06333333333333334,2014,2018
26,Michigan,26087,Lapeer,0.12666666666666668,2014,2018
26,Michigan,26089,Leelanau,0.06333333333333334,2014,2018
26,Michigan,26091,Lenawee,0.15666666666666665,2014,2018
26,Michigan,26093,Livingston,0.17,2014,2018
26,Michigan,26095,Luce,0.03666666666666667,2014,2018
26,Michigan,26097,Mackinac,0.049999999999999996,2014,2018
26,Michigan,26099,Macomb,0.29,2014,2018
26,Michigan,26101,Manistee,0.06666666666666667,2014,2018
26,Michigan,26103,Marquette,0.04,2014,2018
26,Michigan,26105,Mason,0.08333333333333333,2014,2018
26,Michigan,26107,Mecosta,0.08,2014,2018
26,Michigan,26109,Menominee,0.06333333333333334,2014,2018
26,Michigan,26111,Midland,0.09333333333333334,2014,2018
26,Michigan,26113,Missaukee,0.05666666666666667,2014,2018
26,Michigan,26115,Monroe,0.22,2014,2018
26,Michigan,26117,Montcalm,0.09333333333333334,2014,2018
26,Michigan,26119,Montmorency,0.043333333333333335,2014,2018
26,Michigan,26121,Muskegon,0.12666666666666668,2014,2018
26,Michigan,26123,Newaygo,0.08333333333333333,2014,2018
26,Michigan,26125,Oakland,0.28,2014,2018
26,Michigan,26127,Oceana,0.09000000000000001,2014,2018
26,Michigan,26129,Ogemaw,0.06,2014,2018
26,Michigan,26131,Ontonagon,0.03666666666666667,2014,2018
26,Michigan,26133,Osceola,0.06666666666666667,2014,2018
26,Michigan,26135,Oscoda,0.04666666666666667,2014,2018
26,Michigan,26137,Otsego,0.05666666666666667,2014,2018
26,Michigan,26139,Ottawa,0.17,2014,2018
26,Michigan,26141,Presque Isle,0.043333333333333335,2014,2018
26,Michigan,26143,Roscommon,0.05666666666666667,2014,2018
26,Michigan,26145,Saginaw,0.1366666666666667,2014,2018
26,Michigan,26147,St. Clair,0.16666666666666666,2014,2018
26,Michigan,26149,St. Joseph,0.15333333333333332,2014,2018
26,Michigan,26151,Sanilac,0.09333333333333334,2014,2018
26,Michigan,26153,Schoolcraft,0.043333333333333335,2014,2018
26,Michigan,26155,Shiawassee,0.13333333333333333,2014,2018
26,Michigan,26157,Tuscola,0.10000000000000002,2014,2018
26,Michigan,26159,Van Buren,0.15,2014,2018
26,Michigan,26161,Washtenaw,0.22,2014,2018
26,Michigan,26163,Wayne,0.3733333333333333,2014,2018
26,Michigan,26165,Wexford,0.06333333333333334,2014,2018
27,Minnesota,27001,Aitkin,0.05666666666666667,2014,2018
27,Minnesota,27003,Anoka,0.25,2014,2018
27,Minnesota,27005,Becker,0.07666666666666666,2014,2018
27,Minnesota,27007,Beltrami,0.043333333333333335,2014,2018
27,Minnesota,27009,Benton,0.13999999999999999,2014,2018
27,Minnesota,27011,Big Stone,0.07666666666666667,2014,2018
27,Minnesota,27013,Blue Earth,0.12333333333333334,2014,2018
27,Minnesota,27015,Brown,0.10333333333333333,2014,2018
27,Minnesota,27017,Carlton,0.07666666666666666,2014,2018
27,Minnesota,27019,Carver,0.16,2014,2018
27,Minnesota,27021,Cass,0.05333333333333334,2014,2018
27,Minnesota,27023,Chippewa,0.09666666666666666,2014,2018
27,Minnesota,27025,Chisago,0.13,2014,2018
27,Minnesota,27027,Clay,0.17333333333333334,2014,2018
27,Minnesota,27029,Clearwater,0.04666666666666667,2014,2018
27,Minnesota,27031,Cook,0.02666666666666667,2014,2018
27,Minnesota,27033,Cottonwood,0.08666666666666667,2014,2018
27,Minnesota,27035,Crow Wing,0.07666666666666666,2014,2018
27,Minnesota,27037,Dakota,0.23666666666666666,2014,2018
27,Minnesota,27039,Dodge,0.11,2014,2018
27,Minnesota,27041,Douglas,0.09333333333333334,2014,2018
27,Minnesota,27043,Faribault,0.10666666666666667,2014,2018
27,Minnesota,27045,Fillmore,0.09999999999999999,2014,2018
27,Minnesota,27047,Freeborn,0.11333333333333333,2014,2018
27,Minnesota,27049,Goodhue,0.1366666666666667,2014,2018
27,Minnesota,27051,Grant,0.09000000000000001,2014,2018
27,Minnesota,27053,Hennepin,0.3466666666666667,2014,2018
27,Minnesota,27055,Houston,0.11333333333333333,2014,2018
27,Minnesota,27057,Hubbard,0.05000000000000001,2014,2018
27,Minnesota,27059,Isanti,0.12666666666666668,2014,2018
27,Minnesota,27061,Itasca,0.043333333333333335,2014,2018
27,Minnesota,27063,Jackson,0.09333333333333334,2014,2018
27,Minnesota,27065,Kanabec,0.08666666666666667,2014,2018
27,Minnesota,27067,Kandiyohi,0.10333333333333333,2014,2018
27,Minnesota,27069,Kittson,0.049999999999999996,2014,2018
27,Minnesota,27071,Koochiching,0.04,2014,2018
27,Minnesota,27073,Lac qui Parle,0.08,2014,2018
27,Minnesota,27075,Lake,0.04,2014,2018
27,Minnesota,27077,Lake of the Woods,0.03666666666666667,2014,2018
27,Minnesota,27079,Le Sueur,0.11333333333333334,2014,2018
27,Minnesota,27081,Lincoln,0.06999999999999999,2014,2018
27,Minnesota,27083,Lyon,0.09000000000000001,2014,2018
27,Minnesota,27085,McLeod,0.10666666666666667,2014,2018
27,Minnesota,27087,Mahnomen,0.06666666666666667,2014,2018
27,Minnesota,27089,Marshall,0.05666666666666667,2014,2018
27,Minnesota,27091,Martin,0.09999999999999999,2014,2018
27,Minnesota,27093,Meeker,0.10333333333333333,2014,2018
27,Minnesota,27095,Mille Lacs,0.10000000000000002,2014,2018
27,Minnesota,27097,Morrison,0.10333333333333333,2014,2018
27,Minnesota,27099,Mower,0.11666666666666665,2014,2018
27,Minnesota,27101,Murray,0.08,2014,2018
27,Minnesota,27103,Nicollet,0.12,2014,2018
27,Minnesota,27105,Nobles,0.09666666666666668,2014,2018
27,Minnesota,27107,Norman,0.08,2014,2018
27,Minnesota,27109,Olmsted,0.14666666666666667,2014,2018
27,Minnesota,27111,Otter Tail,0.08333333333333333,2014,2018
27,Minnesota,27113,Pennington,0.06333333333333334,2014,2018
27,Minnesota,27115,Pine,0.07666666666666666,2014,2018
27,Minnesota,27117,Pipestone,0.09000000000000001,2014,2018
27,Minnesota,27119,Polk,0.08666666666666667,2014,2018
27,Minnesota,27121,Pope,0.08666666666666667,2014,2018
27,Minnesota,27123,Ramsey,0.4000000000000001,2014,2018
27,Minnesota,27125,Red Lake,0.05666666666666667,2014,2018
27,Minnesota,27127,Redwood,0.09333333333333334,2014,2018
27,Minnesota,27129,Renville,0.09333333333333334,2014,2018
27,Minnesota,27131,Rice,0.1366666666666667,2014,2018
27,Minnesota,27133,Rock,0.10333333333333333,2014,2018
27,Minnesota,27135,Roseau,0.043333333333333335,2014,2018
27,Minnesota,27137,St. Louis,0.07,2014,2018
27,Minnesota,27139,Scott,0.18000000000000002,2014,2018
27,Minnesota,27141,Sherburne,0.17,2014,2018
27,Minnesota,27143,Sibley,0.10333333333333333,2014,2018
27,Minnesota,27145,Stearns,0.13333333333333333,2014,2018
27,Minnesota,27147,Steele,0.12333333333333334,2014,2018
27,Minnesota,27149,Stevens,0.09000000000000001,2014,2018
27,Minnesota,27151,Swift,0.09333333333333334,2014,2018
27,Minnesota,27153,Todd,0.08,2014,2018
27,Minnesota,27155,Traverse,0.08,2014,2018
27,Minnesota,27157,Wabasha,0.13333333333333333,2014,2018
27,Minnesota,27159,Wadena,0.07666666666666666,2014,2018
27,Minnesota,27161,Waseca,0.11333333333333333,2014,2018
27,Minnesota,27163,Washington,0.23666666666666666,2014,2018
27,Minnesota,27165,Watonwan,0.10666666666666667,2014,2018
27,Minnesota,27167,Wilkin,0.10999999999999999,2014,2018
27,Minnesota,27169,Winona,0.1366666666666667,2014,2018
27,Minnesota,27171,Wright,0.15,2014,2018
27,Minnesota,27173,Yellow Medicine,0.08333333333333333,2014,2018
28,Mississippi,28001,Adams,0.12666666666666668,2014,2018
28,Mississippi,28003,Alcorn,0.14333333333333334,2014,2018
28,Mississippi,28005,Amite,0.09666666666666668,2014,2018
28,Mississippi,28007,Attala,0.09333333333333334,2014,2018
28,Mississippi,28009,Benton,0.11,2014,2018
28,Mississippi,28011,Bolivar,0.13,2014,2018
28,Mississippi,28013,Calhoun,0.10000000000000002,2014,2018
28,Mississippi,28015,Carroll,0.09999999999999999,2014,2018
28,Mississippi,28017,Chickasaw,0.10666666666666667,2014,2018
28,Mississippi,28019,Choctaw,0.08333333333333333,2014,2018
28,Mississippi,28021,Claiborne,0.09666666666666668,2014,2018
28,Mississippi,28023,Clarke,0.09666666666666668,2014,2018
28,Mississippi,28025,Clay,0.12,2014,2018
28,Mississippi,28027,Coahoma,0.14333333333333334,2014,2018
28,Mississippi,28029,Copiah,0.13333333333333333,2014,2018
28,Mississippi,28031,Covington,0.11666666666666665,2014,2018
28,Mississippi,28033,DeSoto,0.2333333333333333,2014,2018
28,Mississippi,28035,Forrest,0.16333333333333333,2014,2018
28,Mississippi,28037,Franklin,0.09333333333333334,2014,2018
28,Mississippi,28039,George,0.11333333333333334,2014,2018
28,Mississippi,28041,Greene,0.08666666666666667,2014,2018
28,Mississippi,28043,Grenada,0.12666666666666668,2014,2018
28,Mississippi,28045,Hancock,0.15666666666666668,2014,2018
28,Mississippi,28047,Harrison,0.20000000000000004,2014,2018
28,Mississippi,28049,Hinds,0.24333333333333332,2014,2018
28,Mississippi,28051,Holmes,0.12,2014,2018
28,Mississippi,28053,Humphreys,0.11333333333333334,2014,2018
28,Mississippi,28055,Issaquena,0.10666666666666667,2014,2018
28,Mississippi,28057,Itawamba,0.12,2014,2018
28,Mississippi,28059,Jackson,0.19333333333333336,2014,2018
28,Mississippi,28061,Jasper,0.09999999999999999,2014,2018
28,Mississippi,28063,Jefferson,0.09000000000000001,2014,2018
28,Mississippi,28065,Jefferson Davis,0.09000000000000001,2014,2018
28,Mississippi,28067,Jones,0.15333333333333335,2014,2018
28,Mississippi,28069,Kemper,0.09000000000000001,2014,2018
28,Mississippi,28071,Lafayette,0.12333333333333334,2014,2018
28,Mississippi,28073,Lamar,0.12333333333333334,2014,2018
28,Mississippi,28075,Lauderdale,0.17,2014,2018
28,Mississippi,28077,Lawrence,0.09666666666666668,2014,2018
28,Mississippi,28079,Leake,0.09666666666666668,2014,2018
28,Mississippi,28081,Lee,0.16666666666666666,2014,2018
28,Mississippi,28083,Leflore,0.15,2014,2018
28,Mississippi,28085,Lincoln,0.13,2014,2018
28,Mississippi,28087,Lowndes,0.15666666666666668,2014,2018
28,Mississippi,28089,Madison,0.19333333333333336,2014,2018
28,Mississippi,28091,Marion,0.10333333333333333,2014,2018
28,Mississippi,28093,Marshall,0.13999999999999999,2014,2018
28,Mississippi,28095,Monroe,0.1366666666666667,2014,2018
28,Mississippi,28097,Montgomery,0.11666666666666665,2014,2018
28,Mississippi,28099,Neshoba,0.11333333333333333,2014,2018
28,Mississippi,28101,Newton,0.11666666666666665,2014,2018
28,Mississippi,28103,Noxubee,0.10666666666666667,2014,2018
28,Mississippi,28105,Oktibbeha,0.12333333333333334,2014,2018
28,Mississippi,28107,Panola,0.14,2014,2018
28,Mississippi,28109,Pearl River,0.15333333333333335,2014,2018
28,Mississippi,28111,Perry,0.09666666666666668,2014,2018
28,Mississippi,28113,Pike,0.16666666666666666,2014,2018
28,Mississippi,28115,Pontotoc,0.11666666666666665,2014,2018
28,Mississippi,28117,Prentiss,0.12,2014,2018
28,Mississippi,28119,Quitman,0.1366666666666667,2014,2018
28,Mississippi,28121,Rankin,0.16,2014,2018
28,Mississippi,28123,Scott,0.12333333333333334,2014,2018
28,Mississippi,28125,Sharkey,0.10333333333333333,2014,2018
28,Mississippi,28127,Simpson,0.10666666666666667,2014,2018
28,Mississippi,28129,Smith,0.09000000000000001,2014,2018
28,Mississippi,28131,Stone,0.11,2014,2018
28,Mississippi,28133,Sunflower,0.11333333333333334,2014,2018
28,Mississippi,28135,Tallahatchie,0.11666666666666665,2014,2018
28,Mississippi,28137,Tate,0.17,2014,2018
28,Mississippi,28139,Tippah,0.11666666666666665,2014,2018
28,Mississippi,28141,Tishomingo,0.11666666666666665,2014,2018
28,Mississippi,28143,Tunica,0.14666666666666667,2014,2018
28,Mississippi,28145,Union,0.14333333333333334,2014,2018
28,Mississippi,28147,Walthall,0.09999999999999999,2014,2018
28,Mississippi,28149,Warren,0.17666666666666667,2014,2018
28,Mississippi,28151,Washington,0.1366666666666667,2014,2018
28,Mississippi,28153,Wayne,0.09333333333333334,2014,2018
28,Mississippi,28155,Webster,0.09333333333333334,2014,2018
28,Mississippi,28157,Wilkinson,0.10333333333333333,2014,2018
28,Mississippi,28159,Winston,0.09333333333333334,2014,2018
28,Mississippi,28161,Yalobusha,0.11,2014,2018
28,Mississippi,28163,Yazoo,0.13,2014,2018
29,Missouri,29001,Adair,0.13,2014,2018
29,Missouri,29003,Andrew,0.15666666666666665,2014,2018
29,Missouri,29005,Atchison,0.13333333333333333,2014,2018
29,Missouri,29007,Audrain,0.13,2014,2018
29,Missouri,29009,Barry,0.10666666666666667,2014,2018
29,Missouri,29011,Barton,0.14333333333333334,2014,2018
29,Missouri,29013,Bates,0.15333333333333332,2014,2018
29,Missouri,29015,Benton,0.10000000000000002,2014,2018
29,Missouri,29017,Bollinger,0.12333333333333334,2014,2018
29,Missouri,29019,Boone,0.18000000000000002,2014,2018
29,Missouri,29021,Buchanan,0.24333333333333332,2014,2018
29,Missouri,29023,Butler,0.16666666666666666,2014,2018
29,Missouri,29025,Caldwell,0.13999999999999999,2014,2018
29,Missouri,29027,Callaway,0.14333333333333334,2014,2018
29,Missouri,29029,Camden,0.10666666666666667,2014,2018
29,Missouri,29031,Cape Girardeau,0.22333333333333336,2014,2018
29,Missouri,29033,Carroll,0.16,2014,2018
29,Missouri,29035,Carter,0.09999999999999999,2014,2018
29,Missouri,29037,Cass,0.20333333333333334,2014,2018
29,Missouri,29039,Cedar,0.10666666666666667,2014,2018
29,Missouri,29041,Chariton,0.13,2014,2018
29,Missouri,29043,Christian,0.12,2014,2018
29,Missouri,29045,Clark,0.13666666666666666,2014,2018
29,Missouri,29047,Clay,0.32666666666666666,2014,2018
29,Missouri,29049,Clinton,0.19000000000000003,2014,2018
29,Missouri,29051,Cole,0.16333333333333333,2014,2018
29,Missouri,29053,Cooper,0.16333333333333336,2014,2018
29,Missouri,29055,Crawford,0.12666666666666668,2014,2018
29,Missouri,29057,Dade,0.11666666666666665,2014,2018
29,Missouri,29059,Dallas,0.10666666666666667,2014,2018
29,Missouri,29061,Daviess,0.13333333333333333,2014,2018
29,Missouri,29063,DeKalb,0.13333333333333333,2014,2018
29,Missouri,29065,Dent,0.09000000000000001,2014,2018
29,Missouri,29067,Douglas,0.08666666666666667,2014,2018
29,Missouri,29069,Dunklin,0.16666666666666666,2014,2018
29,Missouri,29071,Franklin,0.19333333333333336,2014,2018
29,Missouri,29073,Gasconade,0.12,2014,2018
29,Missouri,29075,Gentry,0.11666666666666665,2014,2018
29,Missouri,29077,Greene,0.20333333333333334,2014,2018
29,Missouri,29079,Grundy,0.12333333333333334,2014,2018
29,Missouri,29081,Harrison,0.12666666666666668,2014,2018
29,Missouri,29083,Henry,0.12,2014,2018
29,Missouri,29085,Hickory,0.09666666666666668,2014,2018
29,Missouri,29087,Holt,0.16333333333333333,2014,2018
29,Missouri,29089,Howard,0.12,2014,2018
29,Missouri,29091,Howell,0.11666666666666665,2014,2018
29,Missouri,29093,Iron,0.09666666666666668,2014,2018
29,Missouri,29095,Jackson,0.38000000000000006,2014,2018
29,Missouri,29097,Jasper,0.19666666666666668,2014,2018
29,Missouri,29099,Jefferson,0.21666666666666667,2014,2018
29,Missouri,29101,Johnson,0.1366666666666667,2014,2018
29,Missouri,29103,Knox,0.13,2014,2018
29,Missouri,29105,Laclede,0.12666666666666668,2014,2018
29,Missouri,29107,Lafayette,0.19666666666666668,2014,2018
29,Missouri,29109,Lawrence,0.15,2014,2018
29,Missouri,29111,Lewis,0.14,2014,2018
29,Missouri,29113,Lincoln,0.17666666666666667,2014,2018
29,Missouri,29115,Linn,0.13,2014,2018
29,Missouri,29117,Livingston,0.1366666666666667,2014,2018
29,Missouri,29119,McDonald,0.12333333333333334,2014,2018
29,Missouri,29121,Macon,0.1366666666666667,2014,2018
29,Missouri,29123,Madison,0.10666666666666667,2014,2018
29,Missouri,29125,Maries,0.10333333333333333,2014,2018
29,Missouri,29127,Marion,0.17,2014,2018
29,Missouri,29129,Mercer,0.10666666666666667,2014,2018
29,Missouri,29131,Miller,0.11333333333333334,2014,2018
29,Missouri,29133,Mississippi,0.20333333333333334,2014,2018
29,Missouri,29135,Moniteau,0.12333333333333334,2014,2018
29,Missouri,29137,Monroe,0.12,2014,2018
29,Missouri,29139,Montgomery,0.14333333333333334,2014,2018
29,Missouri,29141,Morgan,0.10333333333333333,2014,2018
29,Missouri,29143,New Madrid,0.19666666666666666,2014,2018
29,Missouri,29145,Newton,0.16,2014,2018
29,Missouri,29147,Nodaway,0.12,2014,2018
29,Missouri,29149,Oregon,0.10666666666666667,2014,2018
29,Missouri,29151,Osage,0.12,2014,2018
29,Missouri,29153,Ozark,0.08,2014,2018
29,Missouri,29155,Pemiscot,0.21333333333333335,2014,2018
29,Missouri,29157,Perry,0.17666666666666667,2014,2018
29,Missouri,29159,Pettis,0.13333333333333333,2014,2018
29,Missouri,29161,Phelps,0.14333333333333334,2014,2018
29,Missouri,29163,Pike,0.1366666666666667,2014,2018
29,Missouri,29165,Platte,0.2966666666666667,2014,2018
29,Missouri,29167,Polk,0.12333333333333334,2014,2018
29,Missouri,29169,Pulaski,0.12333333333333334,2014,2018
29,Missouri,29171,Putnam,0.09999999999999999,2014,2018
29,Missouri,29173,Ralls,0.13333333333333333,2014,2018
29,Missouri,29175,Randolph,0.13333333333333333,2014,2018
29,Missouri,29177,Ray,0.18000000000000002,2014,2018
29,Missouri,29179,Reynolds,0.08333333333333333,2014,2018
29,Missouri,29181,Ripley,0.10666666666666667,2014,2018
29,Missouri,29183,St. Charles,0.35000000000000003,2014,2018
29,Missouri,29185,St. Clair,0.10666666666666667,2014,2018
29,Missouri,29186,Ste. Genevieve,0.16333333333333333,2014,2018
29,Missouri,29187,St. Francois,0.13,2014,2018
29,Missouri,29189,St. Louis,0.48,2014,2018
29,Missouri,29195,Saline,0.16666666666666666,2014,2018
29,Missouri,29197,Schuyler,0.10999999999999999,2014,2018
29,Missouri,29199,Scotland,0.12333333333333334,2014,2018
29,Missouri,29201,Scott,0.2333333333333333,2014,2018
29,Missouri,29203,Shannon,0.08333333333333333,2014,2018
29,Missouri,29205,Shelby,0.12,2014,2018
29,Missouri,29207,Stoddard,0.18333333333333335,2014,2018
29,Missouri,29209,Stone,0.10333333333333333,2014,2018
29,Missouri,29211,Sullivan,0.10666666666666667,2014,2018
29,Missouri,29213,Taney,0.11,2014,2018
29,Missouri,29215,Texas,0.09666666666666668,2014,2018
29,Missouri,29217,Vernon,0.13999999999999999,2014,2018
29,Missouri,29219,Warren,0.18333333333333335,2014,2018
29,Missouri,29221,Washington,0.10666666666666667,2014,2018
29,Missouri,29223,Wayne,0.10666666666666667,2014,2018
29,Missouri,29225,Webster,0.13,2014,2018
29,Missouri,29227,Worth,0.09999999999999999,2014,2018
29,Missouri,29229,Wright,0.11,2014,2018
29,Missouri,29510,St. Louis City,0.65,2014,2018
30,Montana,30001,Beaverhead,0.02,2014,2018
30,Montana,30003,Big Horn,0.06666666666666667,2014,2018
30,Montana,30005,Blaine,0.03333333333333333,2014,2018
30,Montana,30007,Broadwater,0.043333333333333335,2014,2018
30,Montana,30009,Carbon,0.023333333333333334,2014,2018
30,Montana,30011,Carter,0.02,2014,2018
30,Montana,30013,Cascade,0.060000000000000005,2014,2018
30,Montana,30015,Chouteau,0.02666666666666667,2014,2018
30,Montana,30017,Custer,0.05666666666666667,2014,2018
30,Montana,30019,Daniels,0.023333333333333334,2014,2018
30,Montana,30021,Dawson,0.08,2014,2018
30,Montana,30023,Deer Lodge,0.016666666666666666,2014,2018
30,Montana,30025,Fallon,0.02666666666666667,2014,2018
30,Montana,30027,Fergus,0.016666666666666666,2014,2018
30,Montana,30029,Flathead,0.06999999999999999,2014,2018
30,Montana,30031,Gallatin,0.06,2014,2018
30,Montana,30033,Garfield,0.013333333333333334,2014,2018
30,Montana,30035,Glacier,0.03333333333333333,2014,2018
30,Montana,30037,Golden Valley,0.023333333333333334,2014,2018
30,Montana,30039,Granite,0.02666666666666667,2014,2018
30,Montana,30041,Hill,0.05333333333333334,2014,2018
30,Montana,30043,Jefferson,0.03,2014,2018
30,Montana,30045,Judith Basin,0.016666666666666666,2014,2018
30,Montana,30047,Lake,0.03666666666666667,2014,2018
30,Montana,30049,Lewis and Clark,0.04666666666666667,2014,2018
30,Montana,30051,Liberty,0.03333333333333333,2014,2018
30,Montana,30053,Lincoln,0.049999999999999996,2014,2018
30,Montana,30055,McCone,0.023333333333333334,2014,2018
30,Montana,30057,Madison,0.013333333333333334,2014,2018
30,Montana,30059,Meagher,0.013333333333333334,2014,2018
30,Montana,30061,Mineral,0.04666666666666667,2014,2018
30,Montana,30063,Missoula,0.08,2014,2018
30,Montana,30065,Musselshell,0.023333333333333334,2014,2018
30,Montana,30067,Park,0.036666666666666674,2014,2018
30,Montana,30069,Petroleum,0.013333333333333334,2014,2018
30,Montana,30071,Phillips,0.036666666666666674,2014,2018
30,Montana,30073,Pondera,0.03333333333333333,2014,2018
30,Montana,30075,Powder River,0.023333333333333334,2014,2018
30,Montana,30077,Powell,0.03333333333333333,2014,2018
30,Montana,30079,Prairie,0.049999999999999996,2014,2018
30,Montana,30081,Ravalli,0.02,2014,2018
30,Montana,30083,Richland,0.03333333333333333,2014,2018
30,Montana,30085,Roosevelt,0.043333333333333335,2014,2018
30,Montana,30087,Rosebud,0.036666666666666674,2014,2018
30,Montana,30089,Sanders,0.04,2014,2018
30,Montana,30091,Sheridan,0.03,2014,2018
30,Montana,30093,Silver Bow,0.043333333333333335,2014,2018
30,Montana,30095,Stillwater,0.05333333333333334,2014,2018
30,Montana,30097,Sweet Grass,0.036666666666666674,2014,2018
30,Montana,30099,Teton,0.023333333333333334,2014,2018
30,Montana,30101,Toole,0.04666666666666667,2014,2018
30,Montana,30103,Treasure,0.04666666666666667,2014,2018
30,Montana,30105,Valley,0.05333333333333334,2014,2018
30,Montana,30107,Wheatland,0.016666666666666666,2014,2018
30,Montana,30109,Wibaux,0.04,2014,2018
30,Montana,30111,Yellowstone,0.09999999999999999,2014,2018
31,Nebraska,31001,Adams,0.15333333333333335,2014,2018
31,Nebraska,31003,Antelope,0.06999999999999999,2014,2018
31,Nebraska,31005,Arthur,0.05000000000000001,2014,2018
31,Nebraska,31007,Banner,0.04666666666666667,2014,2018
31,Nebraska,31009,Blaine,0.07666666666666666,2014,2018
31,Nebraska,31011,Boone,0.08333333333333333,2014,2018
31,Nebraska,31013,Box Butte,0.11333333333333333,2014,2018
31,Nebraska,31015,Boyd,0.05000000000000001,2014,2018
31,Nebraska,31017,Brown,0.05000000000000001,2014,2018
31,Nebraska,31019,Buffalo,0.16333333333333333,2014,2018
31,Nebraska,31021,Burt,0.11666666666666665,2014,2018
31,Nebraska,31023,Butler,0.10666666666666667,2014,2018
31,Nebraska,31025,Cass,0.16333333333333333,2014,2018
31,Nebraska,31027,Cedar,0.08333333333333333,2014,2018
31,Nebraska,31029,Chase,0.05000000000000001,2014,2018
31,Nebraska,31031,Cherry,0.043333333333333335,2014,2018
31,Nebraska,31033,Cheyenne,0.11666666666666665,2014,2018
31,Nebraska,31035,Clay,0.12,2014,2018
31,Nebraska,31037,Colfax,0.12666666666666668,2014,2018
31,Nebraska,31039,Cuming,0.09666666666666668,2014,2018
31,Nebraska,31041,Custer,0.09333333333333334,2014,2018
31,Nebraska,31043,Dakota,0.14333333333333334,2014,2018
31,Nebraska,31045,Dawes,0.056666666666666664,2014,2018
31,Nebraska,31047,Dawson,0.15333333333333335,2014,2018
31,Nebraska,31049,Deuel,0.11333333333333333,2014,2018
31,Nebraska,31051,Dixon,0.08333333333333333,2014,2018
31,Nebraska,31053,Dodge,0.16,2014,2018
31,Nebraska,31055,Douglas,0.27999999999999997,2014,2018
31,Nebraska,31057,Dundy,0.05000000000000001,2014,2018
31,Nebraska,31059,Fillmore,0.10999999999999999,2014,2018
31,Nebraska,31061,Franklin,0.07333333333333333,2014,2018
31,Nebraska,31063,Frontier,0.06333333333333334,2014,2018
31,Nebraska,31065,Furnas,0.07333333333333333,2014,2018
31,Nebraska,31067,Gage,0.11666666666666665,2014,2018
31,Nebraska,31069,Garden,0.09000000000000001,2014,2018
31,Nebraska,31071,Garfield,0.06,2014,2018
31,Nebraska,31073,Gosper,0.07666666666666666,2014,2018
31,Nebraska,31075,Grant,0.07666666666666666,2014,2018
31,Nebraska,31077,Greeley,0.07333333333333333,2014,2018
31,Nebraska,31079,Hall,0.20666666666666667,2014,2018
31,Nebraska,31081,Hamilton,0.15666666666666665,2014,2018
31,Nebraska,31083,Harlan,0.07666666666666667,2014,2018
31,Nebraska,31085,Hayes,0.05666666666666667,2014,2018
31,Nebraska,31087,Hitchcock,0.05666666666666667,2014,2018
31,Nebraska,31089,Holt,0.06333333333333334,2014,2018
31,Nebraska,31091,Hooker,0.08,2014,2018
31,Nebraska,31093,Howard,0.09999999999999999,2014,2018
31,Nebraska,31095,Jefferson,0.13,2014,2018
31,Nebraska,31097,Johnson,0.12333333333333334,2014,2018
31,Nebraska,31099,Kearney,0.10666666666666667,2014,2018
31,Nebraska,31101,Keith,0.16,2014,2018
31,Nebraska,31103,Keya Paha,0.04,2014,2018
31,Nebraska,31105,Kimball,0.08333333333333333,2014,2018
31,Nebraska,31107,Knox,0.06666666666666667,2014,2018
31,Nebraska,31109,Lancaster,0.21,2014,2018
31,Nebraska,31111,Lincoln,0.16666666666666666,2014,2018
31,Nebraska,31113,Logan,0.06,2014,2018
31,Nebraska,31115,Loup,0.05000000000000001,2014,2018
31,Nebraska,31117,McPherson,0.05666666666666667,2014,2018
31,Nebraska,31119,Madison,0.08666666666666667,2014,2018
31,Nebraska,31121,Merrick,0.15,2014,2018
31,Nebraska,31123,Morrill,0.13333333333333333,2014,2018
31,Nebraska,31125,Nance,0.09333333333333334,2014,2018
31,Nebraska,31127,Nemaha,0.12,2014,2018
31,Nebraska,31129,Nuckolls,0.09333333333333334,2014,2018
31,Nebraska,31131,Otoe,0.12333333333333334,2014,2018
31,Nebraska,31133,Pawnee,0.10666666666666667,2014,2018
31,Nebraska,31135,Perkins,0.06333333333333334,2014,2018
31,Nebraska,31137,Phelps,0.09666666666666668,2014,2018
31,Nebraska,31139,Pierce,0.08,2014,2018
31,Nebraska,31141,Platte,0.13333333333333333,2014,2018
31,Nebraska,31143,Polk,0.11333333333333333,2014,2018
31,Nebraska,31145,Red Willow,0.07,2014,2018
31,Nebraska,31147,Richardson,0.15,2014,2018
31,Nebraska,31149,Rock,0.05000000000000001,2014,2018
31,Nebraska,31151,Saline,0.11,2014,2018
31,Nebraska,31153,Sarpy,0.21999999999999997,2014,2018
31,Nebraska,31155,Saunders,0.13,2014,2018
31,Nebraska,31157,Scotts Bluff,0.16666666666666666,2014,2018
31,Nebraska,31159,Seward,0.15666666666666665,2014,2018
31,Nebraska,31161,Sheridan,0.05333333333333334,2014,2018
31,Nebraska,31163,Sherman,0.10333333333333333,2014,2018
31,Nebraska,31165,Sioux,0.06,2014,2018
31,Nebraska,31167,Stanton,0.09000000000000001,2014,2018
31,Nebraska,31169,Thayer,0.11333333333333333,2014,2018
31,Nebraska,31171,Thomas,0.08666666666666667,2014,2018
31,Nebraska,31173,Thurston,0.10333333333333333,2014,2018
31,Nebraska,31175,Valley,0.06999999999999999,2014,2018
31,Nebraska,31177,Washington,0.15,2014,2018
31,Nebraska,31179,Wayne,0.08666666666666667,2014,2018
31,Nebraska,31181,Webster,0.08,2014,2018
31,Nebraska,31183,Wheeler,0.06,2014,2018
31,Nebraska,31185,York,0.15333333333333335,2014,2018
32,Nevada,32001,Churchill,0.04666666666666667,2014,2018
32,Nevada,32003,Clark,0.32,2014,2018
32,Nevada,32005,Douglas,0.05333333333333334,2014,2018
32,Nevada,32007,Elko,0.03666666666666667,2014,2018
32,Nevada,32009,Esmeralda,0.013333333333333334,2014,2018
32,Nevada,32011,Eureka,0.013333333333333334,2014,2018
32,Nevada,32013,Humboldt,0.03666666666666667,2014,2018
32,Nevada,32015,Lander,0.03333333333333333,2014,2018
32,Nevada,32017,Lincoln,0.02666666666666667,2014,2018
32,Nevada,32019,Lyon,0.043333333333333335,2014,2018
32,Nevada,32021,Mineral,0.016666666666666666,2014,2018
32,Nevada,32023,Nye,0.023333333333333334,2014,2018
32,Nevada,32027,Pershing,0.03333333333333333,2014,2018
32,Nevada,32029,Storey,0.09666666666666666,2014,2018
32,Nevada,32031,Washoe,0.14666666666666667,2014,2018
32,Nevada,32033,White Pine,0.013333333333333334,2014,2018
32,Nevada,32510,Carson City,0.12,2014,2018
33,New Hampshire,33001,Belknap,0.08333333333333333,2014,2018
33,New Hampshire,33003,Carroll,0.056666666666666664,2014,2018
33,New Hampshire,33005,Cheshire,0.08333333333333333,2014,2018
33,New Hampshire,33007,Coos,0.04,2014,2018
33,New Hampshire,33009,Grafton,0.06,2014,2018
33,New Hampshire,33011,Hillsborough,0.14666666666666667,2014,2018
33,New Hampshire,33013,Merrimack,0.09666666666666668,2014,2018
33,New Hampshire,33015,Rockingham,0.16,2014,2018
33,New Hampshire,33017,Strafford,0.11333333333333333,2014,2018
33,New Hampshire,33019,Sullivan,0.07333333333333333,2014,2018
34,New Jersey,34001,Atlantic,0.18666666666666668,2014,2018
34,New Jersey,34003,Bergen,0.6333333333333333,2014,2018
34,New Jersey,34005,Burlington,0.31,2014,2018
34,New Jersey,34007,Camden,0.39999999999999997,2014,2018
34,New Jersey,34009,Cape May,0.17666666666666667,2014,2018
34,New Jersey,34011,Cumberland,0.19333333333333333,2014,2018
34,New Jersey,34013,Essex,0.6266666666666666,2014,2018
34,New Jersey,34015,Gloucester,0.3,2014,2018
34,New Jersey,34017,Hudson,1.32,2014,2018
34,New Jersey,34019,Hunterdon,0.2833333333333333,2014,2018
34,New Jersey,34021,Mercer,0.38666666666666666,2014,2018
34,New Jersey,34023,Middlesex,0.49,2014,2018
34,New Jersey,34025,Monmouth,0.3466666666666667,2014,2018
34,New Jersey,34027,Morris,0.3066666666666667,2014,2018
34,New Jersey,34029,Ocean,0.26,2014,2018
34,New Jersey,34031,Passaic,0.42333333333333334,2014,2018
34,New Jersey,34033,Salem,0.25333333333333335,2014,2018
34,New Jersey,34035,Somerset,0.3866666666666667,2014,2018
34,New Jersey,34037,Sussex,0.17,2014,2018
34,New Jersey,34039,Union,0.62,2014,2018
34,New Jersey,34041,Warren,0.24,2014,2018
35,New Mexico,35001,Bernalillo,0.24666666666666667,2014,2018
35,New Mexico,35003,Catron,0.013333333333333334,2014,2018
35,New Mexico,35005,Chaves,0.05333333333333334,2014,2018
35,New Mexico,35006,Cibola,0.08333333333333333,2014,2018
35,New Mexico,35007,Colfax,0.04,2014,2018
35,New Mexico,35009,Curry,0.11,2014,2018
35,New Mexico,35011,De Baca,0.08,2014,2018
35,New Mexico,35013,Dona Ana,0.19666666666666666,2014,2018
35,New Mexico,35015,Eddy,0.043333333333333335,2014,2018
35,New Mexico,35017,Grant,0.03,2014,2018
35,New Mexico,35019,Guadalupe,0.08666666666666667,2014,2018
35,New Mexico,35021,Harding,0.02666666666666667,2014,2018
35,New Mexico,35023,Hidalgo,0.08,2014,2018
35,New Mexico,35025,Lea,0.049999999999999996,2014,2018
35,New Mexico,35027,Lincoln,0.02666666666666667,2014,2018
35,New Mexico,35028,Los Alamos,0.056666666666666664,2014,2018
35,New Mexico,35029,Luna,0.15666666666666668,2014,2018
35,New Mexico,35031,McKinley,0.08,2014,2018
35,New Mexico,35033,Mora,0.016666666666666666,2014,2018
35,New Mexico,35035,Otero,0.04,2014,2018
35,New Mexico,35037,Quay,0.08,2014,2018
35,New Mexico,35039,Rio Arriba,0.03333333333333333,2014,2018
35,New Mexico,35041,Roosevelt,0.05333333333333334,2014,2018
35,New Mexico,35043,Sandoval,0.10666666666666667,2014,2018
35,New Mexico,35045,San Juan,0.05333333333333334,2014,2018
35,New Mexico,35047,San Miguel,0.036666666666666674,2014,2018
35,New Mexico,35049,Santa Fe,0.11,2014,2018
35,New Mexico,35051,Sierra,0.04,2014,2018
35,New Mexico,35053,Socorro,0.043333333333333335,2014,2018
35,New Mexico,35055,Taos,0.03333333333333333,2014,2018
35,New Mexico,35057,Torrance,0.07,2014,2018
35,New Mexico,35059,Union,0.03,2014,2018
35,New Mexico,35061,Valencia,0.19000000000000003,2014,2018
36,New York,36001,Albany,0.19666666666666666,2014,2018
36,New York,36003,Allegany,0.07,2014,2018
36,New York,36005,Bronx,1.2366666666666666,2014,2018
36,New York,36007,Broome,0.14333333333333334,2014,2018
36,New York,36009,Cattaraugus,0.08,2014,2018
36,New York,36011,Cayuga,0.10333333333333333,2014,2018
36,New York,36013,Chautauqua,0.11,2014,2018
36,New York,36015,Chemung,0.12,2014,2018
36,New York,36017,Chenango,0.08333333333333333,2014,2018
36,New York,36019,Clinton,0.05666666666666667,2014,2018
36,New York,36021,Columbia,0.13333333333333333,2014,2018
36,New York,36023,Cortland,0.09666666666666668,2014,2018
36,New York,36025,Delaware,0.07,2014,2018
36,New York,36027,Dutchess,0.18666666666666668,2014,2018
36,New York,36029,Erie,0.19999999999999998,2014,2018
36,New York,36031,Essex,0.05333333333333334,2014,2018
36,New York,36033,Franklin,0.043333333333333335,2014,2018
36,New York,36035,Fulton,0.09333333333333334,2014,2018
36,New York,36037,Genesee,0.13,2014,2018
36,New York,36039,Greene,0.11666666666666668,2014,2018
36,New York,36041,Hamilton,0.043333333333333335,2014,2018
36,New York,36043,Herkimer,0.09666666666666668,2014,2018
36,New York,36045,Jefferson,0.07666666666666666,2014,2018
36,New York,36047,Kings,1.3566666666666667,2014,2018
36,New York,36049,Lewis,0.05666666666666667,2014,2018
36,New York,36051,Livingston,0.09333333333333334,2014,2018
36,New York,36053,Madison,0.09333333333333334,2014,2018
36,New York,36055,Monroe,0.19999999999999998,2014,2018
36,New York,36057,Montgomery,0.14333333333333334,2014,2018
36,New York,36059,Nassau,0.5599999999999999,2014,2018
36,New York,36061,New York,1.6966666666666665,2014,2018
36,New York,36063,Niagara,0.13666666666666666,2014,2018
36,New York,36065,Oneida,0.12,2014,2018
36,New York,36067,Onondaga,0.18999999999999997,2014,2018
36,New York,36069,Ontario,0.10333333333333333,2014,2018
36,New York,36071,Orange,0.19666666666666668,2014,2018
36,New York,36073,Orleans,0.10333333333333333,2014,2018
36,New York,36075,Oswego,0.09333333333333334,2014,2018
36,New York,36077,Otsego,0.07666666666666666,2014,2018
36,New York,36079,Putnam,0.21666666666666667,2014,2018
36,New York,36081,Queens,1.0733333333333335,2014,2018
36,New York,36083,Rensselaer,0.14333333333333334,2014,2018
36,New York,36085,Richmond,0.7366666666666667,2014,2018
36,New York,36087,Rockland,0.36999999999999994,2014,2018
36,New York,36089,St. Lawrence,0.05666666666666667,2014,2018
36,New York,36091,Saratoga,0.1366666666666667,2014,2018
36,New York,36093,Schenectady,0.17666666666666667,2014,2018
36,New York,36095,Schoharie,0.07,2014,2018
36,New York,36097,Schuyler,0.08,2014,2018
36,New York,36099,Seneca,0.10333333333333333,2014,2018
36,New York,36101,Steuben,0.09000000000000001,2014,2018
36,New York,36103,Suffolk,0.29333333333333333,2014,2018
36,New York,36105,Sullivan,0.09666666666666668,2014,2018
36,New York,36107,Tioga,0.10333333333333333,2014,2018
36,New York,36109,Tompkins,0.09666666666666668,2014,2018
36,New York,36111,Ulster,0.13333333333333333,2014,2018
36,New York,36113,Warren,0.09333333333333334,2014,2018
36,New York,36115,Washington,0.09333333333333334,2014,2018
36,New York,36117,Wayne,0.12,2014,2018
36,New York,36119,Westchester,0.45,2014,2018
36,New York,36121,Wyoming,0.08333333333333333,2014,2018
36,New York,36123,Yates,0.08,2014,2018
37,North Carolina,37001,Alamance,0.19000000000000003,2014,2018
37,North Carolina,37003,Alexander,0.12333333333333334,2014,2018
37,North Carolina,37005,Alleghany,0.07,2014,2018
37,North Carolina,37007,Anson,0.13,2014,2018
37,North Carolina,37009,Ashe,0.07,2014,2018
37,North Carolina,37011,Avery,0.06333333333333334,2014,2018
37,North Carolina,37013,Beaufort,0.09666666666666668,2014,2018
37,North Carolina,37015,Bertie,0.09666666666666666,2014,2018
37,North Carolina,37017,Bladen,0.09999999999999999,2014,2018
37,North Carolina,37019,Brunswick,0.12,2014,2018
37,North Carolina,37021,Buncombe,0.14333333333333334,2014,2018
37,North Carolina,37023,Burke,0.14333333333333334,2014,2018
37,North Carolina,37025,Cabarrus,0.26333333333333336,2014,2018
37,North Carolina,37027,Caldwell,0.12666666666666668,2014,2018
37,North Carolina,37029,Camden,0.10666666666666667,2014,2018
37,North Carolina,37031,Carteret,0.10333333333333333,2014,2018
37,North Carolina,37033,Caswell,0.12666666666666668,2014,2018
37,North Carolina,37035,Catawba,0.19666666666666666,2014,2018
37,North Carolina,37037,Chatham,0.13999999999999999,2014,2018
37,North Carolina,37039,Cherokee,0.08333333333333333,2014,2018
37,North Carolina,37041,Chowan,0.10333333333333333,2014,2018
37,North Carolina,37043,Clay,0.07333333333333333,2014,2018
37,North Carolina,37045,Cleveland,0.17333333333333334,2014,2018
37,North Carolina,37047,Columbus,0.10333333333333333,2014,2018
37,North Carolina,37049,Craven,0.09999999999999999,2014,2018
37,North Carolina,37051,Cumberland,0.18000000000000002,2014,2018
37,North Carolina,37053,Currituck,0.11,2014,2018
37,North Carolina,37055,Dare,0.10666666666666667,2014,2018
37,North Carolina,37057,Davidson,0.20666666666666667,2014,2018
37,North Carolina,37059,Davie,0.18333333333333335,2014,2018
37,North Carolina,37061,Duplin,0.11,2014,2018
37,North Carolina,37063,Durham,0.24666666666666667,2014,2018
37,North Carolina,37065,Edgecombe,0.13333333333333333,2014,2018
37,North Carolina,37067,Forsyth,0.22333333333333336,2014,2018
37,North Carolina,37069,Franklin,0.13999999999999999,2014,2018
37,North Carolina,37071,Gaston,0.24,2014,2018
37,North Carolina,37073,Gates,0.10333333333333333,2014,2018
37,North Carolina,37075,Graham,0.06666666666666667,2014,2018
37,North Carolina,37077,Granville,0.13999999999999999,2014,2018
37,North Carolina,37079,Greene,0.11333333333333334,2014,2018
37,North Carolina,37081,Guilford,0.2333333333333333,2014,2018
37,North Carolina,37083,Halifax,0.13333333333333333,2014,2018
37,North Carolina,37085,Harnett,0.14666666666666667,2014,2018
37,North Carolina,37087,Haywood,0.08333333333333333,2014,2018
37,North Carolina,37089,Henderson,0.12666666666666668,2014,2018
37,North Carolina,37091,Hertford,0.11,2014,2018
37,North Carolina,37093,Hoke,0.13,2014,2018
37,North Carolina,37095,Hyde,0.07333333333333333,2014,2018
37,North Carolina,37097,Iredell,0.20666666666666667,2014,2018
37,North Carolina,37099,Jackson,0.07666666666666666,2014,2018
37,North Carolina,37101,Johnston,0.18000000000000002,2014,2018
37,North Carolina,37103,Jones,0.09000000000000001,2014,2018
37,North Carolina,37105,Lee,0.15333333333333332,2014,2018
37,North Carolina,37107,Lenoir,0.12333333333333334,2014,2018
37,North Carolina,37109,Lincoln,0.18666666666666668,2014,2018
37,North Carolina,37111,McDowell,0.12,2014,2018
37,North Carolina,37113,Macon,0.07333333333333333,2014,2018
37,North Carolina,37115,Madison,0.08666666666666667,2014,2018
37,North Carolina,37117,Martin,0.11,2014,2018
37,North Carolina,37119,Mecklenburg,0.37666666666666665,2014,2018
37,North Carolina,37121,Mitchell,0.07666666666666666,2014,2018
37,North Carolina,37123,Montgomery,0.12,2014,2018
37,North Carolina,37125,Moore,0.12333333333333334,2014,2018
37,North Carolina,37127,Nash,0.16,2014,2018
37,North Carolina,37129,New Hanover,0.20666666666666667,2014,2018
37,North Carolina,37131,Northampton,0.12,2014,2018
37,North Carolina,37133,Onslow,0.11666666666666668,2014,2018
37,North Carolina,37135,Orange,0.18666666666666668,2014,2018
37,North Carolina,37137,Pamlico,0.08666666666666667,2014,2018
37,North Carolina,37139,Pasquotank,0.13,2014,2018
37,North Carolina,37141,Pender,0.10666666666666667,2014,2018
37,North Carolina,37143,Perquimans,0.10333333333333333,2014,2018
37,North Carolina,37145,Person,0.12333333333333334,2014,2018
37,North Carolina,37147,Pitt,0.14,2014,2018
37,North Carolina,37149,Polk,0.13333333333333333,2014,2018
37,North Carolina,37151,Randolph,0.16,2014,2018
37,North Carolina,37153,Richmond,0.13666666666666666,2014,2018
37,North Carolina,37155,Robeson,0.14666666666666667,2014,2018
37,North Carolina,37157,Rockingham,0.15333333333333335,2014,2018
37,North Carolina,37159,Rowan,0.22666666666666666,2014,2018
37,North Carolina,37161,Rutherford,0.13999999999999999,2014,2018
37,North Carolina,37163,Sampson,0.11333333333333334,2014,2018
37,North Carolina,37165,Scotland,0.13333333333333333,2014,2018
37,North Carolina,37167,Stanly,0.16666666666666666,2014,2018
37,North Carolina,37169,Stokes,0.12333333333333334,2014,2018
37,North Carolina,37171,Surry,0.13,2014,2018
37,North Carolina,37173,Swain,0.07666666666666666,2014,2018
37,North Carolina,37175,Transylvania,0.07666666666666666,2014,2018
37,North Carolina,37177,Tyrrell,0.08,2014,2018
37,North Carolina,37179,Union,0.21,2014,2018
37,North Carolina,37181,Vance,0.14666666666666667,2014,2018
37,North Carolina,37183,Wake,0.25,2014,2018
37,North Carolina,37185,Warren,0.11666666666666668,2014,2018
37,North Carolina,37187,Washington,0.09333333333333334,2014,2018
37,North Carolina,37189,Watauga,0.08,2014,2018
37,North Carolina,37191,Wayne,0.13999999999999999,2014,2018
37,North Carolina,37193,Wilkes,0.09999999999999999,2014,2018
37,North Carolina,37195,Wilson,0.16666666666666666,2014,2018
37,North Carolina,37197,Yadkin,0.14333333333333334,2014,2018
37,North Carolina,37199,Yancey,0.06666666666666667,2014,2018
38,North Dakota,38001,Adams,0.03666666666666667,2014,2018
38,North Dakota,38003,Barnes,0.09000000000000001,2014,2018
38,North Dakota,38005,Benson,0.05666666666666667,2014,2018
38,North Dakota,38007,Billings,0.04,2014,2018
38,North Dakota,38009,Bottineau,0.04,2014,2018
38,North Dakota,38011,Bowman,0.03333333333333333,2014,2018
38,North Dakota,38013,Burke,0.04,2014,2018
38,North Dakota,38015,Burleigh,0.17,2014,2018
38,North Dakota,38017,Cass,0.26,2014,2018
38,North Dakota,38019,Cavalier,0.043333333333333335,2014,2018
38,North Dakota,38021,Dickey,0.06,2014,2018
38,North Dakota,38023,Divide,0.03666666666666667,2014,2018
38,North Dakota,38025,Dunn,0.043333333333333335,2014,2018
38,North Dakota,38027,Eddy,0.08,2014,2018
38,North Dakota,38029,Emmons,0.04666666666666667,2014,2018
38,North Dakota,38031,Foster,0.06999999999999999,2014,2018
38,North Dakota,38033,Golden Valley,0.043333333333333335,2014,2018
38,North Dakota,38035,Grand Forks,0.1366666666666667,2014,2018
38,North Dakota,38037,Grant,0.03666666666666667,2014,2018
38,North Dakota,38039,Griggs,0.06999999999999999,2014,2018
38,North Dakota,38041,Hettinger,0.03666666666666667,2014,2018
38,North Dakota,38043,Kidder,0.06333333333333334,2014,2018
38,North Dakota,38045,LaMoure,0.06333333333333334,2014,2018
38,North Dakota,38047,Logan,0.04666666666666667,2014,2018
38,North Dakota,38049,McHenry,0.06333333333333334,2014,2018
38,North Dakota,38051,McIntosh,0.04666666666666667,2014,2018
38,North Dakota,38053,McKenzie,0.049999999999999996,2014,2018
38,North Dakota,38055,McLean,0.05333333333333334,2014,2018
38,North Dakota,38057,Mercer,0.04666666666666667,2014,2018
38,North Dakota,38059,Morton,0.10666666666666667,2014,2018
38,North Dakota,38061,Mountrail,0.056666666666666664,2014,2018
38,North Dakota,38063,Nelson,0.05666666666666667,2014,2018
38,North Dakota,38065,Oliver,0.05000000000000001,2014,2018
38,North Dakota,38067,Pembina,0.05666666666666667,2014,2018
38,North Dakota,38069,Pierce,0.06,2014,2018
38,North Dakota,38071,Ramsey,0.07333333333333333,2014,2018
38,North Dakota,38073,Ransom,0.07333333333333333,2014,2018
38,North Dakota,38075,Renville,0.05000000000000001,2014,2018
38,North Dakota,38077,Richland,0.10333333333333333,2014,2018
38,North Dakota,38079,Rolette,0.03666666666666667,2014,2018
38,North Dakota,38081,Sargent,0.06999999999999999,2014,2018
38,North Dakota,38083,Sheridan,0.04666666666666667,2014,2018
38,North Dakota,38085,Sioux,0.04,2014,2018
38,North Dakota,38087,Slope,0.03,2014,2018
38,North Dakota,38089,Stark,0.10333333333333333,2014,2018
38,North Dakota,38091,Steele,0.06666666666666667,2014,2018
38,North Dakota,38093,Stutsman,0.09666666666666668,2014,2018
38,North Dakota,38095,Towner,0.043333333333333335,2014,2018
38,North Dakota,38097,Traill,0.09999999999999999,2014,2018
38,North Dakota,38099,Walsh,0.06999999999999999,2014,2018
38,North Dakota,38101,Ward,0.10666666666666667,2014,2018
38,North Dakota,38103,Wells,0.06333333333333334,2014,2018
38,North Dakota,38105,Williams,0.09666666666666668,2014,2018
39,Ohio,39001,Adams,0.1366666666666667,2014,2018
39,Ohio,39003,Allen,0.20333333333333334,2014,2018
39,Ohio,39005,Ashland,0.17333333333333334,2014,2018
39,Ohio,39007,Ashtabula,0.15666666666666668,2014,2018
39,Ohio,39009,Athens,0.13,2014,2018
39,Ohio,39011,Auglaize,0.18000000000000002,2014,2018
39,Ohio,39013,Belmont,0.15666666666666665,2014,2018
39,Ohio,39015,Brown,0.16666666666666666,2014,2018
39,Ohio,39017,Butler,0.3133333333333333,2014,2018
39,Ohio,39019,Carroll,0.13,2014,2018
39,Ohio,39021,Champaign,0.17333333333333334,2014,2018
39,Ohio,39023,Clark,0.23666666666666666,2014,2018
39,Ohio,39025,Clermont,0.22666666666666668,2014,2018
39,Ohio,39027,Clinton,0.17333333333333334,2014,2018
39,Ohio,39029,Columbiana,0.16666666666666666,2014,2018
39,Ohio,39031,Coshocton,0.13333333333333333,2014,2018
39,Ohio,39033,Crawford,0.18666666666666668,2014,2018
39,Ohio,39035,Cuyahoga,0.3733333333333333,2014,2018
39,Ohio,39037,Darke,0.18333333333333335,2014,2018
39,Ohio,39039,Defiance,0.20000000000000004,2014,2018
39,Ohio,39041,Delaware,0.2833333333333333,2014,2018
39,Ohio,39043,Erie,0.24333333333333332,2014,2018
39,Ohio,39045,Fairfield,0.19333333333333333,2014,2018
39,Ohio,39047,Fayette,0.18000000000000002,2014,2018
39,Ohio,39049,Franklin,0.42,2014,2018
39,Ohio,39051,Fulton,0.20333333333333334,2014,2018
39,Ohio,39053,Gallia,0.14,2014,2018
39,Ohio,39055,Geauga,0.17333333333333334,2014,2018
39,Ohio,39057,Greene,0.22333333333333336,2014,2018
39,Ohio,39059,Guernsey,0.14333333333333334,2014,2018
39,Ohio,39061,Hamilton,0.47,2014,2018
39,Ohio,39063,Hancock,0.20333333333333334,2014,2018
39,Ohio,39065,Hardin,0.16333333333333333,2014,2018
39,Ohio,39067,Harrison,0.11666666666666665,2014,2018
39,Ohio,39069,Henry,0.19000000000000003,2014,2018
39,Ohio,39071,Highland,0.14333333333333334,2014,2018
39,Ohio,39073,Hocking,0.12666666666666668,2014,2018
39,Ohio,39075,Holmes,0.13999999999999999,2014,2018
39,Ohio,39077,Huron,0.19000000000000003,2014,2018
39,Ohio,39079,Jackson,0.12666666666666668,2014,2018
39,Ohio,39081,Jefferson,0.15,2014,2018
39,Ohio,39083,Knox,0.15333333333333335,2014,2018
39,Ohio,39085,Lake,0.24333333333333332,2014,2018
39,Ohio,39087,Lawrence,0.17666666666666667,2014,2018
39,Ohio,39089,Licking,0.20666666666666667,2014,2018
39,Ohio,39091,Logan,0.17,2014,2018
39,Ohio,39093,Lorain,0.24666666666666667,2014,2018
39,Ohio,39095,Lucas,0.29333333333333333,2014,2018
39,Ohio,39097,Madison,0.20333333333333334,2014,2018
39,Ohio,39099,Mahoning,0.21666666666666667,2014,2018
39,Ohio,39101,Marion,0.21666666666666667,2014,2018
39,Ohio,39103,Medina,0.22333333333333336,2014,2018
39,Ohio,39105,Meigs,0.13333333333333333,2014,2018
39,Ohio,39107,Mercer,0.17333333333333334,2014,2018
39,Ohio,39109,Miami,0.23,2014,2018
39,Ohio,39111,Monroe,0.11333333333333334,2014,2018
39,Ohio,39113,Montgomery,0.3233333333333333,2014,2018
39,Ohio,39115,Morgan,0.11,2014,2018
39,Ohio,39117,Morrow,0.18333333333333335,2014,2018
39,Ohio,39119,Muskingum,0.15333333333333332,2014,2018
39,Ohio,39121,Noble,0.11666666666666668,2014,2018
39,Ohio,39123,Ottawa,0.21333333333333335,2014,2018
39,Ohio,39125,Paulding,0.18000000000000002,2014,2018
39,Ohio,39127,Perry,0.13,2014,2018
39,Ohio,39129,Pickaway,0.19999999999999998,2014,2018
39,Ohio,39131,Pike,0.14,2014,2018
39,Ohio,39133,Portage,0.23,2014,2018
39,Ohio,39135,Preble,0.19000000000000003,2014,2018
39,Ohio,39137,Putnam,0.17666666666666667,2014,2018
39,Ohio,39139,Richland,0.17666666666666667,2014,2018
39,Ohio,39141,Ross,0.16333333333333333,2014,2018
39,Ohio,39143,Sandusky,0.22333333333333336,2014,2018
39,Ohio,39145,Scioto,0.16666666666666666,2014,2018
39,Ohio,39147,Seneca,0.20666666666666667,2014,2018
39,Ohio,39149,Shelby,0.20333333333333334,2014,2018
39,Ohio,39151,Stark,0.22999999999999998,2014,2018
39,Ohio,39153,Summit,0.2966666666666667,2014,2018
39,Ohio,39155,Trumbull,0.19999999999999998,2014,2018
39,Ohio,39157,Tuscarawas,0.15333333333333335,2014,2018
39,Ohio,39159,Union,0.19666666666666668,2014,2018
39,Ohio,39161,Van Wert,0.17333333333333334,2014,2018
39,Ohio,39163,Vinton,0.11,2014,2018
39,Ohio,39165,Warren,0.2833333333333333,2014,2018
39,Ohio,39167,Washington,0.15333333333333335,2014,2018
39,Ohio,39169,Wayne,0.18666666666666668,2014,2018
39,Ohio,39171,Williams,0.19666666666666668,2014,2018
39,Ohio,39173,Wood,0.2366666666666667,2014,2018
39,Ohio,39175,Wyandot,0.17333333333333334,2014,2018
40,Oklahoma,40001,Adair,0.10666666666666667,2014,2018
40,Oklahoma,40003,Alfalfa,0.09333333333333334,2014,2018
40,Oklahoma,40005,Atoka,0.11666666666666665,2014,2018
40,Oklahoma,40007,Beaver,0.05666666666666667,2014,2018
40,Oklahoma,40009,Beckham,0.09666666666666666,2014,2018
40,Oklahoma,40011,Blaine,0.08333333333333333,2014,2018
40,Oklahoma,40013,Bryan,0.14,2014,2018
40,Oklahoma,40015,Caddo,0.09333333333333334,2014,2018
40,Oklahoma,40017,Canadian,0.15333333333333335,2014,2018
40,Oklahoma,40019,Carter,0.18999999999999997,2014,2018
40,Oklahoma,40021,Cherokee,0.11666666666666665,2014,2018
40,Oklahoma,40023,Choctaw,0.11,2014,2018
40,Oklahoma,40025,Cimarron,0.04666666666666667,2014,2018
40,Oklahoma,40027,Cleveland,0.22999999999999998,2014,2018
40,Oklahoma,40029,Coal,0.11,2014,2018
40,Oklahoma,40031,Comanche,0.13,2014,2018
40,Oklahoma,40033,Cotton,0.09666666666666668,2014,2018
40,Oklahoma,40035,Craig,0.16333333333333333,2014,2018
40,Oklahoma,40037,Creek,0.14666666666666667,2014,2018
40,Oklahoma,40039,Custer,0.12,2014,2018
40,Oklahoma,40041,Delaware,0.10666666666666667,2014,2018
40,Oklahoma,40043,Dewey,0.07333333333333333,2014,2018
40,Oklahoma,40045,Ellis,0.07666666666666666,2014,2018
40,Oklahoma,40047,Garfield,0.14333333333333334,2014,2018
40,Oklahoma,40049,Garvin,0.13999999999999999,2014,2018
40,Oklahoma,40051,Grady,0.15666666666666668,2014,2018
40,Oklahoma,40053,Grant,0.09666666666666668,2014,2018
40,Oklahoma,40055,Greer,0.07,2014,2018
40,Oklahoma,40057,Harmon,0.06,2014,2018
40,Oklahoma,40059,Harper,0.07,2014,2018
40,Oklahoma,40061,Haskell,0.09666666666666668,2014,2018
40,Oklahoma,40063,Hughes,0.10333333333333333,2014,2018
40,Oklahoma,40065,Jackson,0.09666666666666666,2014,2018
40,Oklahoma,40067,Jefferson,0.09999999999999999,2014,2018
40,Oklahoma,40069,Johnston,0.11666666666666668,2014,2018
40,Oklahoma,40071,Kay,0.13,2014,2018
40,Oklahoma,40073,Kingfisher,0.11333333333333334,2014,2018
40,Oklahoma,40075,Kiowa,0.07666666666666666,2014,2018
40,Oklahoma,40077,Latimer,0.08333333333333333,2014,2018
40,Oklahoma,40079,Le Flore,0.10666666666666667,2014,2018
40,Oklahoma,40081,Lincoln,0.14333333333333334,2014,2018
40,Oklahoma,40083,Logan,0.15666666666666665,2014,2018
40,Oklahoma,40085,Love,0.16333333333333333,2014,2018
40,Oklahoma,40087,McClain,0.16333333333333333,2014,2018
40,Oklahoma,40089,McCurtain,0.10666666666666667,2014,2018
40,Oklahoma,40091,McIntosh,0.12666666666666668,2014,2018
40,Oklahoma,40093,Major,0.08333333333333333,2014,2018
40,Oklahoma,40095,Marshall,0.14333333333333334,2014,2018
40,Oklahoma,40097,Mayes,0.14333333333333334,2014,2018
40,Oklahoma,40099,Murray,0.12666666666666668,2014,2018
40,Oklahoma,40101,Muskogee,0.15666666666666668,2014,2018
40,Oklahoma,40103,Noble,0.13,2014,2018
40,Oklahoma,40105,Nowata,0.13,2014,2018
40,Oklahoma,40107,Okfuskee,0.12,2014,2018
40,Oklahoma,40109,Oklahoma,0.27666666666666667,2014,2018
40,Oklahoma,40111,Okmulgee,0.14,2014,2018
40,Oklahoma,40113,Osage,0.11,2014,2018
40,Oklahoma,40115,Ottawa,0.16333333333333333,2014,2018
40,Oklahoma,40117,Pawnee,0.11333333333333333,2014,2018
40,Oklahoma,40119,Payne,0.14,2014,2018
40,Oklahoma,40121,Pittsburg,0.11333333333333334,2014,2018
40,Oklahoma,40123,Pontotoc,0.12666666666666668,2014,2018
40,Oklahoma,40125,Pottawatomie,0.12333333333333334,2014,2018
40,Oklahoma,40127,Pushmataha,0.09000000000000001,2014,2018
40,Oklahoma,40129,Roger Mills,0.06,2014,2018
40,Oklahoma,40131,Rogers,0.18666666666666668,2014,2018
40,Oklahoma,40133,Seminole,0.11,2014,2018
40,Oklahoma,40135,Sequoyah,0.16666666666666666,2014,2018
40,Oklahoma,40137,Stephens,0.10666666666666667,2014,2018
40,Oklahoma,40139,Texas,0.06999999999999999,2014,2018
40,Oklahoma,40141,Tillman,0.08,2014,2018
40,Oklahoma,40143,Tulsa,0.24666666666666667,2014,2018
40,Oklahoma,40145,Wagoner,0.16666666666666666,2014,2018
40,Oklahoma,40147,Washington,0.16,2014,2018
40,Oklahoma,40149,Washita,0.07666666666666666,2014,2018
40,Oklahoma,40151,Woods,0.10333333333333333,2014,2018
40,Oklahoma,40153,Woodward,0.10000000000000002,2014,2018
41,Oregon,41001,Baker,0.07333333333333333,2014,2018
41,Oregon,41003,Benton,0.10333333333333335,2014,2018
41,Oregon,41005,Clackamas,0.26666666666666666,2014,2018
41,Oregon,41007,Clatsop,0.06333333333333334,2014,2018
41,Oregon,41009,Columbia,0.11666666666666665,2014,2018
41,Oregon,41011,Coos,0.04666666666666667,2014,2018
41,Oregon,41013,Crook,0.036666666666666674,2014,2018
41,Oregon,41015,Curry,0.04,2014,2018
41,Oregon,41017,Deschutes,0.09333333333333334,2014,2018
41,Oregon,41019,Douglas,0.07333333333333333,2014,2018
41,Oregon,41021,Gilliam,0.05000000000000001,2014,2018
41,Oregon,41023,Grant,0.02,2014,2018
41,Oregon,41025,Harney,0.02,2014,2018
41,Oregon,41027,Hood River,0.08666666666666667,2014,2018
41,Oregon,41029,Jackson,0.10000000000000002,2014,2018
41,Oregon,41031,Jefferson,0.05333333333333334,2014,2018
41,Oregon,41033,Josephine,0.08333333333333333,2014,2018
41,Oregon,41035,Klamath,0.043333333333333335,2014,2018
41,Oregon,41037,Lake,0.016666666666666666,2014,2018
41,Oregon,41039,Lane,0.15,2014,2018
41,Oregon,41041,Lincoln,0.043333333333333335,2014,2018
41,Oregon,41043,Linn,0.16333333333333333,2014,2018
41,Oregon,41045,Malheur,0.06333333333333334,2014,2018
41,Oregon,41047,Marion,0.25666666666666665,2014,2018
41,Oregon,41049,Morrow,0.06,2014,2018
41,Oregon,41051,Multnomah,0.49,2014,2018
41,Oregon,41053,Polk,0.12,2014,2018
41,Oregon,41055,Sherman,0.06,2014,2018
41,Oregon,41057,Tillamook,0.03666666666666667,2014,2018
41,Oregon,41059,Umatilla,0.09333333333333334,2014,2018
41,Oregon,41061,Union,0.05333333333333334,2014,2018
41,Oregon,41063,Wallowa,0.016666666666666666,2014,2018
41,Oregon,41065,Wasco,0.08333333333333333,2014,2018
41,Oregon,41067,Washington,0.26666666666666666,2014,2018
41,Oregon,41069,Wheeler,0.023333333333333334,2014,2018
41,Oregon,41071,Yamhill,0.14,2014,2018
42,Pennsylvania,42001,Adams,0.18333333333333335,2014,2018
42,Pennsylvania,42003,Allegheny,0.32666666666666666,2014,2018
42,Pennsylvania,42005,Armstrong,0.15333333333333332,2014,2018
42,Pennsylvania,42007,Beaver,0.22666666666666666,2014,2018
42,Pennsylvania,42009,Bedford,0.13333333333333333,2014,2018
42,Pennsylvania,42011,Berks,0.30333333333333334,2014,2018
42,Pennsylvania,42013,Blair,0.15666666666666665,2014,2018
42,Pennsylvania,42015,Bradford,0.09333333333333334,2014,2018
42,Pennsylvania,42017,Bucks,0.3233333333333333,2014,2018
42,Pennsylvania,42019,Butler,0.17333333333333334,2014,2018
42,Pennsylvania,42021,Cambria,0.12333333333333334,2014,2018
42,Pennsylvania,42023,Cameron,0.07666666666666667,2014,2018
42,Pennsylvania,42025,Carbon,0.15666666666666668,2014,2018
42,Pennsylvania,42027,Centre,0.14,2014,2018
42,Pennsylvania,42029,Chester,0.27999999999999997,2014,2018
42,Pennsylvania,42031,Clarion,0.12666666666666668,2014,2018
42,Pennsylvania,42033,Clearfield,0.11333333333333333,2014,2018
42,Pennsylvania,42035,Clinton,0.11666666666666665,2014,2018
42,Pennsylvania,42037,Columbia,0.15666666666666665,2014,2018
42,Pennsylvania,42039,Crawford,0.11333333333333334,2014,2018
42,Pennsylvania,42041,Cumberland,0.29,2014,2018
42,Pennsylvania,42043,Dauphin,0.3,2014,2018
42,Pennsylvania,42045,Delaware,0.3766666666666667,2014,2018
42,Pennsylvania,42047,Elk,0.09000000000000001,2014,2018
42,Pennsylvania,42049,Erie,0.16333333333333336,2014,2018
42,Pennsylvania,42051,Fayette,0.14333333333333334,2014,2018
42,Pennsylvania,42053,Forest,0.08333333333333333,2014,2018
42,Pennsylvania,42055,Franklin,0.21666666666666667,2014,2018
42,Pennsylvania,42057,Fulton,0.14333333333333334,2014,2018
42,Pennsylvania,42059,Greene,0.15666666666666668,2014,2018
42,Pennsylvania,42061,Huntingdon,0.13,2014,2018
42,Pennsylvania,42063,Indiana,0.13,2014,2018
42,Pennsylvania,42065,Jefferson,0.11333333333333333,2014,2018
42,Pennsylvania,42067,Juniata,0.15,2014,2018
42,Pennsylvania,42069,Lackawanna,0.18333333333333335,2014,2018
42,Pennsylvania,42071,Lancaster,0.29,2014,2018
42,Pennsylvania,42073,Lawrence,0.19666666666666666,2014,2018
42,Pennsylvania,42075,Lebanon,0.26999999999999996,2014,2018
42,Pennsylvania,42077,Lehigh,0.3433333333333333,2014,2018
42,Pennsylvania,42079,Luzerne,0.17,2014,2018
42,Pennsylvania,42081,Lycoming,0.13333333333333333,2014,2018
42,Pennsylvania,42083,McKean,0.07666666666666666,2014,2018
42,Pennsylvania,42085,Mercer,0.17333333333333334,2014,2018
42,Pennsylvania,42087,Mifflin,0.15333333333333332,2014,2018
42,Pennsylvania,42089,Monroe,0.16666666666666666,2014,2018
42,Pennsylvania,42091,Montgomery,0.36000000000000004,2014,2018
42,Pennsylvania,42093,Montour,0.19666666666666666,2014,2018
42,Pennsylvania,42095,Northampton,0.29333333333333333,2014,2018
42,Pennsylvania,42097,Northumberland,0.18000000000000002,2014,2018
42,Pennsylvania,42099,Perry,0.17333333333333334,2014,2018
42,Pennsylvania,42101,Philadelphia,0.5466666666666667,2014,2018
42,Pennsylvania,42103,Pike,0.12666666666666668,2014,2018
42,Pennsylvania,42105,Potter,0.06666666666666667,2014,2018
42,Pennsylvania,42107,Schuylkill,0.15666666666666668,2014,2018
42,Pennsylvania,42109,Snyder,0.15,2014,2018
42,Pennsylvania,42111,Somerset,0.11333333333333334,2014,2018
42,Pennsylvania,42113,Sullivan,0.07666666666666667,2014,2018
42,Pennsylvania,42115,Susquehanna,0.10333333333333333,2014,2018
42,Pennsylvania,42117,Tioga,0.08,2014,2018
42,Pennsylvania,42119,Union,0.16,2014,2018
42,Pennsylvania,42121,Venango,0.12333333333333334,2014,2018
42,Pennsylvania,42123,Warren,0.09333333333333334,2014,2018
42,Pennsylvania,42125,Washington,0.22,2014,2018
42,Pennsylvania,42127,Wayne,0.09999999999999999,2014,2018
42,Pennsylvania,42129,Westmoreland,0.19666666666666666,2014,2018
42,Pennsylvania,42131,Wyoming,0.10333333333333333,2014,2018
42,Pennsylvania,42133,York,0.26333333333333336,2014,2018
44,Rhode Island,44001,Bristol,0.22,2014,2018
44,Rhode Island,44003,Kent,0.22,2014,2018
44,Rhode Island,44005,Newport,0.24333333333333332,2014,2018
44,Rhode Island,44007,Providence,0.3,2014,2018
44,Rhode Island,44009,Washington,0.16666666666666666,2014,2018
45,South Carolina,45001,Abbeville,0.12666666666666668,2014,2018
45,South Carolina,45003,Aiken,0.15666666666666665,2014,2018
45,South Carolina,45005,Allendale,0.10333333333333333,2014,2018
45,South Carolina,45007,Anderson,0.21666666666666667,2014,2018
45,South Carolina,45009,Bamberg,0.10333333333333333,2014,2018
45,South Carolina,45011,Barnwell,0.10666666666666667,2014,2018
45,South Carolina,45013,Beaufort,0.16666666666666666,2014,2018
45,South Carolina,45015,Berkeley,0.17333333333333334,2014,2018
45,South Carolina,45017,Calhoun,0.14666666666666667,2014,2018
45,South Carolina,45019,Charleston,0.23666666666666666,2014,2018
45,South Carolina,45021,Cherokee,0.19999999999999998,2014,2018
45,South Carolina,45023,Chester,0.16666666666666666,2014,2018
45,South Carolina,45025,Chesterfield,0.12,2014,2018
45,South Carolina,45027,Clarendon,0.13,2014,2018
45,South Carolina,45029,Colleton,0.13333333333333333,2014,2018
45,South Carolina,45031,Darlington,0.14333333333333334,2014,2018
45,South Carolina,45033,Dillon,0.15,2014,2018
45,South Carolina,45035,Dorchester,0.18333333333333335,2014,2018
45,South Carolina,45037,Edgefield,0.12666666666666668,2014,2018
45,South Carolina,45039,Fairfield,0.14666666666666667,2014,2018
45,South Carolina,45041,Florence,0.16333333333333333,2014,2018
45,South Carolina,45043,Georgetown,0.11666666666666665,2014,2018
45,South Carolina,45045,Greenville,0.23333333333333336,2014,2018
45,South Carolina,45047,Greenwood,0.14666666666666667,2014,2018
45,South Carolina,45049,Hampton,0.11666666666666665,2014,2018
45,South Carolina,45051,Horry,0.14333333333333334,2014,2018
45,South Carolina,45053,Jasper,0.16666666666666666,2014,2018
45,South Carolina,45055,Kershaw,0.14333333333333334,2014,2018
45,South Carolina,45057,Lancaster,0.15333333333333335,2014,2018
45,South Carolina,45059,Laurens,0.16666666666666666,2014,2018
45,South Carolina,45061,Lee,0.13333333333333333,2014,2018
45,South Carolina,45063,Lexington,0.20333333333333334,2014,2018
45,South Carolina,45065,McCormick,0.11333333333333334,2014,2018
45,South Carolina,45067,Marion,0.12,2014,2018
45,South Carolina,45069,Marlboro,0.13,2014,2018
45,South Carolina,45071,Newberry,0.15,2014,2018
45,South Carolina,45073,Oconee,0.13333333333333333,2014,2018
45,South Carolina,45075,Orangeburg,0.14666666666666667,2014,2018
45,South Carolina,45077,Pickens,0.16666666666666666,2014,2018
45,South Carolina,45079,Richland,0.26333333333333336,2014,2018
45,South Carolina,45081,Saluda,0.12,2014,2018
45,South Carolina,45083,Spartanburg,0.23333333333333336,2014,2018
45,South Carolina,45085,Sumter,0.16,2014,2018
45,South Carolina,45087,Union,0.14666666666666667,2014,2018
45,South Carolina,45089,Williamsburg,0.11,2014,2018
45,South Carolina,45091,York,0.23,2014,2018
46,South Dakota,46003,Aurora,0.06333333333333334,2014,2018
46,South Dakota,46005,Beadle,0.08,2014,2018
46,South Dakota,46007,Bennett,0.03666666666666667,2014,2018
46,South Dakota,46009,Bon Homme,0.07333333333333333,2014,2018
46,South Dakota,46011,Brookings,0.09666666666666668,2014,2018
46,South Dakota,46013,Brown,0.08333333333333333,2014,2018
46,South Dakota,46015,Brule,0.06,2014,2018
46,South Dakota,46017,Buffalo,0.04666666666666667,2014,2018
46,South Dakota,46019,Butte,0.04,2014,2018
46,South Dakota,46021,Campbell,0.04666666666666667,2014,2018
46,South Dakota,46023,Charles Mix,0.06,2014,2018
46,South Dakota,46025,Clark,0.06,2014,2018
46,South Dakota,46027,Clay,0.09333333333333334,2014,2018
46,South Dakota,46029,Codington,0.09000000000000001,2014,2018
46,South Dakota,46031,Corson,0.03666666666666667,2014,2018
46,South Dakota,46033,Custer,0.03333333333333333,2014,2018
46,South Dakota,46035,Davison,0.10333333333333333,2014,2018
46,South Dakota,46037,Day,0.06,2014,2018
46,South Dakota,46039,Deuel,0.06999999999999999,2014,2018
46,South Dakota,46041,Dewey,0.03666666666666667,2014,2018
46,South Dakota,46043,Douglas,0.06,2014,2018
46,South Dakota,46045,Edmunds,0.05000000000000001,2014,2018
46,South Dakota,46047,Fall River,0.056666666666666664,2014,2018
46,South Dakota,46049,Faulk,0.05000000000000001,2014,2018
46,South Dakota,46051,Grant,0.07666666666666666,2014,2018
46,South Dakota,46053,Gregory,0.04666666666666667,2014,2018
46,South Dakota,46055,Haakon,0.03666666666666667,2014,2018
46,South Dakota,46057,Hamlin,0.06999999999999999,2014,2018
46,South Dakota,46059,Hand,0.05333333333333334,2014,2018
46,South Dakota,46061,Hanson,0.07666666666666666,2014,2018
46,South Dakota,46063,Harding,0.023333333333333334,2014,2018
46,South Dakota,46065,Hughes,0.06666666666666667,2014,2018
46,South Dakota,46067,Hutchinson,0.07333333333333333,2014,2018
46,South Dakota,46069,Hyde,0.04666666666666667,2014,2018
46,South Dakota,46071,Jackson,0.04,2014,2018
46,South Dakota,46073,Jerauld,0.05333333333333334,2014,2018
46,South Dakota,46075,Jones,0.04666666666666667,2014,2018
46,South Dakota,46077,Kingsbury,0.06333333333333334,2014,2018
46,South Dakota,46079,Lake,0.08,2014,2018
46,South Dakota,46081,Lawrence,0.03333333333333333,2014,2018
46,South Dakota,46083,Lincoln,0.13,2014,2018
46,South Dakota,46085,Lyman,0.05333333333333334,2014,2018
46,South Dakota,46087,McCook,0.08333333333333333,2014,2018
46,South Dakota,46089,McPherson,0.04666666666666667,2014,2018
46,South Dakota,46091,Marshall,0.06,2014,2018
46,South Dakota,46093,Meade,0.04666666666666666,2014,2018
46,South Dakota,46095,Mellette,0.03666666666666667,2014,2018
46,South Dakota,46097,Miner,0.06999999999999999,2014,2018
46,South Dakota,46099,Minnehaha,0.18000000000000002,2014,2018
46,South Dakota,46101,Moody,0.09000000000000001,2014,2018
46,South Dakota,46102,Oglala Lakota,0.03,2014,2018
46,South Dakota,46103,Pennington,0.07666666666666667,2014,2018
46,South Dakota,46105,Perkins,0.02666666666666667,2014,2018
46,South Dakota,46107,Potter,0.04666666666666667,2014,2018
46,South Dakota,46109,Roberts,0.06999999999999999,2014,2018
46,South Dakota,46111,Sanborn,0.06666666666666667,2014,2018
46,South Dakota,46113,Shannon,0.06,2014,2018
46,South Dakota,46115,Spink,0.06333333333333334,2014,2018
46,South Dakota,46117,Stanley,0.049999999999999996,2014,2018
46,South Dakota,46119,Sully,0.04,2014,2018
46,South Dakota,46121,Todd,0.04,2014,2018
46,South Dakota,46123,Tripp,0.043333333333333335,2014,2018
46,South Dakota,46125,Turner,0.08333333333333333,2014,2018
46,South Dakota,46127,Union,0.11666666666666665,2014,2018
46,South Dakota,46129,Walworth,0.05000000000000001,2014,2018
46,South Dakota,46135,Yankton,0.09333333333333334,2014,2018
46,South Dakota,46137,Ziebach,0.02666666666666667,2014,2018
47,Tennessee,47001,Anderson,0.18999999999999997,2014,2018
47,Tennessee,47003,Bedford,0.15333333333333335,2014,2018
47,Tennessee,47005,Benton,0.12333333333333334,2014,2018
47,Tennessee,47007,Bledsoe,0.10000000000000002,2014,2018
47,Tennessee,47009,Blount,0.17666666666666667,2014,2018
47,Tennessee,47011,Bradley,0.25,2014,2018
47,Tennessee,47013,Campbell,0.1366666666666667,2014,2018
47,Tennessee,47015,Cannon,0.12,2014,2018
47,Tennessee,47017,Carroll,0.12666666666666668,2014,2018
47,Tennessee,47019,Carter,0.10000000000000002,2014,2018
47,Tennessee,47021,Cheatham,0.19999999999999998,2014,2018
47,Tennessee,47023,Chester,0.10666666666666667,2014,2018
47,Tennessee,47025,Claiborne,0.11666666666666665,2014,2018
47,Tennessee,47027,Clay,0.10333333333333333,2014,2018
47,Tennessee,47029,Cocke,0.12666666666666668,2014,2018
47,Tennessee,47031,Coffee,0.17,2014,2018
47,Tennessee,47033,Crockett,0.13333333333333333,2014,2018
47,Tennessee,47035,Cumberland,0.11333333333333334,2014,2018
47,Tennessee,47037,Davidson,0.45,2014,2018
47,Tennessee,47039,Decatur,0.12,2014,2018
47,Tennessee,47041,DeKalb,0.11666666666666665,2014,2018
47,Tennessee,47043,Dickson,0.16333333333333333,2014,2018
47,Tennessee,47045,Dyer,0.15666666666666665,2014,2018
47,Tennessee,47047,Fayette,0.14666666666666667,2014,2018
47,Tennessee,47049,Fentress,0.09333333333333334,2014,2018
47,Tennessee,47051,Franklin,0.13999999999999999,2014,2018
47,Tennessee,47053,Gibson,0.13,2014,2018
47,Tennessee,47055,Giles,0.15,2014,2018
47,Tennessee,47057,Grainger,0.13999999999999999,2014,2018
47,Tennessee,47059,Greene,0.14666666666666667,2014,2018
47,Tennessee,47061,Grundy,0.10333333333333333,2014,2018
47,Tennessee,47063,Hamblen,0.23666666666666666,2014,2018
47,Tennessee,47065,Hamilton,0.30333333333333334,2014,2018
47,Tennessee,47067,Hancock,0.09666666666666668,2014,2018
47,Tennessee,47069,Hardeman,0.11,2014,2018
47,Tennessee,47071,Hardin,0.11333333333333334,2014,2018
47,Tennessee,47073,Hawkins,0.14666666666666667,2014,2018
47,Tennessee,47075,Haywood,0.15666666666666668,2014,2018
47,Tennessee,47077,Henderson,0.12666666666666668,2014,2018
47,Tennessee,47079,Henry,0.12,2014,2018
47,Tennessee,47081,Hickman,0.12,2014,2018
47,Tennessee,47083,Houston,0.11,2014,2018
47,Tennessee,47085,Humphreys,0.12333333333333334,2014,2018
47,Tennessee,47087,Jackson,0.10666666666666667,2014,2018
47,Tennessee,47089,Jefferson,0.25666666666666665,2014,2018
47,Tennessee,47091,Johnson,0.07,2014,2018
47,Tennessee,47093,Knox,0.38000000000000006,2014,2018
47,Tennessee,47095,Lake,0.15,2014,2018
47,Tennessee,47097,Lauderdale,0.15666666666666665,2014,2018
47,Tennessee,47099,Lawrence,0.12333333333333334,2014,2018
47,Tennessee,47101,Lewis,0.09999999999999999,2014,2018
47,Tennessee,47103,Lincoln,0.1366666666666667,2014,2018
47,Tennessee,47105,Loudon,0.25666666666666665,2014,2018
47,Tennessee,47107,McMinn,0.19999999999999998,2014,2018
47,Tennessee,47109,McNairy,0.11333333333333334,2014,2018
47,Tennessee,47111,Macon,0.12666666666666668,2014,2018
47,Tennessee,47113,Madison,0.17333333333333334,2014,2018
47,Tennessee,47115,Marion,0.17666666666666667,2014,2018
47,Tennessee,47117,Marshall,0.17,2014,2018
47,Tennessee,47119,Maury,0.17,2014,2018
47,Tennessee,47121,Meigs,0.16333333333333333,2014,2018
47,Tennessee,47123,Monroe,0.13,2014,2018
47,Tennessee,47125,Montgomery,0.18666666666666668,2014,2018
47,Tennessee,47127,Moore,0.12333333333333334,2014,2018
47,Tennessee,47129,Morgan,0.12,2014,2018
47,Tennessee,47131,Obion,0.14666666666666667,2014,2018
47,Tennessee,47133,Overton,0.10333333333333333,2014,2018
47,Tennessee,47135,Perry,0.10666666666666667,2014,2018
47,Tennessee,47137,Pickett,0.09000000000000001,2014,2018
47,Tennessee,47139,Polk,0.11333333333333334,2014,2018
47,Tennessee,47141,Putnam,0.17333333333333334,2014,2018
47,Tennessee,47143,Rhea,0.16,2014,2018
47,Tennessee,47145,Roane,0.19999999999999998,2014,2018
47,Tennessee,47147,Robertson,0.21,2014,2018
47,Tennessee,47149,Rutherford,0.27,2014,2018
47,Tennessee,47151,Scott,0.11333333333333334,2014,2018
47,Tennessee,47153,Sequatchie,0.11,2014,2018
47,Tennessee,47155,Sevier,0.14,2014,2018
47,Tennessee,47157,Shelby,0.33,2014,2018
47,Tennessee,47159,Smith,0.15666666666666668,2014,2018
47,Tennessee,47161,Stewart,0.11666666666666665,2014,2018
47,Tennessee,47163,Sullivan,0.20333333333333334,2014,2018
47,Tennessee,47165,Sumner,0.22,2014,2018
47,Tennessee,47167,Tipton,0.17666666666666667,2014,2018
47,Tennessee,47169,Trousdale,0.1366666666666667,2014,2018
47,Tennessee,47171,Unicoi,0.10333333333333333,2014,2018
47,Tennessee,47173,Union,0.14333333333333334,2014,2018
47,Tennessee,47175,Van Buren,0.09000000000000001,2014,2018
47,Tennessee,47177,Warren,0.11666666666666665,2014,2018
47,Tennessee,47179,Washington,0.17333333333333334,2014,2018
47,Tennessee,47181,Wayne,0.09666666666666668,2014,2018
47,Tennessee,47183,Weakley,0.12,2014,2018
47,Tennessee,47185,White,0.11333333333333334,2014,2018
47,Tennessee,47187,Williamson,0.26333333333333336,2014,2018
47,Tennessee,47189,Wilson,0.2233333333333333,2014,2018
48,Texas,48001,Anderson,0.12333333333333334,2014,2018
48,Texas,48003,Andrews,0.06999999999999999,2014,2018
48,Texas,48005,Angelina,0.14666666666666667,2014,2018
48,Texas,48007,Aransas,0.09333333333333334,2014,2018
48,Texas,48009,Archer,0.08666666666666667,2014,2018
48,Texas,48011,Armstrong,0.07666666666666666,2014,2018
48,Texas,48013,Atascosa,0.10000000000000002,2014,2018
48,Texas,48015,Austin,0.17,2014,2018
48,Texas,48017,Bailey,0.06,2014,2018
48,Texas,48019,Bandera,0.06,2014,2018
48,Texas,48021,Bastrop,0.11,2014,2018
48,Texas,48023,Baylor,0.07666666666666667,2014,2018
48,Texas,48025,Bee,0.08,2014,2018
48,Texas,48027,Bell,0.19999999999999998,2014,2018
48,Texas,48029,Bexar,0.24333333333333332,2014,2018
48,Texas,48031,Blanco,0.08,2014,2018
48,Texas,48033,Borden,0.04666666666666667,2014,2018
48,Texas,48035,Bosque,0.11,2014,2018
48,Texas,48037,Bowie,0.18000000000000002,2014,2018
48,Texas,48039,Brazoria,0.19000000000000003,2014,2018
48,Texas,48041,Brazos,0.18666666666666668,2014,2018
48,Texas,48043,Brewster,0.023333333333333334,2014,2018
48,Texas,48045,Briscoe,0.05000000000000001,2014,2018
48,Texas,48047,Brooks,0.06666666666666667,2014,2018
48,Texas,48049,Brown,0.09666666666666666,2014,2018
48,Texas,48051,Burleson,0.14,2014,2018
48,Texas,48053,Burnet,0.08666666666666667,2014,2018
48,Texas,48055,Caldwell,0.12,2014,2018
48,Texas,48057,Calhoun,0.11,2014,2018
48,Texas,48059,Callahan,0.08,2014,2018
48,Texas,48061,Cameron,0.10000000000000002,2014,2018
48,Texas,48063,Camp,0.13333333333333333,2014,2018
48,Texas,48065,Carson,0.08666666666666667,2014,2018
48,Texas,48067,Cass,0.11666666666666665,2014,2018
48,Texas,48069,Castro,0.07,2014,2018
48,Texas,48071,Chambers,0.20666666666666667,2014,2018
48,Texas,48073,Cherokee,0.10666666666666667,2014,2018
48,Texas,48075,Childress,0.10333333333333333,2014,2018
48,Texas,48077,Clay,0.11333333333333334,2014,2018
48,Texas,48079,Cochran,0.043333333333333335,2014,2018
48,Texas,48081,Coke,0.043333333333333335,2014,2018
48,Texas,48083,Coleman,0.06,2014,2018
48,Texas,48085,Collin,0.27,2014,2018
48,Texas,48087,Collingsworth,0.07,2014,2018
48,Texas,48089,Colorado,0.14,2014,2018
48,Texas,48091,Comal,0.15,2014,2018
48,Texas,48093,Comanche,0.07333333333333333,2014,2018
48,Texas,48095,Concho,0.04666666666666667,2014,2018
48,Texas,48097,Cooke,0.18666666666666668,2014,2018
48,Texas,48099,Coryell,0.12,2014,2018
48,Texas,48101,Cottle,0.05333333333333334,2014,2018
48,Texas,48103,Crane,0.04666666666666667,2014,2018
48,Texas,48105,Crockett,0.04666666666666666,2014,2018
48,Texas,48107,Crosby,0.06,2014,2018
48,Texas,48109,Culberson,0.04666666666666667,2014,2018
48,Texas,48111,Dallam,0.06666666666666667,2014,2018
48,Texas,48113,Dallas,0.35333333333333333,2014,2018
48,Texas,48115,Dawson,0.06,2014,2018
48,Texas,48117,Deaf Smith,0.09000000000000001,2014,2018
48,Texas,48119,Delta,0.14333333333333334,2014,2018
48,Texas,48121,Denton,0.30333333333333334,2014,2018
48,Texas,48123,DeWitt,0.10000000000000002,2014,2018
48,Texas,48125,Dickens,0.049999999999999996,2014,2018
48,Texas,48127,Dimmit,0.07333333333333335,2014,2018
48,Texas,48129,Donley,0.08333333333333333,2014,2018
48,Texas,48131,Duval,0.056666666666666664,2014,2018
48,Texas,48133,Eastland,0.09666666666666668,2014,2018
48,Texas,48135,Ector,0.10666666666666667,2014,2018
48,Texas,48137,Edwards,0.03333333333333333,2014,2018
48,Texas,48139,Ellis,0.21333333333333335,2014,2018
48,Texas,48141,El Paso,0.20666666666666667,2014,2018
48,Texas,48143,Erath,0.09000000000000001,2014,2018
48,Texas,48145,Falls,0.13,2014,2018
48,Texas,48147,Fannin,0.12,2014,2018
48,Texas,48149,Fayette,0.11666666666666665,2014,2018
48,Texas,48151,Fisher,0.06,2014,2018
48,Texas,48153,Floyd,0.06,2014,2018
48,Texas,48155,Foard,0.06666666666666667,2014,2018
48,Texas,48157,Fort Bend,0.26333333333333336,2014,2018
48,Texas,48159,Franklin,0.13,2014,2018
48,Texas,48161,Freestone,0.13,2014,2018
48,Texas,48163,Frio,0.10666666666666667,2014,2018
48,Texas,48165,Gaines,0.06,2014,2018
48,Texas,48167,Galveston,0.23666666666666666,2014,2018
48,Texas,48169,Garza,0.056666666666666664,2014,2018
48,Texas,48171,Gillespie,0.06999999999999999,2014,2018
48,Texas,48173,Glasscock,0.04,2014,2018
48,Texas,48175,Goliad,0.07666666666666666,2014,2018
48,Texas,48177,Gonzales,0.10666666666666667,2014,2018
48,Texas,48179,Gray,0.09333333333333334,2014,2018
48,Texas,48181,Grayson,0.18000000000000002,2014,2018
48,Texas,48183,Gregg,0.17333333333333334,2014,2018
48,Texas,48185,Grimes,0.14333333333333334,2014,2018
48,Texas,48187,Guadalupe,0.15,2014,2018
48,Texas,48189,Hale,0.09000000000000001,2014,2018
48,Texas,48191,Hall,0.07333333333333333,2014,2018
48,Texas,48193,Hamilton,0.08333333333333333,2014,2018
48,Texas,48195,Hansford,0.06,2014,2018
48,Texas,48197,Hardeman,0.08666666666666667,2014,2018
48,Texas,48199,Hardin,0.15333333333333335,2014,2018
48,Texas,48201,Harris,0.45,2014,2018
48,Texas,48203,Harrison,0.14333333333333334,2014,2018
48,Texas,48205,Hartley,0.07,2014,2018
48,Texas,48207,Haskell,0.07333333333333333,2014,2018
48,Texas,48209,Hays,0.16,2014,2018
48,Texas,48211,Hemphill,0.07666666666666666,2014,2018
48,Texas,48213,Henderson,0.11666666666666665,2014,2018
48,Texas,48215,Hidalgo,0.12,2014,2018
48,Texas,48217,Hill,0.16,2014,2018
48,Texas,48219,Hockley,0.07333333333333333,2014,2018
48,Texas,48221,Hood,0.12333333333333334,2014,2018
48,Texas,48223,Hopkins,0.14666666666666667,2014,2018
48,Texas,48225,Houston,0.11,2014,2018
48,Texas,48227,Howard,0.09000000000000001,2014,2018
48,Texas,48229,Hudspeth,0.043333333333333335,2014,2018
48,Texas,48231,Hunt,0.18999999999999997,2014,2018
48,Texas,48233,Hutchinson,0.08,2014,2018
48,Texas,48235,Irion,0.03666666666666667,2014,2018
48,Texas,48237,Jack,0.09000000000000001,2014,2018
48,Texas,48239,Jackson,0.11666666666666668,2014,2018
48,Texas,48241,Jasper,0.12333333333333334,2014,2018
48,Texas,48243,Jeff Davis,0.013333333333333334,2014,2018
48,Texas,48245,Jefferson,0.26666666666666666,2014,2018
48,Texas,48247,Jim Hogg,0.04666666666666667,2014,2018
48,Texas,48249,Jim Wells,0.07333333333333333,2014,2018
48,Texas,48251,Johnson,0.20000000000000004,2014,2018
48,Texas,48253,Jones,0.07666666666666666,2014,2018
48,Texas,48255,Karnes,0.08333333333333333,2014,2018
48,Texas,48257,Kaufman,0.16666666666666666,2014,2018
48,Texas,48259,Kendall,0.10000000000000002,2014,2018
48,Texas,48261,Kenedy,0.05333333333333334,2014,2018
48,Texas,48263,Kent,0.04666666666666667,2014,2018
48,Texas,48265,Kerr,0.06333333333333334,2014,2018
48,Texas,48267,Kimble,0.04666666666666667,2014,2018
48,Texas,48269,King,0.056666666666666664,2014,2018
48,Texas,48271,Kinney,0.043333333333333335,2014,2018
48,Texas,48273,Kleberg,0.09000000000000001,2014,2018
48,Texas,48275,Knox,0.06666666666666667,2014,2018
48,Texas,48277,Lamar,0.12,2014,2018
48,Texas,48279,Lamb,0.06666666666666667,2014,2018
48,Texas,48281,Lampasas,0.09333333333333334,2014,2018
48,Texas,48283,La Salle,0.09000000000000001,2014,2018
48,Texas,48285,Lavaca,0.10666666666666667,2014,2018
48,Texas,48287,Lee,0.11333333333333334,2014,2018
48,Texas,48289,Leon,0.12666666666666668,2014,2018
48,Texas,48291,Liberty,0.17666666666666667,2014,2018
48,Texas,48293,Limestone,0.12333333333333334,2014,2018
48,Texas,48295,Lipscomb,0.06333333333333334,2014,2018
48,Texas,48297,Live Oak,0.07333333333333333,2014,2018
48,Texas,48299,Llano,0.06666666666666667,2014,2018
48,Texas,48301,Loving,0.043333333333333335,2014,2018
48,Texas,48303,Lubbock,0.14666666666666667,2014,2018
48,Texas,48305,Lynn,0.06,2014,2018
48,Texas,48307,McCulloch,0.06999999999999999,2014,2018
48,Texas,48309,McLennan,0.21666666666666667,2014,2018
48,Texas,48311,McMullen,0.05000000000000001,2014,2018
48,Texas,48313,Madison,0.1366666666666667,2014,2018
48,Texas,48315,Marion,0.11666666666666668,2014,2018
48,Texas,48317,Martin,0.06666666666666667,2014,2018
48,Texas,48319,Mason,0.049999999999999996,2014,2018
48,Texas,48321,Matagorda,0.1366666666666667,2014,2018
48,Texas,48323,Maverick,0.06666666666666667,2014,2018
48,Texas,48325,Medina,0.10000000000000002,2014,2018
48,Texas,48327,Menard,0.043333333333333335,2014,2018
48,Texas,48329,Midland,0.11333333333333333,2014,2018
48,Texas,48331,Milam,0.13333333333333333,2014,2018
48,Texas,48333,Mills,0.07333333333333333,2014,2018
48,Texas,48335,Mitchell,0.07666666666666667,2014,2018
48,Texas,48337,Montague,0.13,2014,2018
48,Texas,48339,Montgomery,0.24,2014,2018
48,Texas,48341,Moore,0.09000000000000001,2014,2018
48,Texas,48343,Morris,0.12,2014,2018
48,Texas,48345,Motley,0.04666666666666667,2014,2018
48,Texas,48347,Nacogdoches,0.13,2014,2018
48,Texas,48349,Navarro,0.14666666666666667,2014,2018
48,Texas,48351,Newton,0.10666666666666667,2014,2018
48,Texas,48353,Nolan,0.08666666666666667,2014,2018
48,Texas,48355,Nueces,0.12333333333333334,2014,2018
48,Texas,48357,Ochiltree,0.08333333333333333,2014,2018
48,Texas,48359,Oldham,0.06666666666666667,2014,2018
48,Texas,48361,Orange,0.24333333333333332,2014,2018
48,Texas,48363,Palo Pinto,0.10666666666666667,2014,2018
48,Texas,48365,Panola,0.12,2014,2018
48,Texas,48367,Parker,0.16,2014,2018
48,Texas,48369,Parmer,0.08666666666666667,2014,2018
48,Texas,48371,Pecos,0.043333333333333335,2014,2018
48,Texas,48373,Polk,0.13,2014,2018
48,Texas,48375,Potter,0.22666666666666668,2014,2018
48,Texas,48377,Presidio,0.023333333333333334,2014,2018
48,Texas,48379,Rains,0.12,2014,2018
48,Texas,48381,Randall,0.17666666666666667,2014,2018
48,Texas,48383,Reagan,0.049999999999999996,2014,2018
48,Texas,48385,Real,0.049999999999999996,2014,2018
48,Texas,48387,Red River,0.09999999999999999,2014,2018
48,Texas,48389,Reeves,0.06999999999999999,2014,2018
48,Texas,48391,Refugio,0.08333333333333333,2014,2018
48,Texas,48393,Roberts,0.07,2014,2018
48,Texas,48395,Robertson,0.13333333333333333,2014,2018
48,Texas,48397,Rockwall,0.21666666666666667,2014,2018
48,Texas,48399,Runnels,0.06,2014,2018
48,Texas,48401,Rusk,0.11333333333333334,2014,2018
48,Texas,48403,Sabine,0.08666666666666667,2014,2018
48,Texas,48405,San Augustine,0.08666666666666667,2014,2018
48,Texas,48407,San Jacinto,0.14333333333333334,2014,2018
48,Texas,48409,San Patricio,0.12,2014,2018
48,Texas,48411,San Saba,0.06333333333333334,2014,2018
48,Texas,48413,Schleicher,0.043333333333333335,2014,2018
48,Texas,48415,Scurry,0.06666666666666667,2014,2018
48,Texas,48417,Shackelford,0.07,2014,2018
48,Texas,48419,Shelby,0.10000000000000002,2014,2018
48,Texas,48421,Sherman,0.07666666666666666,2014,2018
48,Texas,48423,Smith,0.15666666666666668,2014,2018
48,Texas,48425,Somervell,0.11333333333333334,2014,2018
48,Texas,48427,Starr,0.049999999999999996,2014,2018
48,Texas,48429,Stephens,0.07333333333333333,2014,2018
48,Texas,48431,Sterling,0.043333333333333335,2014,2018
48,Texas,48433,Stonewall,0.05333333333333334,2014,2018
48,Texas,48435,Sutton,0.04666666666666667,2014,2018
48,Texas,48437,Swisher,0.07,2014,2018
48,Texas,48439,Tarrant,0.31,2014,2018
48,Texas,48441,Taylor,0.13333333333333333,2014,2018
48,Texas,48443,Terrell,0.03,2014,2018
48,Texas,48445,Terry,0.07333333333333333,2014,2018
48,Texas,48447,Throckmorton,0.06666666666666667,2014,2018
48,Texas,48449,Titus,0.14666666666666667,2014,2018
48,Texas,48451,Tom Green,0.09333333333333334,2014,2018
48,Texas,48453,Travis,0.2233333333333333,2014,2018
48,Texas,48455,Trinity,0.10333333333333333,2014,2018
48,Texas,48457,Tyler,0.10000000000000002,2014,2018
48,Texas,48459,Upshur,0.12333333333333334,2014,2018
48,Texas,48461,Upton,0.04666666666666667,2014,2018
48,Texas,48463,Uvalde,0.06333333333333334,2014,2018
48,Texas,48465,Val Verde,0.06333333333333334,2014,2018
48,Texas,48467,Van Zandt,0.12333333333333334,2014,2018
48,Texas,48469,Victoria,0.15333333333333335,2014,2018
48,Texas,48471,Walker,0.16666666666666666,2014,2018
48,Texas,48473,Waller,0.18000000000000002,2014,2018
48,Texas,48475,Ward,0.08333333333333333,2014,2018
48,Texas,48477,Washington,0.1366666666666667,2014,2018
48,Texas,48479,Webb,0.14,2014,2018
48,Texas,48481,Wharton,0.15333333333333335,2014,2018
48,Texas,48483,Wheeler,0.07666666666666667,2014,2018
48,Texas,48485,Wichita,0.14666666666666667,2014,2018
48,Texas,48487,Wilbarger,0.10000000000000002,2014,2018
48,Texas,48489,Willacy,0.06,2014,2018
48,Texas,48491,Williamson,0.17,2014,2018
48,Texas,48493,Wilson,0.09000000000000001,2014,2018
48,Texas,48495,Winkler,0.056666666666666664,2014,2018
48,Texas,48497,Wise,0.16666666666666666,2014,2018
48,Texas,48499,Wood,0.11333333333333334,2014,2018
48,Texas,48501,Yoakum,0.049999999999999996,2014,2018
48,Texas,48503,Young,0.08,2014,2018
48,Texas,48505,Zapata,0.043333333333333335,2014,2018
48,Texas,48507,Zavala,0.06333333333333334,2014,2018
49,Utah,49001,Beaver,0.08,2014,2018
49,Utah,49003,Box Elder,0.12,2014,2018
49,Utah,49005,Cache,0.12,2014,2018
49,Utah,49007,Carbon,0.08333333333333333,2014,2018
49,Utah,49009,Daggett,0.023333333333333334,2014,2018
49,Utah,49011,Davis,0.3833333333333333,2014,2018
49,Utah,49013,Duchesne,0.03333333333333333,2014,2018
49,Utah,49015,Emery,0.03333333333333333,2014,2018
49,Utah,49017,Garfield,0.016666666666666666,2014,2018
49,Utah,49019,Grand,0.04,2014,2018
49,Utah,49021,Iron,0.06,2014,2018
49,Utah,49023,Juab,0.060000000000000005,2014,2018
49,Utah,49025,Kane,0.02666666666666667,2014,2018
49,Utah,49027,Millard,0.05333333333333334,2014,2018
49,Utah,49029,Morgan,0.13,2014,2018
49,Utah,49031,Piute,0.023333333333333334,2014,2018
49,Utah,49033,Rich,0.04,2014,2018
49,Utah,49035,Salt Lake,0.4166666666666667,2014,2018
49,Utah,49037,San Juan,0.016666666666666666,2014,2018
49,Utah,49039,Sanpete,0.03333333333333333,2014,2018
49,Utah,49041,Sevier,0.05333333333333334,2014,2018
49,Utah,49043,Summit,0.10000000000000002,2014,2018
49,Utah,49045,Tooele,0.06333333333333334,2014,2018
49,Utah,49047,Uintah,0.036666666666666674,2014,2018
49,Utah,49049,Utah,0.25666666666666665,2014,2018
49,Utah,49051,Wasatch,0.07333333333333335,2014,2018
49,Utah,49053,Washington,0.16,2014,2018
49,Utah,49055,Wayne,0.016666666666666666,2014,2018
49,Utah,49057,Weber,0.3133333333333333,2014,2018
50,Vermont,50001,Addison,0.06666666666666667,2014,2018
50,Vermont,50003,Bennington,0.06666666666666667,2014,2018
50,Vermont,50005,Caledonia,0.05333333333333334,2014,2018
50,Vermont,50007,Chittenden,0.11,2014,2018
50,Vermont,50009,Essex,0.03666666666666667,2014,2018
50,Vermont,50011,Franklin,0.06,2014,2018
50,Vermont,50013,Grand Isle,0.08333333333333333,2014,2018
50,Vermont,50015,Lamoille,0.04666666666666667,2014,2018
50,Vermont,50017,Orange,0.05666666666666667,2014,2018
50,Vermont,50019,Orleans,0.04666666666666667,2014,2018
50,Vermont,50021,Rutland,0.06666666666666667,2014,2018
50,Vermont,50023,Washington,0.06666666666666667,2014,2018
50,Vermont,50025,Windham,0.07333333333333333,2014,2018
50,Vermont,50027,Windsor,0.06666666666666667,2014,2018
51,Virginia,51001,Accomack,0.12,2014,2018
51,Virginia,51003,Albemarle,0.14333333333333334,2014,2018
51,Virginia,51005,Alleghany,0.12333333333333334,2014,2018
51,Virginia,51007,Amelia,0.12,2014,2018
51,Virginia,51009,Amherst,0.12333333333333334,2014,2018
51,Virginia,51011,Appomattox,0.12666666666666668,2014,2018
51,Virginia,51013,Arlington,0.6433333333333334,2014,2018
51,Virginia,51015,Augusta,0.12,2014,2018
51,Virginia,51017,Bath,0.07,2014,2018
51,Virginia,51019,Bedford,0.13333333333333333,2014,2018
51,Virginia,51021,Bland,0.08666666666666667,2014,2018
51,Virginia,51023,Botetourt,0.14666666666666667,2014,2018
51,Virginia,51025,Brunswick,0.12,2014,2018
51,Virginia,51027,Buchanan,0.08333333333333333,2014,2018
51,Virginia,51029,Buckingham,0.11,2014,2018
51,Virginia,51031,Campbell,0.15,2014,2018
51,Virginia,51033,Caroline,0.19999999999999998,2014,2018
51,Virginia,51035,Carroll,0.10333333333333333,2014,2018
51,Virginia,51036,Charles City,0.14,2014,2018
51,Virginia,51037,Charlotte,0.10666666666666667,2014,2018
51,Virginia,51041,Chesterfield,0.21666666666666667,2014,2018
51,Virginia,51043,Clarke,0.17666666666666667,2014,2018
51,Virginia,51045,Craig,0.08,2014,2018
51,Virginia,51047,Culpeper,0.15333333333333335,2014,2018
51,Virginia,51049,Cumberland,0.11333333333333334,2014,2018
51,Virginia,51051,Dickenson,0.09000000000000001,2014,2018
51,Virginia,51053,Dinwiddie,0.15333333333333335,2014,2018
51,Virginia,51057,Essex,0.13333333333333333,2014,2018
51,Virginia,51059,Fairfax,0.4266666666666667,2014,2018
51,Virginia,51061,Fauquier,0.18000000000000002,2014,2018
51,Virginia,51063,Floyd,0.07666666666666667,2014,2018
51,Virginia,51065,Fluvanna,0.13,2014,2018
51,Virginia,51067,Franklin,0.11,2014,2018
51,Virginia,51069,Frederick,0.17333333333333334,2014,2018
51,Virginia,51071,Giles,0.10333333333333333,2014,2018
51,Virginia,51073,Gloucester,0.15,2014,2018
51,Virginia,51075,Goochland,0.16666666666666666,2014,2018
51,Virginia,51077,Grayson,0.07,2014,2018
51,Virginia,51079,Greene,0.11333333333333334,2014,2018
51,Virginia,51081,Greensville,0.15333333333333332,2014,2018
51,Virginia,51083,Halifax,0.11666666666666668,2014,2018
51,Virginia,51085,Hanover,0.22333333333333336,2014,2018
51,Virginia,51087,Henrico,0.30333333333333334,2014,2018
51,Virginia,51089,Henry,0.12666666666666668,2014,2018
51,Virginia,51091,Highland,0.05333333333333334,2014,2018
51,Virginia,51093,Isle of Wight,0.14333333333333334,2014,2018
51,Virginia,51095,James City,0.18333333333333335,2014,2018
51,Virginia,51097,King and Queen,0.12666666666666668,2014,2018
51,Virginia,51099,King George,0.17666666666666667,2014,2018
51,Virginia,51101,King William,0.14666666666666667,2014,2018
51,Virginia,51103,Lancaster,0.11666666666666668,2014,2018
51,Virginia,51105,Lee,0.09000000000000001,2014,2018
51,Virginia,51107,Loudoun,0.25333333333333335,2014,2018
51,Virginia,51109,Louisa,0.13999999999999999,2014,2018
51,Virginia,51111,Lunenburg,0.10666666666666667,2014,2018
51,Virginia,51113,Madison,0.10333333333333333,2014,2018
51,Virginia,51115,Mathews,0.13,2014,2018
51,Virginia,51117,Mecklenburg,0.12333333333333334,2014,2018
51,Virginia,51119,Middlesex,0.12333333333333334,2014,2018
51,Virginia,51121,Montgomery,0.15666666666666665,2014,2018
51,Virginia,51125,Nelson,0.09999999999999999,2014,2018
51,Virginia,51127,New Kent,0.18999999999999997,2014,2018
51,Virginia,51131,Northampton,0.14,2014,2018
51,Virginia,51133,Northumberland,0.11666666666666668,2014,2018
51,Virginia,51135,Nottoway,0.13,2014,2018
51,Virginia,51137,Orange,0.13333333333333333,2014,2018
51,Virginia,51139,Page,0.09666666666666668,2014,2018
51,Virginia,51141,Patrick,0.08333333333333333,2014,2018
51,Virginia,51143,Pittsylvania,0.12666666666666668,2014,2018
51,Virginia,51145,Powhatan,0.14333333333333334,2014,2018
51,Virginia,51147,Prince Edward,0.12666666666666668,2014,2018
51,Virginia,51149,Prince George,0.17,2014,2018
51,Virginia,51153,Prince William,0.31,2014,2018
51,Virginia,51155,Pulaski,0.13333333333333333,2014,2018
51,Virginia,51157,Rappahannock,0.09999999999999999,2014,2018
51,Virginia,51159,Richmond,0.12333333333333334,2014,2018
51,Virginia,51161,Roanoke,0.16,2014,2018
51,Virginia,51163,Rockbridge,0.13,2014,2018
51,Virginia,51165,Rockingham,0.12333333333333334,2014,2018
51,Virginia,51167,Russell,0.08666666666666667,2014,2018
51,Virginia,51169,Scott,0.11666666666666665,2014,2018
51,Virginia,51171,Shenandoah,0.14333333333333334,2014,2018
51,Virginia,51173,Smyth,0.09333333333333334,2014,2018
51,Virginia,51175,Southampton,0.12,2014,2018
51,Virginia,51177,Spotsylvania,0.19333333333333336,2014,2018
51,Virginia,51179,Stafford,0.2733333333333333,2014,2018
51,Virginia,51181,Surry,0.12666666666666668,2014,2018
51,Virginia,51183,Sussex,0.14333333333333334,2014,2018
51,Virginia,51185,Tazewell,0.08,2014,2018
51,Virginia,51187,Warren,0.15666666666666665,2014,2018
51,Virginia,51191,Washington,0.12333333333333334,2014,2018
51,Virginia,51193,Westmoreland,0.13,2014,2018
51,Virginia,51195,Wise,0.09333333333333334,2014,2018
51,Virginia,51197,Wythe,0.12333333333333334,2014,2018
51,Virginia,51199,York,0.2333333333333333,2014,2018
51,Virginia,51510,Alexandria,0.5633333333333334,2014,2018
51,Virginia,51520,Bristol,0.23666666666666666,2014,2018
51,Virginia,51530,Buena Vista,0.13,2014,2018
51,Virginia,51540,Charlottesville,0.30333333333333334,2014,2018
51,Virginia,51550,Chesapeake,0.22,2014,2018
51,Virginia,51570,Colonial Heights,0.28,2014,2018
51,Virginia,51580,Covington,0.15333333333333332,2014,2018
51,Virginia,51590,Danville,0.20333333333333334,2014,2018
51,Virginia,51595,Emporia,0.26333333333333336,2014,2018
51,Virginia,51600,Fairfax City,0.4266666666666667,2014,2018
51,Virginia,51610,Falls Church,0.6133333333333334,2014,2018
51,Virginia,51620,Franklin City,0.16,2014,2018
51,Virginia,51630,Fredericksburg,0.42,2014,2018
51,Virginia,51640,Galax,0.09000000000000001,2014,2018
51,Virginia,51650,Hampton,0.29,2014,2018
51,Virginia,51660,Harrisonburg,0.2733333333333334,2014,2018
51,Virginia,51670,Hopewell,0.25333333333333335,2014,2018
51,Virginia,51678,Lexington,0.18000000000000002,2014,2018
51,Virginia,51680,Lynchburg,0.24666666666666667,2014,2018
51,Virginia,51683,Manassas,0.3133333333333333,2014,2018
51,Virginia,51685,Manassas Park,0.29,2014,2018
51,Virginia,51690,Martinsville,0.17333333333333334,2014,2018
51,Virginia,51700,Newport News,0.24666666666666667,2014,2018
51,Virginia,51710,Norfolk,0.44333333333333336,2014,2018
51,Virginia,51720,Norton,0.11333333333333334,2014,2018
51,Virginia,51730,Petersburg,0.29333333333333333,2014,2018
51,Virginia,51735,Poquoson,0.17,2014,2018
51,Virginia,51740,Portsmouth,0.31666666666666665,2014,2018
51,Virginia,51750,Radford,0.20333333333333334,2014,2018
51,Virginia,51760,Richmond City,0.4033333333333333,2014,2018
51,Virginia,51770,Roanoke City,0.2833333333333333,2014,2018
51,Virginia,51775,Salem,0.20333333333333334,2014,2018
51,Virginia,51790,Staunton,0.17666666666666667,2014,2018
51,Virginia,51800,Suffolk,0.16333333333333333,2014,2018
51,Virginia,51810,Virginia Beach,0.2333333333333333,2014,2018
51,Virginia,51820,Waynesboro,0.18666666666666668,2014,2018
51,Virginia,51830,Williamsburg,0.23333333333333336,2014,2018
51,Virginia,51840,Winchester,0.32666666666666666,2014,2018
53,Washington,53001,Adams,0.09000000000000001,2014,2018
53,Washington,53003,Asotin,0.07666666666666667,2014,2018
53,Washington,53005,Benton,0.14666666666666667,2014,2018
53,Washington,53007,Chelan,0.049999999999999996,2014,2018
53,Washington,53009,Clallam,0.10333333333333333,2014,2018
53,Washington,53011,Clark,0.2733333333333333,2014,2018
53,Washington,53013,Columbia,0.04666666666666667,2014,2018
53,Washington,53015,Cowlitz,0.16666666666666666,2014,2018
53,Washington,53017,Douglas,0.056666666666666664,2014,2018
53,Washington,53019,Ferry,0.016666666666666666,2014,2018
53,Washington,53021,Franklin,0.17,2014,2018
53,Washington,53023,Garfield,0.03666666666666667,2014,2018
53,Washington,53025,Grant,0.07333333333333333,2014,2018
53,Washington,53027,Grays Harbor,0.06333333333333334,2014,2018
53,Washington,53029,Island,0.21666666666666667,2014,2018
53,Washington,53031,Jefferson,0.09999999999999999,2014,2018
53,Washington,53033,King,0.44,2014,2018
53,Washington,53035,Kitsap,0.25666666666666665,2014,2018
53,Washington,53037,Kittitas,0.07333333333333335,2014,2018
53,Washington,53039,Klickitat,0.06666666666666667,2014,2018
53,Washington,53041,Lewis,0.11,2014,2018
53,Washington,53043,Lincoln,0.06,2014,2018
53,Washington,53045,Mason,0.09000000000000001,2014,2018
53,Washington,53047,Okanogan,0.02666666666666667,2014,2018
53,Washington,53049,Pacific,0.05000000000000001,2014,2018
53,Washington,53051,Pend Oreille,0.04,2014,2018
53,Washington,53053,Pierce,0.33,2014,2018
53,Washington,53055,San Juan,0.1366666666666667,2014,2018
53,Washington,53057,Skagit,0.17,2014,2018
53,Washington,53059,Skamania,0.08666666666666667,2014,2018
53,Washington,53061,Snohomish,0.3,2014,2018
53,Washington,53063,Spokane,0.20333333333333334,2014,2018
53,Washington,53065,Stevens,0.04,2014,2018
53,Washington,53067,Thurston,0.2333333333333333,2014,2018
53,Washington,53069,Wahkiakum,0.06666666666666667,2014,2018
53,Washington,53071,Walla Walla,0.10333333333333333,2014,2018
53,Washington,53073,Whatcom,0.16,2014,2018
53,Washington,53075,Whitman,0.05333333333333334,2014,2018
53,Washington,53077,Yakima,0.10333333333333333,2014,2018
54,West Virginia,54001,Barbour,0.07333333333333333,2014,2018
54,West Virginia,54003,Berkeley,0.30333333333333334,2014,2018
54,West Virginia,54005,Boone,0.09666666666666668,2014,2018
54,West Virginia,54007,Braxton,0.09333333333333334,2014,2018
54,West Virginia,54009,Brooke,0.18000000000000002,2014,2018
54,West Virginia,54011,Cabell,0.19999999999999998,2014,2018
54,West Virginia,54013,Calhoun,0.09999999999999999,2014,2018
54,West Virginia,54015,Clay,0.08666666666666667,2014,2018
54,West Virginia,54017,Doddridge,0.09000000000000001,2014,2018
54,West Virginia,54019,Fayette,0.10666666666666667,2014,2018
54,West Virginia,54021,Gilmer,0.08666666666666667,2014,2018
54,West Virginia,54023,Grant,0.06333333333333334,2014,2018
54,West Virginia,54025,Greenbrier,0.08333333333333333,2014,2018
54,West Virginia,54027,Hampshire,0.09333333333333334,2014,2018
54,West Virginia,54029,Hancock,0.18999999999999997,2014,2018
54,West Virginia,54031,Hardy,0.07666666666666666,2014,2018
54,West Virginia,54033,Harrison,0.1466666666666667,2014,2018
54,West Virginia,54035,Jackson,0.1366666666666667,2014,2018
54,West Virginia,54037,Jefferson,0.22999999999999998,2014,2018
54,West Virginia,54039,Kanawha,0.18999999999999997,2014,2018
54,West Virginia,54041,Lewis,0.10333333333333333,2014,2018
54,West Virginia,54043,Lincoln,0.10333333333333333,2014,2018
54,West Virginia,54045,Logan,0.09666666666666668,2014,2018
54,West Virginia,54047,McDowell,0.09666666666666668,2014,2018
54,West Virginia,54049,Marion,0.12333333333333334,2014,2018
54,West Virginia,54051,Marshall,0.14333333333333334,2014,2018
54,West Virginia,54053,Mason,0.14666666666666667,2014,2018
54,West Virginia,54055,Mercer,0.11666666666666668,2014,2018
54,West Virginia,54057,Mineral,0.10666666666666667,2014,2018
54,West Virginia,54059,Mingo,0.12,2014,2018
54,West Virginia,54061,Monongalia,0.16666666666666666,2014,2018
54,West Virginia,54063,Monroe,0.08333333333333333,2014,2018
54,West Virginia,54065,Morgan,0.1366666666666667,2014,2018
54,West Virginia,54067,Nicholas,0.07666666666666666,2014,2018
54,West Virginia,54069,Ohio,0.26,2014,2018
54,West Virginia,54071,Pendleton,0.05666666666666667,2014,2018
54,West Virginia,54073,Pleasants,0.11333333333333333,2014,2018
54,West Virginia,54075,Pocahontas,0.05666666666666667,2014,2018
54,West Virginia,54077,Preston,0.08333333333333333,2014,2018
54,West Virginia,54079,Putnam,0.15666666666666668,2014,2018
54,West Virginia,54081,Raleigh,0.11333333333333334,2014,2018
54,West Virginia,54083,Randolph,0.06999999999999999,2014,2018
54,West Virginia,54085,Ritchie,0.09000000000000001,2014,2018
54,West Virginia,54087,Roane,0.09666666666666668,2014,2018
54,West Virginia,54089,Summers,0.09000000000000001,2014,2018
54,West Virginia,54091,Taylor,0.09333333333333334,2014,2018
54,West Virginia,54093,Tucker,0.06,2014,2018
54,West Virginia,54095,Tyler,0.11333333333333334,2014,2018
54,West Virginia,54097,Upshur,0.07666666666666666,2014,2018
54,West Virginia,54099,Wayne,0.14666666666666667,2014,2018
54,West Virginia,54101,Webster,0.06,2014,2018
54,West Virginia,54103,Wetzel,0.12,2014,2018
54,West Virginia,54105,Wirt,0.09666666666666668,2014,2018
54,West Virginia,54107,Wood,0.17666666666666667,2014,2018
54,West Virginia,54109,Wyoming,0.08666666666666667,2014,2018
55,Wisconsin,55001,Adams,0.09999999999999999,2014,2018
55,Wisconsin,55003,Ashland,0.06333333333333334,2014,2018
55,Wisconsin,55005,Barron,0.09000000000000001,2014,2018
55,Wisconsin,55007,Bayfield,0.05000000000000001,2014,2018
55,Wisconsin,55009,Brown,0.15666666666666668,2014,2018
55,Wisconsin,55011,Buffalo,0.11333333333333333,2014,2018
55,Wisconsin,55013,Burnett,0.07333333333333333,2014,2018
55,Wisconsin,55015,Calumet,0.13333333333333333,2014,2018
55,Wisconsin,55017,Chippewa,0.09666666666666668,2014,2018
55,Wisconsin,55019,Clark,0.09000000000000001,2014,2018
55,Wisconsin,55021,Columbia,0.14666666666666667,2014,2018
55,Wisconsin,55023,Crawford,0.12333333333333334,2014,2018
55,Wisconsin,55025,Dane,0.18666666666666668,2014,2018
55,Wisconsin,55027,Dodge,0.14,2014,2018
55,Wisconsin,55029,Door,0.08333333333333333,2014,2018
55,Wisconsin,55031,Douglas,0.12,2014,2018
55,Wisconsin,55033,Dunn,0.12,2014,2018
55,Wisconsin,55035,Eau Claire,0.13999999999999999,2014,2018
55,Wisconsin,55037,Florence,0.043333333333333335,2014,2018
55,Wisconsin,55039,Fond du Lac,0.14666666666666667,2014,2018
55,Wisconsin,55041,Forest,0.049999999999999996,2014,2018
55,Wisconsin,55043,Grant,0.12666666666666668,2014,2018
55,Wisconsin,55045,Green,0.13,2014,2018
55,Wisconsin,55047,Green Lake,0.11,2014,2018
55,Wisconsin,55049,Iowa,0.10333333333333333,2014,2018
55,Wisconsin,55051,Iron,0.04666666666666667,2014,2018
55,Wisconsin,55053,Jackson,0.12333333333333334,2014,2018
55,Wisconsin,55055,Jefferson,0.17333333333333334,2014,2018
55,Wisconsin,55057,Juneau,0.13,2014,2018
55,Wisconsin,55059,Kenosha,0.26333333333333336,2014,2018
55,Wisconsin,55061,Kewaunee,0.09333333333333334,2014,2018
55,Wisconsin,55063,La Crosse,0.17333333333333334,2014,2018
55,Wisconsin,55065,Lafayette,0.11333333333333333,2014,2018
55,Wisconsin,55067,Langlade,0.06666666666666667,2014,2018
55,Wisconsin,55069,Lincoln,0.07,2014,2018
55,Wisconsin,55071,Manitowoc,0.12,2014,2018
55,Wisconsin,55073,Marathon,0.10333333333333333,2014,2018
55,Wisconsin,55075,Marinette,0.07,2014,2018
55,Wisconsin,55077,Marquette,0.11,2014,2018
55,Wisconsin,55078,Menominee,0.06333333333333334,2014,2018
55,Wisconsin,55079,Milwaukee,0.36000000000000004,2014,2018
55,Wisconsin,55081,Monroe,0.12,2014,2018
55,Wisconsin,55083,Oconto,0.07666666666666666,2014,2018
55,Wisconsin,55085,Oneida,0.056666666666666664,2014,2018
55,Wisconsin,55087,Outagamie,0.16666666666666666,2014,2018
55,Wisconsin,55089,Ozaukee,0.21,2014,2018
55,Wisconsin,55091,Pepin,0.12333333333333334,2014,2018
55,Wisconsin,55093,Pierce,0.14333333333333334,2014,2018
55,Wisconsin,55095,Polk,0.09000000000000001,2014,2018
55,Wisconsin,55097,Portage,0.12666666666666668,2014,2018
55,Wisconsin,55099,Price,0.05333333333333334,2014,2018
55,Wisconsin,55101,Racine,0.22666666666666668,2014,2018
55,Wisconsin,55103,Richland,0.10000000000000002,2014,2018
55,Wisconsin,55105,Rock,0.19333333333333336,2014,2018
55,Wisconsin,55107,Rusk,0.07666666666666666,2014,2018
55,Wisconsin,55109,St. Croix,0.15333333333333335,2014,2018
55,Wisconsin,55111,Sauk,0.12333333333333334,2014,2018
55,Wisconsin,55113,Sawyer,0.06333333333333334,2014,2018
55,Wisconsin,55115,Shawano,0.08333333333333333,2014,2018
55,Wisconsin,55117,Sheboygan,0.1366666666666667,2014,2018
55,Wisconsin,55119,Taylor,0.07666666666666666,2014,2018
55,Wisconsin,55121,Trempealeau,0.11333333333333333,2014,2018
55,Wisconsin,55123,Vernon,0.10000000000000002,2014,2018
55,Wisconsin,55125,Vilas,0.04666666666666667,2014,2018
55,Wisconsin,55127,Walworth,0.16666666666666666,2014,2018
55,Wisconsin,55129,Washburn,0.07333333333333333,2014,2018
55,Wisconsin,55131,Washington,0.16666666666666666,2014,2018
55,Wisconsin,55133,Waukesha,0.23666666666666666,2014,2018
55,Wisconsin,55135,Waupaca,0.09999999999999999,2014,2018
55,Wisconsin,55137,Waushara,0.09666666666666668,2014,2018
55,Wisconsin,55139,Winnebago,0.17333333333333334,2014,2018
55,Wisconsin,55141,Wood,0.10666666666666667,2014,2018
56,Wyoming,56001,Albany,0.08333333333333333,2014,2018
56,Wyoming,56003,Big Horn,0.02666666666666667,2014,2018
56,Wyoming,56005,Campbell,0.06,2014,2018
56,Wyoming,56007,Carbon,0.049999999999999996,2014,2018
56,Wyoming,56009,Converse,0.07333333333333335,2014,2018
56,Wyoming,56011,Crook,0.04,2014,2018
56,Wyoming,56013,Fremont,0.023333333333333334,2014,2018
56,Wyoming,56015,Goshen,0.08333333333333333,2014,2018
56,Wyoming,56017,Hot Springs,0.02,2014,2018
56,Wyoming,56019,Johnson,0.02,2014,2018
56,Wyoming,56021,Laramie,0.12666666666666668,2014,2018
56,Wyoming,56023,Lincoln,0.03,2014,2018
56,Wyoming,56025,Natrona,0.06666666666666667,2014,2018
56,Wyoming,56027,Niobrara,0.049999999999999996,2014,2018
56,Wyoming,56029,Park,0.023333333333333334,2014,2018
56,Wyoming,56031,Platte,0.06333333333333334,2014,2018
56,Wyoming,56033,Sheridan,0.08,2014,2018
56,Wyoming,56035,Sublette,0.016666666666666666,2014,2018
56,Wyoming,56037,Sweetwater,0.10666666666666667,2014,2018
56,Wyoming,56039,Teton,0.023333333333333334,2014,2018
56,Wyoming,56041,Uinta,0.09333333333333334,2014,2018
56,Wyoming,56043,Washakie,0.03333333333333333,2014,2018
56,Wyoming,56045,Weston,0.049999999999999996,2014,2018
72,Puerto Rico,72001,Adjuntas,0.016666666666666666,2014,2018
72,Puerto Rico,72003,Aguada,0.043333333333333335,2014,2018
72,Puerto Rico,72005,Aguadilla,0.04,2014,2018
72,Puerto Rico,72007,Aguas Buenas,0.06,2014,2018
72,Puerto Rico,72009,Aibonito,0.03,2014,2018
72,Puerto Rico,72011,A?asco,0.03666666666666667,2014,2018
72,Puerto Rico,72013,Arecibo,0.03333333333333333,2014,2018
72,Puerto Rico,72015,Arroyo,0.023333333333333334,2014,2018
72,Puerto Rico,72017,Barceloneta,0.056666666666666664,2014,2018
72,Puerto Rico,72019,Barranquitas,0.04,2014,2018
72,Puerto Rico,72021,Bayam?n,0.22999999999999998,2014,2018
72,Puerto Rico,72023,Cabo Rojo,0.03333333333333333,2014,2018
72,Puerto Rico,72025,Caguas,0.07333333333333333,2014,2018
72,Puerto Rico,72027,Camuy,0.03,2014,2018
72,Puerto Rico,72029,Can?vanas,0.04,2014,2018
72,Puerto Rico,72031,Carolina,0.09999999999999999,2014,2018
72,Puerto Rico,72033,Cata?o,0.4366666666666667,2014,2018
72,Puerto Rico,72035,Cayey,0.03,2014,2018
72,Puerto Rico,72037,Ceiba,0.02,2014,2018
72,Puerto Rico,72039,Ciales,0.043333333333333335,2014,2018
72,Puerto Rico,72041,Cidra,0.04,2014,2018
72,Puerto Rico,72043,Coamo,0.02666666666666667,2014,2018
72,Puerto Rico,72045,Comer?o,0.04666666666666667,2014,2018
72,Puerto Rico,72047,Corozal,0.07333333333333335,2014,2018
72,Puerto Rico,72049,Culebra,0.05333333333333334,2014,2018
72,Puerto Rico,72051,Dorado,0.13,2014,2018
72,Puerto Rico,72053,Fajardo,0.08333333333333333,2014,2018
72,Puerto Rico,72054,Florida,0.04666666666666667,2014,2018
72,Puerto Rico,72055,Gu?nica,0.02666666666666667,2014,2018
72,Puerto Rico,72057,Guayama,0.023333333333333334,2014,2018
72,Puerto Rico,72059,Guayanilla,0.03333333333333333,2014,2018
72,Puerto Rico,72061,Guaynabo,0.36999999999999994,2014,2018
72,Puerto Rico,72063,Gurabo,0.06333333333333334,2014,2018
72,Puerto Rico,72065,Hatillo,0.03,2014,2018
72,Puerto Rico,72067,Hormigueros,0.05666666666666667,2014,2018
72,Puerto Rico,72069,Humacao,0.03333333333333333,2014,2018
72,Puerto Rico,72071,Isabela,0.023333333333333334,2014,2018
72,Puerto Rico,72073,Jayuya,0.02,2014,2018
72,Puerto Rico,72075,Juana D?az,0.023333333333333334,2014,2018
72,Puerto Rico,72077,Juncos,0.043333333333333335,2014,2018
72,Puerto Rico,72079,Lajas,0.02666666666666667,2014,2018
72,Puerto Rico,72081,Lares,0.02666666666666667,2014,2018
72,Puerto Rico,72083,Las Mar?as,0.023333333333333334,2014,2018
72,Puerto Rico,72085,Las Piedras,0.05333333333333334,2014,2018
72,Puerto Rico,72087,Lo?za,0.04666666666666667,2014,2018
72,Puerto Rico,72089,Luquillo,0.04,2014,2018
72,Puerto Rico,72091,Manat?,0.07333333333333333,2014,2018
72,Puerto Rico,72093,Maricao,0.02,2014,2018
72,Puerto Rico,72095,Maunabo,0.013333333333333334,2014,2018
72,Puerto Rico,72097,Mayag?ez,0.06999999999999999,2014,2018
72,Puerto Rico,72099,Moca,0.03,2014,2018
72,Puerto Rico,72101,Morovis,0.06,2014,2018
72,Puerto Rico,72103,Naguabo,0.02,2014,2018
72,Puerto Rico,72105,Naranjito,0.08666666666666667,2014,2018
72,Puerto Rico,72107,Orocovis,0.03333333333333333,2014,2018
72,Puerto Rico,72109,Patillas,0.016666666666666666,2014,2018
72,Puerto Rico,72111,Pe?uelas,0.03,2014,2018
72,Puerto Rico,72113,Ponce,0.06,2014,2018
72,Puerto Rico,72115,Quebradillas,0.03333333333333333,2014,2018
72,Puerto Rico,72117,Rinc?n,0.03666666666666667,2014,2018
72,Puerto Rico,72119,R?o Grande,0.030000000000000002,2014,2018
72,Puerto Rico,72121,Sabana Grande,0.02666666666666667,2014,2018
72,Puerto Rico,72123,Salinas,0.016666666666666666,2014,2018
72,Puerto Rico,72125,San Germ?n,0.023333333333333334,2014,2018
72,Puerto Rico,72127,San Juan,0.35000000000000003,2014,2018
72,Puerto Rico,72129,San Lorenzo,0.03666666666666667,2014,2018
72,Puerto Rico,72131,San Sebasti?n,0.02666666666666667,2014,2018
72,Puerto Rico,72133,Santa Isabel,0.023333333333333334,2014,2018
72,Puerto Rico,72135,Toa Alta,0.15333333333333335,2014,2018
72,Puerto Rico,72137,Toa Baja,0.23666666666666666,2014,2018
72,Puerto Rico,72139,Trujillo Alto,0.1366666666666667,2014,2018
72,Puerto Rico,72141,Utuado,0.02,2014,2018
72,Puerto Rico,72143,Vega Alta,0.10666666666666667,2014,2018
72,Puerto Rico,72145,Vega Baja,0.09000000000000001,2014,2018
72,Puerto Rico,72147,Vieques,0.013333333333333334,2014,2018
72,Puerto Rico,72149,Villalba,0.023333333333333334,2014,2018
72,Puerto Rico,72151,Yabucoa,0.023333333333333334,2014,2018
72,Puerto Rico,72153,Yauco,0.02666666666666667,2014,2018
78,Virgin Islands of the US,78010,St. Croix,0.049999999999999996,2014,2018
78,Virgin Islands of the US,78020,St. John,0.03333333333333333,2014,2018
78,Virgin Islands of the US,78030,St. Thomas,0.18666666666666665,2014,2018
1,Alabama,1001,Autauga,0.11,2015,2019
1,Alabama,1003,Baldwin,0.12,2015,2019
1,Alabama,1005,Barbour,0.06333333333333334,2015,2019
1,Alabama,1007,Bibb,0.09666666666666668,2015,2019
1,Alabama,1009,Blount,0.12666666666666668,2015,2019
1,Alabama,1011,Bullock,0.06666666666666667,2015,2019
1,Alabama,1013,Butler,0.08666666666666667,2015,2019
1,Alabama,1015,Calhoun,0.12666666666666668,2015,2019
1,Alabama,1017,Chambers,0.09666666666666668,2015,2019
1,Alabama,1019,Cherokee,0.10666666666666667,2015,2019
1,Alabama,1021,Chilton,0.11333333333333333,2015,2019
1,Alabama,1023,Choctaw,0.06333333333333334,2015,2019
1,Alabama,1025,Clarke,0.07,2015,2019
1,Alabama,1027,Clay,0.08333333333333333,2015,2019
1,Alabama,1029,Cleburne,0.11,2015,2019
1,Alabama,1031,Coffee,0.07333333333333335,2015,2019
1,Alabama,1033,Colbert,0.10333333333333333,2015,2019
1,Alabama,1035,Conecuh,0.08333333333333333,2015,2019
1,Alabama,1037,Coosa,0.08333333333333333,2015,2019
1,Alabama,1039,Covington,0.06666666666666667,2015,2019
1,Alabama,1041,Crenshaw,0.06666666666666667,2015,2019
1,Alabama,1043,Cullman,0.13333333333333333,2015,2019
1,Alabama,1045,Dale,0.07666666666666667,2015,2019
1,Alabama,1047,Dallas,0.08333333333333333,2015,2019
1,Alabama,1049,DeKalb,0.11666666666666665,2015,2019
1,Alabama,1051,Elmore,0.10666666666666667,2015,2019
1,Alabama,1053,Escambia,0.08333333333333333,2015,2019
1,Alabama,1055,Etowah,0.13,2015,2019
1,Alabama,1057,Fayette,0.08,2015,2019
1,Alabama,1059,Franklin,0.07333333333333335,2015,2019
1,Alabama,1061,Geneva,0.07666666666666667,2015,2019
1,Alabama,1063,Greene,0.09666666666666666,2015,2019
1,Alabama,1065,Hale,0.08666666666666667,2015,2019
1,Alabama,1067,Henry,0.07,2015,2019
1,Alabama,1069,Houston,0.09333333333333334,2015,2019
1,Alabama,1071,Jackson,0.10333333333333333,2015,2019
1,Alabama,1073,Jefferson,0.2233333333333333,2015,2019
1,Alabama,1075,Lamar,0.07333333333333335,2015,2019
1,Alabama,1077,Lauderdale,0.10666666666666667,2015,2019
1,Alabama,1079,Lawrence,0.10666666666666667,2015,2019
1,Alabama,1081,Lee,0.12666666666666668,2015,2019
1,Alabama,1083,Limestone,0.16,2015,2019
1,Alabama,1085,Lowndes,0.09666666666666666,2015,2019
1,Alabama,1087,Macon,0.09333333333333334,2015,2019
1,Alabama,1089,Madison,0.1466666666666667,2015,2019
1,Alabama,1091,Marengo,0.07333333333333335,2015,2019
1,Alabama,1093,Marion,0.08,2015,2019
1,Alabama,1095,Marshall,0.11333333333333333,2015,2019
1,Alabama,1097,Mobile,0.16,2015,2019
1,Alabama,1099,Monroe,0.06666666666666667,2015,2019
1,Alabama,1101,Montgomery,0.12666666666666668,2015,2019
1,Alabama,1103,Morgan,0.14,2015,2019
1,Alabama,1105,Perry,0.07333333333333335,2015,2019
1,Alabama,1107,Pickens,0.07666666666666667,2015,2019
1,Alabama,1109,Pike,0.07333333333333335,2015,2019
1,Alabama,1111,Randolph,0.08666666666666667,2015,2019
1,Alabama,1113,Russell,0.09333333333333334,2015,2019
1,Alabama,1115,St. Clair,0.15333333333333335,2015,2019
1,Alabama,1117,Shelby,0.15666666666666665,2015,2019
1,Alabama,1119,Sumter,0.09000000000000001,2015,2019
1,Alabama,1121,Talladega,0.12,2015,2019
1,Alabama,1123,Tallapoosa,0.08333333333333333,2015,2019
1,Alabama,1125,Tuscaloosa,0.12666666666666668,2015,2019
1,Alabama,1127,Walker,0.12333333333333334,2015,2019
1,Alabama,1129,Washington,0.06666666666666667,2015,2019
1,Alabama,1131,Wilcox,0.06333333333333334,2015,2019
1,Alabama,1133,Winston,0.08333333333333333,2015,2019
2,Alaska,2013,Aleutians East,0.0033333333333333335,2015,2019
2,Alaska,2016,Aleutians West,0.05666666666666667,2015,2019
2,Alaska,2020,Anchorage,0.04666666666666667,2015,2019
2,Alaska,2050,Bethel,0.0,2015,2019
2,Alaska,2060,Bristol Bay,0.0033333333333333335,2015,2019
2,Alaska,2068,Denali,0.0,2015,2019
2,Alaska,2070,Dillingham,0.0,2015,2019
2,Alaska,2090,Fairbanks North Star,0.01,2015,2019
2,Alaska,2100,Haines,0.006666666666666667,2015,2019
2,Alaska,2105,HOONAH-ANGOON CENSUS AREA,0.01,2015,2019
2,Alaska,2110,Juneau,0.016666666666666666,2015,2019
2,Alaska,2122,Kenai Peninsula,0.0033333333333333335,2015,2019
2,Alaska,2130,Ketchikan Gateway,0.0,2015,2019
2,Alaska,2150,Kodiak Island,0.0,2015,2019
2,Alaska,2158,Kusilvak,0.0,2015,2019
2,Alaska,2164,Lake and Peninsula,0.0,2015,2019
2,Alaska,2170,Matanuska-Susitna,0.01,2015,2019
2,Alaska,2180,Nome,0.0,2015,2019
2,Alaska,2185,North Slope,0.0,2015,2019
2,Alaska,2188,Northwest Arctic,0.0,2015,2019
2,Alaska,2195,PETERSBURG CENSUS AREA,0.01,2015,2019
2,Alaska,2198,PRINCE OF WALES-HYDER CENSUS AREA,0.0033333333333333335,2015,2019
2,Alaska,2220,Sitka,0.0033333333333333335,2015,2019
2,Alaska,2230,SKAGWAY MUNICIPALITY,0.01,2015,2019
2,Alaska,2240,Southeast Fairbanks,0.0,2015,2019
2,Alaska,2261,Valdez-Cordova,0.0,2015,2019
2,Alaska,2275,WRANGELL CITY AND BURROUGH,0.0,2015,2019
2,Alaska,2282,Yakutat,0.006666666666666667,2015,2019
2,Alaska,2290,Yukon-Koyukuk,0.0,2015,2019
4,Arizona,4001,Apache,0.02,2015,2019
4,Arizona,4003,Cochise,0.03,2015,2019
4,Arizona,4005,Coconino,0.03,2015,2019
4,Arizona,4007,Gila,0.03333333333333333,2015,2019
4,Arizona,4009,Graham,0.023333333333333334,2015,2019
4,Arizona,4011,Greenlee,0.02,2015,2019
4,Arizona,4012,La Paz,0.043333333333333335,2015,2019
4,Arizona,4013,Maricopa,0.17,2015,2019
4,Arizona,4015,Mohave,0.04,2015,2019
4,Arizona,4017,Navajo,0.03,2015,2019
4,Arizona,4019,Pima,0.05333333333333334,2015,2019
4,Arizona,4021,Pinal,0.08,2015,2019
4,Arizona,4023,Santa Cruz,0.02,2015,2019
4,Arizona,4025,Yavapai,0.04,2015,2019
4,Arizona,4027,Yuma,0.10666666666666667,2015,2019
5,Arkansas,5001,Arkansas,0.09333333333333334,2015,2019
5,Arkansas,5003,Ashley,0.08333333333333333,2015,2019
5,Arkansas,5005,Baxter,0.07333333333333335,2015,2019
5,Arkansas,5007,Benton,0.12333333333333334,2015,2019
5,Arkansas,5009,Boone,0.07333333333333335,2015,2019
5,Arkansas,5011,Bradley,0.06666666666666667,2015,2019
5,Arkansas,5013,Calhoun,0.06666666666666667,2015,2019
5,Arkansas,5015,Carroll,0.06666666666666667,2015,2019
5,Arkansas,5017,Chicot,0.09000000000000001,2015,2019
5,Arkansas,5019,Clark,0.09333333333333334,2015,2019
5,Arkansas,5021,Clay,0.12333333333333334,2015,2019
5,Arkansas,5023,Cleburne,0.07666666666666667,2015,2019
5,Arkansas,5025,Cleveland,0.07666666666666667,2015,2019
5,Arkansas,5027,Columbia,0.07,2015,2019
5,Arkansas,5029,Conway,0.11333333333333333,2015,2019
5,Arkansas,5031,Craighead,0.15,2015,2019
5,Arkansas,5033,Crawford,0.11,2015,2019
5,Arkansas,5035,Crittenden,0.18333333333333335,2015,2019
5,Arkansas,5037,Cross,0.12666666666666668,2015,2019
5,Arkansas,5039,Dallas,0.07333333333333335,2015,2019
5,Arkansas,5041,Desha,0.09333333333333334,2015,2019
5,Arkansas,5043,Drew,0.07333333333333335,2015,2019
5,Arkansas,5045,Faulkner,0.13333333333333333,2015,2019
5,Arkansas,5047,Franklin,0.09666666666666668,2015,2019
5,Arkansas,5049,Fulton,0.07666666666666667,2015,2019
5,Arkansas,5051,Garland,0.08333333333333333,2015,2019
5,Arkansas,5053,Grant,0.08666666666666667,2015,2019
5,Arkansas,5055,Greene,0.13333333333333333,2015,2019
5,Arkansas,5057,Hempstead,0.09999999999999999,2015,2019
5,Arkansas,5059,Hot Spring,0.10333333333333333,2015,2019
5,Arkansas,5061,Howard,0.07666666666666667,2015,2019
5,Arkansas,5063,Independence,0.09333333333333334,2015,2019
5,Arkansas,5065,Izard,0.07,2015,2019
5,Arkansas,5067,Jackson,0.12666666666666668,2015,2019
5,Arkansas,5069,Jefferson,0.11666666666666665,2015,2019
5,Arkansas,5071,Johnson,0.09000000000000001,2015,2019
5,Arkansas,5073,Lafayette,0.08333333333333333,2015,2019
5,Arkansas,5075,Lawrence,0.12333333333333334,2015,2019
5,Arkansas,5077,Lee,0.10666666666666667,2015,2019
5,Arkansas,5079,Lincoln,0.08333333333333333,2015,2019
5,Arkansas,5081,Little River,0.10333333333333333,2015,2019
5,Arkansas,5083,Logan,0.07666666666666667,2015,2019
5,Arkansas,5085,Lonoke,0.13333333333333333,2015,2019
5,Arkansas,5087,Madison,0.06,2015,2019
5,Arkansas,5089,Marion,0.06333333333333334,2015,2019
5,Arkansas,5091,Miller,0.11,2015,2019
5,Arkansas,5093,Mississippi,0.15,2015,2019
5,Arkansas,5095,Monroe,0.11333333333333333,2015,2019
5,Arkansas,5097,Montgomery,0.056666666666666664,2015,2019
5,Arkansas,5099,Nevada,0.08666666666666667,2015,2019
5,Arkansas,5101,Newton,0.05333333333333334,2015,2019
5,Arkansas,5103,Ouachita,0.07666666666666667,2015,2019
5,Arkansas,5105,Perry,0.08333333333333333,2015,2019
5,Arkansas,5107,Phillips,0.10333333333333333,2015,2019
5,Arkansas,5109,Pike,0.07666666666666667,2015,2019
5,Arkansas,5111,Poinsett,0.14,2015,2019
5,Arkansas,5113,Polk,0.06666666666666667,2015,2019
5,Arkansas,5115,Pope,0.09999999999999999,2015,2019
5,Arkansas,5117,Prairie,0.12,2015,2019
5,Arkansas,5119,Pulaski,0.18333333333333335,2015,2019
5,Arkansas,5121,Randolph,0.10000000000000002,2015,2019
5,Arkansas,5123,St. Francis,0.14333333333333334,2015,2019
5,Arkansas,5125,Saline,0.12333333333333334,2015,2019
5,Arkansas,5127,Scott,0.06,2015,2019
5,Arkansas,5129,Searcy,0.06333333333333334,2015,2019
5,Arkansas,5131,Sebastian,0.09333333333333334,2015,2019
5,Arkansas,5133,Sevier,0.08666666666666667,2015,2019
5,Arkansas,5135,Sharp,0.08666666666666667,2015,2019
5,Arkansas,5137,Stone,0.06333333333333334,2015,2019
5,Arkansas,5139,Union,0.06666666666666667,2015,2019
5,Arkansas,5141,Van Buren,0.07333333333333335,2015,2019
5,Arkansas,5143,Washington,0.09333333333333334,2015,2019
5,Arkansas,5145,White,0.11,2015,2019
5,Arkansas,5147,Woodruff,0.12333333333333334,2015,2019
5,Arkansas,5149,Yell,0.07666666666666667,2015,2019
6,California,6001,Alameda,0.18000000000000002,2015,2019
6,California,6003,Alpine,0.013333333333333334,2015,2019
6,California,6005,Amador,0.06333333333333334,2015,2019
6,California,6007,Butte,0.09333333333333334,2015,2019
6,California,6009,Calaveras,0.05333333333333334,2015,2019
6,California,6011,Colusa,0.06,2015,2019
6,California,6013,Contra Costa,0.18000000000000002,2015,2019
6,California,6015,Del Norte,0.01,2015,2019
6,California,6017,El Dorado,0.04666666666666667,2015,2019
6,California,6019,Fresno,0.1366666666666667,2015,2019
6,California,6021,Glenn,0.07666666666666667,2015,2019
6,California,6023,Humboldt,0.02,2015,2019
6,California,6025,Imperial,0.06333333333333334,2015,2019
6,California,6027,Inyo,0.01,2015,2019
6,California,6029,Kern,0.09333333333333334,2015,2019
6,California,6031,Kings,0.18666666666666668,2015,2019
6,California,6033,Lake,0.023333333333333334,2015,2019
6,California,6035,Lassen,0.02,2015,2019
6,California,6037,Los Angeles,0.20333333333333334,2015,2019
6,California,6039,Madera,0.12,2015,2019
6,California,6041,Marin,0.04666666666666667,2015,2019
6,California,6043,Mariposa,0.043333333333333335,2015,2019
6,California,6045,Mendocino,0.02,2015,2019
6,California,6047,Merced,0.18000000000000002,2015,2019
6,California,6049,Modoc,0.016666666666666666,2015,2019
6,California,6051,Mono,0.01,2015,2019
6,California,6053,Monterey,0.04,2015,2019
6,California,6055,Napa,0.05333333333333334,2015,2019
6,California,6057,Nevada,0.056666666666666664,2015,2019
6,California,6059,Orange,0.27666666666666667,2015,2019
6,California,6061,Placer,0.10333333333333333,2015,2019
6,California,6063,Plumas,0.03,2015,2019
6,California,6065,Riverside,0.13333333333333333,2015,2019
6,California,6067,Sacramento,0.18666666666666668,2015,2019
6,California,6069,San Benito,0.04666666666666667,2015,2019
6,California,6071,San Bernardino,0.08,2015,2019
6,California,6073,San Diego,0.12666666666666668,2015,2019
6,California,6075,San Francisco,0.48333333333333334,2015,2019
6,California,6077,San Joaquin,0.19999999999999998,2015,2019
6,California,6079,San Luis Obispo,0.04666666666666667,2015,2019
6,California,6081,San Mateo,0.08333333333333333,2015,2019
6,California,6083,Santa Barbara,0.04666666666666667,2015,2019
6,California,6085,Santa Clara,0.11666666666666665,2015,2019
6,California,6087,Santa Cruz,0.07,2015,2019
6,California,6089,Shasta,0.03666666666666667,2015,2019
6,California,6091,Sierra,0.03,2015,2019
6,California,6093,Siskiyou,0.02,2015,2019
6,California,6095,Solano,0.12666666666666668,2015,2019
6,California,6097,Sonoma,0.043333333333333335,2015,2019
6,California,6099,Stanislaus,0.15333333333333335,2015,2019
6,California,6101,Sutter,0.15333333333333335,2015,2019
6,California,6103,Tehama,0.05333333333333334,2015,2019
6,California,6105,Trinity,0.01,2015,2019
6,California,6107,Tulare,0.14666666666666667,2015,2019
6,California,6109,Tuolumne,0.02666666666666667,2015,2019
6,California,6111,Ventura,0.07666666666666667,2015,2019
6,California,6113,Yolo,0.09000000000000001,2015,2019
6,California,6115,Yuba,0.09333333333333334,2015,2019
8,Colorado,8001,Adams,0.11666666666666665,2015,2019
8,Colorado,8003,Alamosa,0.02,2015,2019
8,Colorado,8005,Arapahoe,0.10333333333333333,2015,2019
8,Colorado,8007,Archuleta,0.01,2015,2019
8,Colorado,8009,Baca,0.03,2015,2019
8,Colorado,8011,Bent,0.03,2015,2019
8,Colorado,8013,Boulder,0.07666666666666667,2015,2019
8,Colorado,8014,Broomfield,0.3,2015,2019
8,Colorado,8015,Chaffee,0.01,2015,2019
8,Colorado,8017,Cheyenne,0.02666666666666667,2015,2019
8,Colorado,8019,Clear Creek,0.02,2015,2019
8,Colorado,8021,Conejos,0.01,2015,2019
8,Colorado,8023,Costilla,0.01,2015,2019
8,Colorado,8025,Crowley,0.02666666666666667,2015,2019
8,Colorado,8027,Custer,0.01,2015,2019
8,Colorado,8029,Delta,0.02,2015,2019
8,Colorado,8031,Denver,0.5233333333333333,2015,2019
8,Colorado,8033,Dolores,0.01,2015,2019
8,Colorado,8035,Douglas,0.08666666666666667,2015,2019
8,Colorado,8037,Eagle,0.02,2015,2019
8,Colorado,8039,Elbert,0.03,2015,2019
8,Colorado,8041,El Paso,0.05000000000000001,2015,2019
8,Colorado,8043,Fremont,0.013333333333333334,2015,2019
8,Colorado,8045,Garfield,0.02,2015,2019
8,Colorado,8047,Gilpin,0.03,2015,2019
8,Colorado,8049,Grand,0.02,2015,2019
8,Colorado,8051,Gunnison,0.01,2015,2019
8,Colorado,8053,Hinsdale,0.01,2015,2019
8,Colorado,8055,Huerfano,0.016666666666666666,2015,2019
8,Colorado,8057,Jackson,0.01,2015,2019
8,Colorado,8059,Jefferson,0.09666666666666668,2015,2019
8,Colorado,8061,Kiowa,0.02666666666666667,2015,2019
8,Colorado,8063,Kit Carson,0.03,2015,2019
8,Colorado,8065,Lake,0.01,2015,2019
8,Colorado,8067,La Plata,0.02,2015,2019
8,Colorado,8069,Larimer,0.05000000000000001,2015,2019
8,Colorado,8071,Las Animas,0.02,2015,2019
8,Colorado,8073,Lincoln,0.02666666666666667,2015,2019
8,Colorado,8075,Logan,0.04666666666666667,2015,2019
8,Colorado,8077,Mesa,0.02,2015,2019
8,Colorado,8079,Mineral,0.01,2015,2019
8,Colorado,8081,Moffat,0.01,2015,2019
8,Colorado,8083,Montezuma,0.016666666666666666,2015,2019
8,Colorado,8085,Montrose,0.013333333333333334,2015,2019
8,Colorado,8087,Morgan,0.06333333333333334,2015,2019
8,Colorado,8089,Otero,0.03,2015,2019
8,Colorado,8091,Ouray,0.01,2015,2019
8,Colorado,8093,Park,0.01,2015,2019
8,Colorado,8095,Phillips,0.04,2015,2019
8,Colorado,8097,Pitkin,0.01,2015,2019
8,Colorado,8099,Prowers,0.03333333333333333,2015,2019
8,Colorado,8101,Pueblo,0.04,2015,2019
8,Colorado,8103,Rio Blanco,0.01,2015,2019
8,Colorado,8105,Rio Grande,0.016666666666666666,2015,2019
8,Colorado,8107,Routt,0.02,2015,2019
8,Colorado,8109,Saguache,0.01,2015,2019
8,Colorado,8111,San Juan,0.01,2015,2019
8,Colorado,8113,San Miguel,0.01,2015,2019
8,Colorado,8115,Sedgwick,0.056666666666666664,2015,2019
8,Colorado,8117,Summit,0.02,2015,2019
8,Colorado,8119,Teller,0.02,2015,2019
8,Colorado,8121,Washington,0.03333333333333333,2015,2019
8,Colorado,8123,Weld,0.08666666666666667,2015,2019
8,Colorado,8125,Yuma,0.03666666666666667,2015,2019
9,Connecticut,9001,Fairfield,0.19666666666666666,2015,2019
9,Connecticut,9003,Hartford,0.1466666666666667,2015,2019
9,Connecticut,9005,Litchfield,0.09333333333333334,2015,2019
9,Connecticut,9007,Middlesex,0.12666666666666668,2015,2019
9,Connecticut,9009,New Haven,0.16666666666666666,2015,2019
9,Connecticut,9011,New London,0.11,2015,2019
9,Connecticut,9013,Tolland,0.11,2015,2019
9,Connecticut,9015,Windham,0.09333333333333334,2015,2019
10,Delaware,10001,Kent,0.12666666666666668,2015,2019
10,Delaware,10003,New Castle,0.22333333333333336,2015,2019
10,Delaware,10005,Sussex,0.12,2015,2019
11,District of Columbia,11001,District of Columbia,0.4633333333333334,2015,2019
12,Florida,12001,Alachua,0.14,2015,2019
12,Florida,12003,Baker,0.15,2015,2019
12,Florida,12005,Bay,0.09999999999999999,2015,2019
12,Florida,12007,Bradford,0.13,2015,2019
12,Florida,12009,Brevard,0.13333333333333333,2015,2019
12,Florida,12011,Broward,0.4166666666666667,2015,2019
12,Florida,12013,Calhoun,0.07,2015,2019
12,Florida,12015,Charlotte,0.09999999999999999,2015,2019
12,Florida,12017,Citrus,0.12,2015,2019
12,Florida,12019,Clay,0.16,2015,2019
12,Florida,12021,Collier,0.10000000000000002,2015,2019
12,Florida,12023,Columbia,0.12,2015,2019
12,Florida,12027,DeSoto,0.09666666666666668,2015,2019
12,Florida,12029,Dixie,0.07,2015,2019
12,Florida,12031,Duval,0.26666666666666666,2015,2019
12,Florida,12033,Escambia,0.13,2015,2019
12,Florida,12035,Flagler,0.12,2015,2019
12,Florida,12037,Franklin,0.06,2015,2019
12,Florida,12039,Gadsden,0.11666666666666665,2015,2019
12,Florida,12041,Gilchrist,0.09333333333333334,2015,2019
12,Florida,12043,Glades,0.09000000000000001,2015,2019
12,Florida,12045,Gulf,0.06,2015,2019
12,Florida,12047,Hamilton,0.11,2015,2019
12,Florida,12049,Hardee,0.10333333333333333,2015,2019
12,Florida,12051,Hendry,0.09333333333333334,2015,2019
12,Florida,12053,Hernando,0.14333333333333334,2015,2019
12,Florida,12055,Highlands,0.09000000000000001,2015,2019
12,Florida,12057,Hillsborough,0.25333333333333335,2015,2019
12,Florida,12059,Holmes,0.09000000000000001,2015,2019
12,Florida,12061,Indian River,0.13333333333333333,2015,2019
12,Florida,12063,Jackson,0.09333333333333334,2015,2019
12,Florida,12065,Jefferson,0.09666666666666668,2015,2019
12,Florida,12067,Lafayette,0.07666666666666667,2015,2019
12,Florida,12069,Lake,0.16666666666666666,2015,2019
12,Florida,12071,Lee,0.1466666666666667,2015,2019
12,Florida,12073,Leon,0.14,2015,2019
12,Florida,12075,Levy,0.09333333333333334,2015,2019
12,Florida,12077,Liberty,0.06333333333333334,2015,2019
12,Florida,12079,Madison,0.09999999999999999,2015,2019
12,Florida,12081,Manatee,0.1466666666666667,2015,2019
12,Florida,12083,Marion,0.14,2015,2019
12,Florida,12085,Martin,0.19666666666666668,2015,2019
12,Florida,12086,Miami-Dade,0.26666666666666666,2015,2019
12,Florida,12087,Monroe,0.08333333333333333,2015,2019
12,Florida,12089,Nassau,0.14,2015,2019
12,Florida,12091,Okaloosa,0.09333333333333334,2015,2019
12,Florida,12093,Okeechobee,0.10000000000000002,2015,2019
12,Florida,12095,Orange,0.3233333333333333,2015,2019
12,Florida,12097,Osceola,0.22,2015,2019
12,Florida,12099,Palm Beach,0.27666666666666667,2015,2019
12,Florida,12101,Pasco,0.17666666666666667,2015,2019
12,Florida,12103,Pinellas,0.2733333333333334,2015,2019
12,Florida,12105,Polk,0.16333333333333333,2015,2019
12,Florida,12107,Putnam,0.10333333333333333,2015,2019
12,Florida,12109,St. Johns,0.18333333333333335,2015,2019
12,Florida,12111,St. Lucie,0.17,2015,2019
12,Florida,12113,Santa Rosa,0.09333333333333334,2015,2019
12,Florida,12115,Sarasota,0.17,2015,2019
12,Florida,12117,Seminole,0.25666666666666665,2015,2019
12,Florida,12119,Sumter,0.19333333333333333,2015,2019
12,Florida,12121,Suwannee,0.10333333333333333,2015,2019
12,Florida,12123,Taylor,0.07333333333333335,2015,2019
12,Florida,12125,Union,0.11333333333333333,2015,2019
12,Florida,12127,Volusia,0.15,2015,2019
12,Florida,12129,Wakulla,0.08,2015,2019
12,Florida,12131,Walton,0.09000000000000001,2015,2019
12,Florida,12133,Washington,0.08,2015,2019
13,Georgia,13001,Appling,0.07666666666666667,2015,2019
13,Georgia,13003,Atkinson,0.07666666666666667,2015,2019
13,Georgia,13005,Bacon,0.07666666666666667,2015,2019
13,Georgia,13007,Baker,0.06333333333333334,2015,2019
13,Georgia,13009,Baldwin,0.10666666666666667,2015,2019
13,Georgia,13011,Banks,0.1366666666666667,2015,2019
13,Georgia,13013,Barrow,0.21,2015,2019
13,Georgia,13015,Bartow,0.21,2015,2019
13,Georgia,13017,Ben Hill,0.08666666666666667,2015,2019
13,Georgia,13019,Berrien,0.08,2015,2019
13,Georgia,13021,Bibb,0.21333333333333335,2015,2019
13,Georgia,13023,Bleckley,0.08666666666666667,2015,2019
13,Georgia,13025,Brantley,0.07666666666666667,2015,2019
13,Georgia,13027,Brooks,0.08333333333333333,2015,2019
13,Georgia,13029,Bryan,0.12,2015,2019
13,Georgia,13031,Bulloch,0.09999999999999999,2015,2019
13,Georgia,13033,Burke,0.08,2015,2019
13,Georgia,13035,Butts,0.17666666666666667,2015,2019
13,Georgia,13037,Calhoun,0.07,2015,2019
13,Georgia,13039,Camden,0.10666666666666667,2015,2019
13,Georgia,13043,Candler,0.08666666666666667,2015,2019
13,Georgia,13045,Carroll,0.1366666666666667,2015,2019
13,Georgia,13047,Catoosa,0.22,2015,2019
13,Georgia,13049,Charlton,0.08666666666666667,2015,2019
13,Georgia,13051,Chatham,0.2233333333333333,2015,2019
13,Georgia,13053,Chattahoochee,0.07666666666666667,2015,2019
13,Georgia,13055,Chattooga,0.12,2015,2019
13,Georgia,13057,Cherokee,0.20333333333333334,2015,2019
13,Georgia,13059,Clarke,0.18666666666666668,2015,2019
13,Georgia,13061,Clay,0.07,2015,2019
13,Georgia,13063,Clayton,0.27999999999999997,2015,2019
13,Georgia,13065,Clinch,0.07,2015,2019
13,Georgia,13067,Cobb,0.4066666666666667,2015,2019
13,Georgia,13069,Coffee,0.08666666666666667,2015,2019
13,Georgia,13071,Colquitt,0.07666666666666667,2015,2019
13,Georgia,13073,Columbia,0.14666666666666667,2015,2019
13,Georgia,13075,Cook,0.11666666666666665,2015,2019
13,Georgia,13077,Coweta,0.14666666666666667,2015,2019
13,Georgia,13079,Crawford,0.10000000000000002,2015,2019
13,Georgia,13081,Crisp,0.11666666666666665,2015,2019
13,Georgia,13083,Dade,0.14333333333333334,2015,2019
13,Georgia,13085,Dawson,0.11333333333333334,2015,2019
13,Georgia,13087,Decatur,0.08,2015,2019
13,Georgia,13089,DeKalb,0.4366666666666667,2015,2019
13,Georgia,13091,Dodge,0.07666666666666667,2015,2019
13,Georgia,13093,Dooly,0.12,2015,2019
13,Georgia,13095,Dougherty,0.09333333333333334,2015,2019
13,Georgia,13097,Douglas,0.21,2015,2019
13,Georgia,13099,Early,0.07,2015,2019
13,Georgia,13101,Echols,0.07666666666666667,2015,2019
13,Georgia,13103,Effingham,0.11,2015,2019
13,Georgia,13105,Elbert,0.10666666666666667,2015,2019
13,Georgia,13107,Emanuel,0.07333333333333335,2015,2019
13,Georgia,13109,Evans,0.08333333333333333,2015,2019
13,Georgia,13111,Fannin,0.07333333333333335,2015,2019
13,Georgia,13113,Fayette,0.18333333333333335,2015,2019
13,Georgia,13115,Floyd,0.16,2015,2019
13,Georgia,13117,Forsyth,0.24333333333333332,2015,2019
13,Georgia,13119,Franklin,0.15333333333333335,2015,2019
13,Georgia,13121,Fulton,0.35333333333333333,2015,2019
13,Georgia,13123,Gilmer,0.08,2015,2019
13,Georgia,13125,Glascock,0.07666666666666667,2015,2019
13,Georgia,13127,Glynn,0.11666666666666665,2015,2019
13,Georgia,13129,Gordon,0.18000000000000002,2015,2019
13,Georgia,13131,Grady,0.08,2015,2019
13,Georgia,13133,Greene,0.11,2015,2019
13,Georgia,13135,Gwinnett,0.3333333333333333,2015,2019
13,Georgia,13137,Habersham,0.09000000000000001,2015,2019
13,Georgia,13139,Hall,0.17,2015,2019
13,Georgia,13141,Hancock,0.08333333333333333,2015,2019
13,Georgia,13143,Haralson,0.13,2015,2019
13,Georgia,13145,Harris,0.11,2015,2019
13,Georgia,13147,Hart,0.13,2015,2019
13,Georgia,13149,Heard,0.09666666666666668,2015,2019
13,Georgia,13151,Henry,0.22999999999999998,2015,2019
13,Georgia,13153,Houston,0.14666666666666667,2015,2019
13,Georgia,13155,Irwin,0.08,2015,2019
13,Georgia,13157,Jackson,0.18333333333333335,2015,2019
13,Georgia,13159,Jasper,0.12,2015,2019
13,Georgia,13161,Jeff Davis,0.07,2015,2019
13,Georgia,13163,Jefferson,0.08333333333333333,2015,2019
13,Georgia,13165,Jenkins,0.07666666666666667,2015,2019
13,Georgia,13167,Johnson,0.07666666666666667,2015,2019
13,Georgia,13169,Jones,0.12333333333333334,2015,2019
13,Georgia,13171,Lamar,0.13,2015,2019
13,Georgia,13173,Lanier,0.08,2015,2019
13,Georgia,13175,Laurens,0.08666666666666667,2015,2019
13,Georgia,13177,Lee,0.08333333333333333,2015,2019
13,Georgia,13179,Liberty,0.12333333333333334,2015,2019
13,Georgia,13181,Lincoln,0.09000000000000001,2015,2019
13,Georgia,13183,Long,0.09000000000000001,2015,2019
13,Georgia,13185,Lowndes,0.12666666666666668,2015,2019
13,Georgia,13187,Lumpkin,0.08333333333333333,2015,2019
13,Georgia,13189,McDuffie,0.11333333333333333,2015,2019
13,Georgia,13191,McIntosh,0.10666666666666667,2015,2019
13,Georgia,13193,Macon,0.09666666666666668,2015,2019
13,Georgia,13195,Madison,0.13,2015,2019
13,Georgia,13197,Marion,0.07333333333333335,2015,2019
13,Georgia,13199,Meriwether,0.10666666666666667,2015,2019
13,Georgia,13201,Miller,0.07,2015,2019
13,Georgia,13205,Mitchell,0.07333333333333335,2015,2019
13,Georgia,13207,Monroe,0.16333333333333333,2015,2019
13,Georgia,13209,Montgomery,0.07333333333333335,2015,2019
13,Georgia,13211,Morgan,0.14,2015,2019
13,Georgia,13213,Murray,0.11,2015,2019
13,Georgia,13215,Muscogee,0.18000000000000002,2015,2019
13,Georgia,13217,Newton,0.19000000000000003,2015,2019
13,Georgia,13219,Oconee,0.15666666666666668,2015,2019
13,Georgia,13221,Oglethorpe,0.10333333333333333,2015,2019
13,Georgia,13223,Paulding,0.19666666666666666,2015,2019
13,Georgia,13225,Peach,0.15333333333333335,2015,2019
13,Georgia,13227,Pickens,0.11666666666666665,2015,2019
13,Georgia,13229,Pierce,0.08666666666666667,2015,2019
13,Georgia,13231,Pike,0.11,2015,2019
13,Georgia,13233,Polk,0.14,2015,2019
13,Georgia,13235,Pulaski,0.08666666666666667,2015,2019
13,Georgia,13237,Putnam,0.10666666666666667,2015,2019
13,Georgia,13239,Quitman,0.06,2015,2019
13,Georgia,13241,Rabun,0.06333333333333334,2015,2019
13,Georgia,13243,Randolph,0.06333333333333334,2015,2019
13,Georgia,13245,Richmond,0.17,2015,2019
13,Georgia,13247,Rockdale,0.26,2015,2019
13,Georgia,13249,Schley,0.07666666666666667,2015,2019
13,Georgia,13251,Screven,0.07666666666666667,2015,2019
13,Georgia,13253,Seminole,0.07333333333333335,2015,2019
13,Georgia,13255,Spalding,0.15666666666666665,2015,2019
13,Georgia,13257,Stephens,0.12,2015,2019
13,Georgia,13259,Stewart,0.06333333333333334,2015,2019
13,Georgia,13261,Sumter,0.08333333333333333,2015,2019
13,Georgia,13263,Talbot,0.09666666666666668,2015,2019
13,Georgia,13265,Taliaferro,0.09666666666666668,2015,2019
13,Georgia,13267,Tattnall,0.07666666666666667,2015,2019
13,Georgia,13269,Taylor,0.09666666666666668,2015,2019
13,Georgia,13271,Telfair,0.06666666666666667,2015,2019
13,Georgia,13273,Terrell,0.07333333333333335,2015,2019
13,Georgia,13275,Thomas,0.08,2015,2019
13,Georgia,13277,Tift,0.11666666666666665,2015,2019
13,Georgia,13279,Toombs,0.07666666666666667,2015,2019
13,Georgia,13281,Towns,0.06333333333333334,2015,2019
13,Georgia,13283,Treutlen,0.08666666666666667,2015,2019
13,Georgia,13285,Troup,0.14,2015,2019
13,Georgia,13287,Turner,0.10666666666666667,2015,2019
13,Georgia,13289,Twiggs,0.11,2015,2019
13,Georgia,13291,Union,0.06333333333333334,2015,2019
13,Georgia,13293,Upson,0.09666666666666668,2015,2019
13,Georgia,13295,Walker,0.12666666666666668,2015,2019
13,Georgia,13297,Walton,0.18000000000000002,2015,2019
13,Georgia,13299,Ware,0.09333333333333334,2015,2019
13,Georgia,13301,Warren,0.09333333333333334,2015,2019
13,Georgia,13303,Washington,0.08333333333333333,2015,2019
13,Georgia,13305,Wayne,0.08666666666666667,2015,2019
13,Georgia,13307,Webster,0.06333333333333334,2015,2019
13,Georgia,13309,Wheeler,0.07,2015,2019
13,Georgia,13311,White,0.08333333333333333,2015,2019
13,Georgia,13313,Whitfield,0.21,2015,2019
13,Georgia,13315,Wilcox,0.08,2015,2019
13,Georgia,13317,Wilkes,0.08666666666666667,2015,2019
13,Georgia,13319,Wilkinson,0.09333333333333334,2015,2019
13,Georgia,13321,Worth,0.07333333333333335,2015,2019
15,Hawaii,15001,Hawaii,0.01,2015,2019
15,Hawaii,15003,Honolulu,0.056666666666666664,2015,2019
15,Hawaii,15005,Kalawao,0.0,2015,2019
15,Hawaii,15007,Kauai,0.01,2015,2019
15,Hawaii,15009,Maui,0.01,2015,2019
16,Idaho,16001,Ada,0.1366666666666667,2015,2019
16,Idaho,16003,Adams,0.02,2015,2019
16,Idaho,16005,Bannock,0.05000000000000001,2015,2019
16,Idaho,16007,Bear Lake,0.03,2015,2019
16,Idaho,16009,Benewah,0.03,2015,2019
16,Idaho,16011,Bingham,0.043333333333333335,2015,2019
16,Idaho,16013,Blaine,0.016666666666666666,2015,2019
16,Idaho,16015,Boise,0.02,2015,2019
16,Idaho,16017,Bonner,0.06333333333333334,2015,2019
16,Idaho,16019,Bonneville,0.03333333333333333,2015,2019
16,Idaho,16021,Boundary,0.04,2015,2019
16,Idaho,16023,Butte,0.01,2015,2019
16,Idaho,16025,Camas,0.01,2015,2019
16,Idaho,16027,Canyon,0.13,2015,2019
16,Idaho,16029,Caribou,0.03,2015,2019
16,Idaho,16031,Cassia,0.03,2015,2019
16,Idaho,16033,Clark,0.013333333333333334,2015,2019
16,Idaho,16035,Clearwater,0.023333333333333334,2015,2019
16,Idaho,16037,Custer,0.01,2015,2019
16,Idaho,16039,Elmore,0.03,2015,2019
16,Idaho,16041,Franklin,0.04,2015,2019
16,Idaho,16043,Fremont,0.03,2015,2019
16,Idaho,16045,Gem,0.05000000000000001,2015,2019
16,Idaho,16047,Gooding,0.08333333333333333,2015,2019
16,Idaho,16049,Idaho,0.016666666666666666,2015,2019
16,Idaho,16051,Jefferson,0.04666666666666667,2015,2019
16,Idaho,16053,Jerome,0.08666666666666667,2015,2019
16,Idaho,16055,Kootenai,0.07666666666666667,2015,2019
16,Idaho,16057,Latah,0.03,2015,2019
16,Idaho,16059,Lemhi,0.01,2015,2019
16,Idaho,16061,Lewis,0.02,2015,2019
16,Idaho,16063,Lincoln,0.05000000000000001,2015,2019
16,Idaho,16065,Madison,0.06,2015,2019
16,Idaho,16067,Minidoka,0.08666666666666667,2015,2019
16,Idaho,16069,Nez Perce,0.04,2015,2019
16,Idaho,16071,Oneida,0.03333333333333333,2015,2019
16,Idaho,16073,Owyhee,0.02,2015,2019
16,Idaho,16075,Payette,0.09999999999999999,2015,2019
16,Idaho,16077,Power,0.04,2015,2019
16,Idaho,16079,Shoshone,0.03,2015,2019
16,Idaho,16081,Teton,0.02,2015,2019
16,Idaho,16083,Twin Falls,0.04,2015,2019
16,Idaho,16085,Valley,0.01,2015,2019
16,Idaho,16087,Washington,0.03,2015,2019
17,Illinois,17001,Adams,0.11,2015,2019
17,Illinois,17003,Alexander,0.14666666666666667,2015,2019
17,Illinois,17005,Bond,0.13,2015,2019
17,Illinois,17007,Boone,0.15333333333333332,2015,2019
17,Illinois,17009,Brown,0.10333333333333333,2015,2019
17,Illinois,17011,Bureau,0.1366666666666667,2015,2019
17,Illinois,17013,Calhoun,0.14333333333333334,2015,2019
17,Illinois,17015,Carroll,0.13,2015,2019
17,Illinois,17017,Cass,0.11333333333333333,2015,2019
17,Illinois,17019,Champaign,0.1366666666666667,2015,2019
17,Illinois,17021,Christian,0.12,2015,2019
17,Illinois,17023,Clark,0.12333333333333334,2015,2019
17,Illinois,17025,Clay,0.10666666666666667,2015,2019
17,Illinois,17027,Clinton,0.1366666666666667,2015,2019
17,Illinois,17029,Coles,0.12333333333333334,2015,2019
17,Illinois,17031,Cook,0.45999999999999996,2015,2019
17,Illinois,17033,Crawford,0.11333333333333333,2015,2019
17,Illinois,17035,Cumberland,0.12333333333333334,2015,2019
17,Illinois,17037,DeKalb,0.17,2015,2019
17,Illinois,17039,De Witt,0.11333333333333333,2015,2019
17,Illinois,17041,Douglas,0.12666666666666668,2015,2019
17,Illinois,17043,DuPage,0.42333333333333334,2015,2019
17,Illinois,17045,Edgar,0.11333333333333333,2015,2019
17,Illinois,17047,Edwards,0.11,2015,2019
17,Illinois,17049,Effingham,0.13333333333333333,2015,2019
17,Illinois,17051,Fayette,0.12,2015,2019
17,Illinois,17053,Ford,0.12,2015,2019
17,Illinois,17055,Franklin,0.13,2015,2019
17,Illinois,17057,Fulton,0.11333333333333333,2015,2019
17,Illinois,17059,Gallatin,0.10666666666666667,2015,2019
17,Illinois,17061,Greene,0.12,2015,2019
17,Illinois,17063,Grundy,0.17333333333333334,2015,2019
17,Illinois,17065,Hamilton,0.10666666666666667,2015,2019
17,Illinois,17067,Hancock,0.12,2015,2019
17,Illinois,17069,Hardin,0.10000000000000002,2015,2019
17,Illinois,17071,Henderson,0.14,2015,2019
17,Illinois,17073,Henry,0.12666666666666668,2015,2019
17,Illinois,17075,Iroquois,0.13333333333333333,2015,2019
17,Illinois,17077,Jackson,0.1366666666666667,2015,2019
17,Illinois,17079,Jasper,0.10666666666666667,2015,2019
17,Illinois,17081,Jefferson,0.12666666666666668,2015,2019
17,Illinois,17083,Jersey,0.15666666666666665,2015,2019
17,Illinois,17085,Jo Daviess,0.12,2015,2019
17,Illinois,17087,Johnson,0.11666666666666665,2015,2019
17,Illinois,17089,Kane,0.24333333333333332,2015,2019
17,Illinois,17091,Kankakee,0.16333333333333333,2015,2019
17,Illinois,17093,Kendall,0.20000000000000004,2015,2019
17,Illinois,17095,Knox,0.14333333333333334,2015,2019
17,Illinois,17097,Lake,0.2733333333333334,2015,2019
17,Illinois,17099,La Salle,0.15333333333333332,2015,2019
17,Illinois,17101,Lawrence,0.11666666666666665,2015,2019
17,Illinois,17103,Lee,0.14,2015,2019
17,Illinois,17105,Livingston,0.12333333333333334,2015,2019
17,Illinois,17107,Logan,0.12,2015,2019
17,Illinois,17109,McDonough,0.12,2015,2019
17,Illinois,17111,McHenry,0.18333333333333335,2015,2019
17,Illinois,17113,McLean,0.12,2015,2019
17,Illinois,17115,Macon,0.1366666666666667,2015,2019
17,Illinois,17117,Macoupin,0.12666666666666668,2015,2019
17,Illinois,17119,Madison,0.18333333333333335,2015,2019
17,Illinois,17121,Marion,0.12333333333333334,2015,2019
17,Illinois,17123,Marshall,0.1366666666666667,2015,2019
17,Illinois,17125,Mason,0.11333333333333333,2015,2019
17,Illinois,17127,Massac,0.14333333333333334,2015,2019
17,Illinois,17129,Menard,0.11333333333333333,2015,2019
17,Illinois,17131,Mercer,0.11333333333333333,2015,2019
17,Illinois,17133,Monroe,0.16666666666666666,2015,2019
17,Illinois,17135,Montgomery,0.12666666666666668,2015,2019
17,Illinois,17137,Morgan,0.12,2015,2019
17,Illinois,17139,Moultrie,0.12,2015,2019
17,Illinois,17141,Ogle,0.14,2015,2019
17,Illinois,17143,Peoria,0.15,2015,2019
17,Illinois,17145,Perry,0.12,2015,2019
17,Illinois,17147,Piatt,0.12666666666666668,2015,2019
17,Illinois,17149,Pike,0.11333333333333333,2015,2019
17,Illinois,17151,Pope,0.11,2015,2019
17,Illinois,17153,Pulaski,0.14333333333333334,2015,2019
17,Illinois,17155,Putnam,0.14,2015,2019
17,Illinois,17157,Randolph,0.1366666666666667,2015,2019
17,Illinois,17159,Richland,0.10666666666666667,2015,2019
17,Illinois,17161,Rock Island,0.13333333333333333,2015,2019
17,Illinois,17163,St. Clair,0.18000000000000002,2015,2019
17,Illinois,17165,Saline,0.11,2015,2019
17,Illinois,17167,Sangamon,0.1366666666666667,2015,2019
17,Illinois,17169,Schuyler,0.10333333333333333,2015,2019
17,Illinois,17171,Scott,0.11,2015,2019
17,Illinois,17173,Shelby,0.11333333333333333,2015,2019
17,Illinois,17175,Stark,0.12,2015,2019
17,Illinois,17177,Stephenson,0.12,2015,2019
17,Illinois,17179,Tazewell,0.14333333333333334,2015,2019
17,Illinois,17181,Union,0.12666666666666668,2015,2019
17,Illinois,17183,Vermilion,0.13333333333333333,2015,2019
17,Illinois,17185,Wabash,0.12,2015,2019
17,Illinois,17187,Warren,0.13333333333333333,2015,2019
17,Illinois,17189,Washington,0.12666666666666668,2015,2019
17,Illinois,17191,Wayne,0.10666666666666667,2015,2019
17,Illinois,17193,White,0.11,2015,2019
17,Illinois,17195,Whiteside,0.14,2015,2019
17,Illinois,17197,Will,0.25,2015,2019
17,Illinois,17199,Williamson,0.12666666666666668,2015,2019
17,Illinois,17201,Winnebago,0.14333333333333334,2015,2019
17,Illinois,17203,Woodford,0.12333333333333334,2015,2019
18,Indiana,18001,Adams,0.14666666666666667,2015,2019
18,Indiana,18003,Allen,0.21,2015,2019
18,Indiana,18005,Bartholomew,0.17333333333333334,2015,2019
18,Indiana,18007,Benton,0.13333333333333333,2015,2019
18,Indiana,18009,Blackford,0.1466666666666667,2015,2019
18,Indiana,18011,Boone,0.18666666666666668,2015,2019
18,Indiana,18013,Brown,0.11333333333333333,2015,2019
18,Indiana,18015,Carroll,0.15333333333333332,2015,2019
18,Indiana,18017,Cass,0.14333333333333334,2015,2019
18,Indiana,18019,Clark,0.18000000000000002,2015,2019
18,Indiana,18021,Clay,0.14333333333333334,2015,2019
18,Indiana,18023,Clinton,0.16,2015,2019
18,Indiana,18025,Crawford,0.11333333333333333,2015,2019
18,Indiana,18027,Daviess,0.14,2015,2019
18,Indiana,18029,Dearborn,0.16,2015,2019
18,Indiana,18031,Decatur,0.14333333333333334,2015,2019
18,Indiana,18033,DeKalb,0.20333333333333334,2015,2019
18,Indiana,18035,Delaware,0.17333333333333334,2015,2019
18,Indiana,18037,Dubois,0.13333333333333333,2015,2019
18,Indiana,18039,Elkhart,0.19999999999999998,2015,2019
18,Indiana,18041,Fayette,0.1366666666666667,2015,2019
18,Indiana,18043,Floyd,0.19999999999999998,2015,2019
18,Indiana,18045,Fountain,0.13333333333333333,2015,2019
18,Indiana,18047,Franklin,0.1366666666666667,2015,2019
18,Indiana,18049,Fulton,0.14333333333333334,2015,2019
18,Indiana,18051,Gibson,0.16,2015,2019
18,Indiana,18053,Grant,0.16,2015,2019
18,Indiana,18055,Greene,0.12,2015,2019
18,Indiana,18057,Hamilton,0.25333333333333335,2015,2019
18,Indiana,18059,Hancock,0.21333333333333335,2015,2019
18,Indiana,18061,Harrison,0.14,2015,2019
18,Indiana,18063,Hendricks,0.20666666666666667,2015,2019
18,Indiana,18065,Henry,0.16666666666666666,2015,2019
18,Indiana,18067,Howard,0.15666666666666665,2015,2019
18,Indiana,18069,Huntington,0.16,2015,2019
18,Indiana,18071,Jackson,0.1366666666666667,2015,2019
18,Indiana,18073,Jasper,0.16,2015,2019
18,Indiana,18075,Jay,0.13333333333333333,2015,2019
18,Indiana,18077,Jefferson,0.13,2015,2019
18,Indiana,18079,Jennings,0.1366666666666667,2015,2019
18,Indiana,18081,Johnson,0.20333333333333334,2015,2019
18,Indiana,18083,Knox,0.14333333333333334,2015,2019
18,Indiana,18085,Kosciusko,0.17,2015,2019
18,Indiana,18087,LaGrange,0.15333333333333335,2015,2019
18,Indiana,18089,Lake,0.24333333333333332,2015,2019
18,Indiana,18091,LaPorte,0.21,2015,2019
18,Indiana,18093,Lawrence,0.11333333333333333,2015,2019
18,Indiana,18095,Madison,0.19333333333333333,2015,2019
18,Indiana,18097,Marion,0.3833333333333333,2015,2019
18,Indiana,18099,Marshall,0.17666666666666667,2015,2019
18,Indiana,18101,Martin,0.11333333333333333,2015,2019
18,Indiana,18103,Miami,0.15,2015,2019
18,Indiana,18105,Monroe,0.13,2015,2019
18,Indiana,18107,Montgomery,0.14,2015,2019
18,Indiana,18109,Morgan,0.16333333333333333,2015,2019
18,Indiana,18111,Newton,0.14333333333333334,2015,2019
18,Indiana,18113,Noble,0.18000000000000002,2015,2019
18,Indiana,18115,Ohio,0.14333333333333334,2015,2019
18,Indiana,18117,Orange,0.10333333333333333,2015,2019
18,Indiana,18119,Owen,0.11333333333333333,2015,2019
18,Indiana,18121,Parke,0.12333333333333334,2015,2019
18,Indiana,18123,Perry,0.11333333333333333,2015,2019
18,Indiana,18125,Pike,0.13,2015,2019
18,Indiana,18127,Porter,0.21666666666666667,2015,2019
18,Indiana,18129,Posey,0.14333333333333334,2015,2019
18,Indiana,18131,Pulaski,0.13333333333333333,2015,2019
18,Indiana,18133,Putnam,0.14333333333333334,2015,2019
18,Indiana,18135,Randolph,0.13333333333333333,2015,2019
18,Indiana,18137,Ripley,0.13333333333333333,2015,2019
18,Indiana,18139,Rush,0.14,2015,2019
18,Indiana,18141,St. Joseph,0.20333333333333334,2015,2019
18,Indiana,18143,Scott,0.15,2015,2019
18,Indiana,18145,Shelby,0.17666666666666667,2015,2019
18,Indiana,18147,Spencer,0.13333333333333333,2015,2019
18,Indiana,18149,Starke,0.15333333333333332,2015,2019
18,Indiana,18151,Steuben,0.15,2015,2019
18,Indiana,18153,Sullivan,0.13333333333333333,2015,2019
18,Indiana,18155,Switzerland,0.14,2015,2019
18,Indiana,18157,Tippecanoe,0.18666666666666668,2015,2019
18,Indiana,18159,Tipton,0.16,2015,2019
18,Indiana,18161,Union,0.14,2015,2019
18,Indiana,18163,Vanderburgh,0.24333333333333332,2015,2019
18,Indiana,18165,Vermillion,0.14333333333333334,2015,2019
18,Indiana,18167,Vigo,0.16333333333333333,2015,2019
18,Indiana,18169,Wabash,0.15,2015,2019
18,Indiana,18171,Warren,0.13333333333333333,2015,2019
18,Indiana,18173,Warrick,0.15,2015,2019
18,Indiana,18175,Washington,0.11333333333333333,2015,2019
18,Indiana,18177,Wayne,0.16,2015,2019
18,Indiana,18179,Wells,0.15,2015,2019
18,Indiana,18181,White,0.15,2015,2019
18,Indiana,18183,Whitley,0.17,2015,2019
19,Iowa,19001,Adair,0.09000000000000001,2015,2019
19,Iowa,19003,Adams,0.10000000000000002,2015,2019
19,Iowa,19005,Allamakee,0.08666666666666667,2015,2019
19,Iowa,19007,Appanoose,0.09000000000000001,2015,2019
19,Iowa,19009,Audubon,0.08666666666666667,2015,2019
19,Iowa,19011,Benton,0.11333333333333333,2015,2019
19,Iowa,19013,Black Hawk,0.10666666666666667,2015,2019
19,Iowa,19015,Boone,0.12,2015,2019
19,Iowa,19017,Bremer,0.09666666666666668,2015,2019
19,Iowa,19019,Buchanan,0.10000000000000002,2015,2019
19,Iowa,19021,Buena Vista,0.08,2015,2019
19,Iowa,19023,Butler,0.09333333333333334,2015,2019
19,Iowa,19025,Calhoun,0.08666666666666667,2015,2019
19,Iowa,19027,Carroll,0.09666666666666668,2015,2019
19,Iowa,19029,Cass,0.09000000000000001,2015,2019
19,Iowa,19031,Cedar,0.13,2015,2019
19,Iowa,19033,Cerro Gordo,0.10000000000000002,2015,2019
19,Iowa,19035,Cherokee,0.07666666666666667,2015,2019
19,Iowa,19037,Chickasaw,0.08666666666666667,2015,2019
19,Iowa,19039,Clarke,0.12,2015,2019
19,Iowa,19041,Clay,0.07666666666666667,2015,2019
19,Iowa,19043,Clayton,0.09333333333333334,2015,2019
19,Iowa,19045,Clinton,0.13333333333333333,2015,2019
19,Iowa,19047,Crawford,0.09666666666666668,2015,2019
19,Iowa,19049,Dallas,0.11,2015,2019
19,Iowa,19051,Davis,0.09000000000000001,2015,2019
19,Iowa,19053,Decatur,0.09000000000000001,2015,2019
19,Iowa,19055,Delaware,0.10000000000000002,2015,2019
19,Iowa,19057,Des Moines,0.12666666666666668,2015,2019
19,Iowa,19059,Dickinson,0.07666666666666667,2015,2019
19,Iowa,19061,Dubuque,0.11,2015,2019
19,Iowa,19063,Emmet,0.07666666666666667,2015,2019
19,Iowa,19065,Fayette,0.08666666666666667,2015,2019
19,Iowa,19067,Floyd,0.09000000000000001,2015,2019
19,Iowa,19069,Franklin,0.09666666666666668,2015,2019
19,Iowa,19071,Fremont,0.10000000000000002,2015,2019
19,Iowa,19073,Greene,0.10000000000000002,2015,2019
19,Iowa,19075,Grundy,0.09666666666666668,2015,2019
19,Iowa,19077,Guthrie,0.09000000000000001,2015,2019
19,Iowa,19079,Hamilton,0.11,2015,2019
19,Iowa,19081,Hancock,0.08666666666666667,2015,2019
19,Iowa,19083,Hardin,0.10000000000000002,2015,2019
19,Iowa,19085,Harrison,0.11666666666666665,2015,2019
19,Iowa,19087,Henry,0.11666666666666665,2015,2019
19,Iowa,19089,Howard,0.08333333333333333,2015,2019
19,Iowa,19091,Humboldt,0.08666666666666667,2015,2019
19,Iowa,19093,Ida,0.08,2015,2019
19,Iowa,19095,Iowa,0.11666666666666665,2015,2019
19,Iowa,19097,Jackson,0.11,2015,2019
19,Iowa,19099,Jasper,0.11333333333333333,2015,2019
19,Iowa,19101,Jefferson,0.11,2015,2019
19,Iowa,19103,Johnson,0.14,2015,2019
19,Iowa,19105,Jones,0.10000000000000002,2015,2019
19,Iowa,19107,Keokuk,0.10000000000000002,2015,2019
19,Iowa,19109,Kossuth,0.08333333333333333,2015,2019
19,Iowa,19111,Lee,0.12666666666666668,2015,2019
19,Iowa,19113,Linn,0.13333333333333333,2015,2019
19,Iowa,19115,Louisa,0.11,2015,2019
19,Iowa,19117,Lucas,0.12,2015,2019
19,Iowa,19119,Lyon,0.08666666666666667,2015,2019
19,Iowa,19121,Madison,0.09666666666666668,2015,2019
19,Iowa,19123,Mahaska,0.10333333333333333,2015,2019
19,Iowa,19125,Marion,0.10333333333333333,2015,2019
19,Iowa,19127,Marshall,0.11666666666666665,2015,2019
19,Iowa,19129,Mills,0.12333333333333334,2015,2019
19,Iowa,19131,Mitchell,0.08666666666666667,2015,2019
19,Iowa,19133,Monona,0.09333333333333334,2015,2019
19,Iowa,19135,Monroe,0.12,2015,2019
19,Iowa,19137,Montgomery,0.11,2015,2019
19,Iowa,19139,Muscatine,0.12,2015,2019
19,Iowa,19141,O'Brien,0.08,2015,2019
19,Iowa,19143,Osceola,0.07666666666666667,2015,2019
19,Iowa,19145,Page,0.09000000000000001,2015,2019
19,Iowa,19147,Palo Alto,0.07666666666666667,2015,2019
19,Iowa,19149,Plymouth,0.08666666666666667,2015,2019
19,Iowa,19151,Pocahontas,0.07666666666666667,2015,2019
19,Iowa,19153,Polk,0.17333333333333334,2015,2019
19,Iowa,19155,Pottawattamie,0.11333333333333333,2015,2019
19,Iowa,19157,Poweshiek,0.10666666666666667,2015,2019
19,Iowa,19159,Ringgold,0.08,2015,2019
19,Iowa,19161,Sac,0.08666666666666667,2015,2019
19,Iowa,19163,Scott,0.14666666666666667,2015,2019
19,Iowa,19165,Shelby,0.09000000000000001,2015,2019
19,Iowa,19167,Sioux,0.09666666666666668,2015,2019
19,Iowa,19169,Story,0.1366666666666667,2015,2019
19,Iowa,19171,Tama,0.11,2015,2019
19,Iowa,19173,Taylor,0.08333333333333333,2015,2019
19,Iowa,19175,Union,0.10000000000000002,2015,2019
19,Iowa,19177,Van Buren,0.09333333333333334,2015,2019
19,Iowa,19179,Wapello,0.12,2015,2019
19,Iowa,19181,Warren,0.11,2015,2019
19,Iowa,19183,Washington,0.11,2015,2019
19,Iowa,19185,Wayne,0.09000000000000001,2015,2019
19,Iowa,19187,Webster,0.09000000000000001,2015,2019
19,Iowa,19189,Winnebago,0.08666666666666667,2015,2019
19,Iowa,19191,Winneshiek,0.08333333333333333,2015,2019
19,Iowa,19193,Woodbury,0.09333333333333334,2015,2019
19,Iowa,19195,Worth,0.09666666666666668,2015,2019
19,Iowa,19197,Wright,0.08666666666666667,2015,2019
20,Kansas,20001,Allen,0.09333333333333334,2015,2019
20,Kansas,20003,Anderson,0.10000000000000002,2015,2019
20,Kansas,20005,Atchison,0.11333333333333333,2015,2019
20,Kansas,20007,Barber,0.06333333333333334,2015,2019
20,Kansas,20009,Barton,0.06333333333333334,2015,2019
20,Kansas,20011,Bourbon,0.10000000000000002,2015,2019
20,Kansas,20013,Brown,0.10000000000000002,2015,2019
20,Kansas,20015,Butler,0.09666666666666668,2015,2019
20,Kansas,20017,Chase,0.10333333333333333,2015,2019
20,Kansas,20019,Chautauqua,0.07333333333333335,2015,2019
20,Kansas,20021,Cherokee,0.11333333333333333,2015,2019
20,Kansas,20023,Cheyenne,0.04,2015,2019
20,Kansas,20025,Clark,0.05000000000000001,2015,2019
20,Kansas,20027,Clay,0.07333333333333335,2015,2019
20,Kansas,20029,Cloud,0.07,2015,2019
20,Kansas,20031,Coffey,0.09333333333333334,2015,2019
20,Kansas,20033,Comanche,0.05000000000000001,2015,2019
20,Kansas,20035,Cowley,0.08333333333333333,2015,2019
20,Kansas,20037,Crawford,0.10333333333333333,2015,2019
20,Kansas,20039,Decatur,0.04666666666666667,2015,2019
20,Kansas,20041,Dickinson,0.08333333333333333,2015,2019
20,Kansas,20043,Doniphan,0.11333333333333333,2015,2019
20,Kansas,20045,Douglas,0.14,2015,2019
20,Kansas,20047,Edwards,0.05333333333333334,2015,2019
20,Kansas,20049,Elk,0.07,2015,2019
20,Kansas,20051,Ellis,0.056666666666666664,2015,2019
20,Kansas,20053,Ellsworth,0.06333333333333334,2015,2019
20,Kansas,20055,Finney,0.056666666666666664,2015,2019
20,Kansas,20057,Ford,0.05333333333333334,2015,2019
20,Kansas,20059,Franklin,0.1366666666666667,2015,2019
20,Kansas,20061,Geary,0.08333333333333333,2015,2019
20,Kansas,20063,Gove,0.05000000000000001,2015,2019
20,Kansas,20065,Graham,0.043333333333333335,2015,2019
20,Kansas,20067,Grant,0.05000000000000001,2015,2019
20,Kansas,20069,Gray,0.06,2015,2019
20,Kansas,20071,Greeley,0.03666666666666667,2015,2019
20,Kansas,20073,Greenwood,0.07333333333333335,2015,2019
20,Kansas,20075,Hamilton,0.04,2015,2019
20,Kansas,20077,Harper,0.08666666666666667,2015,2019
20,Kansas,20079,Harvey,0.11333333333333333,2015,2019
20,Kansas,20081,Haskell,0.056666666666666664,2015,2019
20,Kansas,20083,Hodgeman,0.05000000000000001,2015,2019
20,Kansas,20085,Jackson,0.09666666666666668,2015,2019
20,Kansas,20087,Jefferson,0.12333333333333334,2015,2019
20,Kansas,20089,Jewell,0.06,2015,2019
20,Kansas,20091,Johnson,0.24,2015,2019
20,Kansas,20093,Kearny,0.04666666666666667,2015,2019
20,Kansas,20095,Kingman,0.07333333333333335,2015,2019
20,Kansas,20097,Kiowa,0.05333333333333334,2015,2019
20,Kansas,20099,Labette,0.09333333333333334,2015,2019
20,Kansas,20101,Lane,0.043333333333333335,2015,2019
20,Kansas,20103,Leavenworth,0.16333333333333333,2015,2019
20,Kansas,20105,Lincoln,0.06,2015,2019
20,Kansas,20107,Linn,0.11,2015,2019
20,Kansas,20109,Logan,0.04,2015,2019
20,Kansas,20111,Lyon,0.10333333333333333,2015,2019
20,Kansas,20113,McPherson,0.08666666666666667,2015,2019
20,Kansas,20115,Marion,0.09000000000000001,2015,2019
20,Kansas,20117,Marshall,0.09333333333333334,2015,2019
20,Kansas,20119,Meade,0.05333333333333334,2015,2019
20,Kansas,20121,Miami,0.14666666666666667,2015,2019
20,Kansas,20123,Mitchell,0.06,2015,2019
20,Kansas,20125,Montgomery,0.09333333333333334,2015,2019
20,Kansas,20127,Morris,0.08,2015,2019
20,Kansas,20129,Morton,0.04,2015,2019
20,Kansas,20131,Nemaha,0.08666666666666667,2015,2019
20,Kansas,20133,Neosho,0.10000000000000002,2015,2019
20,Kansas,20135,Ness,0.043333333333333335,2015,2019
20,Kansas,20137,Norton,0.05000000000000001,2015,2019
20,Kansas,20139,Osage,0.11333333333333333,2015,2019
20,Kansas,20141,Osborne,0.05000000000000001,2015,2019
20,Kansas,20143,Ottawa,0.07,2015,2019
20,Kansas,20145,Pawnee,0.05333333333333334,2015,2019
20,Kansas,20147,Phillips,0.05000000000000001,2015,2019
20,Kansas,20149,Pottawatomie,0.09333333333333334,2015,2019
20,Kansas,20151,Pratt,0.06333333333333334,2015,2019
20,Kansas,20153,Rawlins,0.04,2015,2019
20,Kansas,20155,Reno,0.08333333333333333,2015,2019
20,Kansas,20157,Republic,0.07333333333333335,2015,2019
20,Kansas,20159,Rice,0.06666666666666667,2015,2019
20,Kansas,20161,Riley,0.08333333333333333,2015,2019
20,Kansas,20163,Rooks,0.05000000000000001,2015,2019
20,Kansas,20165,Rush,0.05000000000000001,2015,2019
20,Kansas,20167,Russell,0.056666666666666664,2015,2019
20,Kansas,20169,Saline,0.08666666666666667,2015,2019
20,Kansas,20171,Scott,0.04666666666666667,2015,2019
20,Kansas,20173,Sedgwick,0.13333333333333333,2015,2019
20,Kansas,20175,Seward,0.056666666666666664,2015,2019
20,Kansas,20177,Shawnee,0.14,2015,2019
20,Kansas,20179,Sheridan,0.05000000000000001,2015,2019
20,Kansas,20181,Sherman,0.04,2015,2019
20,Kansas,20183,Smith,0.05333333333333334,2015,2019
20,Kansas,20185,Stafford,0.06333333333333334,2015,2019
20,Kansas,20187,Stanton,0.04,2015,2019
20,Kansas,20189,Stevens,0.05000000000000001,2015,2019
20,Kansas,20191,Sumner,0.11,2015,2019
20,Kansas,20193,Thomas,0.05000000000000001,2015,2019
20,Kansas,20195,Trego,0.04666666666666667,2015,2019
20,Kansas,20197,Wabaunsee,0.09000000000000001,2015,2019
20,Kansas,20199,Wallace,0.03333333333333333,2015,2019
20,Kansas,20201,Washington,0.08,2015,2019
20,Kansas,20203,Wichita,0.04,2015,2019
20,Kansas,20205,Wilson,0.09000000000000001,2015,2019
20,Kansas,20207,Woodson,0.08333333333333333,2015,2019
20,Kansas,20209,Wyandotte,0.27666666666666667,2015,2019
21,Kentucky,21001,Adair,0.08333333333333333,2015,2019
21,Kentucky,21003,Allen,0.10333333333333333,2015,2019
21,Kentucky,21005,Anderson,0.12666666666666668,2015,2019
21,Kentucky,21007,Ballard,0.13,2015,2019
21,Kentucky,21009,Barren,0.10666666666666667,2015,2019
21,Kentucky,21011,Bath,0.10666666666666667,2015,2019
21,Kentucky,21013,Bell,0.07333333333333335,2015,2019
21,Kentucky,21015,Boone,0.2333333333333333,2015,2019
21,Kentucky,21017,Bourbon,0.14666666666666667,2015,2019
21,Kentucky,21019,Boyd,0.15,2015,2019
21,Kentucky,21021,Boyle,0.12333333333333334,2015,2019
21,Kentucky,21023,Bracken,0.11,2015,2019
21,Kentucky,21025,Breathitt,0.06666666666666667,2015,2019
21,Kentucky,21027,Breckinridge,0.10000000000000002,2015,2019
21,Kentucky,21029,Bullitt,0.17666666666666667,2015,2019
21,Kentucky,21031,Butler,0.10333333333333333,2015,2019
21,Kentucky,21033,Caldwell,0.10666666666666667,2015,2019
21,Kentucky,21035,Calloway,0.10000000000000002,2015,2019
21,Kentucky,21037,Campbell,0.21,2015,2019
21,Kentucky,21039,Carlisle,0.11666666666666665,2015,2019
21,Kentucky,21041,Carroll,0.18000000000000002,2015,2019
21,Kentucky,21043,Carter,0.09666666666666668,2015,2019
21,Kentucky,21045,Casey,0.08666666666666667,2015,2019
21,Kentucky,21047,Christian,0.12666666666666668,2015,2019
21,Kentucky,21049,Clark,0.14,2015,2019
21,Kentucky,21051,Clay,0.07333333333333335,2015,2019
21,Kentucky,21053,Clinton,0.08,2015,2019
21,Kentucky,21055,Crittenden,0.10666666666666667,2015,2019
21,Kentucky,21057,Cumberland,0.07666666666666667,2015,2019
21,Kentucky,21059,Daviess,0.13,2015,2019
21,Kentucky,21061,Edmonson,0.11666666666666665,2015,2019
21,Kentucky,21063,Elliott,0.07333333333333335,2015,2019
21,Kentucky,21065,Estill,0.08333333333333333,2015,2019
21,Kentucky,21067,Fayette,0.25666666666666665,2015,2019
21,Kentucky,21069,Fleming,0.09666666666666668,2015,2019
21,Kentucky,21071,Floyd,0.08666666666666667,2015,2019
21,Kentucky,21073,Franklin,0.16666666666666666,2015,2019
21,Kentucky,21075,Fulton,0.12,2015,2019
21,Kentucky,21077,Gallatin,0.19666666666666666,2015,2019
21,Kentucky,21079,Garrard,0.11333333333333333,2015,2019
21,Kentucky,21081,Grant,0.16666666666666666,2015,2019
21,Kentucky,21083,Graves,0.10666666666666667,2015,2019
21,Kentucky,21085,Grayson,0.09666666666666668,2015,2019
21,Kentucky,21087,Green,0.09000000000000001,2015,2019
21,Kentucky,21089,Greenup,0.11,2015,2019
21,Kentucky,21091,Hancock,0.11333333333333333,2015,2019
21,Kentucky,21093,Hardin,0.13333333333333333,2015,2019
21,Kentucky,21095,Harlan,0.07333333333333335,2015,2019
21,Kentucky,21097,Harrison,0.13,2015,2019
21,Kentucky,21099,Hart,0.13333333333333333,2015,2019
21,Kentucky,21101,Henderson,0.15333333333333332,2015,2019
21,Kentucky,21103,Henry,0.14333333333333334,2015,2019
21,Kentucky,21105,Hickman,0.11333333333333333,2015,2019
21,Kentucky,21107,Hopkins,0.12666666666666668,2015,2019
21,Kentucky,21109,Jackson,0.08333333333333333,2015,2019
21,Kentucky,21111,Jefferson,0.25333333333333335,2015,2019
21,Kentucky,21113,Jessamine,0.16666666666666666,2015,2019
21,Kentucky,21115,Johnson,0.08666666666666667,2015,2019
21,Kentucky,21117,Kenton,0.27,2015,2019
21,Kentucky,21119,Knott,0.07666666666666667,2015,2019
21,Kentucky,21121,Knox,0.08333333333333333,2015,2019
21,Kentucky,21123,Larue,0.11666666666666665,2015,2019
21,Kentucky,21125,Laurel,0.12333333333333334,2015,2019
21,Kentucky,21127,Lawrence,0.09000000000000001,2015,2019
21,Kentucky,21129,Lee,0.07333333333333335,2015,2019
21,Kentucky,21131,Leslie,0.07,2015,2019
21,Kentucky,21133,Letcher,0.06666666666666667,2015,2019
21,Kentucky,21135,Lewis,0.09000000000000001,2015,2019
21,Kentucky,21137,Lincoln,0.11333333333333333,2015,2019
21,Kentucky,21139,Livingston,0.13,2015,2019
21,Kentucky,21141,Logan,0.11666666666666665,2015,2019
21,Kentucky,21143,Lyon,0.1366666666666667,2015,2019
21,Kentucky,21145,McCracken,0.16333333333333333,2015,2019
21,Kentucky,21147,McCreary,0.09666666666666668,2015,2019
21,Kentucky,21149,McLean,0.11333333333333333,2015,2019
21,Kentucky,21151,Madison,0.13,2015,2019
21,Kentucky,21153,Magoffin,0.07333333333333335,2015,2019
21,Kentucky,21155,Marion,0.09333333333333334,2015,2019
21,Kentucky,21157,Marshall,0.13,2015,2019
21,Kentucky,21159,Martin,0.08666666666666667,2015,2019
21,Kentucky,21161,Mason,0.11666666666666665,2015,2019
21,Kentucky,21163,Meade,0.11333333333333333,2015,2019
21,Kentucky,21165,Menifee,0.07666666666666667,2015,2019
21,Kentucky,21167,Mercer,0.13,2015,2019
21,Kentucky,21169,Metcalfe,0.08666666666666667,2015,2019
21,Kentucky,21171,Monroe,0.08666666666666667,2015,2019
21,Kentucky,21173,Montgomery,0.12,2015,2019
21,Kentucky,21175,Morgan,0.07666666666666667,2015,2019
21,Kentucky,21177,Muhlenberg,0.10333333333333333,2015,2019
21,Kentucky,21179,Nelson,0.11666666666666665,2015,2019
21,Kentucky,21181,Nicholas,0.10666666666666667,2015,2019
21,Kentucky,21183,Ohio,0.09666666666666668,2015,2019
21,Kentucky,21185,Oldham,0.19999999999999998,2015,2019
21,Kentucky,21187,Owen,0.12,2015,2019
21,Kentucky,21189,Owsley,0.07,2015,2019
21,Kentucky,21191,Pendleton,0.12666666666666668,2015,2019
21,Kentucky,21193,Perry,0.07666666666666667,2015,2019
21,Kentucky,21195,Pike,0.08666666666666667,2015,2019
21,Kentucky,21197,Powell,0.09000000000000001,2015,2019
21,Kentucky,21199,Pulaski,0.11333333333333333,2015,2019
21,Kentucky,21201,Robertson,0.09666666666666668,2015,2019
21,Kentucky,21203,Rockcastle,0.11333333333333333,2015,2019
21,Kentucky,21205,Rowan,0.09999999999999999,2015,2019
21,Kentucky,21207,Russell,0.08666666666666667,2015,2019
21,Kentucky,21209,Scott,0.18333333333333335,2015,2019
21,Kentucky,21211,Shelby,0.16,2015,2019
21,Kentucky,21213,Simpson,0.15333333333333335,2015,2019
21,Kentucky,21215,Spencer,0.12666666666666668,2015,2019
21,Kentucky,21217,Taylor,0.09666666666666668,2015,2019
21,Kentucky,21219,Todd,0.11666666666666665,2015,2019
21,Kentucky,21221,Trigg,0.10666666666666667,2015,2019
21,Kentucky,21223,Trimble,0.15,2015,2019
21,Kentucky,21225,Union,0.12,2015,2019
21,Kentucky,21227,Warren,0.14666666666666667,2015,2019
21,Kentucky,21229,Washington,0.10333333333333333,2015,2019
21,Kentucky,21231,Wayne,0.07666666666666667,2015,2019
21,Kentucky,21233,Webster,0.12333333333333334,2015,2019
21,Kentucky,21235,Whitley,0.10333333333333333,2015,2019
21,Kentucky,21237,Wolfe,0.07333333333333335,2015,2019
21,Kentucky,21239,Woodford,0.15333333333333332,2015,2019
22,Louisiana,22001,Acadia,0.11333333333333333,2015,2019
22,Louisiana,22003,Allen,0.08333333333333333,2015,2019
22,Louisiana,22005,Ascension,0.27666666666666667,2015,2019
22,Louisiana,22007,Assumption,0.14666666666666667,2015,2019
22,Louisiana,22009,Avoyelles,0.09333333333333334,2015,2019
22,Louisiana,22011,Beauregard,0.08666666666666667,2015,2019
22,Louisiana,22013,Bienville,0.07666666666666667,2015,2019
22,Louisiana,22015,Bossier,0.09999999999999999,2015,2019
22,Louisiana,22017,Caddo,0.12666666666666668,2015,2019
22,Louisiana,22019,Calcasieu,0.15,2015,2019
22,Louisiana,22021,Caldwell,0.07333333333333335,2015,2019
22,Louisiana,22023,Cameron,0.08666666666666667,2015,2019
22,Louisiana,22025,Catahoula,0.07333333333333335,2015,2019
22,Louisiana,22027,Claiborne,0.06666666666666667,2015,2019
22,Louisiana,22029,Concordia,0.08333333333333333,2015,2019
22,Louisiana,22031,De Soto,0.08666666666666667,2015,2019
22,Louisiana,22033,East Baton Rouge,0.25666666666666665,2015,2019
22,Louisiana,22035,East Carroll,0.09000000000000001,2015,2019
22,Louisiana,22037,East Feliciana,0.10333333333333333,2015,2019
22,Louisiana,22039,Evangeline,0.09333333333333334,2015,2019
22,Louisiana,22041,Franklin,0.07333333333333335,2015,2019
22,Louisiana,22043,Grant,0.08333333333333333,2015,2019
22,Louisiana,22045,Iberia,0.12333333333333334,2015,2019
22,Louisiana,22047,Iberville,0.19000000000000003,2015,2019
22,Louisiana,22049,Jackson,0.07,2015,2019
22,Louisiana,22051,Jefferson,0.39999999999999997,2015,2019
22,Louisiana,22053,Jefferson Davis,0.10333333333333333,2015,2019
22,Louisiana,22055,Lafayette,0.19999999999999998,2015,2019
22,Louisiana,22057,Lafourche,0.18000000000000002,2015,2019
22,Louisiana,22059,La Salle,0.07,2015,2019
22,Louisiana,22061,Lincoln,0.09666666666666668,2015,2019
22,Louisiana,22063,Livingston,0.16333333333333333,2015,2019
22,Louisiana,22065,Madison,0.10333333333333333,2015,2019
22,Louisiana,22067,Morehouse,0.08333333333333333,2015,2019
22,Louisiana,22069,Natchitoches,0.07666666666666667,2015,2019
22,Louisiana,22071,Orleans,0.4466666666666666,2015,2019
22,Louisiana,22073,Ouachita,0.12,2015,2019
22,Louisiana,22075,Plaquemines,0.11333333333333333,2015,2019
22,Louisiana,22077,Pointe Coupee,0.13,2015,2019
22,Louisiana,22079,Rapides,0.09333333333333334,2015,2019
22,Louisiana,22081,Red River,0.07666666666666667,2015,2019
22,Louisiana,22083,Richland,0.09999999999999999,2015,2019
22,Louisiana,22085,Sabine,0.07,2015,2019
22,Louisiana,22087,St. Bernard,0.09999999999999999,2015,2019
22,Louisiana,22089,St. Charles,0.31,2015,2019
22,Louisiana,22091,St. Helena,0.09999999999999999,2015,2019
22,Louisiana,22093,St. James,0.32666666666666666,2015,2019
22,Louisiana,22095,St. John the Baptist,0.27999999999999997,2015,2019
22,Louisiana,22097,St. Landry,0.12,2015,2019
22,Louisiana,22099,St. Martin,0.14,2015,2019
22,Louisiana,22101,St. Mary,0.11666666666666665,2015,2019
22,Louisiana,22103,St. Tammany,0.15333333333333335,2015,2019
22,Louisiana,22105,Tangipahoa,0.1466666666666667,2015,2019
22,Louisiana,22107,Tensas,0.08,2015,2019
22,Louisiana,22109,Terrebonne,0.12666666666666668,2015,2019
22,Louisiana,22111,Union,0.07333333333333335,2015,2019
22,Louisiana,22113,Vermilion,0.09666666666666668,2015,2019
22,Louisiana,22115,Vernon,0.07333333333333335,2015,2019
22,Louisiana,22117,Washington,0.08333333333333333,2015,2019
22,Louisiana,22119,Webster,0.09000000000000001,2015,2019
22,Louisiana,22121,West Baton Rouge,0.2833333333333333,2015,2019
22,Louisiana,22123,West Carroll,0.08333333333333333,2015,2019
22,Louisiana,22125,West Feliciana,0.09666666666666668,2015,2019
22,Louisiana,22127,Winn,0.06333333333333334,2015,2019
23,Maine,23001,Androscoggin,0.06333333333333334,2015,2019
23,Maine,23003,Aroostook,0.02,2015,2019
23,Maine,23005,Cumberland,0.08,2015,2019
23,Maine,23007,Franklin,0.02666666666666667,2015,2019
23,Maine,23009,Hancock,0.03666666666666667,2015,2019
23,Maine,23011,Kennebec,0.06,2015,2019
23,Maine,23013,Knox,0.049999999999999996,2015,2019
23,Maine,23015,Lincoln,0.05333333333333334,2015,2019
23,Maine,23017,Oxford,0.03333333333333333,2015,2019
23,Maine,23019,Penobscot,0.03333333333333333,2015,2019
23,Maine,23021,Piscataquis,0.023333333333333334,2015,2019
23,Maine,23023,Sagadahoc,0.07,2015,2019
23,Maine,23025,Somerset,0.03,2015,2019
23,Maine,23027,Waldo,0.04,2015,2019
23,Maine,23029,Washington,0.02666666666666667,2015,2019
23,Maine,23031,York,0.07333333333333335,2015,2019
24,Maryland,24001,Allegany,0.10333333333333333,2015,2019
24,Maryland,24003,Anne Arundel,0.24666666666666667,2015,2019
24,Maryland,24005,Baltimore,0.21666666666666667,2015,2019
24,Maryland,24009,Calvert,0.13,2015,2019
24,Maryland,24011,Caroline,0.11333333333333333,2015,2019
24,Maryland,24013,Carroll,0.15,2015,2019
24,Maryland,24015,Cecil,0.17666666666666667,2015,2019
24,Maryland,24017,Charles,0.14333333333333334,2015,2019
24,Maryland,24019,Dorchester,0.09999999999999999,2015,2019
24,Maryland,24021,Frederick,0.16,2015,2019
24,Maryland,24023,Garrett,0.06,2015,2019
24,Maryland,24025,Harford,0.17666666666666667,2015,2019
24,Maryland,24027,Howard,0.24,2015,2019
24,Maryland,24029,Kent,0.1366666666666667,2015,2019
24,Maryland,24031,Montgomery,0.26,2015,2019
24,Maryland,24033,Prince George's,0.25666666666666665,2015,2019
24,Maryland,24035,Queen Anne's,0.14333333333333334,2015,2019
24,Maryland,24037,St. Mary's,0.12,2015,2019
24,Maryland,24039,Somerset,0.09000000000000001,2015,2019
24,Maryland,24041,Talbot,0.12666666666666668,2015,2019
24,Maryland,24043,Washington,0.18000000000000002,2015,2019
24,Maryland,24045,Wicomico,0.09999999999999999,2015,2019
24,Maryland,24047,Worcester,0.09000000000000001,2015,2019
24,Maryland,24510,Baltimore City,0.36999999999999994,2015,2019
25,Massachusetts,25001,Barnstable,0.09333333333333334,2015,2019
25,Massachusetts,25003,Berkshire,0.07333333333333335,2015,2019
25,Massachusetts,25005,Bristol,0.15333333333333335,2015,2019
25,Massachusetts,25007,Dukes,0.07666666666666667,2015,2019
25,Massachusetts,25009,Essex,0.19333333333333333,2015,2019
25,Massachusetts,25011,Franklin,0.07333333333333335,2015,2019
25,Massachusetts,25013,Hampden,0.12333333333333334,2015,2019
25,Massachusetts,25015,Hampshire,0.09999999999999999,2015,2019
25,Massachusetts,25017,Middlesex,0.20333333333333334,2015,2019
25,Massachusetts,25019,Nantucket,0.08666666666666667,2015,2019
25,Massachusetts,25021,Norfolk,0.2333333333333333,2015,2019
25,Massachusetts,25023,Plymouth,0.14333333333333334,2015,2019
25,Massachusetts,25025,Suffolk,0.51,2015,2019
25,Massachusetts,25027,Worcester,0.11333333333333333,2015,2019
26,Michigan,26001,Alcona,0.04,2015,2019
26,Michigan,26003,Alger,0.03,2015,2019
26,Michigan,26005,Allegan,0.11333333333333333,2015,2019
26,Michigan,26007,Alpena,0.04,2015,2019
26,Michigan,26009,Antrim,0.043333333333333335,2015,2019
26,Michigan,26011,Arenac,0.06333333333333334,2015,2019
26,Michigan,26013,Baraga,0.02666666666666667,2015,2019
26,Michigan,26015,Barry,0.09666666666666668,2015,2019
26,Michigan,26017,Bay,0.08666666666666667,2015,2019
26,Michigan,26019,Benzie,0.05000000000000001,2015,2019
26,Michigan,26021,Berrien,0.14666666666666667,2015,2019
26,Michigan,26023,Branch,0.11333333333333333,2015,2019
26,Michigan,26025,Calhoun,0.11,2015,2019
26,Michigan,26027,Cass,0.14,2015,2019
26,Michigan,26029,Charlevoix,0.043333333333333335,2015,2019
26,Michigan,26031,Cheboygan,0.04,2015,2019
26,Michigan,26033,Chippewa,0.03333333333333333,2015,2019
26,Michigan,26035,Clare,0.05333333333333334,2015,2019
26,Michigan,26037,Clinton,0.10666666666666667,2015,2019
26,Michigan,26039,Crawford,0.043333333333333335,2015,2019
26,Michigan,26041,Delta,0.04,2015,2019
26,Michigan,26043,Dickinson,0.03333333333333333,2015,2019
26,Michigan,26045,Eaton,0.10666666666666667,2015,2019
26,Michigan,26047,Emmet,0.04,2015,2019
26,Michigan,26049,Genesee,0.12,2015,2019
26,Michigan,26051,Gladwin,0.05333333333333334,2015,2019
26,Michigan,26053,Gogebic,0.03,2015,2019
26,Michigan,26055,Grand Traverse,0.05333333333333334,2015,2019
26,Michigan,26057,Gratiot,0.08333333333333333,2015,2019
26,Michigan,26059,Hillsdale,0.10666666666666667,2015,2019
26,Michigan,26061,Houghton,0.02666666666666667,2015,2019
26,Michigan,26063,Huron,0.06333333333333334,2015,2019
26,Michigan,26065,Ingham,0.11666666666666665,2015,2019
26,Michigan,26067,Ionia,0.09999999999999999,2015,2019
26,Michigan,26069,Iosco,0.043333333333333335,2015,2019
26,Michigan,26071,Iron,0.03,2015,2019
26,Michigan,26073,Isabella,0.06666666666666667,2015,2019
26,Michigan,26075,Jackson,0.10333333333333333,2015,2019
26,Michigan,26077,Kalamazoo,0.13333333333333333,2015,2019
26,Michigan,26079,Kalkaska,0.043333333333333335,2015,2019
26,Michigan,26081,Kent,0.13,2015,2019
26,Michigan,26083,Keweenaw,0.02,2015,2019
26,Michigan,26085,Lake,0.05000000000000001,2015,2019
26,Michigan,26087,Lapeer,0.09999999999999999,2015,2019
26,Michigan,26089,Leelanau,0.05000000000000001,2015,2019
26,Michigan,26091,Lenawee,0.12333333333333334,2015,2019
26,Michigan,26093,Livingston,0.12,2015,2019
26,Michigan,26095,Luce,0.03,2015,2019
26,Michigan,26097,Mackinac,0.03333333333333333,2015,2019
26,Michigan,26099,Macomb,0.19333333333333333,2015,2019
26,Michigan,26101,Manistee,0.05333333333333334,2015,2019
26,Michigan,26103,Marquette,0.03,2015,2019
26,Michigan,26105,Mason,0.06333333333333334,2015,2019
26,Michigan,26107,Mecosta,0.06333333333333334,2015,2019
26,Michigan,26109,Menominee,0.043333333333333335,2015,2019
26,Michigan,26111,Midland,0.07333333333333335,2015,2019
26,Michigan,26113,Missaukee,0.04666666666666667,2015,2019
26,Michigan,26115,Monroe,0.16333333333333333,2015,2019
26,Michigan,26117,Montcalm,0.07666666666666667,2015,2019
26,Michigan,26119,Montmorency,0.03333333333333333,2015,2019
26,Michigan,26121,Muskegon,0.09000000000000001,2015,2019
26,Michigan,26123,Newaygo,0.06666666666666667,2015,2019
26,Michigan,26125,Oakland,0.18666666666666668,2015,2019
26,Michigan,26127,Oceana,0.07333333333333335,2015,2019
26,Michigan,26129,Ogemaw,0.05000000000000001,2015,2019
26,Michigan,26131,Ontonagon,0.02666666666666667,2015,2019
26,Michigan,26133,Osceola,0.05333333333333334,2015,2019
26,Michigan,26135,Oscoda,0.03666666666666667,2015,2019
26,Michigan,26137,Otsego,0.043333333333333335,2015,2019
26,Michigan,26139,Ottawa,0.13333333333333333,2015,2019
26,Michigan,26141,Presque Isle,0.03333333333333333,2015,2019
26,Michigan,26143,Roscommon,0.04666666666666667,2015,2019
26,Michigan,26145,Saginaw,0.09333333333333334,2015,2019
26,Michigan,26147,St. Clair,0.10666666666666667,2015,2019
26,Michigan,26149,St. Joseph,0.12333333333333334,2015,2019
26,Michigan,26151,Sanilac,0.07333333333333335,2015,2019
26,Michigan,26153,Schoolcraft,0.03333333333333333,2015,2019
26,Michigan,26155,Shiawassee,0.10333333333333333,2015,2019
26,Michigan,26157,Tuscola,0.08,2015,2019
26,Michigan,26159,Van Buren,0.12,2015,2019
26,Michigan,26161,Washtenaw,0.14,2015,2019
26,Michigan,26163,Wayne,0.25666666666666665,2015,2019
26,Michigan,26165,Wexford,0.05000000000000001,2015,2019
27,Minnesota,27001,Aitkin,0.043333333333333335,2015,2019
27,Minnesota,27003,Anoka,0.17666666666666667,2015,2019
27,Minnesota,27005,Becker,0.06,2015,2019
27,Minnesota,27007,Beltrami,0.03,2015,2019
27,Minnesota,27009,Benton,0.10333333333333333,2015,2019
27,Minnesota,27011,Big Stone,0.06333333333333334,2015,2019
27,Minnesota,27013,Blue Earth,0.09333333333333334,2015,2019
27,Minnesota,27015,Brown,0.08333333333333333,2015,2019
27,Minnesota,27017,Carlton,0.056666666666666664,2015,2019
27,Minnesota,27019,Carver,0.12666666666666668,2015,2019
27,Minnesota,27021,Cass,0.04,2015,2019
27,Minnesota,27023,Chippewa,0.08333333333333333,2015,2019
27,Minnesota,27025,Chisago,0.09666666666666668,2015,2019
27,Minnesota,27027,Clay,0.10333333333333333,2015,2019
27,Minnesota,27029,Clearwater,0.04,2015,2019
27,Minnesota,27031,Cook,0.02,2015,2019
27,Minnesota,27033,Cottonwood,0.07333333333333335,2015,2019
27,Minnesota,27035,Crow Wing,0.06,2015,2019
27,Minnesota,27037,Dakota,0.16333333333333333,2015,2019
27,Minnesota,27039,Dodge,0.09333333333333334,2015,2019
27,Minnesota,27041,Douglas,0.07333333333333335,2015,2019
27,Minnesota,27043,Faribault,0.08666666666666667,2015,2019
27,Minnesota,27045,Fillmore,0.08333333333333333,2015,2019
27,Minnesota,27047,Freeborn,0.08666666666666667,2015,2019
27,Minnesota,27049,Goodhue,0.10666666666666667,2015,2019
27,Minnesota,27051,Grant,0.08,2015,2019
27,Minnesota,27053,Hennepin,0.26,2015,2019
27,Minnesota,27055,Houston,0.08666666666666667,2015,2019
27,Minnesota,27057,Hubbard,0.04,2015,2019
27,Minnesota,27059,Isanti,0.10000000000000002,2015,2019
27,Minnesota,27061,Itasca,0.03,2015,2019
27,Minnesota,27063,Jackson,0.07666666666666667,2015,2019
27,Minnesota,27065,Kanabec,0.06666666666666667,2015,2019
27,Minnesota,27067,Kandiyohi,0.08333333333333333,2015,2019
27,Minnesota,27069,Kittson,0.043333333333333335,2015,2019
27,Minnesota,27071,Koochiching,0.03,2015,2019
27,Minnesota,27073,Lac qui Parle,0.06666666666666667,2015,2019
27,Minnesota,27075,Lake,0.02666666666666667,2015,2019
27,Minnesota,27077,Lake of the Woods,0.03,2015,2019
27,Minnesota,27079,Le Sueur,0.09666666666666668,2015,2019
27,Minnesota,27081,Lincoln,0.06,2015,2019
27,Minnesota,27083,Lyon,0.07333333333333335,2015,2019
27,Minnesota,27085,McLeod,0.09000000000000001,2015,2019
27,Minnesota,27087,Mahnomen,0.056666666666666664,2015,2019
27,Minnesota,27089,Marshall,0.05000000000000001,2015,2019
27,Minnesota,27091,Martin,0.08333333333333333,2015,2019
27,Minnesota,27093,Meeker,0.09000000000000001,2015,2019
27,Minnesota,27095,Mille Lacs,0.07666666666666667,2015,2019
27,Minnesota,27097,Morrison,0.08333333333333333,2015,2019
27,Minnesota,27099,Mower,0.08666666666666667,2015,2019
27,Minnesota,27101,Murray,0.07,2015,2019
27,Minnesota,27103,Nicollet,0.09333333333333334,2015,2019
27,Minnesota,27105,Nobles,0.07666666666666667,2015,2019
27,Minnesota,27107,Norman,0.07,2015,2019
27,Minnesota,27109,Olmsted,0.10333333333333333,2015,2019
27,Minnesota,27111,Otter Tail,0.07,2015,2019
27,Minnesota,27113,Pennington,0.05000000000000001,2015,2019
27,Minnesota,27115,Pine,0.06,2015,2019
27,Minnesota,27117,Pipestone,0.07666666666666667,2015,2019
27,Minnesota,27119,Polk,0.06666666666666667,2015,2019
27,Minnesota,27121,Pope,0.07333333333333335,2015,2019
27,Minnesota,27123,Ramsey,0.31666666666666665,2015,2019
27,Minnesota,27125,Red Lake,0.05000000000000001,2015,2019
27,Minnesota,27127,Redwood,0.08,2015,2019
27,Minnesota,27129,Renville,0.08,2015,2019
27,Minnesota,27131,Rice,0.10666666666666667,2015,2019
27,Minnesota,27133,Rock,0.08666666666666667,2015,2019
27,Minnesota,27135,Roseau,0.03666666666666667,2015,2019
27,Minnesota,27137,St. Louis,0.04,2015,2019
27,Minnesota,27139,Scott,0.1366666666666667,2015,2019
27,Minnesota,27141,Sherburne,0.13,2015,2019
27,Minnesota,27143,Sibley,0.09000000000000001,2015,2019
27,Minnesota,27145,Stearns,0.09666666666666668,2015,2019
27,Minnesota,27147,Steele,0.09666666666666668,2015,2019
27,Minnesota,27149,Stevens,0.08,2015,2019
27,Minnesota,27151,Swift,0.08,2015,2019
27,Minnesota,27153,Todd,0.07,2015,2019
27,Minnesota,27155,Traverse,0.07,2015,2019
27,Minnesota,27157,Wabasha,0.10333333333333333,2015,2019
27,Minnesota,27159,Wadena,0.06,2015,2019
27,Minnesota,27161,Waseca,0.09333333333333334,2015,2019
27,Minnesota,27163,Washington,0.17,2015,2019
27,Minnesota,27165,Watonwan,0.08333333333333333,2015,2019
27,Minnesota,27167,Wilkin,0.09000000000000001,2015,2019
27,Minnesota,27169,Winona,0.09666666666666668,2015,2019
27,Minnesota,27171,Wright,0.12,2015,2019
27,Minnesota,27173,Yellow Medicine,0.07,2015,2019
28,Mississippi,28001,Adams,0.08333333333333333,2015,2019
28,Mississippi,28003,Alcorn,0.09333333333333334,2015,2019
28,Mississippi,28005,Amite,0.07333333333333335,2015,2019
28,Mississippi,28007,Attala,0.06333333333333334,2015,2019
28,Mississippi,28009,Benton,0.08666666666666667,2015,2019
28,Mississippi,28011,Bolivar,0.09333333333333334,2015,2019
28,Mississippi,28013,Calhoun,0.07,2015,2019
28,Mississippi,28015,Carroll,0.07333333333333335,2015,2019
28,Mississippi,28017,Chickasaw,0.08,2015,2019
28,Mississippi,28019,Choctaw,0.06,2015,2019
28,Mississippi,28021,Claiborne,0.07,2015,2019
28,Mississippi,28023,Clarke,0.07,2015,2019
28,Mississippi,28025,Clay,0.08,2015,2019
28,Mississippi,28027,Coahoma,0.09333333333333334,2015,2019
28,Mississippi,28029,Copiah,0.08333333333333333,2015,2019
28,Mississippi,28031,Covington,0.08333333333333333,2015,2019
28,Mississippi,28033,DeSoto,0.15666666666666665,2015,2019
28,Mississippi,28035,Forrest,0.09999999999999999,2015,2019
28,Mississippi,28037,Franklin,0.06333333333333334,2015,2019
28,Mississippi,28039,George,0.08333333333333333,2015,2019
28,Mississippi,28041,Greene,0.06333333333333334,2015,2019
28,Mississippi,28043,Grenada,0.07666666666666667,2015,2019
28,Mississippi,28045,Hancock,0.10333333333333333,2015,2019
28,Mississippi,28047,Harrison,0.12666666666666668,2015,2019
28,Mississippi,28049,Hinds,0.12,2015,2019
28,Mississippi,28051,Holmes,0.08333333333333333,2015,2019
28,Mississippi,28053,Humphreys,0.08333333333333333,2015,2019
28,Mississippi,28055,Issaquena,0.08333333333333333,2015,2019
28,Mississippi,28057,Itawamba,0.08333333333333333,2015,2019
28,Mississippi,28059,Jackson,0.12333333333333334,2015,2019
28,Mississippi,28061,Jasper,0.07333333333333335,2015,2019
28,Mississippi,28063,Jefferson,0.06333333333333334,2015,2019
28,Mississippi,28065,Jefferson Davis,0.07,2015,2019
28,Mississippi,28067,Jones,0.09333333333333334,2015,2019
28,Mississippi,28069,Kemper,0.07,2015,2019
28,Mississippi,28071,Lafayette,0.08,2015,2019
28,Mississippi,28073,Lamar,0.08333333333333333,2015,2019
28,Mississippi,28075,Lauderdale,0.09333333333333334,2015,2019
28,Mississippi,28077,Lawrence,0.07333333333333335,2015,2019
28,Mississippi,28079,Leake,0.07333333333333335,2015,2019
28,Mississippi,28081,Lee,0.11333333333333333,2015,2019
28,Mississippi,28083,Leflore,0.09666666666666668,2015,2019
28,Mississippi,28085,Lincoln,0.08333333333333333,2015,2019
28,Mississippi,28087,Lowndes,0.09333333333333334,2015,2019
28,Mississippi,28089,Madison,0.11666666666666665,2015,2019
28,Mississippi,28091,Marion,0.07333333333333335,2015,2019
28,Mississippi,28093,Marshall,0.09999999999999999,2015,2019
28,Mississippi,28095,Monroe,0.09000000000000001,2015,2019
28,Mississippi,28097,Montgomery,0.07,2015,2019
28,Mississippi,28099,Neshoba,0.09333333333333334,2015,2019
28,Mississippi,28101,Newton,0.08333333333333333,2015,2019
28,Mississippi,28103,Noxubee,0.07333333333333335,2015,2019
28,Mississippi,28105,Oktibbeha,0.08,2015,2019
28,Mississippi,28107,Panola,0.09666666666666668,2015,2019
28,Mississippi,28109,Pearl River,0.09000000000000001,2015,2019
28,Mississippi,28111,Perry,0.06666666666666667,2015,2019
28,Mississippi,28113,Pike,0.09333333333333334,2015,2019
28,Mississippi,28115,Pontotoc,0.08666666666666667,2015,2019
28,Mississippi,28117,Prentiss,0.08333333333333333,2015,2019
28,Mississippi,28119,Quitman,0.10333333333333333,2015,2019
28,Mississippi,28121,Rankin,0.10000000000000002,2015,2019
28,Mississippi,28123,Scott,0.08333333333333333,2015,2019
28,Mississippi,28125,Sharkey,0.08,2015,2019
28,Mississippi,28127,Simpson,0.07666666666666667,2015,2019
28,Mississippi,28129,Smith,0.07,2015,2019
28,Mississippi,28131,Stone,0.07333333333333335,2015,2019
28,Mississippi,28133,Sunflower,0.08666666666666667,2015,2019
28,Mississippi,28135,Tallahatchie,0.08333333333333333,2015,2019
28,Mississippi,28137,Tate,0.10333333333333333,2015,2019
28,Mississippi,28139,Tippah,0.08333333333333333,2015,2019
28,Mississippi,28141,Tishomingo,0.08333333333333333,2015,2019
28,Mississippi,28143,Tunica,0.10666666666666667,2015,2019
28,Mississippi,28145,Union,0.10333333333333333,2015,2019
28,Mississippi,28147,Walthall,0.07333333333333335,2015,2019
28,Mississippi,28149,Warren,0.10333333333333333,2015,2019
28,Mississippi,28151,Washington,0.09000000000000001,2015,2019
28,Mississippi,28153,Wayne,0.06333333333333334,2015,2019
28,Mississippi,28155,Webster,0.06333333333333334,2015,2019
28,Mississippi,28157,Wilkinson,0.07333333333333335,2015,2019
28,Mississippi,28159,Winston,0.06333333333333334,2015,2019
28,Mississippi,28161,Yalobusha,0.07666666666666667,2015,2019
28,Mississippi,28163,Yazoo,0.09000000000000001,2015,2019
29,Missouri,29001,Adair,0.09666666666666668,2015,2019
29,Missouri,29003,Andrew,0.12333333333333334,2015,2019
29,Missouri,29005,Atchison,0.10000000000000002,2015,2019
29,Missouri,29007,Audrain,0.10000000000000002,2015,2019
29,Missouri,29009,Barry,0.08333333333333333,2015,2019
29,Missouri,29011,Barton,0.10666666666666667,2015,2019
29,Missouri,29013,Bates,0.11,2015,2019
29,Missouri,29015,Benton,0.08,2015,2019
29,Missouri,29017,Bollinger,0.10000000000000002,2015,2019
29,Missouri,29019,Boone,0.11666666666666665,2015,2019
29,Missouri,29021,Buchanan,0.16,2015,2019
29,Missouri,29023,Butler,0.12666666666666668,2015,2019
29,Missouri,29025,Caldwell,0.11666666666666665,2015,2019
29,Missouri,29027,Callaway,0.10000000000000002,2015,2019
29,Missouri,29029,Camden,0.08,2015,2019
29,Missouri,29031,Cape Girardeau,0.14666666666666667,2015,2019
29,Missouri,29033,Carroll,0.13,2015,2019
29,Missouri,29035,Carter,0.07333333333333335,2015,2019
29,Missouri,29037,Cass,0.14333333333333334,2015,2019
29,Missouri,29039,Cedar,0.08333333333333333,2015,2019
29,Missouri,29041,Chariton,0.11,2015,2019
29,Missouri,29043,Christian,0.09333333333333334,2015,2019
29,Missouri,29045,Clark,0.11333333333333333,2015,2019
29,Missouri,29047,Clay,0.22999999999999998,2015,2019
29,Missouri,29049,Clinton,0.1366666666666667,2015,2019
29,Missouri,29051,Cole,0.11666666666666665,2015,2019
29,Missouri,29053,Cooper,0.10666666666666667,2015,2019
29,Missouri,29055,Crawford,0.08333333333333333,2015,2019
29,Missouri,29057,Dade,0.09333333333333334,2015,2019
29,Missouri,29059,Dallas,0.08333333333333333,2015,2019
29,Missouri,29061,Daviess,0.10666666666666667,2015,2019
29,Missouri,29063,DeKalb,0.10666666666666667,2015,2019
29,Missouri,29065,Dent,0.06666666666666667,2015,2019
29,Missouri,29067,Douglas,0.07,2015,2019
29,Missouri,29069,Dunklin,0.1366666666666667,2015,2019
29,Missouri,29071,Franklin,0.12666666666666668,2015,2019
29,Missouri,29073,Gasconade,0.09000000000000001,2015,2019
29,Missouri,29075,Gentry,0.09333333333333334,2015,2019
29,Missouri,29077,Greene,0.14,2015,2019
29,Missouri,29079,Grundy,0.09666666666666668,2015,2019
29,Missouri,29081,Harrison,0.09000000000000001,2015,2019
29,Missouri,29083,Henry,0.09666666666666668,2015,2019
29,Missouri,29085,Hickory,0.08,2015,2019
29,Missouri,29087,Holt,0.12333333333333334,2015,2019
29,Missouri,29089,Howard,0.09666666666666668,2015,2019
29,Missouri,29091,Howell,0.08333333333333333,2015,2019
29,Missouri,29093,Iron,0.07333333333333335,2015,2019
29,Missouri,29095,Jackson,0.26333333333333336,2015,2019
29,Missouri,29097,Jasper,0.12333333333333334,2015,2019
29,Missouri,29099,Jefferson,0.14666666666666667,2015,2019
29,Missouri,29101,Johnson,0.10666666666666667,2015,2019
29,Missouri,29103,Knox,0.11,2015,2019
29,Missouri,29105,Laclede,0.08666666666666667,2015,2019
29,Missouri,29107,Lafayette,0.1366666666666667,2015,2019
29,Missouri,29109,Lawrence,0.10666666666666667,2015,2019
29,Missouri,29111,Lewis,0.11,2015,2019
29,Missouri,29113,Lincoln,0.1366666666666667,2015,2019
29,Missouri,29115,Linn,0.10333333333333333,2015,2019
29,Missouri,29117,Livingston,0.10666666666666667,2015,2019
29,Missouri,29119,McDonald,0.09666666666666668,2015,2019
29,Missouri,29121,Macon,0.10666666666666667,2015,2019
29,Missouri,29123,Madison,0.08,2015,2019
29,Missouri,29125,Maries,0.08,2015,2019
29,Missouri,29127,Marion,0.11333333333333333,2015,2019
29,Missouri,29129,Mercer,0.09000000000000001,2015,2019
29,Missouri,29131,Miller,0.08666666666666667,2015,2019
29,Missouri,29133,Mississippi,0.15333333333333332,2015,2019
29,Missouri,29135,Moniteau,0.10000000000000002,2015,2019
29,Missouri,29137,Monroe,0.09666666666666668,2015,2019
29,Missouri,29139,Montgomery,0.10666666666666667,2015,2019
29,Missouri,29141,Morgan,0.08666666666666667,2015,2019
29,Missouri,29143,New Madrid,0.14333333333333334,2015,2019
29,Missouri,29145,Newton,0.11666666666666665,2015,2019
29,Missouri,29147,Nodaway,0.09333333333333334,2015,2019
29,Missouri,29149,Oregon,0.08,2015,2019
29,Missouri,29151,Osage,0.09666666666666668,2015,2019
29,Missouri,29153,Ozark,0.06666666666666667,2015,2019
29,Missouri,29155,Pemiscot,0.14666666666666667,2015,2019
29,Missouri,29157,Perry,0.12,2015,2019
29,Missouri,29159,Pettis,0.10333333333333333,2015,2019
29,Missouri,29161,Phelps,0.08666666666666667,2015,2019
29,Missouri,29163,Pike,0.10666666666666667,2015,2019
29,Missouri,29165,Platte,0.20666666666666667,2015,2019
29,Missouri,29167,Polk,0.09666666666666668,2015,2019
29,Missouri,29169,Pulaski,0.08666666666666667,2015,2019
29,Missouri,29171,Putnam,0.08333333333333333,2015,2019
29,Missouri,29173,Ralls,0.10333333333333333,2015,2019
29,Missouri,29175,Randolph,0.10000000000000002,2015,2019
29,Missouri,29177,Ray,0.14666666666666667,2015,2019
29,Missouri,29179,Reynolds,0.06666666666666667,2015,2019
29,Missouri,29181,Ripley,0.08333333333333333,2015,2019
29,Missouri,29183,St. Charles,0.2333333333333333,2015,2019
29,Missouri,29185,St. Clair,0.08666666666666667,2015,2019
29,Missouri,29186,Ste. Genevieve,0.11,2015,2019
29,Missouri,29187,St. Francois,0.09666666666666668,2015,2019
29,Missouri,29189,St. Louis,0.3466666666666667,2015,2019
29,Missouri,29195,Saline,0.11666666666666665,2015,2019
29,Missouri,29197,Schuyler,0.09000000000000001,2015,2019
29,Missouri,29199,Scotland,0.10333333333333333,2015,2019
29,Missouri,29201,Scott,0.16333333333333333,2015,2019
29,Missouri,29203,Shannon,0.06333333333333334,2015,2019
29,Missouri,29205,Shelby,0.09666666666666668,2015,2019
29,Missouri,29207,Stoddard,0.14666666666666667,2015,2019
29,Missouri,29209,Stone,0.08666666666666667,2015,2019
29,Missouri,29211,Sullivan,0.09000000000000001,2015,2019
29,Missouri,29213,Taney,0.07666666666666667,2015,2019
29,Missouri,29215,Texas,0.07333333333333335,2015,2019
29,Missouri,29217,Vernon,0.10333333333333333,2015,2019
29,Missouri,29219,Warren,0.12333333333333334,2015,2019
29,Missouri,29221,Washington,0.08,2015,2019
29,Missouri,29223,Wayne,0.08333333333333333,2015,2019
29,Missouri,29225,Webster,0.09333333333333334,2015,2019
29,Missouri,29227,Worth,0.08666666666666667,2015,2019
29,Missouri,29229,Wright,0.08333333333333333,2015,2019
29,Missouri,29510,St. Louis City,0.5366666666666667,2015,2019
30,Montana,30001,Beaverhead,0.01,2015,2019
30,Montana,30003,Big Horn,0.03,2015,2019
30,Montana,30005,Blaine,0.02,2015,2019
30,Montana,30007,Broadwater,0.03,2015,2019
30,Montana,30009,Carbon,0.02,2015,2019
30,Montana,30011,Carter,0.02,2015,2019
30,Montana,30013,Cascade,0.02,2015,2019
30,Montana,30015,Chouteau,0.02,2015,2019
30,Montana,30017,Custer,0.02,2015,2019
30,Montana,30019,Daniels,0.02,2015,2019
30,Montana,30021,Dawson,0.023333333333333334,2015,2019
30,Montana,30023,Deer Lodge,0.01,2015,2019
30,Montana,30025,Fallon,0.02,2015,2019
30,Montana,30027,Fergus,0.01,2015,2019
30,Montana,30029,Flathead,0.03,2015,2019
30,Montana,30031,Gallatin,0.03333333333333333,2015,2019
30,Montana,30033,Garfield,0.01,2015,2019
30,Montana,30035,Glacier,0.02666666666666667,2015,2019
30,Montana,30037,Golden Valley,0.02,2015,2019
30,Montana,30039,Granite,0.02,2015,2019
30,Montana,30041,Hill,0.03,2015,2019
30,Montana,30043,Jefferson,0.02,2015,2019
30,Montana,30045,Judith Basin,0.01,2015,2019
30,Montana,30047,Lake,0.03,2015,2019
30,Montana,30049,Lewis and Clark,0.02,2015,2019
30,Montana,30051,Liberty,0.02666666666666667,2015,2019
30,Montana,30053,Lincoln,0.03333333333333333,2015,2019
30,Montana,30055,McCone,0.02,2015,2019
30,Montana,30057,Madison,0.01,2015,2019
30,Montana,30059,Meagher,0.01,2015,2019
30,Montana,30061,Mineral,0.03,2015,2019
30,Montana,30063,Missoula,0.03,2015,2019
30,Montana,30065,Musselshell,0.02,2015,2019
30,Montana,30067,Park,0.02,2015,2019
30,Montana,30069,Petroleum,0.01,2015,2019
30,Montana,30071,Phillips,0.02,2015,2019
30,Montana,30073,Pondera,0.02666666666666667,2015,2019
30,Montana,30075,Powder River,0.02,2015,2019
30,Montana,30077,Powell,0.023333333333333334,2015,2019
30,Montana,30079,Prairie,0.03,2015,2019
30,Montana,30081,Ravalli,0.01,2015,2019
30,Montana,30083,Richland,0.023333333333333334,2015,2019
30,Montana,30085,Roosevelt,0.03333333333333333,2015,2019
30,Montana,30087,Rosebud,0.02,2015,2019
30,Montana,30089,Sanders,0.03,2015,2019
30,Montana,30091,Sheridan,0.023333333333333334,2015,2019
30,Montana,30093,Silver Bow,0.02,2015,2019
30,Montana,30095,Stillwater,0.03,2015,2019
30,Montana,30097,Sweet Grass,0.02,2015,2019
30,Montana,30099,Teton,0.02,2015,2019
30,Montana,30101,Toole,0.03,2015,2019
30,Montana,30103,Treasure,0.03,2015,2019
30,Montana,30105,Valley,0.02,2015,2019
30,Montana,30107,Wheatland,0.01,2015,2019
30,Montana,30109,Wibaux,0.023333333333333334,2015,2019
30,Montana,30111,Yellowstone,0.043333333333333335,2015,2019
31,Nebraska,31001,Adams,0.09999999999999999,2015,2019
31,Nebraska,31003,Antelope,0.06,2015,2019
31,Nebraska,31005,Arthur,0.04,2015,2019
31,Nebraska,31007,Banner,0.04,2015,2019
31,Nebraska,31009,Blaine,0.06,2015,2019
31,Nebraska,31011,Boone,0.06666666666666667,2015,2019
31,Nebraska,31013,Box Butte,0.06,2015,2019
31,Nebraska,31015,Boyd,0.04,2015,2019
31,Nebraska,31017,Brown,0.04,2015,2019
31,Nebraska,31019,Buffalo,0.11333333333333333,2015,2019
31,Nebraska,31021,Burt,0.09333333333333334,2015,2019
31,Nebraska,31023,Butler,0.08666666666666667,2015,2019
31,Nebraska,31025,Cass,0.12333333333333334,2015,2019
31,Nebraska,31027,Cedar,0.06666666666666667,2015,2019
31,Nebraska,31029,Chase,0.04,2015,2019
31,Nebraska,31031,Cherry,0.03333333333333333,2015,2019
31,Nebraska,31033,Cheyenne,0.06666666666666667,2015,2019
31,Nebraska,31035,Clay,0.09333333333333334,2015,2019
31,Nebraska,31037,Colfax,0.09333333333333334,2015,2019
31,Nebraska,31039,Cuming,0.08,2015,2019
31,Nebraska,31041,Custer,0.07,2015,2019
31,Nebraska,31043,Dakota,0.09333333333333334,2015,2019
31,Nebraska,31045,Dawes,0.04,2015,2019
31,Nebraska,31047,Dawson,0.10333333333333333,2015,2019
31,Nebraska,31049,Deuel,0.08,2015,2019
31,Nebraska,31051,Dixon,0.07,2015,2019
31,Nebraska,31053,Dodge,0.10666666666666667,2015,2019
31,Nebraska,31055,Douglas,0.17333333333333334,2015,2019
31,Nebraska,31057,Dundy,0.04,2015,2019
31,Nebraska,31059,Fillmore,0.09000000000000001,2015,2019
31,Nebraska,31061,Franklin,0.06,2015,2019
31,Nebraska,31063,Frontier,0.05333333333333334,2015,2019
31,Nebraska,31065,Furnas,0.06,2015,2019
31,Nebraska,31067,Gage,0.08333333333333333,2015,2019
31,Nebraska,31069,Garden,0.06,2015,2019
31,Nebraska,31071,Garfield,0.04666666666666667,2015,2019
31,Nebraska,31073,Gosper,0.06,2015,2019
31,Nebraska,31075,Grant,0.06,2015,2019
31,Nebraska,31077,Greeley,0.06,2015,2019
31,Nebraska,31079,Hall,0.13333333333333333,2015,2019
31,Nebraska,31081,Hamilton,0.12333333333333334,2015,2019
31,Nebraska,31083,Harlan,0.06333333333333334,2015,2019
31,Nebraska,31085,Hayes,0.05000000000000001,2015,2019
31,Nebraska,31087,Hitchcock,0.04666666666666667,2015,2019
31,Nebraska,31089,Holt,0.04666666666666667,2015,2019
31,Nebraska,31091,Hooker,0.05333333333333334,2015,2019
31,Nebraska,31093,Howard,0.08333333333333333,2015,2019
31,Nebraska,31095,Jefferson,0.09333333333333334,2015,2019
31,Nebraska,31097,Johnson,0.09333333333333334,2015,2019
31,Nebraska,31099,Kearney,0.08333333333333333,2015,2019
31,Nebraska,31101,Keith,0.09333333333333334,2015,2019
31,Nebraska,31103,Keya Paha,0.03333333333333333,2015,2019
31,Nebraska,31105,Kimball,0.056666666666666664,2015,2019
31,Nebraska,31107,Knox,0.05333333333333334,2015,2019
31,Nebraska,31109,Lancaster,0.12333333333333334,2015,2019
31,Nebraska,31111,Lincoln,0.08,2015,2019
31,Nebraska,31113,Logan,0.04666666666666667,2015,2019
31,Nebraska,31115,Loup,0.04,2015,2019
31,Nebraska,31117,McPherson,0.043333333333333335,2015,2019
31,Nebraska,31119,Madison,0.07,2015,2019
31,Nebraska,31121,Merrick,0.12333333333333334,2015,2019
31,Nebraska,31123,Morrill,0.08,2015,2019
31,Nebraska,31125,Nance,0.08,2015,2019
31,Nebraska,31127,Nemaha,0.09333333333333334,2015,2019
31,Nebraska,31129,Nuckolls,0.07333333333333335,2015,2019
31,Nebraska,31131,Otoe,0.09333333333333334,2015,2019
31,Nebraska,31133,Pawnee,0.08333333333333333,2015,2019
31,Nebraska,31135,Perkins,0.05000000000000001,2015,2019
31,Nebraska,31137,Phelps,0.08,2015,2019
31,Nebraska,31139,Pierce,0.06666666666666667,2015,2019
31,Nebraska,31141,Platte,0.09333333333333334,2015,2019
31,Nebraska,31143,Polk,0.09333333333333334,2015,2019
31,Nebraska,31145,Red Willow,0.05000000000000001,2015,2019
31,Nebraska,31147,Richardson,0.11333333333333333,2015,2019
31,Nebraska,31149,Rock,0.04,2015,2019
31,Nebraska,31151,Saline,0.08333333333333333,2015,2019
31,Nebraska,31153,Sarpy,0.15333333333333332,2015,2019
31,Nebraska,31155,Saunders,0.10333333333333333,2015,2019
31,Nebraska,31157,Scotts Bluff,0.11,2015,2019
31,Nebraska,31159,Seward,0.12333333333333334,2015,2019
31,Nebraska,31161,Sheridan,0.05000000000000001,2015,2019
31,Nebraska,31163,Sherman,0.08333333333333333,2015,2019
31,Nebraska,31165,Sioux,0.04,2015,2019
31,Nebraska,31167,Stanton,0.07333333333333335,2015,2019
31,Nebraska,31169,Thayer,0.08666666666666667,2015,2019
31,Nebraska,31171,Thomas,0.06333333333333334,2015,2019
31,Nebraska,31173,Thurston,0.08333333333333333,2015,2019
31,Nebraska,31175,Valley,0.06,2015,2019
31,Nebraska,31177,Washington,0.11333333333333333,2015,2019
31,Nebraska,31179,Wayne,0.07,2015,2019
31,Nebraska,31181,Webster,0.06333333333333334,2015,2019
31,Nebraska,31183,Wheeler,0.05000000000000001,2015,2019
31,Nebraska,31185,York,0.12,2015,2019
32,Nevada,32001,Churchill,0.02,2015,2019
32,Nevada,32003,Clark,0.12666666666666668,2015,2019
32,Nevada,32005,Douglas,0.04,2015,2019
32,Nevada,32007,Elko,0.01,2015,2019
32,Nevada,32009,Esmeralda,0.01,2015,2019
32,Nevada,32011,Eureka,0.01,2015,2019
32,Nevada,32013,Humboldt,0.01,2015,2019
32,Nevada,32015,Lander,0.01,2015,2019
32,Nevada,32017,Lincoln,0.02,2015,2019
32,Nevada,32019,Lyon,0.03,2015,2019
32,Nevada,32021,Mineral,0.01,2015,2019
32,Nevada,32023,Nye,0.01,2015,2019
32,Nevada,32027,Pershing,0.013333333333333334,2015,2019
32,Nevada,32029,Storey,0.08333333333333333,2015,2019
32,Nevada,32031,Washoe,0.04,2015,2019
32,Nevada,32033,White Pine,0.01,2015,2019
32,Nevada,32510,Carson City,0.08666666666666667,2015,2019
33,New Hampshire,33001,Belknap,0.056666666666666664,2015,2019
33,New Hampshire,33003,Carroll,0.04,2015,2019
33,New Hampshire,33005,Cheshire,0.06333333333333334,2015,2019
33,New Hampshire,33007,Coos,0.02666666666666667,2015,2019
33,New Hampshire,33009,Grafton,0.043333333333333335,2015,2019
33,New Hampshire,33011,Hillsborough,0.08666666666666667,2015,2019
33,New Hampshire,33013,Merrimack,0.06333333333333334,2015,2019
33,New Hampshire,33015,Rockingham,0.11,2015,2019
33,New Hampshire,33017,Strafford,0.07666666666666667,2015,2019
33,New Hampshire,33019,Sullivan,0.05333333333333334,2015,2019
34,New Jersey,34001,Atlantic,0.13,2015,2019
34,New Jersey,34003,Bergen,0.52,2015,2019
34,New Jersey,34005,Burlington,0.21,2015,2019
34,New Jersey,34007,Camden,0.27666666666666667,2015,2019
34,New Jersey,34009,Cape May,0.13,2015,2019
34,New Jersey,34011,Cumberland,0.14,2015,2019
34,New Jersey,34013,Essex,0.5366666666666666,2015,2019
34,New Jersey,34015,Gloucester,0.2233333333333333,2015,2019
34,New Jersey,34017,Hudson,1.0833333333333333,2015,2019
34,New Jersey,34019,Hunterdon,0.22999999999999998,2015,2019
34,New Jersey,34021,Mercer,0.28,2015,2019
34,New Jersey,34023,Middlesex,0.37666666666666665,2015,2019
34,New Jersey,34025,Monmouth,0.23666666666666666,2015,2019
34,New Jersey,34027,Morris,0.24,2015,2019
34,New Jersey,34029,Ocean,0.17,2015,2019
34,New Jersey,34031,Passaic,0.27666666666666667,2015,2019
34,New Jersey,34033,Salem,0.18333333333333335,2015,2019
34,New Jersey,34035,Somerset,0.3133333333333333,2015,2019
34,New Jersey,34037,Sussex,0.12666666666666668,2015,2019
34,New Jersey,34039,Union,0.5099999999999999,2015,2019
34,New Jersey,34041,Warren,0.18333333333333335,2015,2019
35,New Mexico,35001,Bernalillo,0.14333333333333334,2015,2019
35,New Mexico,35003,Catron,0.01,2015,2019
35,New Mexico,35005,Chaves,0.02,2015,2019
35,New Mexico,35006,Cibola,0.03333333333333333,2015,2019
35,New Mexico,35007,Colfax,0.02,2015,2019
35,New Mexico,35009,Curry,0.056666666666666664,2015,2019
35,New Mexico,35011,De Baca,0.056666666666666664,2015,2019
35,New Mexico,35013,Dona Ana,0.07666666666666667,2015,2019
35,New Mexico,35015,Eddy,0.02,2015,2019
35,New Mexico,35017,Grant,0.013333333333333334,2015,2019
35,New Mexico,35019,Guadalupe,0.04,2015,2019
35,New Mexico,35021,Harding,0.02,2015,2019
35,New Mexico,35023,Hidalgo,0.02,2015,2019
35,New Mexico,35025,Lea,0.03,2015,2019
35,New Mexico,35027,Lincoln,0.02,2015,2019
35,New Mexico,35028,Los Alamos,0.04,2015,2019
35,New Mexico,35029,Luna,0.04,2015,2019
35,New Mexico,35031,McKinley,0.05000000000000001,2015,2019
35,New Mexico,35033,Mora,0.01,2015,2019
35,New Mexico,35035,Otero,0.02,2015,2019
35,New Mexico,35037,Quay,0.03666666666666667,2015,2019
35,New Mexico,35039,Rio Arriba,0.02,2015,2019
35,New Mexico,35041,Roosevelt,0.03,2015,2019
35,New Mexico,35043,Sandoval,0.04,2015,2019
35,New Mexico,35045,San Juan,0.023333333333333334,2015,2019
35,New Mexico,35047,San Miguel,0.02,2015,2019
35,New Mexico,35049,Santa Fe,0.05000000000000001,2015,2019
35,New Mexico,35051,Sierra,0.013333333333333334,2015,2019
35,New Mexico,35053,Socorro,0.02,2015,2019
35,New Mexico,35055,Taos,0.02,2015,2019
35,New Mexico,35057,Torrance,0.05000000000000001,2015,2019
35,New Mexico,35059,Union,0.02,2015,2019
35,New Mexico,35061,Valencia,0.09666666666666668,2015,2019
36,New York,36001,Albany,0.10666666666666667,2015,2019
36,New York,36003,Allegany,0.05333333333333334,2015,2019
36,New York,36005,Bronx,0.9033333333333333,2015,2019
36,New York,36007,Broome,0.09000000000000001,2015,2019
36,New York,36009,Cattaraugus,0.056666666666666664,2015,2019
36,New York,36011,Cayuga,0.07333333333333335,2015,2019
36,New York,36013,Chautauqua,0.07666666666666667,2015,2019
36,New York,36015,Chemung,0.08,2015,2019
36,New York,36017,Chenango,0.06333333333333334,2015,2019
36,New York,36019,Clinton,0.03666666666666667,2015,2019
36,New York,36021,Columbia,0.09333333333333334,2015,2019
36,New York,36023,Cortland,0.06333333333333334,2015,2019
36,New York,36025,Delaware,0.05333333333333334,2015,2019
36,New York,36027,Dutchess,0.1366666666666667,2015,2019
36,New York,36029,Erie,0.11,2015,2019
36,New York,36031,Essex,0.03333333333333333,2015,2019
36,New York,36033,Franklin,0.03,2015,2019
36,New York,36035,Fulton,0.06333333333333334,2015,2019
36,New York,36037,Genesee,0.09999999999999999,2015,2019
36,New York,36039,Greene,0.07333333333333335,2015,2019
36,New York,36041,Hamilton,0.03333333333333333,2015,2019
36,New York,36043,Herkimer,0.06333333333333334,2015,2019
36,New York,36045,Jefferson,0.05333333333333334,2015,2019
36,New York,36047,Kings,1.07,2015,2019
36,New York,36049,Lewis,0.043333333333333335,2015,2019
36,New York,36051,Livingston,0.07333333333333335,2015,2019
36,New York,36053,Madison,0.06666666666666667,2015,2019
36,New York,36055,Monroe,0.12,2015,2019
36,New York,36057,Montgomery,0.09666666666666668,2015,2019
36,New York,36059,Nassau,0.4033333333333333,2015,2019
36,New York,36061,New York,1.2833333333333334,2015,2019
36,New York,36063,Niagara,0.09666666666666666,2015,2019
36,New York,36065,Oneida,0.07333333333333335,2015,2019
36,New York,36067,Onondaga,0.09999999999999999,2015,2019
36,New York,36069,Ontario,0.07666666666666667,2015,2019
36,New York,36071,Orange,0.15000000000000002,2015,2019
36,New York,36073,Orleans,0.08,2015,2019
36,New York,36075,Oswego,0.06333333333333334,2015,2019
36,New York,36077,Otsego,0.056666666666666664,2015,2019
36,New York,36079,Putnam,0.17333333333333334,2015,2019
36,New York,36081,Queens,0.8266666666666667,2015,2019
36,New York,36083,Rensselaer,0.08666666666666667,2015,2019
36,New York,36085,Richmond,0.5733333333333334,2015,2019
36,New York,36087,Rockland,0.2966666666666667,2015,2019
36,New York,36089,St. Lawrence,0.03333333333333333,2015,2019
36,New York,36091,Saratoga,0.09000000000000001,2015,2019
36,New York,36093,Schenectady,0.11,2015,2019
36,New York,36095,Schoharie,0.05333333333333334,2015,2019
36,New York,36097,Schuyler,0.06333333333333334,2015,2019
36,New York,36099,Seneca,0.07666666666666667,2015,2019
36,New York,36101,Steuben,0.06333333333333334,2015,2019
36,New York,36103,Suffolk,0.19333333333333333,2015,2019
36,New York,36105,Sullivan,0.07333333333333335,2015,2019
36,New York,36107,Tioga,0.07,2015,2019
36,New York,36109,Tompkins,0.06333333333333334,2015,2019
36,New York,36111,Ulster,0.08666666666666667,2015,2019
36,New York,36113,Warren,0.043333333333333335,2015,2019
36,New York,36115,Washington,0.06333333333333334,2015,2019
36,New York,36117,Wayne,0.09000000000000001,2015,2019
36,New York,36119,Westchester,0.3133333333333333,2015,2019
36,New York,36121,Wyoming,0.06333333333333334,2015,2019
36,New York,36123,Yates,0.06333333333333334,2015,2019
37,North Carolina,37001,Alamance,0.12333333333333334,2015,2019
37,North Carolina,37003,Alexander,0.09666666666666666,2015,2019
37,North Carolina,37005,Alleghany,0.05333333333333334,2015,2019
37,North Carolina,37007,Anson,0.09999999999999999,2015,2019
37,North Carolina,37009,Ashe,0.05333333333333334,2015,2019
37,North Carolina,37011,Avery,0.05000000000000001,2015,2019
37,North Carolina,37013,Beaufort,0.06666666666666667,2015,2019
37,North Carolina,37015,Bertie,0.07,2015,2019
37,North Carolina,37017,Bladen,0.07333333333333335,2015,2019
37,North Carolina,37019,Brunswick,0.08666666666666667,2015,2019
37,North Carolina,37021,Buncombe,0.09000000000000001,2015,2019
37,North Carolina,37023,Burke,0.09666666666666668,2015,2019
37,North Carolina,37025,Cabarrus,0.18666666666666668,2015,2019
37,North Carolina,37027,Caldwell,0.08333333333333333,2015,2019
37,North Carolina,37029,Camden,0.07666666666666667,2015,2019
37,North Carolina,37031,Carteret,0.07333333333333335,2015,2019
37,North Carolina,37033,Caswell,0.09999999999999999,2015,2019
37,North Carolina,37035,Catawba,0.15,2015,2019
37,North Carolina,37037,Chatham,0.10666666666666667,2015,2019
37,North Carolina,37039,Cherokee,0.06333333333333334,2015,2019
37,North Carolina,37041,Chowan,0.07,2015,2019
37,North Carolina,37043,Clay,0.05333333333333334,2015,2019
37,North Carolina,37045,Cleveland,0.13,2015,2019
37,North Carolina,37047,Columbus,0.07666666666666667,2015,2019
37,North Carolina,37049,Craven,0.07,2015,2019
37,North Carolina,37051,Cumberland,0.12333333333333334,2015,2019
37,North Carolina,37053,Currituck,0.08,2015,2019
37,North Carolina,37055,Dare,0.06666666666666667,2015,2019
37,North Carolina,37057,Davidson,0.15666666666666668,2015,2019
37,North Carolina,37059,Davie,0.14,2015,2019
37,North Carolina,37061,Duplin,0.08,2015,2019
37,North Carolina,37063,Durham,0.16666666666666666,2015,2019
37,North Carolina,37065,Edgecombe,0.09333333333333334,2015,2019
37,North Carolina,37067,Forsyth,0.17333333333333334,2015,2019
37,North Carolina,37069,Franklin,0.10333333333333333,2015,2019
37,North Carolina,37071,Gaston,0.17666666666666667,2015,2019
37,North Carolina,37073,Gates,0.08,2015,2019
37,North Carolina,37075,Graham,0.05000000000000001,2015,2019
37,North Carolina,37077,Granville,0.10333333333333333,2015,2019
37,North Carolina,37079,Greene,0.09000000000000001,2015,2019
37,North Carolina,37081,Guilford,0.16333333333333333,2015,2019
37,North Carolina,37083,Halifax,0.09333333333333334,2015,2019
37,North Carolina,37085,Harnett,0.11333333333333333,2015,2019
37,North Carolina,37087,Haywood,0.05333333333333334,2015,2019
37,North Carolina,37089,Henderson,0.09000000000000001,2015,2019
37,North Carolina,37091,Hertford,0.08333333333333333,2015,2019
37,North Carolina,37093,Hoke,0.09999999999999999,2015,2019
37,North Carolina,37095,Hyde,0.05333333333333334,2015,2019
37,North Carolina,37097,Iredell,0.14,2015,2019
37,North Carolina,37099,Jackson,0.05333333333333334,2015,2019
37,North Carolina,37101,Johnston,0.12666666666666668,2015,2019
37,North Carolina,37103,Jones,0.06666666666666667,2015,2019
37,North Carolina,37105,Lee,0.11333333333333333,2015,2019
37,North Carolina,37107,Lenoir,0.08333333333333333,2015,2019
37,North Carolina,37109,Lincoln,0.14,2015,2019
37,North Carolina,37111,McDowell,0.08,2015,2019
37,North Carolina,37113,Macon,0.05333333333333334,2015,2019
37,North Carolina,37115,Madison,0.06666666666666667,2015,2019
37,North Carolina,37117,Martin,0.08,2015,2019
37,North Carolina,37119,Mecklenburg,0.2733333333333334,2015,2019
37,North Carolina,37121,Mitchell,0.05333333333333334,2015,2019
37,North Carolina,37123,Montgomery,0.09000000000000001,2015,2019
37,North Carolina,37125,Moore,0.09333333333333334,2015,2019
37,North Carolina,37127,Nash,0.11333333333333333,2015,2019
37,North Carolina,37129,New Hanover,0.13333333333333333,2015,2019
37,North Carolina,37131,Northampton,0.09333333333333334,2015,2019
37,North Carolina,37133,Onslow,0.07666666666666667,2015,2019
37,North Carolina,37135,Orange,0.12333333333333334,2015,2019
37,North Carolina,37137,Pamlico,0.06333333333333334,2015,2019
37,North Carolina,37139,Pasquotank,0.08,2015,2019
37,North Carolina,37141,Pender,0.07333333333333335,2015,2019
37,North Carolina,37143,Perquimans,0.07333333333333335,2015,2019
37,North Carolina,37145,Person,0.09333333333333334,2015,2019
37,North Carolina,37147,Pitt,0.09666666666666668,2015,2019
37,North Carolina,37149,Polk,0.09999999999999999,2015,2019
37,North Carolina,37151,Randolph,0.11333333333333333,2015,2019
37,North Carolina,37153,Richmond,0.10333333333333333,2015,2019
37,North Carolina,37155,Robeson,0.11,2015,2019
37,North Carolina,37157,Rockingham,0.12,2015,2019
37,North Carolina,37159,Rowan,0.16,2015,2019
37,North Carolina,37161,Rutherford,0.09999999999999999,2015,2019
37,North Carolina,37163,Sampson,0.08333333333333333,2015,2019
37,North Carolina,37165,Scotland,0.09999999999999999,2015,2019
37,North Carolina,37167,Stanly,0.12,2015,2019
37,North Carolina,37169,Stokes,0.09333333333333334,2015,2019
37,North Carolina,37171,Surry,0.09999999999999999,2015,2019
37,North Carolina,37173,Swain,0.056666666666666664,2015,2019
37,North Carolina,37175,Transylvania,0.05333333333333334,2015,2019
37,North Carolina,37177,Tyrrell,0.056666666666666664,2015,2019
37,North Carolina,37179,Union,0.14666666666666667,2015,2019
37,North Carolina,37181,Vance,0.10333333333333333,2015,2019
37,North Carolina,37183,Wake,0.17666666666666667,2015,2019
37,North Carolina,37185,Warren,0.09000000000000001,2015,2019
37,North Carolina,37187,Washington,0.06666666666666667,2015,2019
37,North Carolina,37189,Watauga,0.056666666666666664,2015,2019
37,North Carolina,37191,Wayne,0.09999999999999999,2015,2019
37,North Carolina,37193,Wilkes,0.07333333333333335,2015,2019
37,North Carolina,37195,Wilson,0.12333333333333334,2015,2019
37,North Carolina,37197,Yadkin,0.11,2015,2019
37,North Carolina,37199,Yancey,0.05000000000000001,2015,2019
38,North Dakota,38001,Adams,0.03,2015,2019
38,North Dakota,38003,Barnes,0.07,2015,2019
38,North Dakota,38005,Benson,0.04666666666666667,2015,2019
38,North Dakota,38007,Billings,0.03,2015,2019
38,North Dakota,38009,Bottineau,0.03,2015,2019
38,North Dakota,38011,Bowman,0.023333333333333334,2015,2019
38,North Dakota,38013,Burke,0.03,2015,2019
38,North Dakota,38015,Burleigh,0.06333333333333334,2015,2019
38,North Dakota,38017,Cass,0.10666666666666667,2015,2019
38,North Dakota,38019,Cavalier,0.03666666666666667,2015,2019
38,North Dakota,38021,Dickey,0.05000000000000001,2015,2019
38,North Dakota,38023,Divide,0.03,2015,2019
38,North Dakota,38025,Dunn,0.03,2015,2019
38,North Dakota,38027,Eddy,0.056666666666666664,2015,2019
38,North Dakota,38029,Emmons,0.04,2015,2019
38,North Dakota,38031,Foster,0.06,2015,2019
38,North Dakota,38033,Golden Valley,0.03,2015,2019
38,North Dakota,38035,Grand Forks,0.07666666666666667,2015,2019
38,North Dakota,38037,Grant,0.03,2015,2019
38,North Dakota,38039,Griggs,0.056666666666666664,2015,2019
38,North Dakota,38041,Hettinger,0.03,2015,2019
38,North Dakota,38043,Kidder,0.04666666666666667,2015,2019
38,North Dakota,38045,LaMoure,0.05333333333333334,2015,2019
38,North Dakota,38047,Logan,0.04,2015,2019
38,North Dakota,38049,McHenry,0.05000000000000001,2015,2019
38,North Dakota,38051,McIntosh,0.04,2015,2019
38,North Dakota,38053,McKenzie,0.03,2015,2019
38,North Dakota,38055,McLean,0.04,2015,2019
38,North Dakota,38057,Mercer,0.03,2015,2019
38,North Dakota,38059,Morton,0.05000000000000001,2015,2019
38,North Dakota,38061,Mountrail,0.04,2015,2019
38,North Dakota,38063,Nelson,0.05000000000000001,2015,2019
38,North Dakota,38065,Oliver,0.04,2015,2019
38,North Dakota,38067,Pembina,0.05000000000000001,2015,2019
38,North Dakota,38069,Pierce,0.04666666666666667,2015,2019
38,North Dakota,38071,Ramsey,0.05000000000000001,2015,2019
38,North Dakota,38073,Ransom,0.06333333333333334,2015,2019
38,North Dakota,38075,Renville,0.03666666666666667,2015,2019
38,North Dakota,38077,Richland,0.08333333333333333,2015,2019
38,North Dakota,38079,Rolette,0.03,2015,2019
38,North Dakota,38081,Sargent,0.06,2015,2019
38,North Dakota,38083,Sheridan,0.04,2015,2019
38,North Dakota,38085,Sioux,0.03,2015,2019
38,North Dakota,38087,Slope,0.023333333333333334,2015,2019
38,North Dakota,38089,Stark,0.04666666666666667,2015,2019
38,North Dakota,38091,Steele,0.06,2015,2019
38,North Dakota,38093,Stutsman,0.056666666666666664,2015,2019
38,North Dakota,38095,Towner,0.03666666666666667,2015,2019
38,North Dakota,38097,Traill,0.08333333333333333,2015,2019
38,North Dakota,38099,Walsh,0.06,2015,2019
38,North Dakota,38101,Ward,0.05000000000000001,2015,2019
38,North Dakota,38103,Wells,0.05000000000000001,2015,2019
38,North Dakota,38105,Williams,0.04666666666666667,2015,2019
39,Ohio,39001,Adams,0.10000000000000002,2015,2019
39,Ohio,39003,Allen,0.15666666666666668,2015,2019
39,Ohio,39005,Ashland,0.14666666666666667,2015,2019
39,Ohio,39007,Ashtabula,0.12,2015,2019
39,Ohio,39009,Athens,0.09666666666666668,2015,2019
39,Ohio,39011,Auglaize,0.15333333333333335,2015,2019
39,Ohio,39013,Belmont,0.10666666666666667,2015,2019
39,Ohio,39015,Brown,0.12333333333333334,2015,2019
39,Ohio,39017,Butler,0.22666666666666666,2015,2019
39,Ohio,39019,Carroll,0.10666666666666667,2015,2019
39,Ohio,39021,Champaign,0.14,2015,2019
39,Ohio,39023,Clark,0.17333333333333334,2015,2019
39,Ohio,39025,Clermont,0.17333333333333334,2015,2019
39,Ohio,39027,Clinton,0.14333333333333334,2015,2019
39,Ohio,39029,Columbiana,0.13,2015,2019
39,Ohio,39031,Coshocton,0.10666666666666667,2015,2019
39,Ohio,39033,Crawford,0.15333333333333332,2015,2019
39,Ohio,39035,Cuyahoga,0.27999999999999997,2015,2019
39,Ohio,39037,Darke,0.15,2015,2019
39,Ohio,39039,Defiance,0.16,2015,2019
39,Ohio,39041,Delaware,0.21666666666666667,2015,2019
39,Ohio,39043,Erie,0.20666666666666667,2015,2019
39,Ohio,39045,Fairfield,0.14333333333333334,2015,2019
39,Ohio,39047,Fayette,0.14333333333333334,2015,2019
39,Ohio,39049,Franklin,0.3066666666666667,2015,2019
39,Ohio,39051,Fulton,0.17666666666666667,2015,2019
39,Ohio,39053,Gallia,0.09666666666666668,2015,2019
39,Ohio,39055,Geauga,0.14333333333333334,2015,2019
39,Ohio,39057,Greene,0.17,2015,2019
39,Ohio,39059,Guernsey,0.11333333333333333,2015,2019
39,Ohio,39061,Hamilton,0.3333333333333333,2015,2019
39,Ohio,39063,Hancock,0.15666666666666665,2015,2019
39,Ohio,39065,Hardin,0.13333333333333333,2015,2019
39,Ohio,39067,Harrison,0.09666666666666668,2015,2019
39,Ohio,39069,Henry,0.16,2015,2019
39,Ohio,39071,Highland,0.11666666666666665,2015,2019
39,Ohio,39073,Hocking,0.09666666666666668,2015,2019
39,Ohio,39075,Holmes,0.12,2015,2019
39,Ohio,39077,Huron,0.16,2015,2019
39,Ohio,39079,Jackson,0.10333333333333333,2015,2019
39,Ohio,39081,Jefferson,0.11,2015,2019
39,Ohio,39083,Knox,0.12333333333333334,2015,2019
39,Ohio,39085,Lake,0.19666666666666666,2015,2019
39,Ohio,39087,Lawrence,0.11666666666666665,2015,2019
39,Ohio,39089,Licking,0.15666666666666668,2015,2019
39,Ohio,39091,Logan,0.14,2015,2019
39,Ohio,39093,Lorain,0.19000000000000003,2015,2019
39,Ohio,39095,Lucas,0.20666666666666667,2015,2019
39,Ohio,39097,Madison,0.17333333333333334,2015,2019
39,Ohio,39099,Mahoning,0.16333333333333333,2015,2019
39,Ohio,39101,Marion,0.16,2015,2019
39,Ohio,39103,Medina,0.18666666666666668,2015,2019
39,Ohio,39105,Meigs,0.09666666666666668,2015,2019
39,Ohio,39107,Mercer,0.14666666666666667,2015,2019
39,Ohio,39109,Miami,0.18333333333333335,2015,2019
39,Ohio,39111,Monroe,0.08333333333333333,2015,2019
39,Ohio,39113,Montgomery,0.2333333333333333,2015,2019
39,Ohio,39115,Morgan,0.08666666666666667,2015,2019
39,Ohio,39117,Morrow,0.16,2015,2019
39,Ohio,39119,Muskingum,0.11333333333333333,2015,2019
39,Ohio,39121,Noble,0.09333333333333334,2015,2019
39,Ohio,39123,Ottawa,0.18666666666666668,2015,2019
39,Ohio,39125,Paulding,0.15333333333333335,2015,2019
39,Ohio,39127,Perry,0.10333333333333333,2015,2019
39,Ohio,39129,Pickaway,0.15666666666666665,2015,2019
39,Ohio,39131,Pike,0.11333333333333333,2015,2019
39,Ohio,39133,Portage,0.18000000000000002,2015,2019
39,Ohio,39135,Preble,0.16,2015,2019
39,Ohio,39137,Putnam,0.15,2015,2019
39,Ohio,39139,Richland,0.14,2015,2019
39,Ohio,39141,Ross,0.12666666666666668,2015,2019
39,Ohio,39143,Sandusky,0.18666666666666668,2015,2019
39,Ohio,39145,Scioto,0.11666666666666665,2015,2019
39,Ohio,39147,Seneca,0.17,2015,2019
39,Ohio,39149,Shelby,0.17,2015,2019
39,Ohio,39151,Stark,0.17,2015,2019
39,Ohio,39153,Summit,0.22666666666666666,2015,2019
39,Ohio,39155,Trumbull,0.14666666666666667,2015,2019
39,Ohio,39157,Tuscarawas,0.11666666666666665,2015,2019
39,Ohio,39159,Union,0.16,2015,2019
39,Ohio,39161,Van Wert,0.14,2015,2019
39,Ohio,39163,Vinton,0.08666666666666667,2015,2019
39,Ohio,39165,Warren,0.21666666666666667,2015,2019
39,Ohio,39167,Washington,0.09666666666666668,2015,2019
39,Ohio,39169,Wayne,0.16,2015,2019
39,Ohio,39171,Williams,0.16333333333333333,2015,2019
39,Ohio,39173,Wood,0.18666666666666668,2015,2019
39,Ohio,39175,Wyandot,0.14333333333333334,2015,2019
40,Oklahoma,40001,Adair,0.08333333333333333,2015,2019
40,Oklahoma,40003,Alfalfa,0.07333333333333335,2015,2019
40,Oklahoma,40005,Atoka,0.08333333333333333,2015,2019
40,Oklahoma,40007,Beaver,0.043333333333333335,2015,2019
40,Oklahoma,40009,Beckham,0.05333333333333334,2015,2019
40,Oklahoma,40011,Blaine,0.06,2015,2019
40,Oklahoma,40013,Bryan,0.09333333333333334,2015,2019
40,Oklahoma,40015,Caddo,0.07,2015,2019
40,Oklahoma,40017,Canadian,0.09333333333333334,2015,2019
40,Oklahoma,40019,Carter,0.10666666666666667,2015,2019
40,Oklahoma,40021,Cherokee,0.08,2015,2019
40,Oklahoma,40023,Choctaw,0.07666666666666667,2015,2019
40,Oklahoma,40025,Cimarron,0.03,2015,2019
40,Oklahoma,40027,Cleveland,0.1366666666666667,2015,2019
40,Oklahoma,40029,Coal,0.08333333333333333,2015,2019
40,Oklahoma,40031,Comanche,0.07333333333333335,2015,2019
40,Oklahoma,40033,Cotton,0.07666666666666667,2015,2019
40,Oklahoma,40035,Craig,0.11333333333333333,2015,2019
40,Oklahoma,40037,Creek,0.09999999999999999,2015,2019
40,Oklahoma,40039,Custer,0.06333333333333334,2015,2019
40,Oklahoma,40041,Delaware,0.08333333333333333,2015,2019
40,Oklahoma,40043,Dewey,0.05333333333333334,2015,2019
40,Oklahoma,40045,Ellis,0.05333333333333334,2015,2019
40,Oklahoma,40047,Garfield,0.08333333333333333,2015,2019
40,Oklahoma,40049,Garvin,0.09999999999999999,2015,2019
40,Oklahoma,40051,Grady,0.09333333333333334,2015,2019
40,Oklahoma,40053,Grant,0.07666666666666667,2015,2019
40,Oklahoma,40055,Greer,0.05000000000000001,2015,2019
40,Oklahoma,40057,Harmon,0.043333333333333335,2015,2019
40,Oklahoma,40059,Harper,0.04666666666666667,2015,2019
40,Oklahoma,40061,Haskell,0.07333333333333335,2015,2019
40,Oklahoma,40063,Hughes,0.07666666666666667,2015,2019
40,Oklahoma,40065,Jackson,0.05333333333333334,2015,2019
40,Oklahoma,40067,Jefferson,0.07666666666666667,2015,2019
40,Oklahoma,40069,Johnston,0.09000000000000001,2015,2019
40,Oklahoma,40071,Kay,0.09333333333333334,2015,2019
40,Oklahoma,40073,Kingfisher,0.08333333333333333,2015,2019
40,Oklahoma,40075,Kiowa,0.05333333333333334,2015,2019
40,Oklahoma,40077,Latimer,0.06333333333333334,2015,2019
40,Oklahoma,40079,Le Flore,0.07333333333333335,2015,2019
40,Oklahoma,40081,Lincoln,0.09333333333333334,2015,2019
40,Oklahoma,40083,Logan,0.11333333333333333,2015,2019
40,Oklahoma,40085,Love,0.11666666666666665,2015,2019
40,Oklahoma,40087,McClain,0.11666666666666665,2015,2019
40,Oklahoma,40089,McCurtain,0.07666666666666667,2015,2019
40,Oklahoma,40091,McIntosh,0.09333333333333334,2015,2019
40,Oklahoma,40093,Major,0.06333333333333334,2015,2019
40,Oklahoma,40095,Marshall,0.10333333333333333,2015,2019
40,Oklahoma,40097,Mayes,0.11,2015,2019
40,Oklahoma,40099,Murray,0.09666666666666668,2015,2019
40,Oklahoma,40101,Muskogee,0.10333333333333333,2015,2019
40,Oklahoma,40103,Noble,0.10333333333333333,2015,2019
40,Oklahoma,40105,Nowata,0.09666666666666668,2015,2019
40,Oklahoma,40107,Okfuskee,0.08333333333333333,2015,2019
40,Oklahoma,40109,Oklahoma,0.18000000000000002,2015,2019
40,Oklahoma,40111,Okmulgee,0.09333333333333334,2015,2019
40,Oklahoma,40113,Osage,0.08333333333333333,2015,2019
40,Oklahoma,40115,Ottawa,0.11333333333333333,2015,2019
40,Oklahoma,40117,Pawnee,0.08666666666666667,2015,2019
40,Oklahoma,40119,Payne,0.09333333333333334,2015,2019
40,Oklahoma,40121,Pittsburg,0.07333333333333335,2015,2019
40,Oklahoma,40123,Pontotoc,0.08333333333333333,2015,2019
40,Oklahoma,40125,Pottawatomie,0.09000000000000001,2015,2019
40,Oklahoma,40127,Pushmataha,0.06666666666666667,2015,2019
40,Oklahoma,40129,Roger Mills,0.043333333333333335,2015,2019
40,Oklahoma,40131,Rogers,0.13333333333333333,2015,2019
40,Oklahoma,40133,Seminole,0.08333333333333333,2015,2019
40,Oklahoma,40135,Sequoyah,0.11666666666666665,2015,2019
40,Oklahoma,40137,Stephens,0.07666666666666667,2015,2019
40,Oklahoma,40139,Texas,0.04666666666666667,2015,2019
40,Oklahoma,40141,Tillman,0.06,2015,2019
40,Oklahoma,40143,Tulsa,0.18333333333333335,2015,2019
40,Oklahoma,40145,Wagoner,0.12333333333333334,2015,2019
40,Oklahoma,40147,Washington,0.11,2015,2019
40,Oklahoma,40149,Washita,0.056666666666666664,2015,2019
40,Oklahoma,40151,Woods,0.07333333333333335,2015,2019
40,Oklahoma,40153,Woodward,0.06333333333333334,2015,2019
41,Oregon,41001,Baker,0.03,2015,2019
41,Oregon,41003,Benton,0.07333333333333335,2015,2019
41,Oregon,41005,Clackamas,0.17333333333333334,2015,2019
41,Oregon,41007,Clatsop,0.056666666666666664,2015,2019
41,Oregon,41009,Columbia,0.09666666666666668,2015,2019
41,Oregon,41011,Coos,0.03,2015,2019
41,Oregon,41013,Crook,0.02,2015,2019
41,Oregon,41015,Curry,0.02,2015,2019
41,Oregon,41017,Deschutes,0.056666666666666664,2015,2019
41,Oregon,41019,Douglas,0.056666666666666664,2015,2019
41,Oregon,41021,Gilliam,0.04,2015,2019
41,Oregon,41023,Grant,0.013333333333333334,2015,2019
41,Oregon,41025,Harney,0.01,2015,2019
41,Oregon,41027,Hood River,0.06,2015,2019
41,Oregon,41029,Jackson,0.05000000000000001,2015,2019
41,Oregon,41031,Jefferson,0.04,2015,2019
41,Oregon,41033,Josephine,0.04,2015,2019
41,Oregon,41035,Klamath,0.02,2015,2019
41,Oregon,41037,Lake,0.01,2015,2019
41,Oregon,41039,Lane,0.07,2015,2019
41,Oregon,41041,Lincoln,0.03333333333333333,2015,2019
41,Oregon,41043,Linn,0.13,2015,2019
41,Oregon,41045,Malheur,0.02,2015,2019
41,Oregon,41047,Marion,0.19666666666666666,2015,2019
41,Oregon,41049,Morrow,0.043333333333333335,2015,2019
41,Oregon,41051,Multnomah,0.3466666666666667,2015,2019
41,Oregon,41053,Polk,0.09999999999999999,2015,2019
41,Oregon,41055,Sherman,0.05000000000000001,2015,2019
41,Oregon,41057,Tillamook,0.03,2015,2019
41,Oregon,41059,Umatilla,0.056666666666666664,2015,2019
41,Oregon,41061,Union,0.04,2015,2019
41,Oregon,41063,Wallowa,0.01,2015,2019
41,Oregon,41065,Wasco,0.04666666666666667,2015,2019
41,Oregon,41067,Washington,0.18333333333333335,2015,2019
41,Oregon,41069,Wheeler,0.02,2015,2019
41,Oregon,41071,Yamhill,0.11333333333333333,2015,2019
42,Pennsylvania,42001,Adams,0.14,2015,2019
42,Pennsylvania,42003,Allegheny,0.24,2015,2019
42,Pennsylvania,42005,Armstrong,0.11,2015,2019
42,Pennsylvania,42007,Beaver,0.16666666666666666,2015,2019
42,Pennsylvania,42009,Bedford,0.09999999999999999,2015,2019
42,Pennsylvania,42011,Berks,0.18999999999999997,2015,2019
42,Pennsylvania,42013,Blair,0.11,2015,2019
42,Pennsylvania,42015,Bradford,0.07,2015,2019
42,Pennsylvania,42017,Bucks,0.22666666666666666,2015,2019
42,Pennsylvania,42019,Butler,0.13,2015,2019
42,Pennsylvania,42021,Cambria,0.09000000000000001,2015,2019
42,Pennsylvania,42023,Cameron,0.06,2015,2019
42,Pennsylvania,42025,Carbon,0.11666666666666665,2015,2019
42,Pennsylvania,42027,Centre,0.09333333333333334,2015,2019
42,Pennsylvania,42029,Chester,0.20666666666666667,2015,2019
42,Pennsylvania,42031,Clarion,0.09666666666666668,2015,2019
42,Pennsylvania,42033,Clearfield,0.08,2015,2019
42,Pennsylvania,42035,Clinton,0.08666666666666667,2015,2019
42,Pennsylvania,42037,Columbia,0.11,2015,2019
42,Pennsylvania,42039,Crawford,0.09000000000000001,2015,2019
42,Pennsylvania,42041,Cumberland,0.17333333333333334,2015,2019
42,Pennsylvania,42043,Dauphin,0.17666666666666667,2015,2019
42,Pennsylvania,42045,Delaware,0.28,2015,2019
42,Pennsylvania,42047,Elk,0.06666666666666667,2015,2019
42,Pennsylvania,42049,Erie,0.10333333333333333,2015,2019
42,Pennsylvania,42051,Fayette,0.10333333333333333,2015,2019
42,Pennsylvania,42053,Forest,0.06666666666666667,2015,2019
42,Pennsylvania,42055,Franklin,0.15,2015,2019
42,Pennsylvania,42057,Fulton,0.11,2015,2019
42,Pennsylvania,42059,Greene,0.12,2015,2019
42,Pennsylvania,42061,Huntingdon,0.09999999999999999,2015,2019
42,Pennsylvania,42063,Indiana,0.09999999999999999,2015,2019
42,Pennsylvania,42065,Jefferson,0.08333333333333333,2015,2019
42,Pennsylvania,42067,Juniata,0.11333333333333334,2015,2019
42,Pennsylvania,42069,Lackawanna,0.12,2015,2019
42,Pennsylvania,42071,Lancaster,0.20666666666666667,2015,2019
42,Pennsylvania,42073,Lawrence,0.15,2015,2019
42,Pennsylvania,42075,Lebanon,0.19666666666666666,2015,2019
42,Pennsylvania,42077,Lehigh,0.21666666666666667,2015,2019
42,Pennsylvania,42079,Luzerne,0.10666666666666667,2015,2019
42,Pennsylvania,42081,Lycoming,0.08333333333333333,2015,2019
42,Pennsylvania,42083,McKean,0.05333333333333334,2015,2019
42,Pennsylvania,42085,Mercer,0.12666666666666668,2015,2019
42,Pennsylvania,42087,Mifflin,0.10666666666666667,2015,2019
42,Pennsylvania,42089,Monroe,0.11666666666666665,2015,2019
42,Pennsylvania,42091,Montgomery,0.26666666666666666,2015,2019
42,Pennsylvania,42093,Montour,0.15,2015,2019
42,Pennsylvania,42095,Northampton,0.19333333333333333,2015,2019
42,Pennsylvania,42097,Northumberland,0.1366666666666667,2015,2019
42,Pennsylvania,42099,Perry,0.12666666666666668,2015,2019
42,Pennsylvania,42101,Philadelphia,0.39666666666666667,2015,2019
42,Pennsylvania,42103,Pike,0.09000000000000001,2015,2019
42,Pennsylvania,42105,Potter,0.049999999999999996,2015,2019
42,Pennsylvania,42107,Schuylkill,0.12,2015,2019
42,Pennsylvania,42109,Snyder,0.11,2015,2019
42,Pennsylvania,42111,Somerset,0.08666666666666667,2015,2019
42,Pennsylvania,42113,Sullivan,0.06,2015,2019
42,Pennsylvania,42115,Susquehanna,0.08,2015,2019
42,Pennsylvania,42117,Tioga,0.06,2015,2019
42,Pennsylvania,42119,Union,0.11666666666666665,2015,2019
42,Pennsylvania,42121,Venango,0.09000000000000001,2015,2019
42,Pennsylvania,42123,Warren,0.06333333333333334,2015,2019
42,Pennsylvania,42125,Washington,0.16,2015,2019
42,Pennsylvania,42127,Wayne,0.07333333333333335,2015,2019
42,Pennsylvania,42129,Westmoreland,0.14666666666666667,2015,2019
42,Pennsylvania,42131,Wyoming,0.08,2015,2019
42,Pennsylvania,42133,York,0.17666666666666667,2015,2019
44,Rhode Island,44001,Bristol,0.16666666666666666,2015,2019
44,Rhode Island,44003,Kent,0.12666666666666668,2015,2019
44,Rhode Island,44005,Newport,0.14,2015,2019
44,Rhode Island,44007,Providence,0.15333333333333335,2015,2019
44,Rhode Island,44009,Washington,0.10666666666666667,2015,2019
45,South Carolina,45001,Abbeville,0.09999999999999999,2015,2019
45,South Carolina,45003,Aiken,0.11333333333333333,2015,2019
45,South Carolina,45005,Allendale,0.07666666666666667,2015,2019
45,South Carolina,45007,Anderson,0.16666666666666666,2015,2019
45,South Carolina,45009,Bamberg,0.08,2015,2019
45,South Carolina,45011,Barnwell,0.08,2015,2019
45,South Carolina,45013,Beaufort,0.12,2015,2019
45,South Carolina,45015,Berkeley,0.12,2015,2019
45,South Carolina,45017,Calhoun,0.12333333333333334,2015,2019
45,South Carolina,45019,Charleston,0.14333333333333334,2015,2019
45,South Carolina,45021,Cherokee,0.15666666666666668,2015,2019
45,South Carolina,45023,Chester,0.13,2015,2019
45,South Carolina,45025,Chesterfield,0.09000000000000001,2015,2019
45,South Carolina,45027,Clarendon,0.10333333333333333,2015,2019
45,South Carolina,45029,Colleton,0.09666666666666668,2015,2019
45,South Carolina,45031,Darlington,0.11666666666666665,2015,2019
45,South Carolina,45033,Dillon,0.11666666666666665,2015,2019
45,South Carolina,45035,Dorchester,0.13333333333333333,2015,2019
45,South Carolina,45037,Edgefield,0.09999999999999999,2015,2019
45,South Carolina,45039,Fairfield,0.11666666666666665,2015,2019
45,South Carolina,45041,Florence,0.11,2015,2019
45,South Carolina,45043,Georgetown,0.08,2015,2019
45,South Carolina,45045,Greenville,0.15333333333333335,2015,2019
45,South Carolina,45047,Greenwood,0.10333333333333333,2015,2019
45,South Carolina,45049,Hampton,0.08666666666666667,2015,2019
45,South Carolina,45051,Horry,0.09000000000000001,2015,2019
45,South Carolina,45053,Jasper,0.13,2015,2019
45,South Carolina,45055,Kershaw,0.11,2015,2019
45,South Carolina,45057,Lancaster,0.11666666666666665,2015,2019
45,South Carolina,45059,Laurens,0.13,2015,2019
45,South Carolina,45061,Lee,0.11,2015,2019
45,South Carolina,45063,Lexington,0.14666666666666667,2015,2019
45,South Carolina,45065,McCormick,0.09000000000000001,2015,2019
45,South Carolina,45067,Marion,0.09333333333333334,2015,2019
45,South Carolina,45069,Marlboro,0.09999999999999999,2015,2019
45,South Carolina,45071,Newberry,0.11333333333333333,2015,2019
45,South Carolina,45073,Oconee,0.09999999999999999,2015,2019
45,South Carolina,45075,Orangeburg,0.11,2015,2019
45,South Carolina,45077,Pickens,0.12,2015,2019
45,South Carolina,45079,Richland,0.17666666666666667,2015,2019
45,South Carolina,45081,Saluda,0.09666666666666668,2015,2019
45,South Carolina,45083,Spartanburg,0.18333333333333335,2015,2019
45,South Carolina,45085,Sumter,0.12,2015,2019
45,South Carolina,45087,Union,0.11,2015,2019
45,South Carolina,45089,Williamsburg,0.08333333333333333,2015,2019
45,South Carolina,45091,York,0.15666666666666668,2015,2019
46,South Dakota,46003,Aurora,0.05000000000000001,2015,2019
46,South Dakota,46005,Beadle,0.05000000000000001,2015,2019
46,South Dakota,46007,Bennett,0.03,2015,2019
46,South Dakota,46009,Bon Homme,0.056666666666666664,2015,2019
46,South Dakota,46011,Brookings,0.07,2015,2019
46,South Dakota,46013,Brown,0.05000000000000001,2015,2019
46,South Dakota,46015,Brule,0.04,2015,2019
46,South Dakota,46017,Buffalo,0.04,2015,2019
46,South Dakota,46019,Butte,0.02,2015,2019
46,South Dakota,46021,Campbell,0.03666666666666667,2015,2019
46,South Dakota,46023,Charles Mix,0.04666666666666667,2015,2019
46,South Dakota,46025,Clark,0.05000000000000001,2015,2019
46,South Dakota,46027,Clay,0.07,2015,2019
46,South Dakota,46029,Codington,0.06,2015,2019
46,South Dakota,46031,Corson,0.03,2015,2019
46,South Dakota,46033,Custer,0.03,2015,2019
46,South Dakota,46035,Davison,0.06,2015,2019
46,South Dakota,46037,Day,0.05000000000000001,2015,2019
46,South Dakota,46039,Deuel,0.056666666666666664,2015,2019
46,South Dakota,46041,Dewey,0.02666666666666667,2015,2019
46,South Dakota,46043,Douglas,0.05000000000000001,2015,2019
46,South Dakota,46045,Edmunds,0.04,2015,2019
46,South Dakota,46047,Fall River,0.04,2015,2019
46,South Dakota,46049,Faulk,0.04,2015,2019
46,South Dakota,46051,Grant,0.06,2015,2019
46,South Dakota,46053,Gregory,0.04,2015,2019
46,South Dakota,46055,Haakon,0.03,2015,2019
46,South Dakota,46057,Hamlin,0.06,2015,2019
46,South Dakota,46059,Hand,0.04,2015,2019
46,South Dakota,46061,Hanson,0.06,2015,2019
46,South Dakota,46063,Harding,0.02,2015,2019
46,South Dakota,46065,Hughes,0.04,2015,2019
46,South Dakota,46067,Hutchinson,0.06,2015,2019
46,South Dakota,46069,Hyde,0.03666666666666667,2015,2019
46,South Dakota,46071,Jackson,0.03,2015,2019
46,South Dakota,46073,Jerauld,0.043333333333333335,2015,2019
46,South Dakota,46075,Jones,0.03,2015,2019
46,South Dakota,46077,Kingsbury,0.05000000000000001,2015,2019
46,South Dakota,46079,Lake,0.06,2015,2019
46,South Dakota,46081,Lawrence,0.02,2015,2019
46,South Dakota,46083,Lincoln,0.08666666666666667,2015,2019
46,South Dakota,46085,Lyman,0.03666666666666667,2015,2019
46,South Dakota,46087,McCook,0.06666666666666667,2015,2019
46,South Dakota,46089,McPherson,0.04,2015,2019
46,South Dakota,46091,Marshall,0.05000000000000001,2015,2019
46,South Dakota,46093,Meade,0.02666666666666667,2015,2019
46,South Dakota,46095,Mellette,0.03,2015,2019
46,South Dakota,46097,Miner,0.06,2015,2019
46,South Dakota,46099,Minnehaha,0.09333333333333334,2015,2019
46,South Dakota,46101,Moody,0.07333333333333335,2015,2019
46,South Dakota,46102,Oglala Lakota,0.03,2015,2019
46,South Dakota,46103,Pennington,0.03,2015,2019
46,South Dakota,46105,Perkins,0.02,2015,2019
46,South Dakota,46107,Potter,0.03666666666666667,2015,2019
46,South Dakota,46109,Roberts,0.06,2015,2019
46,South Dakota,46111,Sanborn,0.05333333333333334,2015,2019
46,South Dakota,46115,Spink,0.05000000000000001,2015,2019
46,South Dakota,46117,Stanley,0.03,2015,2019
46,South Dakota,46119,Sully,0.03,2015,2019
46,South Dakota,46121,Todd,0.03,2015,2019
46,South Dakota,46123,Tripp,0.03,2015,2019
46,South Dakota,46125,Turner,0.06666666666666667,2015,2019
46,South Dakota,46127,Union,0.08666666666666667,2015,2019
46,South Dakota,46129,Walworth,0.04,2015,2019
46,South Dakota,46135,Yankton,0.06666666666666667,2015,2019
46,South Dakota,46137,Ziebach,0.02,2015,2019
47,Tennessee,47001,Anderson,0.14,2015,2019
47,Tennessee,47003,Bedford,0.11666666666666665,2015,2019
47,Tennessee,47005,Benton,0.09666666666666668,2015,2019
47,Tennessee,47007,Bledsoe,0.08,2015,2019
47,Tennessee,47009,Blount,0.11,2015,2019
47,Tennessee,47011,Bradley,0.16666666666666666,2015,2019
47,Tennessee,47013,Campbell,0.09333333333333334,2015,2019
47,Tennessee,47015,Cannon,0.09333333333333334,2015,2019
47,Tennessee,47017,Carroll,0.09333333333333334,2015,2019
47,Tennessee,47019,Carter,0.06666666666666667,2015,2019
47,Tennessee,47021,Cheatham,0.15333333333333335,2015,2019
47,Tennessee,47023,Chester,0.08,2015,2019
47,Tennessee,47025,Claiborne,0.08333333333333333,2015,2019
47,Tennessee,47027,Clay,0.08,2015,2019
47,Tennessee,47029,Cocke,0.09333333333333334,2015,2019
47,Tennessee,47031,Coffee,0.12666666666666668,2015,2019
47,Tennessee,47033,Crockett,0.10333333333333333,2015,2019
47,Tennessee,47035,Cumberland,0.08666666666666667,2015,2019
47,Tennessee,47037,Davidson,0.31333333333333335,2015,2019
47,Tennessee,47039,Decatur,0.08666666666666667,2015,2019
47,Tennessee,47041,DeKalb,0.09000000000000001,2015,2019
47,Tennessee,47043,Dickson,0.12333333333333334,2015,2019
47,Tennessee,47045,Dyer,0.11666666666666665,2015,2019
47,Tennessee,47047,Fayette,0.11,2015,2019
47,Tennessee,47049,Fentress,0.07333333333333335,2015,2019
47,Tennessee,47051,Franklin,0.11666666666666665,2015,2019
47,Tennessee,47053,Gibson,0.09666666666666668,2015,2019
47,Tennessee,47055,Giles,0.11666666666666665,2015,2019
47,Tennessee,47057,Grainger,0.10666666666666667,2015,2019
47,Tennessee,47059,Greene,0.10666666666666667,2015,2019
47,Tennessee,47061,Grundy,0.08,2015,2019
47,Tennessee,47063,Hamblen,0.18333333333333335,2015,2019
47,Tennessee,47065,Hamilton,0.19333333333333333,2015,2019
47,Tennessee,47067,Hancock,0.07333333333333335,2015,2019
47,Tennessee,47069,Hardeman,0.08333333333333333,2015,2019
47,Tennessee,47071,Hardin,0.07666666666666667,2015,2019
47,Tennessee,47073,Hawkins,0.10666666666666667,2015,2019
47,Tennessee,47075,Haywood,0.12,2015,2019
47,Tennessee,47077,Henderson,0.09666666666666668,2015,2019
47,Tennessee,47079,Henry,0.08666666666666667,2015,2019
47,Tennessee,47081,Hickman,0.09666666666666668,2015,2019
47,Tennessee,47083,Houston,0.08333333333333333,2015,2019
47,Tennessee,47085,Humphreys,0.09666666666666668,2015,2019
47,Tennessee,47087,Jackson,0.08666666666666667,2015,2019
47,Tennessee,47089,Jefferson,0.19999999999999998,2015,2019
47,Tennessee,47091,Johnson,0.05333333333333334,2015,2019
47,Tennessee,47093,Knox,0.23666666666666666,2015,2019
47,Tennessee,47095,Lake,0.11333333333333333,2015,2019
47,Tennessee,47097,Lauderdale,0.12333333333333334,2015,2019
47,Tennessee,47099,Lawrence,0.09333333333333334,2015,2019
47,Tennessee,47101,Lewis,0.07666666666666667,2015,2019
47,Tennessee,47103,Lincoln,0.10333333333333333,2015,2019
47,Tennessee,47105,Loudon,0.18666666666666668,2015,2019
47,Tennessee,47107,McMinn,0.15,2015,2019
47,Tennessee,47109,McNairy,0.08333333333333333,2015,2019
47,Tennessee,47111,Macon,0.09666666666666668,2015,2019
47,Tennessee,47113,Madison,0.11666666666666665,2015,2019
47,Tennessee,47115,Marion,0.12666666666666668,2015,2019
47,Tennessee,47117,Marshall,0.12666666666666668,2015,2019
47,Tennessee,47119,Maury,0.13,2015,2019
47,Tennessee,47121,Meigs,0.13333333333333333,2015,2019
47,Tennessee,47123,Monroe,0.08666666666666667,2015,2019
47,Tennessee,47125,Montgomery,0.1366666666666667,2015,2019
47,Tennessee,47127,Moore,0.10000000000000002,2015,2019
47,Tennessee,47129,Morgan,0.09666666666666668,2015,2019
47,Tennessee,47131,Obion,0.10666666666666667,2015,2019
47,Tennessee,47133,Overton,0.08,2015,2019
47,Tennessee,47135,Perry,0.07333333333333335,2015,2019
47,Tennessee,47137,Pickett,0.07,2015,2019
47,Tennessee,47139,Polk,0.08333333333333333,2015,2019
47,Tennessee,47141,Putnam,0.11666666666666665,2015,2019
47,Tennessee,47143,Rhea,0.12666666666666668,2015,2019
47,Tennessee,47145,Roane,0.15333333333333335,2015,2019
47,Tennessee,47147,Robertson,0.16333333333333333,2015,2019
47,Tennessee,47149,Rutherford,0.19666666666666666,2015,2019
47,Tennessee,47151,Scott,0.08666666666666667,2015,2019
47,Tennessee,47153,Sequatchie,0.08666666666666667,2015,2019
47,Tennessee,47155,Sevier,0.09666666666666668,2015,2019
47,Tennessee,47157,Shelby,0.22,2015,2019
47,Tennessee,47159,Smith,0.12333333333333334,2015,2019
47,Tennessee,47161,Stewart,0.08333333333333333,2015,2019
47,Tennessee,47163,Sullivan,0.15666666666666668,2015,2019
47,Tennessee,47165,Sumner,0.16333333333333333,2015,2019
47,Tennessee,47167,Tipton,0.1366666666666667,2015,2019
47,Tennessee,47169,Trousdale,0.10666666666666667,2015,2019
47,Tennessee,47171,Unicoi,0.06666666666666667,2015,2019
47,Tennessee,47173,Union,0.10666666666666667,2015,2019
47,Tennessee,47175,Van Buren,0.07,2015,2019
47,Tennessee,47177,Warren,0.08666666666666667,2015,2019
47,Tennessee,47179,Washington,0.11666666666666665,2015,2019
47,Tennessee,47181,Wayne,0.07333333333333335,2015,2019
47,Tennessee,47183,Weakley,0.09000000000000001,2015,2019
47,Tennessee,47185,White,0.08333333333333333,2015,2019
47,Tennessee,47187,Williamson,0.19000000000000003,2015,2019
47,Tennessee,47189,Wilson,0.16333333333333333,2015,2019
48,Texas,48001,Anderson,0.08,2015,2019
48,Texas,48003,Andrews,0.03,2015,2019
48,Texas,48005,Angelina,0.08666666666666667,2015,2019
48,Texas,48007,Aransas,0.07333333333333335,2015,2019
48,Texas,48009,Archer,0.06666666666666667,2015,2019
48,Texas,48011,Armstrong,0.056666666666666664,2015,2019
48,Texas,48013,Atascosa,0.07,2015,2019
48,Texas,48015,Austin,0.12,2015,2019
48,Texas,48017,Bailey,0.04,2015,2019
48,Texas,48019,Bandera,0.043333333333333335,2015,2019
48,Texas,48021,Bastrop,0.08,2015,2019
48,Texas,48023,Baylor,0.05000000000000001,2015,2019
48,Texas,48025,Bee,0.05333333333333334,2015,2019
48,Texas,48027,Bell,0.12,2015,2019
48,Texas,48029,Bexar,0.14666666666666667,2015,2019
48,Texas,48031,Blanco,0.056666666666666664,2015,2019
48,Texas,48033,Borden,0.03666666666666667,2015,2019
48,Texas,48035,Bosque,0.08666666666666667,2015,2019
48,Texas,48037,Bowie,0.11333333333333333,2015,2019
48,Texas,48039,Brazoria,0.12666666666666668,2015,2019
48,Texas,48041,Brazos,0.12,2015,2019
48,Texas,48043,Brewster,0.01,2015,2019
48,Texas,48045,Briscoe,0.04,2015,2019
48,Texas,48047,Brooks,0.04,2015,2019
48,Texas,48049,Brown,0.056666666666666664,2015,2019
48,Texas,48051,Burleson,0.10333333333333333,2015,2019
48,Texas,48053,Burnet,0.06666666666666667,2015,2019
48,Texas,48055,Caldwell,0.08666666666666667,2015,2019
48,Texas,48057,Calhoun,0.06666666666666667,2015,2019
48,Texas,48059,Callahan,0.056666666666666664,2015,2019
48,Texas,48061,Cameron,0.05000000000000001,2015,2019
48,Texas,48063,Camp,0.10333333333333333,2015,2019
48,Texas,48065,Carson,0.06666666666666667,2015,2019
48,Texas,48067,Cass,0.08666666666666667,2015,2019
48,Texas,48069,Castro,0.05000000000000001,2015,2019
48,Texas,48071,Chambers,0.14,2015,2019
48,Texas,48073,Cherokee,0.07666666666666667,2015,2019
48,Texas,48075,Childress,0.056666666666666664,2015,2019
48,Texas,48077,Clay,0.08,2015,2019
48,Texas,48079,Cochran,0.03,2015,2019
48,Texas,48081,Coke,0.03,2015,2019
48,Texas,48083,Coleman,0.04666666666666667,2015,2019
48,Texas,48085,Collin,0.16333333333333333,2015,2019
48,Texas,48087,Collingsworth,0.05000000000000001,2015,2019
48,Texas,48089,Colorado,0.09666666666666668,2015,2019
48,Texas,48091,Comal,0.11,2015,2019
48,Texas,48093,Comanche,0.056666666666666664,2015,2019
48,Texas,48095,Concho,0.03666666666666667,2015,2019
48,Texas,48097,Cooke,0.13333333333333333,2015,2019
48,Texas,48099,Coryell,0.07666666666666667,2015,2019
48,Texas,48101,Cottle,0.04,2015,2019
48,Texas,48103,Crane,0.03333333333333333,2015,2019
48,Texas,48105,Crockett,0.02666666666666667,2015,2019
48,Texas,48107,Crosby,0.043333333333333335,2015,2019
48,Texas,48109,Culberson,0.02,2015,2019
48,Texas,48111,Dallam,0.04,2015,2019
48,Texas,48113,Dallas,0.24333333333333332,2015,2019
48,Texas,48115,Dawson,0.04,2015,2019
48,Texas,48117,Deaf Smith,0.05000000000000001,2015,2019
48,Texas,48119,Delta,0.09999999999999999,2015,2019
48,Texas,48121,Denton,0.19999999999999998,2015,2019
48,Texas,48123,DeWitt,0.06666666666666667,2015,2019
48,Texas,48125,Dickens,0.03666666666666667,2015,2019
48,Texas,48127,Dimmit,0.04,2015,2019
48,Texas,48129,Donley,0.056666666666666664,2015,2019
48,Texas,48131,Duval,0.04,2015,2019
48,Texas,48133,Eastland,0.06,2015,2019
48,Texas,48135,Ector,0.05333333333333334,2015,2019
48,Texas,48137,Edwards,0.02666666666666667,2015,2019
48,Texas,48139,Ellis,0.1366666666666667,2015,2019
48,Texas,48141,El Paso,0.11333333333333333,2015,2019
48,Texas,48143,Erath,0.06666666666666667,2015,2019
48,Texas,48145,Falls,0.09999999999999999,2015,2019
48,Texas,48147,Fannin,0.09000000000000001,2015,2019
48,Texas,48149,Fayette,0.08666666666666667,2015,2019
48,Texas,48151,Fisher,0.04666666666666667,2015,2019
48,Texas,48153,Floyd,0.04666666666666667,2015,2019
48,Texas,48155,Foard,0.05000000000000001,2015,2019
48,Texas,48157,Fort Bend,0.17,2015,2019
48,Texas,48159,Franklin,0.10333333333333333,2015,2019
48,Texas,48161,Freestone,0.09999999999999999,2015,2019
48,Texas,48163,Frio,0.06333333333333334,2015,2019
48,Texas,48165,Gaines,0.04,2015,2019
48,Texas,48167,Galveston,0.17333333333333334,2015,2019
48,Texas,48169,Garza,0.04,2015,2019
48,Texas,48171,Gillespie,0.04666666666666667,2015,2019
48,Texas,48173,Glasscock,0.03,2015,2019
48,Texas,48175,Goliad,0.056666666666666664,2015,2019
48,Texas,48177,Gonzales,0.07666666666666667,2015,2019
48,Texas,48179,Gray,0.056666666666666664,2015,2019
48,Texas,48181,Grayson,0.13333333333333333,2015,2019
48,Texas,48183,Gregg,0.12666666666666668,2015,2019
48,Texas,48185,Grimes,0.10333333333333333,2015,2019
48,Texas,48187,Guadalupe,0.09999999999999999,2015,2019
48,Texas,48189,Hale,0.056666666666666664,2015,2019
48,Texas,48191,Hall,0.05000000000000001,2015,2019
48,Texas,48193,Hamilton,0.06,2015,2019
48,Texas,48195,Hansford,0.04666666666666667,2015,2019
48,Texas,48197,Hardeman,0.056666666666666664,2015,2019
48,Texas,48199,Hardin,0.10333333333333333,2015,2019
48,Texas,48201,Harris,0.3,2015,2019
48,Texas,48203,Harrison,0.10333333333333333,2015,2019
48,Texas,48205,Hartley,0.05000000000000001,2015,2019
48,Texas,48207,Haskell,0.05333333333333334,2015,2019
48,Texas,48209,Hays,0.09666666666666668,2015,2019
48,Texas,48211,Hemphill,0.05333333333333334,2015,2019
48,Texas,48213,Henderson,0.08666666666666667,2015,2019
48,Texas,48215,Hidalgo,0.056666666666666664,2015,2019
48,Texas,48217,Hill,0.12333333333333334,2015,2019
48,Texas,48219,Hockley,0.05000000000000001,2015,2019
48,Texas,48221,Hood,0.09666666666666668,2015,2019
48,Texas,48223,Hopkins,0.10666666666666667,2015,2019
48,Texas,48225,Houston,0.08,2015,2019
48,Texas,48227,Howard,0.05333333333333334,2015,2019
48,Texas,48229,Hudspeth,0.03,2015,2019
48,Texas,48231,Hunt,0.11333333333333333,2015,2019
48,Texas,48233,Hutchinson,0.05000000000000001,2015,2019
48,Texas,48235,Irion,0.02666666666666667,2015,2019
48,Texas,48237,Jack,0.06666666666666667,2015,2019
48,Texas,48239,Jackson,0.07666666666666667,2015,2019
48,Texas,48241,Jasper,0.08333333333333333,2015,2019
48,Texas,48243,Jeff Davis,0.01,2015,2019
48,Texas,48245,Jefferson,0.16,2015,2019
48,Texas,48247,Jim Hogg,0.03,2015,2019
48,Texas,48249,Jim Wells,0.05000000000000001,2015,2019
48,Texas,48251,Johnson,0.14,2015,2019
48,Texas,48253,Jones,0.056666666666666664,2015,2019
48,Texas,48255,Karnes,0.056666666666666664,2015,2019
48,Texas,48257,Kaufman,0.11333333333333333,2015,2019
48,Texas,48259,Kendall,0.06666666666666667,2015,2019
48,Texas,48261,Kenedy,0.04,2015,2019
48,Texas,48263,Kent,0.03666666666666667,2015,2019
48,Texas,48265,Kerr,0.04,2015,2019
48,Texas,48267,Kimble,0.03333333333333333,2015,2019
48,Texas,48269,King,0.04,2015,2019
48,Texas,48271,Kinney,0.03,2015,2019
48,Texas,48273,Kleberg,0.05333333333333334,2015,2019
48,Texas,48275,Knox,0.05000000000000001,2015,2019
48,Texas,48277,Lamar,0.08666666666666667,2015,2019
48,Texas,48279,Lamb,0.05000000000000001,2015,2019
48,Texas,48281,Lampasas,0.06666666666666667,2015,2019
48,Texas,48283,La Salle,0.056666666666666664,2015,2019
48,Texas,48285,Lavaca,0.07,2015,2019
48,Texas,48287,Lee,0.08666666666666667,2015,2019
48,Texas,48289,Leon,0.09666666666666668,2015,2019
48,Texas,48291,Liberty,0.12333333333333334,2015,2019
48,Texas,48293,Limestone,0.09000000000000001,2015,2019
48,Texas,48295,Lipscomb,0.05000000000000001,2015,2019
48,Texas,48297,Live Oak,0.056666666666666664,2015,2019
48,Texas,48299,Llano,0.04666666666666667,2015,2019
48,Texas,48301,Loving,0.03,2015,2019
48,Texas,48303,Lubbock,0.06666666666666667,2015,2019
48,Texas,48305,Lynn,0.043333333333333335,2015,2019
48,Texas,48307,McCulloch,0.043333333333333335,2015,2019
48,Texas,48309,McLennan,0.12666666666666668,2015,2019
48,Texas,48311,McMullen,0.043333333333333335,2015,2019
48,Texas,48313,Madison,0.10333333333333333,2015,2019
48,Texas,48315,Marion,0.09333333333333334,2015,2019
48,Texas,48317,Martin,0.04666666666666667,2015,2019
48,Texas,48319,Mason,0.03666666666666667,2015,2019
48,Texas,48321,Matagorda,0.08,2015,2019
48,Texas,48323,Maverick,0.03666666666666667,2015,2019
48,Texas,48325,Medina,0.06666666666666667,2015,2019
48,Texas,48327,Menard,0.03,2015,2019
48,Texas,48329,Midland,0.05333333333333334,2015,2019
48,Texas,48331,Milam,0.09666666666666668,2015,2019
48,Texas,48333,Mills,0.056666666666666664,2015,2019
48,Texas,48335,Mitchell,0.05333333333333334,2015,2019
48,Texas,48337,Montague,0.09666666666666668,2015,2019
48,Texas,48339,Montgomery,0.16333333333333333,2015,2019
48,Texas,48341,Moore,0.06333333333333334,2015,2019
48,Texas,48343,Morris,0.09666666666666668,2015,2019
48,Texas,48345,Motley,0.03666666666666667,2015,2019
48,Texas,48347,Nacogdoches,0.08333333333333333,2015,2019
48,Texas,48349,Navarro,0.10333333333333333,2015,2019
48,Texas,48351,Newton,0.07333333333333335,2015,2019
48,Texas,48353,Nolan,0.04666666666666667,2015,2019
48,Texas,48355,Nueces,0.08,2015,2019
48,Texas,48357,Ochiltree,0.04666666666666667,2015,2019
48,Texas,48359,Oldham,0.05000000000000001,2015,2019
48,Texas,48361,Orange,0.18333333333333335,2015,2019
48,Texas,48363,Palo Pinto,0.07666666666666667,2015,2019
48,Texas,48365,Panola,0.08666666666666667,2015,2019
48,Texas,48367,Parker,0.11666666666666665,2015,2019
48,Texas,48369,Parmer,0.06666666666666667,2015,2019
48,Texas,48371,Pecos,0.02,2015,2019
48,Texas,48373,Polk,0.09000000000000001,2015,2019
48,Texas,48375,Potter,0.09333333333333334,2015,2019
48,Texas,48377,Presidio,0.01,2015,2019
48,Texas,48379,Rains,0.09666666666666668,2015,2019
48,Texas,48381,Randall,0.07666666666666667,2015,2019
48,Texas,48383,Reagan,0.03,2015,2019
48,Texas,48385,Real,0.03666666666666667,2015,2019
48,Texas,48387,Red River,0.07666666666666667,2015,2019
48,Texas,48389,Reeves,0.03,2015,2019
48,Texas,48391,Refugio,0.06,2015,2019
48,Texas,48393,Roberts,0.05000000000000001,2015,2019
48,Texas,48395,Robertson,0.09999999999999999,2015,2019
48,Texas,48397,Rockwall,0.15,2015,2019
48,Texas,48399,Runnels,0.04666666666666667,2015,2019
48,Texas,48401,Rusk,0.08666666666666667,2015,2019
48,Texas,48403,Sabine,0.06333333333333334,2015,2019
48,Texas,48405,San Augustine,0.06333333333333334,2015,2019
48,Texas,48407,San Jacinto,0.10666666666666667,2015,2019
48,Texas,48409,San Patricio,0.08666666666666667,2015,2019
48,Texas,48411,San Saba,0.04666666666666667,2015,2019
48,Texas,48413,Schleicher,0.03,2015,2019
48,Texas,48415,Scurry,0.04666666666666667,2015,2019
48,Texas,48417,Shackelford,0.05000000000000001,2015,2019
48,Texas,48419,Shelby,0.07333333333333335,2015,2019
48,Texas,48421,Sherman,0.056666666666666664,2015,2019
48,Texas,48423,Smith,0.10666666666666667,2015,2019
48,Texas,48425,Somervell,0.08666666666666667,2015,2019
48,Texas,48427,Starr,0.03,2015,2019
48,Texas,48429,Stephens,0.056666666666666664,2015,2019
48,Texas,48431,Sterling,0.03,2015,2019
48,Texas,48433,Stonewall,0.04,2015,2019
48,Texas,48435,Sutton,0.03,2015,2019
48,Texas,48437,Swisher,0.05000000000000001,2015,2019
48,Texas,48439,Tarrant,0.22999999999999998,2015,2019
48,Texas,48441,Taylor,0.06666666666666667,2015,2019
48,Texas,48443,Terrell,0.02,2015,2019
48,Texas,48445,Terry,0.04666666666666667,2015,2019
48,Texas,48447,Throckmorton,0.05000000000000001,2015,2019
48,Texas,48449,Titus,0.10333333333333333,2015,2019
48,Texas,48451,Tom Green,0.04,2015,2019
48,Texas,48453,Travis,0.13,2015,2019
48,Texas,48455,Trinity,0.07666666666666667,2015,2019
48,Texas,48457,Tyler,0.07,2015,2019
48,Texas,48459,Upshur,0.09999999999999999,2015,2019
48,Texas,48461,Upton,0.03,2015,2019
48,Texas,48463,Uvalde,0.04,2015,2019
48,Texas,48465,Val Verde,0.03,2015,2019
48,Texas,48467,Van Zandt,0.09666666666666668,2015,2019
48,Texas,48469,Victoria,0.09666666666666668,2015,2019
48,Texas,48471,Walker,0.10666666666666667,2015,2019
48,Texas,48473,Waller,0.13333333333333333,2015,2019
48,Texas,48475,Ward,0.049999999999999996,2015,2019
48,Texas,48477,Washington,0.10666666666666667,2015,2019
48,Texas,48479,Webb,0.04666666666666667,2015,2019
48,Texas,48481,Wharton,0.09999999999999999,2015,2019
48,Texas,48483,Wheeler,0.05000000000000001,2015,2019
48,Texas,48485,Wichita,0.09333333333333334,2015,2019
48,Texas,48487,Wilbarger,0.06666666666666667,2015,2019
48,Texas,48489,Willacy,0.04,2015,2019
48,Texas,48491,Williamson,0.11,2015,2019
48,Texas,48493,Wilson,0.06666666666666667,2015,2019
48,Texas,48495,Winkler,0.03333333333333333,2015,2019
48,Texas,48497,Wise,0.12666666666666668,2015,2019
48,Texas,48499,Wood,0.08666666666666667,2015,2019
48,Texas,48501,Yoakum,0.03666666666666667,2015,2019
48,Texas,48503,Young,0.056666666666666664,2015,2019
48,Texas,48505,Zapata,0.03,2015,2019
48,Texas,48507,Zavala,0.04,2015,2019
49,Utah,49001,Beaver,0.03333333333333333,2015,2019
49,Utah,49003,Box Elder,0.03666666666666667,2015,2019
49,Utah,49005,Cache,0.06,2015,2019
49,Utah,49007,Carbon,0.06333333333333334,2015,2019
49,Utah,49009,Daggett,0.02,2015,2019
49,Utah,49011,Davis,0.26666666666666666,2015,2019
49,Utah,49013,Duchesne,0.02,2015,2019
49,Utah,49015,Emery,0.023333333333333334,2015,2019
49,Utah,49017,Garfield,0.01,2015,2019
49,Utah,49019,Grand,0.02,2015,2019
49,Utah,49021,Iron,0.03,2015,2019
49,Utah,49023,Juab,0.02,2015,2019
49,Utah,49025,Kane,0.02,2015,2019
49,Utah,49027,Millard,0.04,2015,2019
49,Utah,49029,Morgan,0.08333333333333333,2015,2019
49,Utah,49031,Piute,0.02,2015,2019
49,Utah,49033,Rich,0.03,2015,2019
49,Utah,49035,Salt Lake,0.21333333333333335,2015,2019
49,Utah,49037,San Juan,0.01,2015,2019
49,Utah,49039,Sanpete,0.02666666666666667,2015,2019
49,Utah,49041,Sevier,0.04,2015,2019
49,Utah,49043,Summit,0.07,2015,2019
49,Utah,49045,Tooele,0.03,2015,2019
49,Utah,49047,Uintah,0.02,2015,2019
49,Utah,49049,Utah,0.11666666666666665,2015,2019
49,Utah,49051,Wasatch,0.04,2015,2019
49,Utah,49053,Washington,0.05000000000000001,2015,2019
49,Utah,49055,Wayne,0.01,2015,2019
49,Utah,49057,Weber,0.13,2015,2019
50,Vermont,50001,Addison,0.05333333333333334,2015,2019
50,Vermont,50003,Bennington,0.04666666666666667,2015,2019
50,Vermont,50005,Caledonia,0.043333333333333335,2015,2019
50,Vermont,50007,Chittenden,0.09333333333333334,2015,2019
50,Vermont,50009,Essex,0.02666666666666667,2015,2019
50,Vermont,50011,Franklin,0.04666666666666667,2015,2019
50,Vermont,50013,Grand Isle,0.07333333333333335,2015,2019
50,Vermont,50015,Lamoille,0.04,2015,2019
50,Vermont,50017,Orange,0.043333333333333335,2015,2019
50,Vermont,50019,Orleans,0.03666666666666667,2015,2019
50,Vermont,50021,Rutland,0.05333333333333334,2015,2019
50,Vermont,50023,Washington,0.05333333333333334,2015,2019
50,Vermont,50025,Windham,0.05333333333333334,2015,2019
50,Vermont,50027,Windsor,0.04666666666666667,2015,2019
51,Virginia,51001,Accomack,0.09000000000000001,2015,2019
51,Virginia,51003,Albemarle,0.09999999999999999,2015,2019
51,Virginia,51005,Alleghany,0.08,2015,2019
51,Virginia,51007,Amelia,0.09000000000000001,2015,2019
51,Virginia,51009,Amherst,0.09000000000000001,2015,2019
51,Virginia,51011,Appomattox,0.09999999999999999,2015,2019
51,Virginia,51013,Arlington,0.4166666666666667,2015,2019
51,Virginia,51015,Augusta,0.08666666666666667,2015,2019
51,Virginia,51017,Bath,0.05333333333333334,2015,2019
51,Virginia,51019,Bedford,0.10333333333333333,2015,2019
51,Virginia,51021,Bland,0.06666666666666667,2015,2019
51,Virginia,51023,Botetourt,0.11,2015,2019
51,Virginia,51025,Brunswick,0.09333333333333334,2015,2019
51,Virginia,51027,Buchanan,0.06333333333333334,2015,2019
51,Virginia,51029,Buckingham,0.08666666666666667,2015,2019
51,Virginia,51031,Campbell,0.11,2015,2019
51,Virginia,51033,Caroline,0.14333333333333334,2015,2019
51,Virginia,51035,Carroll,0.08,2015,2019
51,Virginia,51036,Charles City,0.11,2015,2019
51,Virginia,51037,Charlotte,0.08666666666666667,2015,2019
51,Virginia,51041,Chesterfield,0.15,2015,2019
51,Virginia,51043,Clarke,0.1366666666666667,2015,2019
51,Virginia,51045,Craig,0.06333333333333334,2015,2019
51,Virginia,51047,Culpeper,0.10333333333333333,2015,2019
51,Virginia,51049,Cumberland,0.08666666666666667,2015,2019
51,Virginia,51051,Dickenson,0.07,2015,2019
51,Virginia,51053,Dinwiddie,0.11666666666666665,2015,2019
51,Virginia,51057,Essex,0.09999999999999999,2015,2019
51,Virginia,51059,Fairfax,0.2866666666666667,2015,2019
51,Virginia,51061,Fauquier,0.12,2015,2019
51,Virginia,51063,Floyd,0.06,2015,2019
51,Virginia,51065,Fluvanna,0.09666666666666668,2015,2019
51,Virginia,51067,Franklin,0.08333333333333333,2015,2019
51,Virginia,51069,Frederick,0.12666666666666668,2015,2019
51,Virginia,51071,Giles,0.07333333333333335,2015,2019
51,Virginia,51073,Gloucester,0.11666666666666665,2015,2019
51,Virginia,51075,Goochland,0.11666666666666665,2015,2019
51,Virginia,51077,Grayson,0.05333333333333334,2015,2019
51,Virginia,51079,Greene,0.08333333333333333,2015,2019
51,Virginia,51081,Greensville,0.11333333333333333,2015,2019
51,Virginia,51083,Halifax,0.09000000000000001,2015,2019
51,Virginia,51085,Hanover,0.14666666666666667,2015,2019
51,Virginia,51087,Henrico,0.21333333333333335,2015,2019
51,Virginia,51089,Henry,0.09666666666666668,2015,2019
51,Virginia,51091,Highland,0.043333333333333335,2015,2019
51,Virginia,51093,Isle of Wight,0.11,2015,2019
51,Virginia,51095,James City,0.13,2015,2019
51,Virginia,51097,King and Queen,0.09333333333333334,2015,2019
51,Virginia,51099,King George,0.13,2015,2019
51,Virginia,51101,King William,0.11,2015,2019
51,Virginia,51103,Lancaster,0.09000000000000001,2015,2019
51,Virginia,51105,Lee,0.06666666666666667,2015,2019
51,Virginia,51107,Loudoun,0.15666666666666668,2015,2019
51,Virginia,51109,Louisa,0.10333333333333333,2015,2019
51,Virginia,51111,Lunenburg,0.08333333333333333,2015,2019
51,Virginia,51113,Madison,0.07666666666666667,2015,2019
51,Virginia,51115,Mathews,0.10333333333333333,2015,2019
51,Virginia,51117,Mecklenburg,0.09000000000000001,2015,2019
51,Virginia,51119,Middlesex,0.09333333333333334,2015,2019
51,Virginia,51121,Montgomery,0.11,2015,2019
51,Virginia,51125,Nelson,0.07666666666666667,2015,2019
51,Virginia,51127,New Kent,0.1366666666666667,2015,2019
51,Virginia,51131,Northampton,0.11333333333333333,2015,2019
51,Virginia,51133,Northumberland,0.09000000000000001,2015,2019
51,Virginia,51135,Nottoway,0.09333333333333334,2015,2019
51,Virginia,51137,Orange,0.09666666666666668,2015,2019
51,Virginia,51139,Page,0.07666666666666667,2015,2019
51,Virginia,51141,Patrick,0.06333333333333334,2015,2019
51,Virginia,51143,Pittsylvania,0.09999999999999999,2015,2019
51,Virginia,51145,Powhatan,0.10666666666666667,2015,2019
51,Virginia,51147,Prince Edward,0.09666666666666668,2015,2019
51,Virginia,51149,Prince George,0.13,2015,2019
51,Virginia,51153,Prince William,0.19333333333333336,2015,2019
51,Virginia,51155,Pulaski,0.10333333333333333,2015,2019
51,Virginia,51157,Rappahannock,0.07666666666666667,2015,2019
51,Virginia,51159,Richmond,0.09000000000000001,2015,2019
51,Virginia,51161,Roanoke,0.11666666666666665,2015,2019
51,Virginia,51163,Rockbridge,0.10333333333333333,2015,2019
51,Virginia,51165,Rockingham,0.09999999999999999,2015,2019
51,Virginia,51167,Russell,0.06666666666666667,2015,2019
51,Virginia,51169,Scott,0.08333333333333333,2015,2019
51,Virginia,51171,Shenandoah,0.10333333333333333,2015,2019
51,Virginia,51173,Smyth,0.06333333333333334,2015,2019
51,Virginia,51175,Southampton,0.09333333333333334,2015,2019
51,Virginia,51177,Spotsylvania,0.12333333333333334,2015,2019
51,Virginia,51179,Stafford,0.18000000000000002,2015,2019
51,Virginia,51181,Surry,0.09999999999999999,2015,2019
51,Virginia,51183,Sussex,0.11333333333333333,2015,2019
51,Virginia,51185,Tazewell,0.06,2015,2019
51,Virginia,51187,Warren,0.11333333333333333,2015,2019
51,Virginia,51191,Washington,0.09000000000000001,2015,2019
51,Virginia,51193,Westmoreland,0.09999999999999999,2015,2019
51,Virginia,51195,Wise,0.07,2015,2019
51,Virginia,51197,Wythe,0.08333333333333333,2015,2019
51,Virginia,51199,York,0.18333333333333335,2015,2019
51,Virginia,51510,Alexandria,0.39666666666666667,2015,2019
51,Virginia,51520,Bristol,0.21666666666666667,2015,2019
51,Virginia,51530,Buena Vista,0.10666666666666667,2015,2019
51,Virginia,51540,Charlottesville,0.21333333333333335,2015,2019
51,Virginia,51550,Chesapeake,0.15000000000000002,2015,2019
51,Virginia,51570,Colonial Heights,0.2333333333333333,2015,2019
51,Virginia,51580,Covington,0.1366666666666667,2015,2019
51,Virginia,51590,Danville,0.16666666666666666,2015,2019
51,Virginia,51595,Emporia,0.22666666666666668,2015,2019
51,Virginia,51600,Fairfax City,0.3066666666666667,2015,2019
51,Virginia,51610,Falls Church,0.39999999999999997,2015,2019
51,Virginia,51620,Franklin City,0.12,2015,2019
51,Virginia,51630,Fredericksburg,0.35333333333333333,2015,2019
51,Virginia,51640,Galax,0.07,2015,2019
51,Virginia,51650,Hampton,0.21666666666666667,2015,2019
51,Virginia,51660,Harrisonburg,0.25,2015,2019
51,Virginia,51670,Hopewell,0.20333333333333334,2015,2019
51,Virginia,51678,Lexington,0.16,2015,2019
51,Virginia,51680,Lynchburg,0.19999999999999998,2015,2019
51,Virginia,51683,Manassas,0.23666666666666666,2015,2019
51,Virginia,51685,Manassas Park,0.21333333333333335,2015,2019
51,Virginia,51690,Martinsville,0.13,2015,2019
51,Virginia,51700,Newport News,0.19333333333333336,2015,2019
51,Virginia,51710,Norfolk,0.3666666666666667,2015,2019
51,Virginia,51720,Norton,0.08333333333333333,2015,2019
51,Virginia,51730,Petersburg,0.2333333333333333,2015,2019
51,Virginia,51735,Poquoson,0.14,2015,2019
51,Virginia,51740,Portsmouth,0.26,2015,2019
51,Virginia,51750,Radford,0.17,2015,2019
51,Virginia,51760,Richmond City,0.3233333333333333,2015,2019
51,Virginia,51770,Roanoke City,0.22666666666666666,2015,2019
51,Virginia,51775,Salem,0.17,2015,2019
51,Virginia,51790,Staunton,0.16333333333333333,2015,2019
51,Virginia,51800,Suffolk,0.12,2015,2019
51,Virginia,51810,Virginia Beach,0.15333333333333335,2015,2019
51,Virginia,51820,Waynesboro,0.15333333333333335,2015,2019
51,Virginia,51830,Williamsburg,0.17666666666666667,2015,2019
51,Virginia,51840,Winchester,0.26333333333333336,2015,2019
53,Washington,53001,Adams,0.07666666666666667,2015,2019
53,Washington,53003,Asotin,0.03,2015,2019
53,Washington,53005,Benton,0.09666666666666668,2015,2019
53,Washington,53007,Chelan,0.02,2015,2019
53,Washington,53009,Clallam,0.03666666666666667,2015,2019
53,Washington,53011,Clark,0.17666666666666667,2015,2019
53,Washington,53013,Columbia,0.04,2015,2019
53,Washington,53015,Cowlitz,0.09000000000000001,2015,2019
53,Washington,53017,Douglas,0.03,2015,2019
53,Washington,53019,Ferry,0.016666666666666666,2015,2019
53,Washington,53021,Franklin,0.09666666666666668,2015,2019
53,Washington,53023,Garfield,0.03,2015,2019
53,Washington,53025,Grant,0.06,2015,2019
53,Washington,53027,Grays Harbor,0.04,2015,2019
53,Washington,53029,Island,0.17,2015,2019
53,Washington,53031,Jefferson,0.04,2015,2019
53,Washington,53033,King,0.21333333333333335,2015,2019
53,Washington,53035,Kitsap,0.19999999999999998,2015,2019
53,Washington,53037,Kittitas,0.043333333333333335,2015,2019
53,Washington,53039,Klickitat,0.05000000000000001,2015,2019
53,Washington,53041,Lewis,0.056666666666666664,2015,2019
53,Washington,53043,Lincoln,0.05333333333333334,2015,2019
53,Washington,53045,Mason,0.056666666666666664,2015,2019
53,Washington,53047,Okanogan,0.02,2015,2019
53,Washington,53049,Pacific,0.04,2015,2019
53,Washington,53051,Pend Oreille,0.03,2015,2019
53,Washington,53053,Pierce,0.14666666666666667,2015,2019
53,Washington,53055,San Juan,0.14,2015,2019
53,Washington,53057,Skagit,0.09000000000000001,2015,2019
53,Washington,53059,Skamania,0.06333333333333334,2015,2019
53,Washington,53061,Snohomish,0.12,2015,2019
53,Washington,53063,Spokane,0.09666666666666668,2015,2019
53,Washington,53065,Stevens,0.03,2015,2019
53,Washington,53067,Thurston,0.14666666666666667,2015,2019
53,Washington,53069,Wahkiakum,0.06333333333333334,2015,2019
53,Washington,53071,Walla Walla,0.07666666666666667,2015,2019
53,Washington,53073,Whatcom,0.08,2015,2019
53,Washington,53075,Whitman,0.043333333333333335,2015,2019
53,Washington,53077,Yakima,0.06,2015,2019
54,West Virginia,54001,Barbour,0.05333333333333334,2015,2019
54,West Virginia,54003,Berkeley,0.15666666666666668,2015,2019
54,West Virginia,54005,Boone,0.07333333333333335,2015,2019
54,West Virginia,54007,Braxton,0.06333333333333334,2015,2019
54,West Virginia,54009,Brooke,0.1366666666666667,2015,2019
54,West Virginia,54011,Cabell,0.11666666666666665,2015,2019
54,West Virginia,54013,Calhoun,0.09000000000000001,2015,2019
54,West Virginia,54015,Clay,0.06333333333333334,2015,2019
54,West Virginia,54017,Doddridge,0.06666666666666667,2015,2019
54,West Virginia,54019,Fayette,0.07333333333333335,2015,2019
54,West Virginia,54021,Gilmer,0.06333333333333334,2015,2019
54,West Virginia,54023,Grant,0.04666666666666667,2015,2019
54,West Virginia,54025,Greenbrier,0.056666666666666664,2015,2019
54,West Virginia,54027,Hampshire,0.07,2015,2019
54,West Virginia,54029,Hancock,0.14,2015,2019
54,West Virginia,54031,Hardy,0.056666666666666664,2015,2019
54,West Virginia,54033,Harrison,0.08,2015,2019
54,West Virginia,54035,Jackson,0.09000000000000001,2015,2019
54,West Virginia,54037,Jefferson,0.16333333333333333,2015,2019
54,West Virginia,54039,Kanawha,0.10333333333333333,2015,2019
54,West Virginia,54041,Lewis,0.06333333333333334,2015,2019
54,West Virginia,54043,Lincoln,0.07333333333333335,2015,2019
54,West Virginia,54045,Logan,0.07333333333333335,2015,2019
54,West Virginia,54047,McDowell,0.08,2015,2019
54,West Virginia,54049,Marion,0.07666666666666667,2015,2019
54,West Virginia,54051,Marshall,0.09333333333333334,2015,2019
54,West Virginia,54053,Mason,0.09999999999999999,2015,2019
54,West Virginia,54055,Mercer,0.07666666666666667,2015,2019
54,West Virginia,54057,Mineral,0.07666666666666667,2015,2019
54,West Virginia,54059,Mingo,0.09000000000000001,2015,2019
54,West Virginia,54061,Monongalia,0.09999999999999999,2015,2019
54,West Virginia,54063,Monroe,0.06333333333333334,2015,2019
54,West Virginia,54065,Morgan,0.11333333333333333,2015,2019
54,West Virginia,54067,Nicholas,0.056666666666666664,2015,2019
54,West Virginia,54069,Ohio,0.15333333333333335,2015,2019
54,West Virginia,54071,Pendleton,0.043333333333333335,2015,2019
54,West Virginia,54073,Pleasants,0.08333333333333333,2015,2019
54,West Virginia,54075,Pocahontas,0.043333333333333335,2015,2019
54,West Virginia,54077,Preston,0.06,2015,2019
54,West Virginia,54079,Putnam,0.10333333333333333,2015,2019
54,West Virginia,54081,Raleigh,0.07,2015,2019
54,West Virginia,54083,Randolph,0.043333333333333335,2015,2019
54,West Virginia,54085,Ritchie,0.07,2015,2019
54,West Virginia,54087,Roane,0.07,2015,2019
54,West Virginia,54089,Summers,0.06666666666666667,2015,2019
54,West Virginia,54091,Taylor,0.07,2015,2019
54,West Virginia,54093,Tucker,0.043333333333333335,2015,2019
54,West Virginia,54095,Tyler,0.07333333333333335,2015,2019
54,West Virginia,54097,Upshur,0.056666666666666664,2015,2019
54,West Virginia,54099,Wayne,0.09666666666666668,2015,2019
54,West Virginia,54101,Webster,0.04666666666666667,2015,2019
54,West Virginia,54103,Wetzel,0.07333333333333335,2015,2019
54,West Virginia,54105,Wirt,0.07333333333333335,2015,2019
54,West Virginia,54107,Wood,0.09999999999999999,2015,2019
54,West Virginia,54109,Wyoming,0.06666666666666667,2015,2019
55,Wisconsin,55001,Adams,0.07666666666666667,2015,2019
55,Wisconsin,55003,Ashland,0.03666666666666667,2015,2019
55,Wisconsin,55005,Barron,0.06666666666666667,2015,2019
55,Wisconsin,55007,Bayfield,0.04,2015,2019
55,Wisconsin,55009,Brown,0.10333333333333333,2015,2019
55,Wisconsin,55011,Buffalo,0.09000000000000001,2015,2019
55,Wisconsin,55013,Burnett,0.056666666666666664,2015,2019
55,Wisconsin,55015,Calumet,0.10333333333333333,2015,2019
55,Wisconsin,55017,Chippewa,0.07,2015,2019
55,Wisconsin,55019,Clark,0.07,2015,2019
55,Wisconsin,55021,Columbia,0.11333333333333333,2015,2019
55,Wisconsin,55023,Crawford,0.08666666666666667,2015,2019
55,Wisconsin,55025,Dane,0.12333333333333334,2015,2019
55,Wisconsin,55027,Dodge,0.10666666666666667,2015,2019
55,Wisconsin,55029,Door,0.06333333333333334,2015,2019
55,Wisconsin,55031,Douglas,0.06,2015,2019
55,Wisconsin,55033,Dunn,0.09000000000000001,2015,2019
55,Wisconsin,55035,Eau Claire,0.09000000000000001,2015,2019
55,Wisconsin,55037,Florence,0.03,2015,2019
55,Wisconsin,55039,Fond du Lac,0.10333333333333333,2015,2019
55,Wisconsin,55041,Forest,0.03333333333333333,2015,2019
55,Wisconsin,55043,Grant,0.09666666666666668,2015,2019
55,Wisconsin,55045,Green,0.09666666666666668,2015,2019
55,Wisconsin,55047,Green Lake,0.08333333333333333,2015,2019
55,Wisconsin,55049,Iowa,0.08,2015,2019
55,Wisconsin,55051,Iron,0.03333333333333333,2015,2019
55,Wisconsin,55053,Jackson,0.09000000000000001,2015,2019
55,Wisconsin,55055,Jefferson,0.12333333333333334,2015,2019
55,Wisconsin,55057,Juneau,0.09666666666666668,2015,2019
55,Wisconsin,55059,Kenosha,0.18666666666666668,2015,2019
55,Wisconsin,55061,Kewaunee,0.07333333333333335,2015,2019
55,Wisconsin,55063,La Crosse,0.10666666666666667,2015,2019
55,Wisconsin,55065,Lafayette,0.09000000000000001,2015,2019
55,Wisconsin,55067,Langlade,0.043333333333333335,2015,2019
55,Wisconsin,55069,Lincoln,0.04666666666666667,2015,2019
55,Wisconsin,55071,Manitowoc,0.08666666666666667,2015,2019
55,Wisconsin,55073,Marathon,0.06333333333333334,2015,2019
55,Wisconsin,55075,Marinette,0.04666666666666667,2015,2019
55,Wisconsin,55077,Marquette,0.08333333333333333,2015,2019
55,Wisconsin,55078,Menominee,0.04666666666666667,2015,2019
55,Wisconsin,55079,Milwaukee,0.26666666666666666,2015,2019
55,Wisconsin,55081,Monroe,0.09000000000000001,2015,2019
55,Wisconsin,55083,Oconto,0.056666666666666664,2015,2019
55,Wisconsin,55085,Oneida,0.04,2015,2019
55,Wisconsin,55087,Outagamie,0.12333333333333334,2015,2019
55,Wisconsin,55089,Ozaukee,0.14,2015,2019
55,Wisconsin,55091,Pepin,0.10000000000000002,2015,2019
55,Wisconsin,55093,Pierce,0.10666666666666667,2015,2019
55,Wisconsin,55095,Polk,0.07,2015,2019
55,Wisconsin,55097,Portage,0.08,2015,2019
55,Wisconsin,55099,Price,0.04,2015,2019
55,Wisconsin,55101,Racine,0.17,2015,2019
55,Wisconsin,55103,Richland,0.07666666666666667,2015,2019
55,Wisconsin,55105,Rock,0.13,2015,2019
55,Wisconsin,55107,Rusk,0.056666666666666664,2015,2019
55,Wisconsin,55109,St. Croix,0.10000000000000002,2015,2019
55,Wisconsin,55111,Sauk,0.08666666666666667,2015,2019
55,Wisconsin,55113,Sawyer,0.04666666666666667,2015,2019
55,Wisconsin,55115,Shawano,0.06333333333333334,2015,2019
55,Wisconsin,55117,Sheboygan,0.09333333333333334,2015,2019
55,Wisconsin,55119,Taylor,0.056666666666666664,2015,2019
55,Wisconsin,55121,Trempealeau,0.08666666666666667,2015,2019
55,Wisconsin,55123,Vernon,0.08,2015,2019
55,Wisconsin,55125,Vilas,0.03333333333333333,2015,2019
55,Wisconsin,55127,Walworth,0.12333333333333334,2015,2019
55,Wisconsin,55129,Washburn,0.056666666666666664,2015,2019
55,Wisconsin,55131,Washington,0.12333333333333334,2015,2019
55,Wisconsin,55133,Waukesha,0.17333333333333334,2015,2019
55,Wisconsin,55135,Waupaca,0.07333333333333335,2015,2019
55,Wisconsin,55137,Waushara,0.07333333333333335,2015,2019
55,Wisconsin,55139,Winnebago,0.12666666666666668,2015,2019
55,Wisconsin,55141,Wood,0.07333333333333335,2015,2019
56,Wyoming,56001,Albany,0.03,2015,2019
56,Wyoming,56003,Big Horn,0.02,2015,2019
56,Wyoming,56005,Campbell,0.03,2015,2019
56,Wyoming,56007,Carbon,0.02,2015,2019
56,Wyoming,56009,Converse,0.043333333333333335,2015,2019
56,Wyoming,56011,Crook,0.02666666666666667,2015,2019
56,Wyoming,56013,Fremont,0.01,2015,2019
56,Wyoming,56015,Goshen,0.05333333333333334,2015,2019
56,Wyoming,56017,Hot Springs,0.01,2015,2019
56,Wyoming,56019,Johnson,0.013333333333333334,2015,2019
56,Wyoming,56021,Laramie,0.05000000000000001,2015,2019
56,Wyoming,56023,Lincoln,0.02,2015,2019
56,Wyoming,56025,Natrona,0.02,2015,2019
56,Wyoming,56027,Niobrara,0.03333333333333333,2015,2019
56,Wyoming,56029,Park,0.01,2015,2019
56,Wyoming,56031,Platte,0.043333333333333335,2015,2019
56,Wyoming,56033,Sheridan,0.03,2015,2019
56,Wyoming,56035,Sublette,0.01,2015,2019
56,Wyoming,56037,Sweetwater,0.043333333333333335,2015,2019
56,Wyoming,56039,Teton,0.01,2015,2019
56,Wyoming,56041,Uinta,0.043333333333333335,2015,2019
56,Wyoming,56043,Washakie,0.016666666666666666,2015,2019
56,Wyoming,56045,Weston,0.03,2015,2019
72,Puerto Rico,72001,Adjuntas,0.013333333333333334,2015,2019
72,Puerto Rico,72003,Aguada,0.03333333333333333,2015,2019
72,Puerto Rico,72005,Aguadilla,0.02666666666666667,2015,2019
72,Puerto Rico,72007,Aguas Buenas,0.04,2015,2019
72,Puerto Rico,72009,Aibonito,0.016666666666666666,2015,2019
72,Puerto Rico,72011,A?asco,0.03,2015,2019
72,Puerto Rico,72013,Arecibo,0.023333333333333334,2015,2019
72,Puerto Rico,72015,Arroyo,0.013333333333333334,2015,2019
72,Puerto Rico,72017,Barceloneta,0.03666666666666667,2015,2019
72,Puerto Rico,72019,Barranquitas,0.02666666666666667,2015,2019
72,Puerto Rico,72021,Bayam?n,0.12,2015,2019
72,Puerto Rico,72023,Cabo Rojo,0.03,2015,2019
72,Puerto Rico,72025,Caguas,0.04666666666666667,2015,2019
72,Puerto Rico,72027,Camuy,0.023333333333333334,2015,2019
72,Puerto Rico,72029,Can?vanas,0.02,2015,2019
72,Puerto Rico,72031,Carolina,0.05333333333333334,2015,2019
72,Puerto Rico,72033,Cata?o,0.23666666666666666,2015,2019
72,Puerto Rico,72035,Cayey,0.016666666666666666,2015,2019
72,Puerto Rico,72037,Ceiba,0.01,2015,2019
72,Puerto Rico,72039,Ciales,0.02666666666666667,2015,2019
72,Puerto Rico,72041,Cidra,0.02666666666666667,2015,2019
72,Puerto Rico,72043,Coamo,0.016666666666666666,2015,2019
72,Puerto Rico,72045,Comer?o,0.03,2015,2019
72,Puerto Rico,72047,Corozal,0.04,2015,2019
72,Puerto Rico,72049,Culebra,0.013333333333333334,2015,2019
72,Puerto Rico,72051,Dorado,0.08666666666666667,2015,2019
72,Puerto Rico,72053,Fajardo,0.02333333333333333,2015,2019
72,Puerto Rico,72054,Florida,0.03333333333333333,2015,2019
72,Puerto Rico,72055,Gu?nica,0.02,2015,2019
72,Puerto Rico,72057,Guayama,0.013333333333333334,2015,2019
72,Puerto Rico,72059,Guayanilla,0.02,2015,2019
72,Puerto Rico,72061,Guaynabo,0.19333333333333336,2015,2019
72,Puerto Rico,72063,Gurabo,0.04666666666666667,2015,2019
72,Puerto Rico,72065,Hatillo,0.023333333333333334,2015,2019
72,Puerto Rico,72067,Hormigueros,0.05000000000000001,2015,2019
72,Puerto Rico,72069,Humacao,0.02,2015,2019
72,Puerto Rico,72071,Isabela,0.02,2015,2019
72,Puerto Rico,72073,Jayuya,0.01,2015,2019
72,Puerto Rico,72075,Juana D?az,0.016666666666666666,2015,2019
72,Puerto Rico,72077,Juncos,0.03,2015,2019
72,Puerto Rico,72079,Lajas,0.02,2015,2019
72,Puerto Rico,72081,Lares,0.02,2015,2019
72,Puerto Rico,72083,Las Mar?as,0.023333333333333334,2015,2019
72,Puerto Rico,72085,Las Piedras,0.03333333333333333,2015,2019
72,Puerto Rico,72087,Lo?za,0.016666666666666666,2015,2019
72,Puerto Rico,72089,Luquillo,0.016666666666666666,2015,2019
72,Puerto Rico,72091,Manat?,0.04666666666666667,2015,2019
72,Puerto Rico,72093,Maricao,0.016666666666666666,2015,2019
72,Puerto Rico,72095,Maunabo,0.01,2015,2019
72,Puerto Rico,72097,Mayag?ez,0.04666666666666667,2015,2019
72,Puerto Rico,72099,Moca,0.023333333333333334,2015,2019
72,Puerto Rico,72101,Morovis,0.03666666666666667,2015,2019
72,Puerto Rico,72103,Naguabo,0.01,2015,2019
72,Puerto Rico,72105,Naranjito,0.049999999999999996,2015,2019
72,Puerto Rico,72107,Orocovis,0.016666666666666666,2015,2019
72,Puerto Rico,72109,Patillas,0.01,2015,2019
72,Puerto Rico,72111,Pe?uelas,0.02,2015,2019
72,Puerto Rico,72113,Ponce,0.02666666666666667,2015,2019
72,Puerto Rico,72115,Quebradillas,0.023333333333333334,2015,2019
72,Puerto Rico,72117,Rinc?n,0.03,2015,2019
72,Puerto Rico,72119,R?o Grande,0.01,2015,2019
72,Puerto Rico,72121,Sabana Grande,0.02,2015,2019
72,Puerto Rico,72123,Salinas,0.01,2015,2019
72,Puerto Rico,72125,San Germ?n,0.02,2015,2019
72,Puerto Rico,72127,San Juan,0.20333333333333334,2015,2019
72,Puerto Rico,72129,San Lorenzo,0.023333333333333334,2015,2019
72,Puerto Rico,72131,San Sebasti?n,0.02,2015,2019
72,Puerto Rico,72133,Santa Isabel,0.013333333333333334,2015,2019
72,Puerto Rico,72135,Toa Alta,0.08666666666666667,2015,2019
72,Puerto Rico,72137,Toa Baja,0.14333333333333334,2015,2019
72,Puerto Rico,72139,Trujillo Alto,0.08666666666666667,2015,2019
72,Puerto Rico,72141,Utuado,0.016666666666666666,2015,2019
72,Puerto Rico,72143,Vega Alta,0.06999999999999999,2015,2019
72,Puerto Rico,72145,Vega Baja,0.06,2015,2019
72,Puerto Rico,72147,Vieques,0.006666666666666667,2015,2019
72,Puerto Rico,72149,Villalba,0.016666666666666666,2015,2019
72,Puerto Rico,72151,Yabucoa,0.013333333333333334,2015,2019
72,Puerto Rico,72153,Yauco,0.02,2015,2019
78,Virgin Islands of the US,78010,St. Croix,0.03,2015,2019
78,Virgin Islands of the US,78020,St. John,0.02,2015,2019
78,Virgin Islands of the US,78030,St. Thomas,0.06333333333333334,2015,2019
