StateFIPS,State,CountyFIPS,County,Value,Start Year,End Year
1,Alabama,1001,Autauga,32.0,2017,2021
1,Alabama,1003,Baldwin,31.833333333333332,2017,2021
1,Alabama,1005,Barbour,33.699999999999996,2017,2021
1,Alabama,1007,Bibb,33.233333333333334,2017,2021
1,Alabama,1009,Blount,33.26666666666667,2017,2021
1,Alabama,1011,Bullock,33.166666666666664,2017,2021
1,Alabama,1013,Butler,33.266666666666666,2017,2021
1,Alabama,1015,Calhoun,32.800000000000004,2017,2021
1,Alabama,1017,Chambers,32.46666666666667,2017,2021
1,Alabama,1019,Cherokee,32.9,2017,2021
1,Alabama,1021,Chilton,32.96666666666666,2017,2021
1,Alabama,1023,Choctaw,32.800000000000004,2017,2021
1,Alabama,1025,Clarke,32.5,2017,2021
1,Alabama,1027,Clay,33.300000000000004,2017,2021
1,Alabama,1029,Cleburne,33.06666666666666,2017,2021
1,Alabama,1031,Coffee,31.566666666666666,2017,2021
1,Alabama,1033,Colbert,32.166666666666664,2017,2021
1,Alabama,1035,Conecuh,33.03333333333333,2017,2021
1,Alabama,1037,Coosa,32.733333333333334,2017,2021
1,Alabama,1039,Covington,32.666666666666664,2017,2021
1,Alabama,1041,Crenshaw,33.233333333333334,2017,2021
1,Alabama,1043,Cullman,33.06666666666666,2017,2021
1,Alabama,1045,Dale,33.0,2017,2021
1,Alabama,1047,Dallas,32.4,2017,2021
1,Alabama,1049,DeKalb,34.13333333333333,2017,2021
1,Alabama,1051,Elmore,32.233333333333334,2017,2021
1,Alabama,1053,Escambia,31.8,2017,2021
1,Alabama,1055,Etowah,33.300000000000004,2017,2021
1,Alabama,1057,Fayette,33.699999999999996,2017,2021
1,Alabama,1059,Franklin,33.199999999999996,2017,2021
1,Alabama,1061,Geneva,34.03333333333333,2017,2021
1,Alabama,1063,Greene,33.166666666666664,2017,2021
1,Alabama,1065,Hale,32.7,2017,2021
1,Alabama,1067,Henry,32.53333333333333,2017,2021
1,Alabama,1069,Houston,31.766666666666666,2017,2021
1,Alabama,1071,Jackson,33.36666666666667,2017,2021
1,Alabama,1073,Jefferson,30.46666666666667,2017,2021
1,Alabama,1075,Lamar,33.333333333333336,2017,2021
1,Alabama,1077,Lauderdale,32.43333333333333,2017,2021
1,Alabama,1079,Lawrence,32.53333333333333,2017,2021
1,Alabama,1081,Lee,32.0,2017,2021
1,Alabama,1083,Limestone,32.699999999999996,2017,2021
1,Alabama,1085,Lowndes,32.333333333333336,2017,2021
1,Alabama,1087,Macon,31.766666666666666,2017,2021
1,Alabama,1089,Madison,30.46666666666667,2017,2021
1,Alabama,1091,Marengo,32.43333333333334,2017,2021
1,Alabama,1093,Marion,33.43333333333334,2017,2021
1,Alabama,1095,Marshall,33.63333333333333,2017,2021
1,Alabama,1097,Mobile,32.43333333333333,2017,2021
1,Alabama,1099,Monroe,33.06666666666667,2017,2021
1,Alabama,1101,Montgomery,31.2,2017,2021
1,Alabama,1103,Morgan,32.666666666666664,2017,2021
1,Alabama,1105,Perry,33.73333333333333,2017,2021
1,Alabama,1107,Pickens,32.46666666666667,2017,2021
1,Alabama,1109,Pike,32.53333333333333,2017,2021
1,Alabama,1111,Randolph,32.43333333333334,2017,2021
1,Alabama,1113,Russell,32.333333333333336,2017,2021
1,Alabama,1115,St. Clair,32.96666666666667,2017,2021
1,Alabama,1117,Shelby,31.366666666666664,2017,2021
1,Alabama,1119,Sumter,32.666666666666664,2017,2021
1,Alabama,1121,Talladega,32.96666666666667,2017,2021
1,Alabama,1123,Tallapoosa,32.766666666666666,2017,2021
1,Alabama,1125,Tuscaloosa,32.699999999999996,2017,2021
1,Alabama,1127,Walker,32.36666666666667,2017,2021
1,Alabama,1129,Washington,32.766666666666666,2017,2021
1,Alabama,1131,Wilcox,32.833333333333336,2017,2021
1,Alabama,1133,Winston,34.06666666666667,2017,2021
2,Alaska,2013,Aleutians East,29.433333333333334,2017,2021
2,Alaska,2016,Aleutians West,29.53333333333333,2017,2021
2,Alaska,2020,Anchorage,28.633333333333336,2017,2021
2,Alaska,2050,Bethel,28.766666666666666,2017,2021
2,Alaska,2060,Bristol Bay,28.03333333333333,2017,2021
2,Alaska,2063,Chugach,29.0,2017,2021
2,Alaska,2066,Copper River,29.3,2017,2021
2,Alaska,2068,Denali,28.066666666666666,2017,2021
2,Alaska,2070,Dillingham,27.433333333333334,2017,2021
2,Alaska,2090,Fairbanks North Star,28.8,2017,2021
2,Alaska,2100,Haines,27.666666666666668,2017,2021
2,Alaska,2105,HOONAH-ANGOON CENSUS AREA,28.066666666666666,2017,2021
2,Alaska,2110,Juneau,27.5,2017,2021
2,Alaska,2122,Kenai Peninsula,28.7,2017,2021
2,Alaska,2130,Ketchikan Gateway,28.03333333333333,2017,2021
2,Alaska,2150,Kodiak Island,28.866666666666664,2017,2021
2,Alaska,2164,Lake and Peninsula,28.666666666666668,2017,2021
2,Alaska,2170,Matanuska-Susitna,28.333333333333332,2017,2021
2,Alaska,2180,Nome,28.46666666666667,2017,2021
2,Alaska,2185,North Slope,28.400000000000002,2017,2021
2,Alaska,2188,Northwest Arctic,28.666666666666668,2017,2021
2,Alaska,2195,PETERSBURG CENSUS AREA,28.100000000000005,2017,2021
2,Alaska,2198,PRINCE OF WALES-HYDER CENSUS AREA,28.7,2017,2021
2,Alaska,2220,Sitka,27.233333333333334,2017,2021
2,Alaska,2230,SKAGWAY MUNICIPALITY,28.03333333333333,2017,2021
2,Alaska,2240,Southeast Fairbanks,29.2,2017,2021
2,Alaska,2261,Valdez-Cordova,27.299999999999997,2017,2021
2,Alaska,2270,Wade Hampton,29.96666666666667,2017,2021
2,Alaska,2275,WRANGELL CITY AND BURROUGH,28.96666666666667,2017,2021
2,Alaska,2282,Yakutat,28.400000000000002,2017,2021
2,Alaska,2290,Yukon-Koyukuk,28.133333333333336,2017,2021
4,Arizona,4001,Apache,28.3,2017,2021
4,Arizona,4003,Cochise,29.866666666666664,2017,2021
4,Arizona,4005,Coconino,27.0,2017,2021
4,Arizona,4007,Gila,27.133333333333336,2017,2021
4,Arizona,4009,Graham,29.366666666666664,2017,2021
4,Arizona,4011,Greenlee,28.3,2017,2021
4,Arizona,4012,La Paz,28.96666666666667,2017,2021
4,Arizona,4013,Maricopa,29.566666666666666,2017,2021
4,Arizona,4015,Mohave,28.5,2017,2021
4,Arizona,4017,Navajo,28.96666666666667,2017,2021
4,Arizona,4019,Pima,29.3,2017,2021
4,Arizona,4021,Pinal,29.566666666666666,2017,2021
4,Arizona,4023,Santa Cruz,30.133333333333336,2017,2021
4,Arizona,4025,Yavapai,28.133333333333336,2017,2021
4,Arizona,4027,Yuma,31.03333333333333,2017,2021
5,Arkansas,5001,Arkansas,31.233333333333334,2017,2021
5,Arkansas,5003,Ashley,31.566666666666666,2017,2021
5,Arkansas,5005,Baxter,31.866666666666664,2017,2021
5,Arkansas,5007,Benton,30.099999999999998,2017,2021
5,Arkansas,5009,Boone,32.4,2017,2021
5,Arkansas,5011,Bradley,32.63333333333333,2017,2021
5,Arkansas,5013,Calhoun,31.53333333333333,2017,2021
5,Arkansas,5015,Carroll,31.433333333333334,2017,2021
5,Arkansas,5017,Chicot,32.233333333333334,2017,2021
5,Arkansas,5019,Clark,31.666666666666668,2017,2021
5,Arkansas,5021,Clay,32.666666666666664,2017,2021
5,Arkansas,5023,Cleburne,32.6,2017,2021
5,Arkansas,5025,Cleveland,32.4,2017,2021
5,Arkansas,5027,Columbia,32.333333333333336,2017,2021
5,Arkansas,5029,Conway,32.166666666666664,2017,2021
5,Arkansas,5031,Craighead,32.06666666666667,2017,2021
5,Arkansas,5033,Crawford,33.43333333333333,2017,2021
5,Arkansas,5035,Crittenden,33.0,2017,2021
5,Arkansas,5037,Cross,32.46666666666667,2017,2021
5,Arkansas,5039,Dallas,31.8,2017,2021
5,Arkansas,5041,Desha,32.266666666666666,2017,2021
5,Arkansas,5043,Drew,32.5,2017,2021
5,Arkansas,5045,Faulkner,31.96666666666667,2017,2021
5,Arkansas,5047,Franklin,33.46666666666667,2017,2021
5,Arkansas,5049,Fulton,33.6,2017,2021
5,Arkansas,5051,Garland,32.03333333333333,2017,2021
5,Arkansas,5053,Grant,31.833333333333332,2017,2021
5,Arkansas,5055,Greene,31.933333333333334,2017,2021
5,Arkansas,5057,Hempstead,32.1,2017,2021
5,Arkansas,5059,Hot Spring,32.833333333333336,2017,2021
5,Arkansas,5061,Howard,32.53333333333333,2017,2021
5,Arkansas,5063,Independence,32.56666666666666,2017,2021
5,Arkansas,5065,Izard,32.46666666666667,2017,2021
5,Arkansas,5067,Jackson,33.5,2017,2021
5,Arkansas,5069,Jefferson,32.1,2017,2021
5,Arkansas,5071,Johnson,32.733333333333334,2017,2021
5,Arkansas,5073,Lafayette,32.86666666666667,2017,2021
5,Arkansas,5075,Lawrence,32.06666666666667,2017,2021
5,Arkansas,5077,Lee,33.26666666666667,2017,2021
5,Arkansas,5079,Lincoln,32.666666666666664,2017,2021
5,Arkansas,5081,Little River,32.36666666666667,2017,2021
5,Arkansas,5083,Logan,32.833333333333336,2017,2021
5,Arkansas,5085,Lonoke,32.0,2017,2021
5,Arkansas,5087,Madison,32.93333333333333,2017,2021
5,Arkansas,5089,Marion,32.199999999999996,2017,2021
5,Arkansas,5091,Miller,32.4,2017,2021
5,Arkansas,5093,Mississippi,33.0,2017,2021
5,Arkansas,5095,Monroe,32.93333333333334,2017,2021
5,Arkansas,5097,Montgomery,32.93333333333333,2017,2021
5,Arkansas,5099,Nevada,32.333333333333336,2017,2021
5,Arkansas,5101,Newton,32.233333333333334,2017,2021
5,Arkansas,5103,Ouachita,31.066666666666666,2017,2021
5,Arkansas,5105,Perry,32.4,2017,2021
5,Arkansas,5107,Phillips,32.53333333333333,2017,2021
5,Arkansas,5109,Pike,32.800000000000004,2017,2021
5,Arkansas,5111,Poinsett,33.6,2017,2021
5,Arkansas,5113,Polk,33.233333333333334,2017,2021
5,Arkansas,5115,Pope,32.86666666666667,2017,2021
5,Arkansas,5117,Prairie,32.166666666666664,2017,2021
5,Arkansas,5119,Pulaski,30.900000000000002,2017,2021
5,Arkansas,5121,Randolph,33.36666666666667,2017,2021
5,Arkansas,5123,St. Francis,32.56666666666666,2017,2021
5,Arkansas,5125,Saline,31.7,2017,2021
5,Arkansas,5127,Scott,33.233333333333334,2017,2021
5,Arkansas,5129,Searcy,33.36666666666667,2017,2021
5,Arkansas,5131,Sebastian,32.06666666666667,2017,2021
5,Arkansas,5133,Sevier,33.300000000000004,2017,2021
5,Arkansas,5135,Sharp,33.233333333333334,2017,2021
5,Arkansas,5137,Stone,33.5,2017,2021
5,Arkansas,5139,Union,32.300000000000004,2017,2021
5,Arkansas,5141,Van Buren,33.53333333333333,2017,2021
5,Arkansas,5143,Washington,30.833333333333332,2017,2021
5,Arkansas,5145,White,33.233333333333334,2017,2021
5,Arkansas,5147,Woodruff,32.6,2017,2021
5,Arkansas,5149,Yell,32.43333333333333,2017,2021
6,California,6001,Alameda,27.8,2017,2021
6,California,6003,Alpine,28.599999999999998,2017,2021
6,California,6005,Amador,28.566666666666666,2017,2021
6,California,6007,Butte,29.133333333333336,2017,2021
6,California,6009,Calaveras,28.633333333333336,2017,2021
6,California,6011,Colusa,29.7,2017,2021
6,California,6013,Contra Costa,26.46666666666667,2017,2021
6,California,6015,Del Norte,29.866666666666664,2017,2021
6,California,6017,El Dorado,28.433333333333334,2017,2021
6,California,6019,Fresno,29.7,2017,2021
6,California,6021,Glenn,29.600000000000005,2017,2021
6,California,6023,Humboldt,29.566666666666666,2017,2021
6,California,6025,Imperial,30.666666666666668,2017,2021
6,California,6027,Inyo,28.5,2017,2021
6,California,6029,Kern,30.733333333333334,2017,2021
6,California,6031,Kings,30.2,2017,2021
6,California,6033,Lake,29.166666666666668,2017,2021
6,California,6035,Lassen,29.7,2017,2021
6,California,6037,Los Angeles,30.166666666666668,2017,2021
6,California,6039,Madera,30.133333333333336,2017,2021
6,California,6041,Marin,26.866666666666664,2017,2021
6,California,6043,Mariposa,28.8,2017,2021
6,California,6045,Mendocino,28.900000000000002,2017,2021
6,California,6047,Merced,30.299999999999997,2017,2021
6,California,6049,Modoc,29.599999999999998,2017,2021
6,California,6051,Mono,28.733333333333334,2017,2021
6,California,6053,Monterey,29.53333333333333,2017,2021
6,California,6055,Napa,28.666666666666668,2017,2021
6,California,6057,Nevada,28.833333333333332,2017,2021
6,California,6059,Orange,30.600000000000005,2017,2021
6,California,6061,Placer,28.3,2017,2021
6,California,6063,Plumas,28.666666666666668,2017,2021
6,California,6065,Riverside,30.3,2017,2021
6,California,6067,Sacramento,27.866666666666664,2017,2021
6,California,6069,San Benito,28.8,2017,2021
6,California,6071,San Bernardino,29.866666666666664,2017,2021
6,California,6073,San Diego,28.7,2017,2021
6,California,6075,San Francisco,28.433333333333334,2017,2021
6,California,6077,San Joaquin,30.5,2017,2021
6,California,6079,San Luis Obispo,28.03333333333333,2017,2021
6,California,6081,San Mateo,28.333333333333332,2017,2021
6,California,6083,Santa Barbara,29.03333333333333,2017,2021
6,California,6085,Santa Clara,27.733333333333334,2017,2021
6,California,6087,Santa Cruz,28.0,2017,2021
6,California,6089,Shasta,28.433333333333334,2017,2021
6,California,6091,Sierra,29.066666666666666,2017,2021
6,California,6093,Siskiyou,29.366666666666664,2017,2021
6,California,6095,Solano,28.066666666666666,2017,2021
6,California,6097,Sonoma,26.866666666666664,2017,2021
6,California,6099,Stanislaus,29.7,2017,2021
6,California,6101,Sutter,30.066666666666666,2017,2021
6,California,6103,Tehama,29.633333333333336,2017,2021
6,California,6105,Trinity,29.7,2017,2021
6,California,6107,Tulare,30.933333333333337,2017,2021
6,California,6109,Tuolumne,28.666666666666668,2017,2021
6,California,6111,Ventura,29.633333333333336,2017,2021
6,California,6113,Yolo,28.866666666666664,2017,2021
6,California,6115,Yuba,29.333333333333332,2017,2021
8,Colorado,8001,Adams,27.53333333333333,2017,2021
8,Colorado,8003,Alamosa,28.266666666666666,2017,2021
8,Colorado,8005,Arapahoe,27.566666666666666,2017,2021
8,Colorado,8007,Archuleta,27.8,2017,2021
8,Colorado,8009,Baca,28.566666666666666,2017,2021
8,Colorado,8011,Bent,29.3,2017,2021
8,Colorado,8013,Boulder,26.53333333333333,2017,2021
8,Colorado,8014,Broomfield,25.866666666666664,2017,2021
8,Colorado,8015,Chaffee,27.599999999999998,2017,2021
8,Colorado,8017,Cheyenne,27.53333333333333,2017,2021
8,Colorado,8019,Clear Creek,26.3,2017,2021
8,Colorado,8021,Conejos,28.53333333333333,2017,2021
8,Colorado,8023,Costilla,29.0,2017,2021
8,Colorado,8025,Crowley,29.5,2017,2021
8,Colorado,8027,Custer,27.2,2017,2021
8,Colorado,8029,Delta,28.666666666666668,2017,2021
8,Colorado,8031,Denver,27.266666666666666,2017,2021
8,Colorado,8033,Dolores,27.53333333333333,2017,2021
8,Colorado,8035,Douglas,27.900000000000002,2017,2021
8,Colorado,8037,Eagle,26.599999999999998,2017,2021
8,Colorado,8039,Elbert,26.46666666666667,2017,2021
8,Colorado,8041,El Paso,28.566666666666666,2017,2021
8,Colorado,8043,Fremont,27.46666666666667,2017,2021
8,Colorado,8045,Garfield,26.866666666666664,2017,2021
8,Colorado,8047,Gilpin,26.433333333333334,2017,2021
8,Colorado,8049,Grand,27.03333333333333,2017,2021
8,Colorado,8051,Gunnison,26.599999999999998,2017,2021
8,Colorado,8053,Hinsdale,26.933333333333334,2017,2021
8,Colorado,8055,Huerfano,28.03333333333333,2017,2021
8,Colorado,8057,Jackson,27.96666666666667,2017,2021
8,Colorado,8059,Jefferson,27.133333333333336,2017,2021
8,Colorado,8061,Kiowa,27.8,2017,2021
8,Colorado,8063,Kit Carson,27.8,2017,2021
8,Colorado,8065,Lake,28.0,2017,2021
8,Colorado,8067,La Plata,26.366666666666664,2017,2021
8,Colorado,8069,Larimer,25.96666666666667,2017,2021
8,Colorado,8071,Las Animas,28.366666666666664,2017,2021
8,Colorado,8073,Lincoln,28.0,2017,2021
8,Colorado,8075,Logan,27.366666666666664,2017,2021
8,Colorado,8077,Mesa,26.5,2017,2021
8,Colorado,8079,Mineral,26.833333333333332,2017,2021
8,Colorado,8081,Moffat,27.666666666666668,2017,2021
8,Colorado,8083,Montezuma,27.8,2017,2021
8,Colorado,8085,Montrose,27.333333333333332,2017,2021
8,Colorado,8087,Morgan,27.766666666666666,2017,2021
8,Colorado,8089,Otero,28.7,2017,2021
8,Colorado,8091,Ouray,26.5,2017,2021
8,Colorado,8093,Park,26.933333333333334,2017,2021
8,Colorado,8095,Phillips,28.066666666666666,2017,2021
8,Colorado,8097,Pitkin,26.03333333333333,2017,2021
8,Colorado,8099,Prowers,28.2,2017,2021
8,Colorado,8101,Pueblo,28.333333333333332,2017,2021
8,Colorado,8103,Rio Blanco,27.566666666666666,2017,2021
8,Colorado,8105,Rio Grande,28.133333333333336,2017,2021
8,Colorado,8107,Routt,27.099999999999998,2017,2021
8,Colorado,8109,Saguache,28.266666666666666,2017,2021
8,Colorado,8111,San Juan,27.76666666666667,2017,2021
8,Colorado,8113,San Miguel,26.8,2017,2021
8,Colorado,8115,Sedgwick,28.066666666666666,2017,2021
8,Colorado,8117,Summit,26.599999999999998,2017,2021
8,Colorado,8119,Teller,26.866666666666664,2017,2021
8,Colorado,8121,Washington,27.7,2017,2021
8,Colorado,8123,Weld,27.933333333333334,2017,2021
8,Colorado,8125,Yuma,27.599999999999998,2017,2021
9,Connecticut,9001,Fairfield,27.7,2017,2021
9,Connecticut,9003,Hartford,29.666666666666668,2017,2021
9,Connecticut,9005,Litchfield,28.166666666666668,2017,2021
9,Connecticut,9007,Middlesex,28.2,2017,2021
9,Connecticut,9009,New Haven,29.133333333333336,2017,2021
9,Connecticut,9011,New London,28.833333333333332,2017,2021
9,Connecticut,9013,Tolland,28.900000000000002,2017,2021
9,Connecticut,9015,Windham,28.46666666666667,2017,2021
10,Delaware,10001,Kent,30.233333333333334,2017,2021
10,Delaware,10003,New Castle,29.53333333333333,2017,2021
10,Delaware,10005,Sussex,30.233333333333334,2017,2021
11,District of Columbia,11001,District of Columbia,28.566666666666666,2017,2021
12,Florida,12001,Alachua,29.25,2017,2021
12,Florida,12003,Baker,29.5,2017,2021
12,Florida,12005,Bay,29.1,2017,2021
12,Florida,12007,Bradford,30.05,2017,2021
12,Florida,12009,Brevard,28.45,2017,2021
12,Florida,12011,Broward,28.7,2017,2021
12,Florida,12013,Calhoun,32.599999999999994,2017,2021
12,Florida,12015,Charlotte,29.700000000000003,2017,2021
12,Florida,12017,Citrus,31.0,2017,2021
12,Florida,12019,Clay,27.6,2017,2021
12,Florida,12021,Collier,28.1,2017,2021
12,Florida,12023,Columbia,30.55,2017,2021
12,Florida,12027,DeSoto,31.049999999999997,2017,2021
12,Florida,12029,Dixie,30.85,2017,2021
12,Florida,12031,Duval,28.85,2017,2021
12,Florida,12033,Escambia,28.7,2017,2021
12,Florida,12035,Flagler,28.3,2017,2021
12,Florida,12037,Franklin,30.450000000000003,2017,2021
12,Florida,12039,Gadsden,29.1,2017,2021
12,Florida,12041,Gilchrist,30.6,2017,2021
12,Florida,12043,Glades,29.6,2017,2021
12,Florida,12045,Gulf,29.25,2017,2021
12,Florida,12047,Hamilton,30.8,2017,2021
12,Florida,12049,Hardee,31.700000000000003,2017,2021
12,Florida,12051,Hendry,29.35,2017,2021
12,Florida,12053,Hernando,28.85,2017,2021
12,Florida,12055,Highlands,29.200000000000003,2017,2021
12,Florida,12057,Hillsborough,29.450000000000003,2017,2021
12,Florida,12059,Holmes,30.9,2017,2021
12,Florida,12061,Indian River,27.95,2017,2021
12,Florida,12063,Jackson,30.25,2017,2021
12,Florida,12065,Jefferson,29.950000000000003,2017,2021
12,Florida,12067,Lafayette,30.8,2017,2021
12,Florida,12069,Lake,28.25,2017,2021
12,Florida,12071,Lee,28.2,2017,2021
12,Florida,12073,Leon,28.35,2017,2021
12,Florida,12075,Levy,29.2,2017,2021
12,Florida,12077,Liberty,31.1,2017,2021
12,Florida,12079,Madison,31.15,2017,2021
12,Florida,12081,Manatee,29.05,2017,2021
12,Florida,12083,Marion,28.950000000000003,2017,2021
12,Florida,12085,Martin,27.799999999999997,2017,2021
12,Florida,12086,Miami-Dade,28.45,2017,2021
12,Florida,12087,Monroe,27.799999999999997,2017,2021
12,Florida,12089,Nassau,29.15,2017,2021
12,Florida,12091,Okaloosa,27.75,2017,2021
12,Florida,12093,Okeechobee,30.6,2017,2021
12,Florida,12095,Orange,28.9,2017,2021
12,Florida,12097,Osceola,30.200000000000003,2017,2021
12,Florida,12099,Palm Beach,28.049999999999997,2017,2021
12,Florida,12101,Pasco,29.05,2017,2021
12,Florida,12103,Pinellas,28.75,2017,2021
12,Florida,12105,Polk,30.3,2017,2021
12,Florida,12107,Putnam,31.1,2017,2021
12,Florida,12109,St. Johns,27.55,2017,2021
12,Florida,12111,St. Lucie,29.5,2017,2021
12,Florida,12113,Santa Rosa,29.25,2017,2021
12,Florida,12115,Sarasota,26.0,2017,2021
12,Florida,12117,Seminole,28.8,2017,2021
12,Florida,12119,Sumter,28.2,2017,2021
12,Florida,12121,Suwannee,30.6,2017,2021
12,Florida,12123,Taylor,30.200000000000003,2017,2021
12,Florida,12125,Union,31.45,2017,2021
12,Florida,12127,Volusia,29.700000000000003,2017,2021
12,Florida,12129,Wakulla,29.35,2017,2021
12,Florida,12131,Walton,28.65,2017,2021
12,Florida,12133,Washington,31.25,2017,2021
13,Georgia,13001,Appling,32.5,2017,2021
13,Georgia,13003,Atkinson,32.93333333333333,2017,2021
13,Georgia,13005,Bacon,32.5,2017,2021
13,Georgia,13007,Baker,31.599999999999998,2017,2021
13,Georgia,13009,Baldwin,31.400000000000002,2017,2021
13,Georgia,13011,Banks,32.13333333333333,2017,2021
13,Georgia,13013,Barrow,31.400000000000002,2017,2021
13,Georgia,13015,Bartow,30.933333333333334,2017,2021
13,Georgia,13017,Ben Hill,31.900000000000002,2017,2021
13,Georgia,13019,Berrien,32.266666666666666,2017,2021
13,Georgia,13021,Bibb,31.099999999999998,2017,2021
13,Georgia,13023,Bleckley,31.333333333333332,2017,2021
13,Georgia,13025,Brantley,33.03333333333333,2017,2021
13,Georgia,13027,Brooks,31.53333333333333,2017,2021
13,Georgia,13029,Bryan,30.3,2017,2021
13,Georgia,13031,Bulloch,32.03333333333333,2017,2021
13,Georgia,13033,Burke,31.166666666666668,2017,2021
13,Georgia,13035,Butts,32.300000000000004,2017,2021
13,Georgia,13037,Calhoun,32.833333333333336,2017,2021
13,Georgia,13039,Camden,30.733333333333334,2017,2021
13,Georgia,13043,Candler,32.5,2017,2021
13,Georgia,13045,Carroll,31.233333333333334,2017,2021
13,Georgia,13047,Catoosa,31.266666666666666,2017,2021
13,Georgia,13049,Charlton,32.53333333333333,2017,2021
13,Georgia,13051,Chatham,30.566666666666666,2017,2021
13,Georgia,13053,Chattahoochee,31.400000000000002,2017,2021
13,Georgia,13055,Chattooga,32.833333333333336,2017,2021
13,Georgia,13057,Cherokee,31.2,2017,2021
13,Georgia,13059,Clarke,31.766666666666666,2017,2021
13,Georgia,13061,Clay,32.199999999999996,2017,2021
13,Georgia,13063,Clayton,30.333333333333332,2017,2021
13,Georgia,13065,Clinch,33.36666666666667,2017,2021
13,Georgia,13067,Cobb,28.766666666666666,2017,2021
13,Georgia,13069,Coffee,32.46666666666667,2017,2021
13,Georgia,13071,Colquitt,31.933333333333334,2017,2021
13,Georgia,13073,Columbia,29.766666666666666,2017,2021
13,Georgia,13075,Cook,32.666666666666664,2017,2021
13,Georgia,13077,Coweta,30.53333333333333,2017,2021
13,Georgia,13079,Crawford,31.96666666666667,2017,2021
13,Georgia,13081,Crisp,31.900000000000002,2017,2021
13,Georgia,13083,Dade,31.7,2017,2021
13,Georgia,13085,Dawson,30.666666666666668,2017,2021
13,Georgia,13087,Decatur,31.3,2017,2021
13,Georgia,13089,DeKalb,29.76666666666667,2017,2021
13,Georgia,13091,Dodge,32.4,2017,2021
13,Georgia,13093,Dooly,31.633333333333336,2017,2021
13,Georgia,13095,Dougherty,30.866666666666664,2017,2021
13,Georgia,13097,Douglas,30.933333333333334,2017,2021
13,Georgia,13099,Early,32.1,2017,2021
13,Georgia,13101,Echols,32.1,2017,2021
13,Georgia,13103,Effingham,30.166666666666668,2017,2021
13,Georgia,13105,Elbert,31.833333333333332,2017,2021
13,Georgia,13107,Emanuel,32.1,2017,2021
13,Georgia,13109,Evans,32.166666666666664,2017,2021
13,Georgia,13111,Fannin,31.233333333333334,2017,2021
13,Georgia,13113,Fayette,30.0,2017,2021
13,Georgia,13115,Floyd,31.566666666666666,2017,2021
13,Georgia,13117,Forsyth,30.666666666666668,2017,2021
13,Georgia,13119,Franklin,32.13333333333333,2017,2021
13,Georgia,13121,Fulton,28.46666666666667,2017,2021
13,Georgia,13123,Gilmer,31.666666666666668,2017,2021
13,Georgia,13125,Glascock,31.8,2017,2021
13,Georgia,13127,Glynn,30.166666666666668,2017,2021
13,Georgia,13129,Gordon,31.96666666666667,2017,2021
13,Georgia,13131,Grady,31.766666666666666,2017,2021
13,Georgia,13133,Greene,31.23333333333333,2017,2021
13,Georgia,13135,Gwinnett,29.900000000000002,2017,2021
13,Georgia,13137,Habersham,31.76666666666667,2017,2021
13,Georgia,13139,Hall,31.733333333333334,2017,2021
13,Georgia,13141,Hancock,32.333333333333336,2017,2021
13,Georgia,13143,Haralson,32.233333333333334,2017,2021
13,Georgia,13145,Harris,30.3,2017,2021
13,Georgia,13147,Hart,31.53333333333333,2017,2021
13,Georgia,13149,Heard,32.06666666666667,2017,2021
13,Georgia,13151,Henry,29.96666666666667,2017,2021
13,Georgia,13153,Houston,31.2,2017,2021
13,Georgia,13155,Irwin,32.4,2017,2021
13,Georgia,13157,Jackson,30.233333333333334,2017,2021
13,Georgia,13159,Jasper,32.266666666666666,2017,2021
13,Georgia,13161,Jeff Davis,32.46666666666666,2017,2021
13,Georgia,13163,Jefferson,31.933333333333337,2017,2021
13,Georgia,13165,Jenkins,32.333333333333336,2017,2021
13,Georgia,13167,Johnson,32.13333333333333,2017,2021
13,Georgia,13169,Jones,30.399999999999995,2017,2021
13,Georgia,13171,Lamar,31.333333333333332,2017,2021
13,Georgia,13173,Lanier,32.36666666666667,2017,2021
13,Georgia,13175,Laurens,32.13333333333333,2017,2021
13,Georgia,13177,Lee,30.433333333333334,2017,2021
13,Georgia,13179,Liberty,30.96666666666667,2017,2021
13,Georgia,13181,Lincoln,31.633333333333336,2017,2021
13,Georgia,13183,Long,31.566666666666666,2017,2021
13,Georgia,13185,Lowndes,31.633333333333336,2017,2021
13,Georgia,13187,Lumpkin,31.433333333333334,2017,2021
13,Georgia,13189,McDuffie,31.53333333333333,2017,2021
13,Georgia,13191,McIntosh,31.066666666666666,2017,2021
13,Georgia,13193,Macon,32.333333333333336,2017,2021
13,Georgia,13195,Madison,32.03333333333333,2017,2021
13,Georgia,13197,Marion,32.333333333333336,2017,2021
13,Georgia,13199,Meriwether,31.233333333333334,2017,2021
13,Georgia,13201,Miller,31.76666666666667,2017,2021
13,Georgia,13205,Mitchell,32.166666666666664,2017,2021
13,Georgia,13207,Monroe,31.166666666666668,2017,2021
13,Georgia,13209,Montgomery,31.566666666666666,2017,2021
13,Georgia,13211,Morgan,29.866666666666664,2017,2021
13,Georgia,13213,Murray,32.63333333333333,2017,2021
13,Georgia,13215,Muscogee,30.433333333333337,2017,2021
13,Georgia,13217,Newton,30.666666666666668,2017,2021
13,Georgia,13219,Oconee,29.333333333333332,2017,2021
13,Georgia,13221,Oglethorpe,31.8,2017,2021
13,Georgia,13223,Paulding,30.333333333333332,2017,2021
13,Georgia,13225,Peach,31.5,2017,2021
13,Georgia,13227,Pickens,30.866666666666664,2017,2021
13,Georgia,13229,Pierce,32.733333333333334,2017,2021
13,Georgia,13231,Pike,30.833333333333332,2017,2021
13,Georgia,13233,Polk,31.8,2017,2021
13,Georgia,13235,Pulaski,31.5,2017,2021
13,Georgia,13237,Putnam,31.5,2017,2021
13,Georgia,13239,Quitman,31.8,2017,2021
13,Georgia,13241,Rabun,31.46666666666667,2017,2021
13,Georgia,13243,Randolph,32.36666666666667,2017,2021
13,Georgia,13245,Richmond,30.400000000000002,2017,2021
13,Georgia,13247,Rockdale,29.933333333333334,2017,2021
13,Georgia,13249,Schley,31.599999999999998,2017,2021
13,Georgia,13251,Screven,31.53333333333333,2017,2021
13,Georgia,13253,Seminole,31.7,2017,2021
13,Georgia,13255,Spalding,30.900000000000002,2017,2021
13,Georgia,13257,Stephens,31.766666666666666,2017,2021
13,Georgia,13259,Stewart,33.199999999999996,2017,2021
13,Georgia,13261,Sumter,32.06666666666667,2017,2021
13,Georgia,13263,Talbot,31.3,2017,2021
13,Georgia,13265,Taliaferro,31.63333333333333,2017,2021
13,Georgia,13267,Tattnall,32.63333333333333,2017,2021
13,Georgia,13269,Taylor,32.733333333333334,2017,2021
13,Georgia,13271,Telfair,33.26666666666667,2017,2021
13,Georgia,13273,Terrell,31.96666666666667,2017,2021
13,Georgia,13275,Thomas,30.400000000000002,2017,2021
13,Georgia,13277,Tift,32.1,2017,2021
13,Georgia,13279,Toombs,32.300000000000004,2017,2021
13,Georgia,13281,Towns,31.433333333333334,2017,2021
13,Georgia,13283,Treutlen,32.06666666666667,2017,2021
13,Georgia,13285,Troup,31.433333333333334,2017,2021
13,Georgia,13287,Turner,32.53333333333333,2017,2021
13,Georgia,13289,Twiggs,31.866666666666664,2017,2021
13,Georgia,13291,Union,30.600000000000005,2017,2021
13,Georgia,13293,Upson,32.266666666666666,2017,2021
13,Georgia,13295,Walker,31.233333333333334,2017,2021
13,Georgia,13297,Walton,31.36666666666667,2017,2021
13,Georgia,13299,Ware,32.63333333333333,2017,2021
13,Georgia,13301,Warren,32.03333333333334,2017,2021
13,Georgia,13303,Washington,31.733333333333334,2017,2021
13,Georgia,13305,Wayne,32.46666666666666,2017,2021
13,Georgia,13307,Webster,31.666666666666668,2017,2021
13,Georgia,13309,Wheeler,32.8,2017,2021
13,Georgia,13311,White,31.53333333333333,2017,2021
13,Georgia,13313,Whitfield,32.03333333333333,2017,2021
13,Georgia,13315,Wilcox,32.266666666666666,2017,2021
13,Georgia,13317,Wilkes,31.900000000000002,2017,2021
13,Georgia,13319,Wilkinson,31.933333333333334,2017,2021
13,Georgia,13321,Worth,31.7,2017,2021
15,Hawaii,15001,Hawaii,25.26666666666667,2017,2021
15,Hawaii,15003,Honolulu,28.599999999999998,2017,2021
15,Hawaii,15005,Kalawao,23.166666666666668,2017,2021
15,Hawaii,15007,Kauai,24.7,2017,2021
15,Hawaii,15009,Maui,24.666666666666668,2017,2021
16,Idaho,16001,Ada,26.599999999999998,2017,2021
16,Idaho,16003,Adams,27.8,2017,2021
16,Idaho,16005,Bannock,27.833333333333332,2017,2021
16,Idaho,16007,Bear Lake,26.866666666666664,2017,2021
16,Idaho,16009,Benewah,27.433333333333334,2017,2021
16,Idaho,16011,Bingham,27.433333333333334,2017,2021
16,Idaho,16013,Blaine,26.266666666666666,2017,2021
16,Idaho,16015,Boise,26.96666666666667,2017,2021
16,Idaho,16017,Bonner,27.0,2017,2021
16,Idaho,16019,Bonneville,27.8,2017,2021
16,Idaho,16021,Boundary,27.366666666666664,2017,2021
16,Idaho,16023,Butte,27.599999999999998,2017,2021
16,Idaho,16025,Camas,27.866666666666664,2017,2021
16,Idaho,16027,Canyon,29.866666666666664,2017,2021
16,Idaho,16029,Caribou,26.96666666666667,2017,2021
16,Idaho,16031,Cassia,27.900000000000002,2017,2021
16,Idaho,16033,Clark,28.400000000000002,2017,2021
16,Idaho,16035,Clearwater,26.96666666666667,2017,2021
16,Idaho,16037,Custer,28.03333333333333,2017,2021
16,Idaho,16039,Elmore,28.400000000000002,2017,2021
16,Idaho,16041,Franklin,27.599999999999998,2017,2021
16,Idaho,16043,Fremont,27.599999999999998,2017,2021
16,Idaho,16045,Gem,27.099999999999998,2017,2021
16,Idaho,16047,Gooding,27.599999999999998,2017,2021
16,Idaho,16049,Idaho,26.96666666666667,2017,2021
16,Idaho,16051,Jefferson,27.3,2017,2021
16,Idaho,16053,Jerome,28.133333333333336,2017,2021
16,Idaho,16055,Kootenai,27.333333333333332,2017,2021
16,Idaho,16057,Latah,26.633333333333336,2017,2021
16,Idaho,16059,Lemhi,26.2,2017,2021
16,Idaho,16061,Lewis,27.433333333333334,2017,2021
16,Idaho,16063,Lincoln,28.03333333333333,2017,2021
16,Idaho,16065,Madison,28.666666666666668,2017,2021
16,Idaho,16067,Minidoka,28.566666666666666,2017,2021
16,Idaho,16069,Nez Perce,26.900000000000002,2017,2021
16,Idaho,16071,Oneida,27.7,2017,2021
16,Idaho,16073,Owyhee,28.03333333333333,2017,2021
16,Idaho,16075,Payette,28.166666666666668,2017,2021
16,Idaho,16077,Power,28.066666666666666,2017,2021
16,Idaho,16079,Shoshone,28.0,2017,2021
16,Idaho,16081,Teton,26.46666666666667,2017,2021
16,Idaho,16083,Twin Falls,26.53333333333333,2017,2021
16,Idaho,16085,Valley,26.3,2017,2021
16,Idaho,16087,Washington,28.066666666666666,2017,2021
17,Illinois,17001,Adams,28.96666666666667,2017,2021
17,Illinois,17003,Alexander,30.433333333333337,2017,2021
17,Illinois,17005,Bond,29.733333333333334,2017,2021
17,Illinois,17007,Boone,29.3,2017,2021
17,Illinois,17009,Brown,29.933333333333334,2017,2021
17,Illinois,17011,Bureau,29.633333333333336,2017,2021
17,Illinois,17013,Calhoun,29.400000000000002,2017,2021
17,Illinois,17015,Carroll,29.433333333333334,2017,2021
17,Illinois,17017,Cass,29.833333333333332,2017,2021
17,Illinois,17019,Champaign,29.46666666666667,2017,2021
17,Illinois,17021,Christian,29.833333333333332,2017,2021
17,Illinois,17023,Clark,29.5,2017,2021
17,Illinois,17025,Clay,30.099999999999998,2017,2021
17,Illinois,17027,Clinton,29.3,2017,2021
17,Illinois,17029,Coles,30.2,2017,2021
17,Illinois,17031,Cook,27.566666666666666,2017,2021
17,Illinois,17033,Crawford,29.566666666666666,2017,2021
17,Illinois,17035,Cumberland,29.733333333333334,2017,2021
17,Illinois,17037,DeKalb,29.400000000000002,2017,2021
17,Illinois,17039,De Witt,29.599999999999998,2017,2021
17,Illinois,17041,Douglas,29.96666666666667,2017,2021
17,Illinois,17043,DuPage,28.633333333333336,2017,2021
17,Illinois,17045,Edgar,30.099999999999998,2017,2021
17,Illinois,17047,Edwards,29.7,2017,2021
17,Illinois,17049,Effingham,29.433333333333334,2017,2021
17,Illinois,17051,Fayette,30.46666666666667,2017,2021
17,Illinois,17053,Ford,29.53333333333333,2017,2021
17,Illinois,17055,Franklin,30.366666666666664,2017,2021
17,Illinois,17057,Fulton,29.866666666666664,2017,2021
17,Illinois,17059,Gallatin,30.2,2017,2021
17,Illinois,17061,Greene,29.96666666666667,2017,2021
17,Illinois,17063,Grundy,28.96666666666667,2017,2021
17,Illinois,17065,Hamilton,29.766666666666666,2017,2021
17,Illinois,17067,Hancock,29.166666666666668,2017,2021
17,Illinois,17069,Hardin,30.333333333333332,2017,2021
17,Illinois,17071,Henderson,29.366666666666664,2017,2021
17,Illinois,17073,Henry,29.2,2017,2021
17,Illinois,17075,Iroquois,30.266666666666666,2017,2021
17,Illinois,17077,Jackson,30.2,2017,2021
17,Illinois,17079,Jasper,29.599999999999998,2017,2021
17,Illinois,17081,Jefferson,30.099999999999998,2017,2021
17,Illinois,17083,Jersey,29.266666666666666,2017,2021
17,Illinois,17085,Jo Daviess,29.233333333333334,2017,2021
17,Illinois,17087,Johnson,30.03333333333333,2017,2021
17,Illinois,17089,Kane,29.733333333333334,2017,2021
17,Illinois,17091,Kankakee,29.666666666666668,2017,2021
17,Illinois,17093,Kendall,28.633333333333336,2017,2021
17,Illinois,17095,Knox,30.233333333333334,2017,2021
17,Illinois,17097,Lake,28.233333333333334,2017,2021
17,Illinois,17099,La Salle,29.166666666666668,2017,2021
17,Illinois,17101,Lawrence,30.3,2017,2021
17,Illinois,17103,Lee,29.2,2017,2021
17,Illinois,17105,Livingston,29.866666666666664,2017,2021
17,Illinois,17107,Logan,29.3,2017,2021
17,Illinois,17109,McDonough,29.766666666666666,2017,2021
17,Illinois,17111,McHenry,28.03333333333333,2017,2021
17,Illinois,17113,McLean,28.666666666666668,2017,2021
17,Illinois,17115,Macon,29.166666666666668,2017,2021
17,Illinois,17117,Macoupin,29.599999999999998,2017,2021
17,Illinois,17119,Madison,29.933333333333334,2017,2021
17,Illinois,17121,Marion,30.3,2017,2021
17,Illinois,17123,Marshall,29.2,2017,2021
17,Illinois,17125,Mason,29.866666666666664,2017,2021
17,Illinois,17127,Massac,30.133333333333336,2017,2021
17,Illinois,17129,Menard,28.900000000000002,2017,2021
17,Illinois,17131,Mercer,29.333333333333332,2017,2021
17,Illinois,17133,Monroe,28.53333333333333,2017,2021
17,Illinois,17135,Montgomery,30.166666666666668,2017,2021
17,Illinois,17137,Morgan,30.03333333333333,2017,2021
17,Illinois,17139,Moultrie,29.766666666666666,2017,2021
17,Illinois,17141,Ogle,29.5,2017,2021
17,Illinois,17143,Peoria,29.3,2017,2021
17,Illinois,17145,Perry,30.2,2017,2021
17,Illinois,17147,Piatt,28.900000000000002,2017,2021
17,Illinois,17149,Pike,29.96666666666667,2017,2021
17,Illinois,17151,Pope,30.133333333333336,2017,2021
17,Illinois,17153,Pulaski,30.166666666666668,2017,2021
17,Illinois,17155,Putnam,29.099999999999998,2017,2021
17,Illinois,17157,Randolph,30.333333333333332,2017,2021
17,Illinois,17159,Richland,29.900000000000002,2017,2021
17,Illinois,17161,Rock Island,28.766666666666666,2017,2021
17,Illinois,17163,St. Clair,28.433333333333334,2017,2021
17,Illinois,17165,Saline,30.233333333333334,2017,2021
17,Illinois,17167,Sangamon,29.066666666666666,2017,2021
17,Illinois,17169,Schuyler,29.866666666666664,2017,2021
17,Illinois,17171,Scott,29.7,2017,2021
17,Illinois,17173,Shelby,29.666666666666668,2017,2021
17,Illinois,17175,Stark,29.8,2017,2021
17,Illinois,17177,Stephenson,29.46666666666667,2017,2021
17,Illinois,17179,Tazewell,28.833333333333332,2017,2021
17,Illinois,17181,Union,30.066666666666666,2017,2021
17,Illinois,17183,Vermilion,30.366666666666664,2017,2021
17,Illinois,17185,Wabash,29.8,2017,2021
17,Illinois,17187,Warren,29.400000000000002,2017,2021
17,Illinois,17189,Washington,29.133333333333336,2017,2021
17,Illinois,17191,Wayne,29.96666666666667,2017,2021
17,Illinois,17193,White,29.833333333333332,2017,2021
17,Illinois,17195,Whiteside,29.933333333333334,2017,2021
17,Illinois,17197,Will,29.5,2017,2021
17,Illinois,17199,Williamson,29.8,2017,2021
17,Illinois,17201,Winnebago,29.366666666666664,2017,2021
17,Illinois,17203,Woodford,28.666666666666668,2017,2021
18,Indiana,18001,Adams,30.5,2017,2021
18,Indiana,18003,Allen,29.0,2017,2021
18,Indiana,18005,Bartholomew,30.3,2017,2021
18,Indiana,18007,Benton,30.8,2017,2021
18,Indiana,18009,Blackford,31.166666666666668,2017,2021
18,Indiana,18011,Boone,29.400000000000002,2017,2021
18,Indiana,18013,Brown,29.866666666666664,2017,2021
18,Indiana,18015,Carroll,30.366666666666664,2017,2021
18,Indiana,18017,Cass,31.233333333333334,2017,2021
18,Indiana,18019,Clark,30.433333333333334,2017,2021
18,Indiana,18021,Clay,30.933333333333334,2017,2021
18,Indiana,18023,Clinton,30.599999999999998,2017,2021
18,Indiana,18025,Crawford,31.46666666666667,2017,2021
18,Indiana,18027,Daviess,30.900000000000002,2017,2021
18,Indiana,18029,Dearborn,29.53333333333333,2017,2021
18,Indiana,18031,Decatur,30.2,2017,2021
18,Indiana,18033,DeKalb,30.266666666666666,2017,2021
18,Indiana,18035,Delaware,31.96666666666667,2017,2021
18,Indiana,18037,Dubois,29.599999999999998,2017,2021
18,Indiana,18039,Elkhart,30.266666666666666,2017,2021
18,Indiana,18041,Fayette,31.8,2017,2021
18,Indiana,18043,Floyd,29.8,2017,2021
18,Indiana,18045,Fountain,31.066666666666666,2017,2021
18,Indiana,18047,Franklin,29.53333333333333,2017,2021
18,Indiana,18049,Fulton,30.066666666666666,2017,2021
18,Indiana,18051,Gibson,29.8,2017,2021
18,Indiana,18053,Grant,30.8,2017,2021
18,Indiana,18055,Greene,30.866666666666664,2017,2021
18,Indiana,18057,Hamilton,28.5,2017,2021
18,Indiana,18059,Hancock,29.833333333333332,2017,2021
18,Indiana,18061,Harrison,30.400000000000002,2017,2021
18,Indiana,18063,Hendricks,30.53333333333333,2017,2021
18,Indiana,18065,Henry,30.400000000000002,2017,2021
18,Indiana,18067,Howard,30.3,2017,2021
18,Indiana,18069,Huntington,31.100000000000005,2017,2021
18,Indiana,18071,Jackson,30.733333333333334,2017,2021
18,Indiana,18073,Jasper,30.599999999999998,2017,2021
18,Indiana,18075,Jay,30.866666666666664,2017,2021
18,Indiana,18077,Jefferson,30.2,2017,2021
18,Indiana,18079,Jennings,30.933333333333334,2017,2021
18,Indiana,18081,Johnson,30.26666666666667,2017,2021
18,Indiana,18083,Knox,31.366666666666664,2017,2021
18,Indiana,18085,Kosciusko,29.46666666666667,2017,2021
18,Indiana,18087,LaGrange,31.099999999999998,2017,2021
18,Indiana,18089,Lake,29.566666666666666,2017,2021
18,Indiana,18091,LaPorte,31.166666666666668,2017,2021
18,Indiana,18093,Lawrence,30.099999999999998,2017,2021
18,Indiana,18095,Madison,31.233333333333334,2017,2021
18,Indiana,18097,Marion,30.433333333333334,2017,2021
18,Indiana,18099,Marshall,30.03333333333333,2017,2021
18,Indiana,18101,Martin,31.0,2017,2021
18,Indiana,18103,Miami,31.166666666666668,2017,2021
18,Indiana,18105,Monroe,30.46666666666667,2017,2021
18,Indiana,18107,Montgomery,30.599999999999998,2017,2021
18,Indiana,18109,Morgan,29.833333333333332,2017,2021
18,Indiana,18111,Newton,30.733333333333334,2017,2021
18,Indiana,18113,Noble,30.666666666666668,2017,2021
18,Indiana,18115,Ohio,30.0,2017,2021
18,Indiana,18117,Orange,31.333333333333332,2017,2021
18,Indiana,18119,Owen,31.133333333333336,2017,2021
18,Indiana,18121,Parke,31.2,2017,2021
18,Indiana,18123,Perry,30.433333333333334,2017,2021
18,Indiana,18125,Pike,30.933333333333334,2017,2021
18,Indiana,18127,Porter,28.96666666666667,2017,2021
18,Indiana,18129,Posey,29.433333333333334,2017,2021
18,Indiana,18131,Pulaski,30.766666666666666,2017,2021
18,Indiana,18133,Putnam,31.2,2017,2021
18,Indiana,18135,Randolph,30.900000000000002,2017,2021
18,Indiana,18137,Ripley,30.5,2017,2021
18,Indiana,18139,Rush,30.7,2017,2021
18,Indiana,18141,St. Joseph,29.0,2017,2021
18,Indiana,18143,Scott,31.066666666666666,2017,2021
18,Indiana,18145,Shelby,31.366666666666664,2017,2021
18,Indiana,18147,Spencer,30.099999999999998,2017,2021
18,Indiana,18149,Starke,30.5,2017,2021
18,Indiana,18151,Steuben,29.26666666666667,2017,2021
18,Indiana,18153,Sullivan,31.3,2017,2021
18,Indiana,18155,Switzerland,31.46666666666667,2017,2021
18,Indiana,18157,Tippecanoe,31.133333333333336,2017,2021
18,Indiana,18159,Tipton,30.266666666666666,2017,2021
18,Indiana,18161,Union,30.3,2017,2021
18,Indiana,18163,Vanderburgh,31.366666666666664,2017,2021
18,Indiana,18165,Vermillion,31.166666666666668,2017,2021
18,Indiana,18167,Vigo,32.199999999999996,2017,2021
18,Indiana,18169,Wabash,30.2,2017,2021
18,Indiana,18171,Warren,30.433333333333334,2017,2021
18,Indiana,18173,Warrick,29.633333333333336,2017,2021
18,Indiana,18175,Washington,31.03333333333333,2017,2021
18,Indiana,18177,Wayne,30.599999999999998,2017,2021
18,Indiana,18179,Wells,29.666666666666668,2017,2021
18,Indiana,18181,White,30.400000000000002,2017,2021
18,Indiana,18183,Whitley,29.8,2017,2021
19,Iowa,19001,Adair,29.3,2017,2021
19,Iowa,19003,Adams,29.2,2017,2021
19,Iowa,19005,Allamakee,28.7,2017,2021
19,Iowa,19007,Appanoose,29.96666666666667,2017,2021
19,Iowa,19009,Audubon,29.3,2017,2021
19,Iowa,19011,Benton,28.900000000000002,2017,2021
19,Iowa,19013,Black Hawk,29.833333333333332,2017,2021
19,Iowa,19015,Boone,29.233333333333334,2017,2021
19,Iowa,19017,Bremer,28.3,2017,2021
19,Iowa,19019,Buchanan,29.166666666666668,2017,2021
19,Iowa,19021,Buena Vista,30.7,2017,2021
19,Iowa,19023,Butler,29.066666666666666,2017,2021
19,Iowa,19025,Calhoun,29.099999999999998,2017,2021
19,Iowa,19027,Carroll,28.900000000000002,2017,2021
19,Iowa,19029,Cass,29.633333333333336,2017,2021
19,Iowa,19031,Cedar,28.633333333333336,2017,2021
19,Iowa,19033,Cerro Gordo,29.333333333333332,2017,2021
19,Iowa,19035,Cherokee,29.099999999999998,2017,2021
19,Iowa,19037,Chickasaw,29.099999999999998,2017,2021
19,Iowa,19039,Clarke,29.400000000000002,2017,2021
19,Iowa,19041,Clay,29.566666666666666,2017,2021
19,Iowa,19043,Clayton,29.666666666666668,2017,2021
19,Iowa,19045,Clinton,29.366666666666664,2017,2021
19,Iowa,19047,Crawford,30.166666666666668,2017,2021
19,Iowa,19049,Dallas,28.566666666666666,2017,2021
19,Iowa,19051,Davis,29.733333333333334,2017,2021
19,Iowa,19053,Decatur,30.366666666666664,2017,2021
19,Iowa,19055,Delaware,29.133333333333336,2017,2021
19,Iowa,19057,Des Moines,28.7,2017,2021
19,Iowa,19059,Dickinson,28.46666666666667,2017,2021
19,Iowa,19061,Dubuque,28.8,2017,2021
19,Iowa,19063,Emmet,29.566666666666666,2017,2021
19,Iowa,19065,Fayette,29.3,2017,2021
19,Iowa,19067,Floyd,28.866666666666664,2017,2021
19,Iowa,19069,Franklin,28.666666666666668,2017,2021
19,Iowa,19071,Fremont,29.5,2017,2021
19,Iowa,19073,Greene,29.433333333333334,2017,2021
19,Iowa,19075,Grundy,28.599999999999998,2017,2021
19,Iowa,19077,Guthrie,28.733333333333334,2017,2021
19,Iowa,19079,Hamilton,28.933333333333334,2017,2021
19,Iowa,19081,Hancock,29.400000000000002,2017,2021
19,Iowa,19083,Hardin,29.53333333333333,2017,2021
19,Iowa,19085,Harrison,29.7,2017,2021
19,Iowa,19087,Henry,29.0,2017,2021
19,Iowa,19089,Howard,29.166666666666668,2017,2021
19,Iowa,19091,Humboldt,29.76666666666667,2017,2021
19,Iowa,19093,Ida,29.066666666666663,2017,2021
19,Iowa,19095,Iowa,27.8,2017,2021
19,Iowa,19097,Jackson,29.233333333333334,2017,2021
19,Iowa,19099,Jasper,29.666666666666668,2017,2021
19,Iowa,19101,Jefferson,29.366666666666664,2017,2021
19,Iowa,19103,Johnson,27.099999999999998,2017,2021
19,Iowa,19105,Jones,29.53333333333333,2017,2021
19,Iowa,19107,Keokuk,29.3,2017,2021
19,Iowa,19109,Kossuth,28.900000000000002,2017,2021
19,Iowa,19111,Lee,29.433333333333334,2017,2021
19,Iowa,19113,Linn,29.099999999999998,2017,2021
19,Iowa,19115,Louisa,28.766666666666666,2017,2021
19,Iowa,19117,Lucas,29.366666666666664,2017,2021
19,Iowa,19119,Lyon,28.133333333333336,2017,2021
19,Iowa,19121,Madison,28.433333333333334,2017,2021
19,Iowa,19123,Mahaska,29.03333333333333,2017,2021
19,Iowa,19125,Marion,28.900000000000002,2017,2021
19,Iowa,19127,Marshall,29.96666666666667,2017,2021
19,Iowa,19129,Mills,29.066666666666666,2017,2021
19,Iowa,19131,Mitchell,29.0,2017,2021
19,Iowa,19133,Monona,29.566666666666666,2017,2021
19,Iowa,19135,Monroe,28.933333333333334,2017,2021
19,Iowa,19137,Montgomery,29.566666666666666,2017,2021
19,Iowa,19139,Muscatine,29.233333333333334,2017,2021
19,Iowa,19141,O'Brien,28.96666666666667,2017,2021
19,Iowa,19143,Osceola,28.900000000000002,2017,2021
19,Iowa,19145,Page,29.900000000000002,2017,2021
19,Iowa,19147,Palo Alto,28.900000000000002,2017,2021
19,Iowa,19149,Plymouth,28.599999999999998,2017,2021
19,Iowa,19151,Pocahontas,29.633333333333336,2017,2021
19,Iowa,19153,Polk,30.166666666666668,2017,2021
19,Iowa,19155,Pottawattamie,28.766666666666666,2017,2021
19,Iowa,19157,Poweshiek,29.03333333333333,2017,2021
19,Iowa,19159,Ringgold,29.3,2017,2021
19,Iowa,19161,Sac,28.8,2017,2021
19,Iowa,19163,Scott,29.2,2017,2021
19,Iowa,19165,Shelby,29.0,2017,2021
19,Iowa,19167,Sioux,28.133333333333336,2017,2021
19,Iowa,19169,Story,29.53333333333333,2017,2021
19,Iowa,19171,Tama,29.2,2017,2021
19,Iowa,19173,Taylor,29.333333333333332,2017,2021
19,Iowa,19175,Union,29.433333333333334,2017,2021
19,Iowa,19177,Van Buren,29.566666666666666,2017,2021
19,Iowa,19179,Wapello,30.266666666666666,2017,2021
19,Iowa,19181,Warren,28.133333333333336,2017,2021
19,Iowa,19183,Washington,29.46666666666667,2017,2021
19,Iowa,19185,Wayne,29.7,2017,2021
19,Iowa,19187,Webster,28.5,2017,2021
19,Iowa,19189,Winnebago,29.099999999999998,2017,2021
19,Iowa,19191,Winneshiek,28.5,2017,2021
19,Iowa,19193,Woodbury,30.166666666666668,2017,2021
19,Iowa,19195,Worth,28.633333333333336,2017,2021
19,Iowa,19197,Wright,29.5,2017,2021
20,Kansas,20001,Allen,31.166666666666668,2017,2021
20,Kansas,20003,Anderson,30.63333333333333,2017,2021
20,Kansas,20005,Atchison,30.46666666666667,2017,2021
20,Kansas,20007,Barber,29.899999999999995,2017,2021
20,Kansas,20009,Barton,31.099999999999998,2017,2021
20,Kansas,20011,Bourbon,30.766666666666666,2017,2021
20,Kansas,20013,Brown,30.733333333333334,2017,2021
20,Kansas,20015,Butler,31.5,2017,2021
20,Kansas,20017,Chase,30.53333333333333,2017,2021
20,Kansas,20019,Chautauqua,30.866666666666664,2017,2021
20,Kansas,20021,Cherokee,31.233333333333334,2017,2021
20,Kansas,20023,Cheyenne,30.233333333333334,2017,2021
20,Kansas,20025,Clark,30.066666666666666,2017,2021
20,Kansas,20027,Clay,30.266666666666666,2017,2021
20,Kansas,20029,Cloud,30.400000000000002,2017,2021
20,Kansas,20031,Coffey,29.633333333333336,2017,2021
20,Kansas,20033,Comanche,29.666666666666668,2017,2021
20,Kansas,20035,Cowley,32.46666666666667,2017,2021
20,Kansas,20037,Crawford,31.066666666666666,2017,2021
20,Kansas,20039,Decatur,30.066666666666666,2017,2021
20,Kansas,20041,Dickinson,28.7,2017,2021
20,Kansas,20043,Doniphan,31.3,2017,2021
20,Kansas,20045,Douglas,30.133333333333336,2017,2021
20,Kansas,20047,Edwards,30.633333333333336,2017,2021
20,Kansas,20049,Elk,31.333333333333332,2017,2021
20,Kansas,20051,Ellis,29.933333333333334,2017,2021
20,Kansas,20053,Ellsworth,30.366666666666664,2017,2021
20,Kansas,20055,Finney,29.8,2017,2021
20,Kansas,20057,Ford,30.900000000000002,2017,2021
20,Kansas,20059,Franklin,30.233333333333334,2017,2021
20,Kansas,20061,Geary,30.833333333333332,2017,2021
20,Kansas,20063,Gove,30.03333333333333,2017,2021
20,Kansas,20065,Graham,30.53333333333333,2017,2021
20,Kansas,20067,Grant,29.933333333333334,2017,2021
20,Kansas,20069,Gray,29.666666666666668,2017,2021
20,Kansas,20071,Greeley,30.0,2017,2021
20,Kansas,20073,Greenwood,29.96666666666667,2017,2021
20,Kansas,20075,Hamilton,30.733333333333334,2017,2021
20,Kansas,20077,Harper,31.2,2017,2021
20,Kansas,20079,Harvey,29.7,2017,2021
20,Kansas,20081,Haskell,30.633333333333336,2017,2021
20,Kansas,20083,Hodgeman,30.066666666666666,2017,2021
20,Kansas,20085,Jackson,30.53333333333333,2017,2021
20,Kansas,20087,Jefferson,30.366666666666664,2017,2021
20,Kansas,20089,Jewell,30.5,2017,2021
20,Kansas,20091,Johnson,31.366666666666664,2017,2021
20,Kansas,20093,Kearny,30.73333333333333,2017,2021
20,Kansas,20095,Kingman,29.933333333333334,2017,2021
20,Kansas,20097,Kiowa,30.46666666666667,2017,2021
20,Kansas,20099,Labette,31.599999999999998,2017,2021
20,Kansas,20101,Lane,30.733333333333334,2017,2021
20,Kansas,20103,Leavenworth,30.433333333333334,2017,2021
20,Kansas,20105,Lincoln,29.900000000000002,2017,2021
20,Kansas,20107,Linn,30.666666666666668,2017,2021
20,Kansas,20109,Logan,30.266666666666666,2017,2021
20,Kansas,20111,Lyon,31.133333333333336,2017,2021
20,Kansas,20113,McPherson,29.400000000000002,2017,2021
20,Kansas,20115,Marion,30.133333333333336,2017,2021
20,Kansas,20117,Marshall,29.5,2017,2021
20,Kansas,20119,Meade,31.133333333333336,2017,2021
20,Kansas,20121,Miami,30.53333333333333,2017,2021
20,Kansas,20123,Mitchell,30.2,2017,2021
20,Kansas,20125,Montgomery,31.0,2017,2021
20,Kansas,20127,Morris,29.400000000000002,2017,2021
20,Kansas,20129,Morton,31.0,2017,2021
20,Kansas,20131,Nemaha,30.066666666666663,2017,2021
20,Kansas,20133,Neosho,30.400000000000002,2017,2021
20,Kansas,20135,Ness,30.733333333333334,2017,2021
20,Kansas,20137,Norton,30.5,2017,2021
20,Kansas,20139,Osage,30.866666666666664,2017,2021
20,Kansas,20141,Osborne,30.46666666666667,2017,2021
20,Kansas,20143,Ottawa,30.46666666666667,2017,2021
20,Kansas,20145,Pawnee,31.166666666666668,2017,2021
20,Kansas,20147,Phillips,30.266666666666666,2017,2021
20,Kansas,20149,Pottawatomie,28.599999999999998,2017,2021
20,Kansas,20151,Pratt,29.133333333333336,2017,2021
20,Kansas,20153,Rawlins,30.066666666666666,2017,2021
20,Kansas,20155,Reno,30.566666666666666,2017,2021
20,Kansas,20157,Republic,30.2,2017,2021
20,Kansas,20159,Rice,30.400000000000002,2017,2021
20,Kansas,20161,Riley,29.400000000000002,2017,2021
20,Kansas,20163,Rooks,30.233333333333334,2017,2021
20,Kansas,20165,Rush,30.833333333333332,2017,2021
20,Kansas,20167,Russell,29.900000000000002,2017,2021
20,Kansas,20169,Saline,30.233333333333334,2017,2021
20,Kansas,20171,Scott,30.266666666666666,2017,2021
20,Kansas,20173,Sedgwick,31.900000000000002,2017,2021
20,Kansas,20175,Seward,31.566666666666663,2017,2021
20,Kansas,20177,Shawnee,32.666666666666664,2017,2021
20,Kansas,20179,Sheridan,30.433333333333334,2017,2021
20,Kansas,20181,Sherman,30.066666666666666,2017,2021
20,Kansas,20183,Smith,30.099999999999998,2017,2021
20,Kansas,20185,Stafford,30.366666666666664,2017,2021
20,Kansas,20187,Stanton,30.633333333333336,2017,2021
20,Kansas,20189,Stevens,30.600000000000005,2017,2021
20,Kansas,20191,Sumner,29.733333333333334,2017,2021
20,Kansas,20193,Thomas,29.366666666666664,2017,2021
20,Kansas,20195,Trego,30.0,2017,2021
20,Kansas,20197,Wabaunsee,29.866666666666664,2017,2021
20,Kansas,20199,Wallace,29.8,2017,2021
20,Kansas,20201,Washington,30.5,2017,2021
20,Kansas,20203,Wichita,29.7,2017,2021
20,Kansas,20205,Wilson,30.733333333333334,2017,2021
20,Kansas,20207,Woodson,31.0,2017,2021
20,Kansas,20209,Wyandotte,31.200000000000003,2017,2021
21,Kentucky,21001,Adair,34.266666666666666,2017,2021
21,Kentucky,21003,Allen,32.699999999999996,2017,2021
21,Kentucky,21005,Anderson,31.366666666666664,2017,2021
21,Kentucky,21007,Ballard,32.9,2017,2021
21,Kentucky,21009,Barren,33.4,2017,2021
21,Kentucky,21011,Bath,33.36666666666667,2017,2021
21,Kentucky,21013,Bell,34.96666666666667,2017,2021
21,Kentucky,21015,Boone,31.03333333333333,2017,2021
21,Kentucky,21017,Bourbon,32.1,2017,2021
21,Kentucky,21019,Boyd,32.13333333333333,2017,2021
21,Kentucky,21021,Boyle,31.8,2017,2021
21,Kentucky,21023,Bracken,32.333333333333336,2017,2021
21,Kentucky,21025,Breathitt,35.0,2017,2021
21,Kentucky,21027,Breckinridge,33.300000000000004,2017,2021
21,Kentucky,21029,Bullitt,31.900000000000002,2017,2021
21,Kentucky,21031,Butler,32.9,2017,2021
21,Kentucky,21033,Caldwell,32.63333333333333,2017,2021
21,Kentucky,21035,Calloway,33.266666666666666,2017,2021
21,Kentucky,21037,Campbell,31.233333333333334,2017,2021
21,Kentucky,21039,Carlisle,32.93333333333334,2017,2021
21,Kentucky,21041,Carroll,33.56666666666666,2017,2021
21,Kentucky,21043,Carter,33.43333333333334,2017,2021
21,Kentucky,21045,Casey,33.699999999999996,2017,2021
21,Kentucky,21047,Christian,31.833333333333332,2017,2021
21,Kentucky,21049,Clark,31.833333333333332,2017,2021
21,Kentucky,21051,Clay,35.5,2017,2021
21,Kentucky,21053,Clinton,33.266666666666666,2017,2021
21,Kentucky,21055,Crittenden,33.266666666666666,2017,2021
21,Kentucky,21057,Cumberland,33.36666666666667,2017,2021
21,Kentucky,21059,Daviess,33.36666666666667,2017,2021
21,Kentucky,21061,Edmonson,33.06666666666667,2017,2021
21,Kentucky,21063,Elliott,35.0,2017,2021
21,Kentucky,21065,Estill,34.0,2017,2021
21,Kentucky,21067,Fayette,30.566666666666666,2017,2021
21,Kentucky,21069,Fleming,32.733333333333334,2017,2021
21,Kentucky,21071,Floyd,35.43333333333333,2017,2021
21,Kentucky,21073,Franklin,31.700000000000003,2017,2021
21,Kentucky,21075,Fulton,33.03333333333333,2017,2021
21,Kentucky,21077,Gallatin,32.9,2017,2021
21,Kentucky,21079,Garrard,32.5,2017,2021
21,Kentucky,21081,Grant,32.96666666666667,2017,2021
21,Kentucky,21083,Graves,32.666666666666664,2017,2021
21,Kentucky,21085,Grayson,33.6,2017,2021
21,Kentucky,21087,Green,33.46666666666667,2017,2021
21,Kentucky,21089,Greenup,31.900000000000002,2017,2021
21,Kentucky,21091,Hancock,32.53333333333333,2017,2021
21,Kentucky,21093,Hardin,31.7,2017,2021
21,Kentucky,21095,Harlan,34.23333333333333,2017,2021
21,Kentucky,21097,Harrison,32.46666666666667,2017,2021
21,Kentucky,21099,Hart,33.4,2017,2021
21,Kentucky,21101,Henderson,32.699999999999996,2017,2021
21,Kentucky,21103,Henry,32.666666666666664,2017,2021
21,Kentucky,21105,Hickman,33.1,2017,2021
21,Kentucky,21107,Hopkins,32.733333333333334,2017,2021
21,Kentucky,21109,Jackson,34.0,2017,2021
21,Kentucky,21111,Jefferson,31.833333333333332,2017,2021
21,Kentucky,21113,Jessamine,31.700000000000003,2017,2021
21,Kentucky,21115,Johnson,33.63333333333333,2017,2021
21,Kentucky,21117,Kenton,32.0,2017,2021
21,Kentucky,21119,Knott,34.96666666666667,2017,2021
21,Kentucky,21121,Knox,34.73333333333333,2017,2021
21,Kentucky,21123,Larue,32.733333333333334,2017,2021
21,Kentucky,21125,Laurel,34.43333333333333,2017,2021
21,Kentucky,21127,Lawrence,33.833333333333336,2017,2021
21,Kentucky,21129,Lee,34.800000000000004,2017,2021
21,Kentucky,21131,Leslie,34.333333333333336,2017,2021
21,Kentucky,21133,Letcher,33.9,2017,2021
21,Kentucky,21135,Lewis,34.03333333333333,2017,2021
21,Kentucky,21137,Lincoln,33.1,2017,2021
21,Kentucky,21139,Livingston,32.800000000000004,2017,2021
21,Kentucky,21141,Logan,32.233333333333334,2017,2021
21,Kentucky,21143,Lyon,32.300000000000004,2017,2021
21,Kentucky,21145,McCracken,31.46666666666667,2017,2021
21,Kentucky,21147,McCreary,35.833333333333336,2017,2021
21,Kentucky,21149,McLean,32.333333333333336,2017,2021
21,Kentucky,21151,Madison,32.666666666666664,2017,2021
21,Kentucky,21153,Magoffin,34.300000000000004,2017,2021
21,Kentucky,21155,Marion,33.300000000000004,2017,2021
21,Kentucky,21157,Marshall,31.8,2017,2021
21,Kentucky,21159,Martin,33.5,2017,2021
21,Kentucky,21161,Mason,31.766666666666666,2017,2021
21,Kentucky,21163,Meade,31.96666666666667,2017,2021
21,Kentucky,21165,Menifee,33.5,2017,2021
21,Kentucky,21167,Mercer,32.333333333333336,2017,2021
21,Kentucky,21169,Metcalfe,33.63333333333333,2017,2021
21,Kentucky,21171,Monroe,33.56666666666666,2017,2021
21,Kentucky,21173,Montgomery,33.0,2017,2021
21,Kentucky,21175,Morgan,33.5,2017,2021
21,Kentucky,21177,Muhlenberg,33.13333333333333,2017,2021
21,Kentucky,21179,Nelson,31.633333333333336,2017,2021
21,Kentucky,21181,Nicholas,33.733333333333334,2017,2021
21,Kentucky,21183,Ohio,33.06666666666667,2017,2021
21,Kentucky,21185,Oldham,30.633333333333336,2017,2021
21,Kentucky,21187,Owen,32.96666666666667,2017,2021
21,Kentucky,21189,Owsley,34.6,2017,2021
21,Kentucky,21191,Pendleton,32.53333333333333,2017,2021
21,Kentucky,21193,Perry,33.4,2017,2021
21,Kentucky,21195,Pike,34.53333333333333,2017,2021
21,Kentucky,21197,Powell,33.1,2017,2021
21,Kentucky,21199,Pulaski,34.1,2017,2021
21,Kentucky,21201,Robertson,33.666666666666664,2017,2021
21,Kentucky,21203,Rockcastle,33.4,2017,2021
21,Kentucky,21205,Rowan,33.96666666666667,2017,2021
21,Kentucky,21207,Russell,33.46666666666667,2017,2021
21,Kentucky,21209,Scott,31.46666666666667,2017,2021
21,Kentucky,21211,Shelby,31.233333333333334,2017,2021
21,Kentucky,21213,Simpson,32.13333333333333,2017,2021
21,Kentucky,21215,Spencer,31.400000000000002,2017,2021
21,Kentucky,21217,Taylor,32.96666666666667,2017,2021
21,Kentucky,21219,Todd,32.9,2017,2021
21,Kentucky,21221,Trigg,32.333333333333336,2017,2021
21,Kentucky,21223,Trimble,32.76666666666667,2017,2021
21,Kentucky,21225,Union,32.300000000000004,2017,2021
21,Kentucky,21227,Warren,32.6,2017,2021
21,Kentucky,21229,Washington,32.63333333333333,2017,2021
21,Kentucky,21231,Wayne,33.6,2017,2021
21,Kentucky,21233,Webster,33.1,2017,2021
21,Kentucky,21235,Whitley,32.96666666666667,2017,2021
21,Kentucky,21237,Wolfe,35.36666666666667,2017,2021
21,Kentucky,21239,Woodford,31.099999999999998,2017,2021
22,Louisiana,22001,Acadia,33.9,2017,2021
22,Louisiana,22003,Allen,32.93333333333333,2017,2021
22,Louisiana,22005,Ascension,32.43333333333333,2017,2021
22,Louisiana,22007,Assumption,33.26666666666667,2017,2021
22,Louisiana,22009,Avoyelles,34.26666666666667,2017,2021
22,Louisiana,22011,Beauregard,33.36666666666667,2017,2021
22,Louisiana,22013,Bienville,33.333333333333336,2017,2021
22,Louisiana,22015,Bossier,32.4,2017,2021
22,Louisiana,22017,Caddo,32.4,2017,2021
22,Louisiana,22019,Calcasieu,31.53333333333333,2017,2021
22,Louisiana,22021,Caldwell,33.93333333333333,2017,2021
22,Louisiana,22023,Cameron,32.96666666666667,2017,2021
22,Louisiana,22025,Catahoula,33.43333333333334,2017,2021
22,Louisiana,22027,Claiborne,33.800000000000004,2017,2021
22,Louisiana,22029,Concordia,33.46666666666667,2017,2021
22,Louisiana,22031,De Soto,33.266666666666666,2017,2021
22,Louisiana,22033,East Baton Rouge,32.666666666666664,2017,2021
22,Louisiana,22035,East Carroll,34.96666666666667,2017,2021
22,Louisiana,22037,East Feliciana,32.4,2017,2021
22,Louisiana,22039,Evangeline,33.93333333333334,2017,2021
22,Louisiana,22041,Franklin,33.43333333333333,2017,2021
22,Louisiana,22043,Grant,33.96666666666667,2017,2021
22,Louisiana,22045,Iberia,33.199999999999996,2017,2021
22,Louisiana,22047,Iberville,32.93333333333333,2017,2021
22,Louisiana,22049,Jackson,33.1,2017,2021
22,Louisiana,22051,Jefferson,32.666666666666664,2017,2021
22,Louisiana,22053,Jefferson Davis,32.63333333333333,2017,2021
22,Louisiana,22055,Lafayette,31.233333333333334,2017,2021
22,Louisiana,22057,Lafourche,33.4,2017,2021
22,Louisiana,22059,La Salle,33.4,2017,2021
22,Louisiana,22061,Lincoln,32.8,2017,2021
22,Louisiana,22063,Livingston,32.199999999999996,2017,2021
22,Louisiana,22065,Madison,33.766666666666666,2017,2021
22,Louisiana,22067,Morehouse,33.76666666666667,2017,2021
22,Louisiana,22069,Natchitoches,33.166666666666664,2017,2021
22,Louisiana,22071,Orleans,31.599999999999998,2017,2021
22,Louisiana,22073,Ouachita,33.4,2017,2021
22,Louisiana,22075,Plaquemines,32.56666666666667,2017,2021
22,Louisiana,22077,Pointe Coupee,32.63333333333333,2017,2021
22,Louisiana,22079,Rapides,33.0,2017,2021
22,Louisiana,22081,Red River,33.06666666666667,2017,2021
22,Louisiana,22083,Richland,33.76666666666667,2017,2021
22,Louisiana,22085,Sabine,32.833333333333336,2017,2021
22,Louisiana,22087,St. Bernard,33.699999999999996,2017,2021
22,Louisiana,22089,St. Charles,31.8,2017,2021
22,Louisiana,22091,St. Helena,32.96666666666667,2017,2021
22,Louisiana,22093,St. James,31.833333333333332,2017,2021
22,Louisiana,22095,St. John the Baptist,31.666666666666668,2017,2021
22,Louisiana,22097,St. Landry,33.56666666666667,2017,2021
22,Louisiana,22099,St. Martin,32.36666666666667,2017,2021
22,Louisiana,22101,St. Mary,33.06666666666666,2017,2021
22,Louisiana,22103,St. Tammany,32.300000000000004,2017,2021
22,Louisiana,22105,Tangipahoa,31.833333333333332,2017,2021
22,Louisiana,22107,Tensas,34.0,2017,2021
22,Louisiana,22109,Terrebonne,33.333333333333336,2017,2021
22,Louisiana,22111,Union,32.833333333333336,2017,2021
22,Louisiana,22113,Vermilion,33.333333333333336,2017,2021
22,Louisiana,22115,Vernon,32.96666666666667,2017,2021
22,Louisiana,22117,Washington,33.733333333333334,2017,2021
22,Louisiana,22119,Webster,33.36666666666667,2017,2021
22,Louisiana,22121,West Baton Rouge,31.46666666666667,2017,2021
22,Louisiana,22123,West Carroll,33.56666666666667,2017,2021
22,Louisiana,22125,West Feliciana,32.46666666666667,2017,2021
22,Louisiana,22127,Winn,32.86666666666667,2017,2021
23,Maine,23001,Androscoggin,29.866666666666664,2017,2021
23,Maine,23003,Aroostook,30.900000000000002,2017,2021
23,Maine,23005,Cumberland,27.8,2017,2021
23,Maine,23007,Franklin,28.766666666666666,2017,2021
23,Maine,23009,Hancock,28.366666666666664,2017,2021
23,Maine,23011,Kennebec,28.2,2017,2021
23,Maine,23013,Knox,29.400000000000002,2017,2021
23,Maine,23015,Lincoln,27.433333333333334,2017,2021
23,Maine,23017,Oxford,28.2,2017,2021
23,Maine,23019,Penobscot,30.233333333333334,2017,2021
23,Maine,23021,Piscataquis,30.3,2017,2021
23,Maine,23023,Sagadahoc,28.233333333333334,2017,2021
23,Maine,23025,Somerset,30.633333333333336,2017,2021
23,Maine,23027,Waldo,27.933333333333334,2017,2021
23,Maine,23029,Washington,30.0,2017,2021
23,Maine,23031,York,27.400000000000002,2017,2021
24,Maryland,24001,Allegany,30.066666666666666,2017,2021
24,Maryland,24003,Anne Arundel,30.166666666666668,2017,2021
24,Maryland,24005,Baltimore,29.400000000000002,2017,2021
24,Maryland,24009,Calvert,30.46666666666667,2017,2021
24,Maryland,24011,Caroline,32.166666666666664,2017,2021
24,Maryland,24013,Carroll,31.2,2017,2021
24,Maryland,24015,Cecil,31.333333333333332,2017,2021
24,Maryland,24017,Charles,30.7,2017,2021
24,Maryland,24019,Dorchester,30.900000000000002,2017,2021
24,Maryland,24021,Frederick,31.400000000000002,2017,2021
24,Maryland,24023,Garrett,30.933333333333334,2017,2021
24,Maryland,24025,Harford,30.166666666666668,2017,2021
24,Maryland,24027,Howard,30.8,2017,2021
24,Maryland,24029,Kent,30.266666666666666,2017,2021
24,Maryland,24031,Montgomery,31.833333333333332,2017,2021
24,Maryland,24033,Prince George's,30.900000000000002,2017,2021
24,Maryland,24035,Queen Anne's,29.166666666666668,2017,2021
24,Maryland,24037,St. Mary's,32.199999999999996,2017,2021
24,Maryland,24039,Somerset,32.96666666666667,2017,2021
24,Maryland,24041,Talbot,29.599999999999998,2017,2021
24,Maryland,24043,Washington,32.13333333333333,2017,2021
24,Maryland,24045,Wicomico,31.86666666666667,2017,2021
24,Maryland,24047,Worcester,31.433333333333334,2017,2021
24,Maryland,24510,Baltimore City,29.633333333333336,2017,2021
25,Massachusetts,25001,Barnstable,28.766666666666666,2017,2021
25,Massachusetts,25003,Berkshire,27.366666666666664,2017,2021
25,Massachusetts,25005,Bristol,29.400000000000002,2017,2021
25,Massachusetts,25007,Dukes,27.599999999999998,2017,2021
25,Massachusetts,25009,Essex,29.03333333333333,2017,2021
25,Massachusetts,25011,Franklin,27.53333333333333,2017,2021
25,Massachusetts,25013,Hampden,29.066666666666666,2017,2021
25,Massachusetts,25015,Hampshire,27.233333333333334,2017,2021
25,Massachusetts,25017,Middlesex,27.7,2017,2021
25,Massachusetts,25019,Nantucket,28.099999999999998,2017,2021
25,Massachusetts,25021,Norfolk,29.26666666666667,2017,2021
25,Massachusetts,25023,Plymouth,28.666666666666668,2017,2021
25,Massachusetts,25025,Suffolk,28.566666666666666,2017,2021
25,Massachusetts,25027,Worcester,28.3,2017,2021
26,Michigan,26001,Alcona,30.766666666666666,2017,2021
26,Michigan,26003,Alger,30.599999999999998,2017,2021
26,Michigan,26005,Allegan,30.333333333333332,2017,2021
26,Michigan,26007,Alpena,31.133333333333336,2017,2021
26,Michigan,26009,Antrim,30.766666666666666,2017,2021
26,Michigan,26011,Arenac,31.366666666666664,2017,2021
26,Michigan,26013,Baraga,31.03333333333333,2017,2021
26,Michigan,26015,Barry,31.3,2017,2021
26,Michigan,26017,Bay,30.599999999999998,2017,2021
26,Michigan,26019,Benzie,29.8,2017,2021
26,Michigan,26021,Berrien,30.066666666666666,2017,2021
26,Michigan,26023,Branch,31.833333333333332,2017,2021
26,Michigan,26025,Calhoun,30.8,2017,2021
26,Michigan,26027,Cass,30.766666666666666,2017,2021
26,Michigan,26029,Charlevoix,31.03333333333333,2017,2021
26,Michigan,26031,Cheboygan,30.566666666666666,2017,2021
26,Michigan,26033,Chippewa,30.866666666666664,2017,2021
26,Michigan,26035,Clare,32.0,2017,2021
26,Michigan,26037,Clinton,29.5,2017,2021
26,Michigan,26039,Crawford,31.099999999999998,2017,2021
26,Michigan,26041,Delta,30.866666666666664,2017,2021
26,Michigan,26043,Dickinson,30.366666666666664,2017,2021
26,Michigan,26045,Eaton,30.266666666666666,2017,2021
26,Michigan,26047,Emmet,30.03333333333333,2017,2021
26,Michigan,26049,Genesee,32.4,2017,2021
26,Michigan,26051,Gladwin,31.566666666666666,2017,2021
26,Michigan,26053,Gogebic,31.133333333333336,2017,2021
26,Michigan,26055,Grand Traverse,28.233333333333334,2017,2021
26,Michigan,26057,Gratiot,30.666666666666668,2017,2021
26,Michigan,26059,Hillsdale,31.400000000000002,2017,2021
26,Michigan,26061,Houghton,31.0,2017,2021
26,Michigan,26063,Huron,30.53333333333333,2017,2021
26,Michigan,26065,Ingham,30.766666666666666,2017,2021
26,Michigan,26067,Ionia,30.3,2017,2021
26,Michigan,26069,Iosco,31.03333333333333,2017,2021
26,Michigan,26071,Iron,31.066666666666666,2017,2021
26,Michigan,26073,Isabella,30.733333333333334,2017,2021
26,Michigan,26075,Jackson,31.099999999999998,2017,2021
26,Michigan,26077,Kalamazoo,30.400000000000002,2017,2021
26,Michigan,26079,Kalkaska,31.633333333333336,2017,2021
26,Michigan,26081,Kent,30.2,2017,2021
26,Michigan,26083,Keweenaw,30.2,2017,2021
26,Michigan,26085,Lake,31.866666666666664,2017,2021
26,Michigan,26087,Lapeer,30.433333333333334,2017,2021
26,Michigan,26089,Leelanau,28.566666666666666,2017,2021
26,Michigan,26091,Lenawee,29.866666666666664,2017,2021
26,Michigan,26093,Livingston,29.333333333333332,2017,2021
26,Michigan,26095,Luce,31.5,2017,2021
26,Michigan,26097,Mackinac,30.233333333333334,2017,2021
26,Michigan,26099,Macomb,31.566666666666666,2017,2021
26,Michigan,26101,Manistee,29.833333333333332,2017,2021
26,Michigan,26103,Marquette,30.333333333333332,2017,2021
26,Michigan,26105,Mason,30.5,2017,2021
26,Michigan,26107,Mecosta,30.7,2017,2021
26,Michigan,26109,Menominee,31.266666666666666,2017,2021
26,Michigan,26111,Midland,30.5,2017,2021
26,Michigan,26113,Missaukee,31.066666666666666,2017,2021
26,Michigan,26115,Monroe,29.166666666666668,2017,2021
26,Michigan,26117,Montcalm,30.933333333333334,2017,2021
26,Michigan,26119,Montmorency,31.333333333333332,2017,2021
26,Michigan,26121,Muskegon,32.166666666666664,2017,2021
26,Michigan,26123,Newaygo,30.03333333333333,2017,2021
26,Michigan,26125,Oakland,29.599999999999998,2017,2021
26,Michigan,26127,Oceana,31.46666666666667,2017,2021
26,Michigan,26129,Ogemaw,31.5,2017,2021
26,Michigan,26131,Ontonagon,31.133333333333336,2017,2021
26,Michigan,26133,Osceola,31.2,2017,2021
26,Michigan,26135,Oscoda,31.2,2017,2021
26,Michigan,26137,Otsego,30.733333333333334,2017,2021
26,Michigan,26139,Ottawa,28.8,2017,2021
26,Michigan,26141,Presque Isle,31.333333333333332,2017,2021
26,Michigan,26143,Roscommon,31.63333333333333,2017,2021
26,Michigan,26145,Saginaw,29.833333333333332,2017,2021
26,Michigan,26147,St. Clair,31.03333333333333,2017,2021
26,Michigan,26149,St. Joseph,31.166666666666668,2017,2021
26,Michigan,26151,Sanilac,31.2,2017,2021
26,Michigan,26153,Schoolcraft,31.03333333333333,2017,2021
26,Michigan,26155,Shiawassee,30.733333333333334,2017,2021
26,Michigan,26157,Tuscola,30.46666666666667,2017,2021
26,Michigan,26159,Van Buren,30.566666666666666,2017,2021
26,Michigan,26161,Washtenaw,28.433333333333337,2017,2021
26,Michigan,26163,Wayne,31.3,2017,2021
26,Michigan,26165,Wexford,30.8,2017,2021
27,Minnesota,27001,Aitkin,26.599999999999998,2017,2021
27,Minnesota,27003,Anoka,27.133333333333336,2017,2021
27,Minnesota,27005,Becker,27.066666666666663,2017,2021
27,Minnesota,27007,Beltrami,27.233333333333334,2017,2021
27,Minnesota,27009,Benton,25.766666666666666,2017,2021
27,Minnesota,27011,Big Stone,26.96666666666667,2017,2021
27,Minnesota,27013,Blue Earth,25.366666666666664,2017,2021
27,Minnesota,27015,Brown,25.933333333333334,2017,2021
27,Minnesota,27017,Carlton,25.866666666666664,2017,2021
27,Minnesota,27019,Carver,25.400000000000002,2017,2021
27,Minnesota,27021,Cass,25.900000000000002,2017,2021
27,Minnesota,27023,Chippewa,27.2,2017,2021
27,Minnesota,27025,Chisago,26.233333333333334,2017,2021
27,Minnesota,27027,Clay,26.7,2017,2021
27,Minnesota,27029,Clearwater,27.266666666666666,2017,2021
27,Minnesota,27031,Cook,25.766666666666666,2017,2021
27,Minnesota,27033,Cottonwood,27.03333333333333,2017,2021
27,Minnesota,27035,Crow Wing,25.366666666666664,2017,2021
27,Minnesota,27037,Dakota,25.599999999999998,2017,2021
27,Minnesota,27039,Dodge,25.866666666666664,2017,2021
27,Minnesota,27041,Douglas,25.366666666666664,2017,2021
27,Minnesota,27043,Faribault,26.733333333333334,2017,2021
27,Minnesota,27045,Fillmore,26.433333333333334,2017,2021
27,Minnesota,27047,Freeborn,27.333333333333332,2017,2021
27,Minnesota,27049,Goodhue,25.866666666666664,2017,2021
27,Minnesota,27051,Grant,26.733333333333334,2017,2021
27,Minnesota,27053,Hennepin,26.03333333333333,2017,2021
27,Minnesota,27055,Houston,25.099999999999998,2017,2021
27,Minnesota,27057,Hubbard,27.366666666666664,2017,2021
27,Minnesota,27059,Isanti,26.400000000000002,2017,2021
27,Minnesota,27061,Itasca,26.400000000000002,2017,2021
27,Minnesota,27063,Jackson,26.166666666666668,2017,2021
27,Minnesota,27065,Kanabec,26.566666666666666,2017,2021
27,Minnesota,27067,Kandiyohi,26.266666666666666,2017,2021
27,Minnesota,27069,Kittson,26.266666666666666,2017,2021
27,Minnesota,27071,Koochiching,27.599999999999998,2017,2021
27,Minnesota,27073,Lac qui Parle,26.066666666666666,2017,2021
27,Minnesota,27075,Lake,25.46666666666667,2017,2021
27,Minnesota,27077,Lake of the Woods,26.733333333333334,2017,2021
27,Minnesota,27079,Le Sueur,26.366666666666664,2017,2021
27,Minnesota,27081,Lincoln,26.066666666666666,2017,2021
27,Minnesota,27083,Lyon,26.333333333333332,2017,2021
27,Minnesota,27085,McLeod,26.53333333333333,2017,2021
27,Minnesota,27087,Mahnomen,27.2,2017,2021
27,Minnesota,27089,Marshall,26.399999999999995,2017,2021
27,Minnesota,27091,Martin,26.53333333333333,2017,2021
27,Minnesota,27093,Meeker,26.633333333333336,2017,2021
27,Minnesota,27095,Mille Lacs,26.366666666666664,2017,2021
27,Minnesota,27097,Morrison,26.433333333333334,2017,2021
27,Minnesota,27099,Mower,26.366666666666664,2017,2021
27,Minnesota,27101,Murray,26.733333333333334,2017,2021
27,Minnesota,27103,Nicollet,26.5,2017,2021
27,Minnesota,27105,Nobles,27.400000000000002,2017,2021
27,Minnesota,27107,Norman,26.333333333333332,2017,2021
27,Minnesota,27109,Olmsted,26.133333333333336,2017,2021
27,Minnesota,27111,Otter Tail,27.233333333333334,2017,2021
27,Minnesota,27113,Pennington,26.766666666666666,2017,2021
27,Minnesota,27115,Pine,27.066666666666666,2017,2021
27,Minnesota,27117,Pipestone,26.566666666666666,2017,2021
27,Minnesota,27119,Polk,26.96666666666667,2017,2021
27,Minnesota,27121,Pope,26.366666666666664,2017,2021
27,Minnesota,27123,Ramsey,26.599999999999998,2017,2021
27,Minnesota,27125,Red Lake,26.5,2017,2021
27,Minnesota,27127,Redwood,26.333333333333332,2017,2021
27,Minnesota,27129,Renville,26.53333333333333,2017,2021
27,Minnesota,27131,Rice,26.099999999999998,2017,2021
27,Minnesota,27133,Rock,26.333333333333332,2017,2021
27,Minnesota,27135,Roseau,26.633333333333336,2017,2021
27,Minnesota,27137,St. Louis,25.7,2017,2021
27,Minnesota,27139,Scott,26.266666666666666,2017,2021
27,Minnesota,27141,Sherburne,26.46666666666667,2017,2021
27,Minnesota,27143,Sibley,26.0,2017,2021
27,Minnesota,27145,Stearns,26.599999999999998,2017,2021
27,Minnesota,27147,Steele,26.53333333333333,2017,2021
27,Minnesota,27149,Stevens,26.900000000000002,2017,2021
27,Minnesota,27151,Swift,27.133333333333336,2017,2021
27,Minnesota,27153,Todd,27.03333333333333,2017,2021
27,Minnesota,27155,Traverse,26.566666666666666,2017,2021
27,Minnesota,27157,Wabasha,26.5,2017,2021
27,Minnesota,27159,Wadena,27.266666666666666,2017,2021
27,Minnesota,27161,Waseca,26.46666666666667,2017,2021
27,Minnesota,27163,Washington,26.3,2017,2021
27,Minnesota,27165,Watonwan,26.7,2017,2021
27,Minnesota,27167,Wilkin,26.7,2017,2021
27,Minnesota,27169,Winona,25.900000000000002,2017,2021
27,Minnesota,27171,Wright,25.599999999999998,2017,2021
27,Minnesota,27173,Yellow Medicine,26.666666666666668,2017,2021
28,Mississippi,28001,Adams,32.63333333333333,2017,2021
28,Mississippi,28003,Alcorn,33.166666666666664,2017,2021
28,Mississippi,28005,Amite,32.76666666666667,2017,2021
28,Mississippi,28007,Attala,32.96666666666667,2017,2021
28,Mississippi,28009,Benton,33.03333333333333,2017,2021
28,Mississippi,28011,Bolivar,33.833333333333336,2017,2021
28,Mississippi,28013,Calhoun,33.0,2017,2021
28,Mississippi,28015,Carroll,32.96666666666667,2017,2021
28,Mississippi,28017,Chickasaw,33.300000000000004,2017,2021
28,Mississippi,28019,Choctaw,33.4,2017,2021
28,Mississippi,28021,Claiborne,33.0,2017,2021
28,Mississippi,28023,Clarke,32.63333333333333,2017,2021
28,Mississippi,28025,Clay,32.96666666666667,2017,2021
28,Mississippi,28027,Coahoma,33.03333333333333,2017,2021
28,Mississippi,28029,Copiah,32.800000000000004,2017,2021
28,Mississippi,28031,Covington,33.766666666666666,2017,2021
28,Mississippi,28033,DeSoto,32.46666666666667,2017,2021
28,Mississippi,28035,Forrest,33.0,2017,2021
28,Mississippi,28037,Franklin,33.06666666666667,2017,2021
28,Mississippi,28039,George,32.96666666666666,2017,2021
28,Mississippi,28041,Greene,33.03333333333333,2017,2021
28,Mississippi,28043,Grenada,33.1,2017,2021
28,Mississippi,28045,Hancock,32.53333333333333,2017,2021
28,Mississippi,28047,Harrison,32.7,2017,2021
28,Mississippi,28049,Hinds,31.53333333333333,2017,2021
28,Mississippi,28051,Holmes,33.93333333333334,2017,2021
28,Mississippi,28053,Humphreys,33.6,2017,2021
28,Mississippi,28055,Issaquena,34.300000000000004,2017,2021
28,Mississippi,28057,Itawamba,33.5,2017,2021
28,Mississippi,28059,Jackson,33.166666666666664,2017,2021
28,Mississippi,28061,Jasper,32.56666666666666,2017,2021
28,Mississippi,28063,Jefferson,32.93333333333333,2017,2021
28,Mississippi,28065,Jefferson Davis,32.733333333333334,2017,2021
28,Mississippi,28067,Jones,32.4,2017,2021
28,Mississippi,28069,Kemper,32.699999999999996,2017,2021
28,Mississippi,28071,Lafayette,31.633333333333336,2017,2021
28,Mississippi,28073,Lamar,31.933333333333334,2017,2021
28,Mississippi,28075,Lauderdale,31.8,2017,2021
28,Mississippi,28077,Lawrence,32.53333333333333,2017,2021
28,Mississippi,28079,Leake,33.0,2017,2021
28,Mississippi,28081,Lee,31.933333333333334,2017,2021
28,Mississippi,28083,Leflore,32.93333333333333,2017,2021
28,Mississippi,28085,Lincoln,32.03333333333333,2017,2021
28,Mississippi,28087,Lowndes,32.56666666666667,2017,2021
28,Mississippi,28089,Madison,31.7,2017,2021
28,Mississippi,28091,Marion,33.166666666666664,2017,2021
28,Mississippi,28093,Marshall,32.06666666666666,2017,2021
28,Mississippi,28095,Monroe,33.0,2017,2021
28,Mississippi,28097,Montgomery,32.833333333333336,2017,2021
28,Mississippi,28099,Neshoba,32.63333333333333,2017,2021
28,Mississippi,28101,Newton,32.800000000000004,2017,2021
28,Mississippi,28103,Noxubee,32.800000000000004,2017,2021
28,Mississippi,28105,Oktibbeha,31.433333333333334,2017,2021
28,Mississippi,28107,Panola,32.73333333333333,2017,2021
28,Mississippi,28109,Pearl River,32.9,2017,2021
28,Mississippi,28111,Perry,33.63333333333333,2017,2021
28,Mississippi,28113,Pike,33.199999999999996,2017,2021
28,Mississippi,28115,Pontotoc,32.96666666666666,2017,2021
28,Mississippi,28117,Prentiss,33.56666666666667,2017,2021
28,Mississippi,28119,Quitman,33.63333333333333,2017,2021
28,Mississippi,28121,Rankin,31.433333333333337,2017,2021
28,Mississippi,28123,Scott,33.53333333333333,2017,2021
28,Mississippi,28125,Sharkey,32.833333333333336,2017,2021
28,Mississippi,28127,Simpson,32.800000000000004,2017,2021
28,Mississippi,28129,Smith,33.03333333333333,2017,2021
28,Mississippi,28131,Stone,32.96666666666667,2017,2021
28,Mississippi,28133,Sunflower,33.13333333333333,2017,2021
28,Mississippi,28135,Tallahatchie,34.1,2017,2021
28,Mississippi,28137,Tate,32.63333333333333,2017,2021
28,Mississippi,28139,Tippah,33.0,2017,2021
28,Mississippi,28141,Tishomingo,33.73333333333333,2017,2021
28,Mississippi,28143,Tunica,32.699999999999996,2017,2021
28,Mississippi,28145,Union,33.166666666666664,2017,2021
28,Mississippi,28147,Walthall,33.5,2017,2021
28,Mississippi,28149,Warren,32.9,2017,2021
28,Mississippi,28151,Washington,32.233333333333334,2017,2021
28,Mississippi,28153,Wayne,32.86666666666667,2017,2021
28,Mississippi,28155,Webster,33.0,2017,2021
28,Mississippi,28157,Wilkinson,33.699999999999996,2017,2021
28,Mississippi,28159,Winston,33.06666666666666,2017,2021
28,Mississippi,28161,Yalobusha,31.666666666666668,2017,2021
28,Mississippi,28163,Yazoo,34.03333333333333,2017,2021
29,Missouri,29001,Adair,31.2,2017,2021
29,Missouri,29003,Andrew,30.366666666666664,2017,2021
29,Missouri,29005,Atchison,30.400000000000002,2017,2021
29,Missouri,29007,Audrain,31.53333333333333,2017,2021
29,Missouri,29009,Barry,31.0,2017,2021
29,Missouri,29011,Barton,31.366666666666664,2017,2021
29,Missouri,29013,Bates,31.366666666666664,2017,2021
29,Missouri,29015,Benton,31.899999999999995,2017,2021
29,Missouri,29017,Bollinger,31.5,2017,2021
29,Missouri,29019,Boone,30.166666666666668,2017,2021
29,Missouri,29021,Buchanan,30.133333333333336,2017,2021
29,Missouri,29023,Butler,32.1,2017,2021
29,Missouri,29025,Caldwell,30.766666666666666,2017,2021
29,Missouri,29027,Callaway,30.53333333333333,2017,2021
29,Missouri,29029,Camden,30.53333333333333,2017,2021
29,Missouri,29031,Cape Girardeau,29.3,2017,2021
29,Missouri,29033,Carroll,30.666666666666668,2017,2021
29,Missouri,29035,Carter,31.366666666666664,2017,2021
29,Missouri,29037,Cass,30.433333333333334,2017,2021
29,Missouri,29039,Cedar,31.766666666666666,2017,2021
29,Missouri,29041,Chariton,31.099999999999998,2017,2021
29,Missouri,29043,Christian,30.433333333333334,2017,2021
29,Missouri,29045,Clark,31.433333333333334,2017,2021
29,Missouri,29047,Clay,31.100000000000005,2017,2021
29,Missouri,29049,Clinton,30.96666666666667,2017,2021
29,Missouri,29051,Cole,30.566666666666666,2017,2021
29,Missouri,29053,Cooper,30.2,2017,2021
29,Missouri,29055,Crawford,31.866666666666664,2017,2021
29,Missouri,29057,Dade,31.599999999999998,2017,2021
29,Missouri,29059,Dallas,31.96666666666667,2017,2021
29,Missouri,29061,Daviess,31.933333333333334,2017,2021
29,Missouri,29063,DeKalb,31.133333333333336,2017,2021
29,Missouri,29065,Dent,32.333333333333336,2017,2021
29,Missouri,29067,Douglas,31.900000000000002,2017,2021
29,Missouri,29069,Dunklin,33.0,2017,2021
29,Missouri,29071,Franklin,30.8,2017,2021
29,Missouri,29073,Gasconade,30.7,2017,2021
29,Missouri,29075,Gentry,31.366666666666664,2017,2021
29,Missouri,29077,Greene,30.400000000000002,2017,2021
29,Missouri,29079,Grundy,31.166666666666668,2017,2021
29,Missouri,29081,Harrison,31.566666666666666,2017,2021
29,Missouri,29083,Henry,31.799999999999997,2017,2021
29,Missouri,29085,Hickory,31.566666666666663,2017,2021
29,Missouri,29087,Holt,30.266666666666666,2017,2021
29,Missouri,29089,Howard,30.46666666666667,2017,2021
29,Missouri,29091,Howell,31.7,2017,2021
29,Missouri,29093,Iron,31.233333333333334,2017,2021
29,Missouri,29095,Jackson,30.133333333333336,2017,2021
29,Missouri,29097,Jasper,30.266666666666666,2017,2021
29,Missouri,29099,Jefferson,30.46666666666667,2017,2021
29,Missouri,29101,Johnson,30.666666666666668,2017,2021
29,Missouri,29103,Knox,31.666666666666668,2017,2021
29,Missouri,29105,Laclede,31.433333333333334,2017,2021
29,Missouri,29107,Lafayette,31.46666666666667,2017,2021
29,Missouri,29109,Lawrence,31.46666666666667,2017,2021
29,Missouri,29111,Lewis,31.0,2017,2021
29,Missouri,29113,Lincoln,30.8,2017,2021
29,Missouri,29115,Linn,30.96666666666667,2017,2021
29,Missouri,29117,Livingston,30.933333333333334,2017,2021
29,Missouri,29119,McDonald,32.166666666666664,2017,2021
29,Missouri,29121,Macon,30.7,2017,2021
29,Missouri,29123,Madison,31.366666666666664,2017,2021
29,Missouri,29125,Maries,30.96666666666667,2017,2021
29,Missouri,29127,Marion,30.900000000000002,2017,2021
29,Missouri,29129,Mercer,31.46666666666667,2017,2021
29,Missouri,29131,Miller,30.866666666666664,2017,2021
29,Missouri,29133,Mississippi,32.199999999999996,2017,2021
29,Missouri,29135,Moniteau,30.5,2017,2021
29,Missouri,29137,Monroe,30.566666666666666,2017,2021
29,Missouri,29139,Montgomery,31.333333333333332,2017,2021
29,Missouri,29141,Morgan,32.06666666666666,2017,2021
29,Missouri,29143,New Madrid,33.0,2017,2021
29,Missouri,29145,Newton,30.433333333333334,2017,2021
29,Missouri,29147,Nodaway,31.166666666666668,2017,2021
29,Missouri,29149,Oregon,32.03333333333333,2017,2021
29,Missouri,29151,Osage,29.933333333333334,2017,2021
29,Missouri,29153,Ozark,32.333333333333336,2017,2021
29,Missouri,29155,Pemiscot,32.93333333333334,2017,2021
29,Missouri,29157,Perry,30.600000000000005,2017,2021
29,Missouri,29159,Pettis,31.933333333333334,2017,2021
29,Missouri,29161,Phelps,30.7,2017,2021
29,Missouri,29163,Pike,30.53333333333333,2017,2021
29,Missouri,29165,Platte,30.133333333333336,2017,2021
29,Missouri,29167,Polk,31.366666666666664,2017,2021
29,Missouri,29169,Pulaski,30.2,2017,2021
29,Missouri,29171,Putnam,30.599999999999998,2017,2021
29,Missouri,29173,Ralls,30.433333333333334,2017,2021
29,Missouri,29175,Randolph,31.7,2017,2021
29,Missouri,29177,Ray,30.566666666666666,2017,2021
29,Missouri,29179,Reynolds,32.06666666666667,2017,2021
29,Missouri,29181,Ripley,33.199999999999996,2017,2021
29,Missouri,29183,St. Charles,29.333333333333332,2017,2021
29,Missouri,29185,St. Clair,30.833333333333332,2017,2021
29,Missouri,29186,Ste. Genevieve,30.666666666666668,2017,2021
29,Missouri,29187,St. Francois,31.2,2017,2021
29,Missouri,29189,St. Louis,27.599999999999998,2017,2021
29,Missouri,29195,Saline,31.366666666666664,2017,2021
29,Missouri,29197,Schuyler,31.566666666666666,2017,2021
29,Missouri,29199,Scotland,31.433333333333334,2017,2021
29,Missouri,29201,Scott,31.166666666666668,2017,2021
29,Missouri,29203,Shannon,31.733333333333334,2017,2021
29,Missouri,29205,Shelby,31.366666666666664,2017,2021
29,Missouri,29207,Stoddard,31.933333333333337,2017,2021
29,Missouri,29209,Stone,31.5,2017,2021
29,Missouri,29211,Sullivan,31.2,2017,2021
29,Missouri,29213,Taney,31.566666666666666,2017,2021
29,Missouri,29215,Texas,31.7,2017,2021
29,Missouri,29217,Vernon,31.2,2017,2021
29,Missouri,29219,Warren,30.3,2017,2021
29,Missouri,29221,Washington,32.43333333333333,2017,2021
29,Missouri,29223,Wayne,32.26666666666667,2017,2021
29,Missouri,29225,Webster,31.600000000000005,2017,2021
29,Missouri,29227,Worth,30.733333333333334,2017,2021
29,Missouri,29229,Wright,32.36666666666667,2017,2021
29,Missouri,29510,St. Louis City,29.46666666666667,2017,2021
30,Montana,30001,Beaverhead,25.7,2017,2021
30,Montana,30003,Big Horn,26.5,2017,2021
30,Montana,30005,Blaine,25.599999999999998,2017,2021
30,Montana,30007,Broadwater,25.7,2017,2021
30,Montana,30009,Carbon,25.333333333333332,2017,2021
30,Montana,30011,Carter,26.233333333333334,2017,2021
30,Montana,30013,Cascade,25.866666666666664,2017,2021
30,Montana,30015,Chouteau,25.433333333333334,2017,2021
30,Montana,30017,Custer,25.666666666666668,2017,2021
30,Montana,30019,Daniels,25.8,2017,2021
30,Montana,30021,Dawson,26.766666666666666,2017,2021
30,Montana,30023,Deer Lodge,27.03333333333333,2017,2021
30,Montana,30025,Fallon,25.7,2017,2021
30,Montana,30027,Fergus,26.133333333333336,2017,2021
30,Montana,30029,Flathead,24.96666666666667,2017,2021
30,Montana,30031,Gallatin,23.8,2017,2021
30,Montana,30033,Garfield,26.099999999999998,2017,2021
30,Montana,30035,Glacier,27.433333333333334,2017,2021
30,Montana,30037,Golden Valley,26.133333333333336,2017,2021
30,Montana,30039,Granite,25.833333333333332,2017,2021
30,Montana,30041,Hill,25.866666666666664,2017,2021
30,Montana,30043,Jefferson,25.266666666666666,2017,2021
30,Montana,30045,Judith Basin,25.599999999999998,2017,2021
30,Montana,30047,Lake,26.133333333333336,2017,2021
30,Montana,30049,Lewis and Clark,25.7,2017,2021
30,Montana,30051,Liberty,27.433333333333334,2017,2021
30,Montana,30053,Lincoln,26.566666666666666,2017,2021
30,Montana,30055,McCone,25.566666666666666,2017,2021
30,Montana,30057,Madison,25.53333333333333,2017,2021
30,Montana,30059,Meagher,26.0,2017,2021
30,Montana,30061,Mineral,27.166666666666668,2017,2021
30,Montana,30063,Missoula,25.7,2017,2021
30,Montana,30065,Musselshell,26.599999999999998,2017,2021
30,Montana,30067,Park,25.2,2017,2021
30,Montana,30069,Petroleum,25.900000000000002,2017,2021
30,Montana,30071,Phillips,26.03333333333333,2017,2021
30,Montana,30073,Pondera,26.0,2017,2021
30,Montana,30075,Powder River,26.46666666666667,2017,2021
30,Montana,30077,Powell,26.933333333333334,2017,2021
30,Montana,30079,Prairie,26.233333333333334,2017,2021
30,Montana,30081,Ravalli,26.066666666666666,2017,2021
30,Montana,30083,Richland,25.7,2017,2021
30,Montana,30085,Roosevelt,26.333333333333332,2017,2021
30,Montana,30087,Rosebud,26.599999999999998,2017,2021
30,Montana,30089,Sanders,26.766666666666666,2017,2021
30,Montana,30091,Sheridan,25.633333333333336,2017,2021
30,Montana,30093,Silver Bow,25.933333333333334,2017,2021
30,Montana,30095,Stillwater,26.2,2017,2021
30,Montana,30097,Sweet Grass,25.5,2017,2021
30,Montana,30099,Teton,25.566666666666666,2017,2021
30,Montana,30101,Toole,26.900000000000002,2017,2021
30,Montana,30103,Treasure,26.3,2017,2021
30,Montana,30105,Valley,25.53333333333333,2017,2021
30,Montana,30107,Wheatland,27.333333333333332,2017,2021
30,Montana,30109,Wibaux,26.099999999999998,2017,2021
30,Montana,30111,Yellowstone,25.633333333333336,2017,2021
31,Nebraska,31001,Adams,29.03333333333333,2017,2021
31,Nebraska,31003,Antelope,28.96666666666667,2017,2021
31,Nebraska,31005,Arthur,28.433333333333334,2017,2021
31,Nebraska,31007,Banner,28.0,2017,2021
31,Nebraska,31009,Blaine,27.599999999999998,2017,2021
31,Nebraska,31011,Boone,28.866666666666664,2017,2021
31,Nebraska,31013,Box Butte,28.333333333333332,2017,2021
31,Nebraska,31015,Boyd,28.433333333333334,2017,2021
31,Nebraska,31017,Brown,28.366666666666664,2017,2021
31,Nebraska,31019,Buffalo,28.366666666666664,2017,2021
31,Nebraska,31021,Burt,28.866666666666664,2017,2021
31,Nebraska,31023,Butler,26.900000000000002,2017,2021
31,Nebraska,31025,Cass,28.599999999999998,2017,2021
31,Nebraska,31027,Cedar,26.8,2017,2021
31,Nebraska,31029,Chase,28.633333333333336,2017,2021
31,Nebraska,31031,Cherry,28.733333333333334,2017,2021
31,Nebraska,31033,Cheyenne,28.03333333333333,2017,2021
31,Nebraska,31035,Clay,28.633333333333336,2017,2021
31,Nebraska,31037,Colfax,29.366666666666664,2017,2021
31,Nebraska,31039,Cuming,28.5,2017,2021
31,Nebraska,31041,Custer,28.900000000000002,2017,2021
31,Nebraska,31043,Dakota,29.233333333333334,2017,2021
31,Nebraska,31045,Dawes,27.566666666666666,2017,2021
31,Nebraska,31047,Dawson,28.166666666666668,2017,2021
31,Nebraska,31049,Deuel,28.233333333333334,2017,2021
31,Nebraska,31051,Dixon,29.099999999999998,2017,2021
31,Nebraska,31053,Dodge,29.866666666666664,2017,2021
31,Nebraska,31055,Douglas,29.03333333333333,2017,2021
31,Nebraska,31057,Dundy,29.2,2017,2021
31,Nebraska,31059,Fillmore,28.566666666666666,2017,2021
31,Nebraska,31061,Franklin,28.266666666666666,2017,2021
31,Nebraska,31063,Frontier,27.333333333333332,2017,2021
31,Nebraska,31065,Furnas,28.633333333333336,2017,2021
31,Nebraska,31067,Gage,28.066666666666666,2017,2021
31,Nebraska,31069,Garden,28.666666666666668,2017,2021
31,Nebraska,31071,Garfield,27.666666666666668,2017,2021
31,Nebraska,31073,Gosper,27.633333333333336,2017,2021
31,Nebraska,31075,Grant,28.46666666666667,2017,2021
31,Nebraska,31077,Greeley,27.766666666666666,2017,2021
31,Nebraska,31079,Hall,28.066666666666666,2017,2021
31,Nebraska,31081,Hamilton,28.400000000000002,2017,2021
31,Nebraska,31083,Harlan,28.366666666666664,2017,2021
31,Nebraska,31085,Hayes,28.833333333333332,2017,2021
31,Nebraska,31087,Hitchcock,29.7,2017,2021
31,Nebraska,31089,Holt,27.833333333333332,2017,2021
31,Nebraska,31091,Hooker,28.2,2017,2021
31,Nebraska,31093,Howard,27.866666666666664,2017,2021
31,Nebraska,31095,Jefferson,28.433333333333334,2017,2021
31,Nebraska,31097,Johnson,29.3,2017,2021
31,Nebraska,31099,Kearney,27.766666666666666,2017,2021
31,Nebraska,31101,Keith,27.433333333333334,2017,2021
31,Nebraska,31103,Keya Paha,28.0,2017,2021
31,Nebraska,31105,Kimball,28.46666666666667,2017,2021
31,Nebraska,31107,Knox,27.333333333333332,2017,2021
31,Nebraska,31109,Lancaster,28.866666666666664,2017,2021
31,Nebraska,31111,Lincoln,28.400000000000002,2017,2021
31,Nebraska,31113,Logan,27.933333333333334,2017,2021
31,Nebraska,31115,Loup,28.233333333333334,2017,2021
31,Nebraska,31117,McPherson,28.46666666666667,2017,2021
31,Nebraska,31119,Madison,29.53333333333333,2017,2021
31,Nebraska,31121,Merrick,27.8,2017,2021
31,Nebraska,31123,Morrill,27.933333333333334,2017,2021
31,Nebraska,31125,Nance,28.866666666666664,2017,2021
31,Nebraska,31127,Nemaha,27.166666666666668,2017,2021
31,Nebraska,31129,Nuckolls,28.233333333333334,2017,2021
31,Nebraska,31131,Otoe,28.900000000000002,2017,2021
31,Nebraska,31133,Pawnee,28.900000000000002,2017,2021
31,Nebraska,31135,Perkins,27.166666666666668,2017,2021
31,Nebraska,31137,Phelps,28.96666666666667,2017,2021
31,Nebraska,31139,Pierce,27.03333333333333,2017,2021
31,Nebraska,31141,Platte,27.133333333333336,2017,2021
31,Nebraska,31143,Polk,27.566666666666666,2017,2021
31,Nebraska,31145,Red Willow,28.333333333333332,2017,2021
31,Nebraska,31147,Richardson,28.03333333333333,2017,2021
31,Nebraska,31149,Rock,28.233333333333334,2017,2021
31,Nebraska,31151,Saline,28.53333333333333,2017,2021
31,Nebraska,31153,Sarpy,28.633333333333336,2017,2021
31,Nebraska,31155,Saunders,27.400000000000002,2017,2021
31,Nebraska,31157,Scotts Bluff,27.633333333333336,2017,2021
31,Nebraska,31159,Seward,27.133333333333336,2017,2021
31,Nebraska,31161,Sheridan,28.933333333333334,2017,2021
31,Nebraska,31163,Sherman,27.7,2017,2021
31,Nebraska,31165,Sioux,28.3,2017,2021
31,Nebraska,31167,Stanton,28.166666666666668,2017,2021
31,Nebraska,31169,Thayer,28.46666666666667,2017,2021
31,Nebraska,31171,Thomas,28.099999999999998,2017,2021
31,Nebraska,31173,Thurston,27.266666666666666,2017,2021
31,Nebraska,31175,Valley,27.7,2017,2021
31,Nebraska,31177,Washington,28.96666666666667,2017,2021
31,Nebraska,31179,Wayne,27.03333333333333,2017,2021
31,Nebraska,31181,Webster,28.133333333333336,2017,2021
31,Nebraska,31183,Wheeler,28.433333333333334,2017,2021
31,Nebraska,31185,York,27.066666666666666,2017,2021
32,Nevada,32001,Churchill,29.599999999999998,2017,2021
32,Nevada,32003,Clark,30.333333333333332,2017,2021
32,Nevada,32005,Douglas,27.433333333333334,2017,2021
32,Nevada,32007,Elko,29.599999999999998,2017,2021
32,Nevada,32009,Esmeralda,30.46666666666667,2017,2021
32,Nevada,32011,Eureka,29.8,2017,2021
32,Nevada,32013,Humboldt,29.599999999999998,2017,2021
32,Nevada,32015,Lander,29.866666666666664,2017,2021
32,Nevada,32017,Lincoln,29.3,2017,2021
32,Nevada,32019,Lyon,29.933333333333334,2017,2021
32,Nevada,32021,Mineral,30.3,2017,2021
32,Nevada,32023,Nye,30.099999999999998,2017,2021
32,Nevada,32027,Pershing,29.833333333333332,2017,2021
32,Nevada,32029,Storey,29.133333333333336,2017,2021
32,Nevada,32031,Washoe,30.833333333333332,2017,2021
32,Nevada,32033,White Pine,29.600000000000005,2017,2021
32,Nevada,32510,Carson City,29.7,2017,2021
33,New Hampshire,33001,Belknap,27.46666666666667,2017,2021
33,New Hampshire,33003,Carroll,28.399999999999995,2017,2021
33,New Hampshire,33005,Cheshire,25.133333333333336,2017,2021
33,New Hampshire,33007,Coos,29.53333333333333,2017,2021
33,New Hampshire,33009,Grafton,26.433333333333334,2017,2021
33,New Hampshire,33011,Hillsborough,27.333333333333332,2017,2021
33,New Hampshire,33013,Merrimack,26.900000000000002,2017,2021
33,New Hampshire,33015,Rockingham,27.866666666666664,2017,2021
33,New Hampshire,33017,Strafford,29.566666666666663,2017,2021
33,New Hampshire,33019,Sullivan,27.066666666666666,2017,2021
34,New Jersey,34001,Atlantic,32.15,2017,2021
34,New Jersey,34003,Bergen,29.95,2017,2021
34,New Jersey,34005,Burlington,31.35,2017,2021
34,New Jersey,34007,Camden,31.049999999999997,2017,2021
34,New Jersey,34009,Cape May,30.85,2017,2021
34,New Jersey,34011,Cumberland,31.65,2017,2021
34,New Jersey,34013,Essex,30.5,2017,2021
34,New Jersey,34015,Gloucester,30.9,2017,2021
34,New Jersey,34017,Hudson,32.6,2017,2021
34,New Jersey,34019,Hunterdon,29.700000000000003,2017,2021
34,New Jersey,34021,Mercer,31.1,2017,2021
34,New Jersey,34023,Middlesex,31.4,2017,2021
34,New Jersey,34025,Monmouth,30.5,2017,2021
34,New Jersey,34027,Morris,28.8,2017,2021
34,New Jersey,34029,Ocean,30.75,2017,2021
34,New Jersey,34031,Passaic,31.299999999999997,2017,2021
34,New Jersey,34033,Salem,31.25,2017,2021
34,New Jersey,34035,Somerset,29.5,2017,2021
34,New Jersey,34037,Sussex,30.2,2017,2021
34,New Jersey,34039,Union,30.4,2017,2021
34,New Jersey,34041,Warren,30.8,2017,2021
35,New Mexico,35001,Bernalillo,27.96666666666667,2017,2021
35,New Mexico,35003,Catron,27.599999999999998,2017,2021
35,New Mexico,35005,Chaves,30.7,2017,2021
35,New Mexico,35006,Cibola,27.900000000000002,2017,2021
35,New Mexico,35007,Colfax,28.366666666666664,2017,2021
35,New Mexico,35009,Curry,28.599999999999998,2017,2021
35,New Mexico,35011,De Baca,28.099999999999998,2017,2021
35,New Mexico,35013,Dona Ana,28.633333333333336,2017,2021
35,New Mexico,35015,Eddy,28.433333333333334,2017,2021
35,New Mexico,35017,Grant,27.333333333333332,2017,2021
35,New Mexico,35019,Guadalupe,28.233333333333334,2017,2021
35,New Mexico,35021,Harding,28.333333333333332,2017,2021
35,New Mexico,35023,Hidalgo,28.46666666666667,2017,2021
35,New Mexico,35025,Lea,28.833333333333332,2017,2021
35,New Mexico,35027,Lincoln,27.266666666666666,2017,2021
35,New Mexico,35028,Los Alamos,26.333333333333332,2017,2021
35,New Mexico,35029,Luna,29.266666666666666,2017,2021
35,New Mexico,35031,McKinley,26.833333333333332,2017,2021
35,New Mexico,35033,Mora,28.7,2017,2021
35,New Mexico,35035,Otero,28.599999999999998,2017,2021
35,New Mexico,35037,Quay,28.766666666666666,2017,2021
35,New Mexico,35039,Rio Arriba,27.0,2017,2021
35,New Mexico,35041,Roosevelt,28.2,2017,2021
35,New Mexico,35043,Sandoval,27.03333333333333,2017,2021
35,New Mexico,35045,San Juan,26.433333333333334,2017,2021
35,New Mexico,35047,San Miguel,28.2,2017,2021
35,New Mexico,35049,Santa Fe,26.333333333333332,2017,2021
35,New Mexico,35051,Sierra,28.400000000000002,2017,2021
35,New Mexico,35053,Socorro,28.5,2017,2021
35,New Mexico,35055,Taos,27.53333333333333,2017,2021
35,New Mexico,35057,Torrance,28.5,2017,2021
35,New Mexico,35059,Union,28.46666666666667,2017,2021
35,New Mexico,35061,Valencia,27.53333333333333,2017,2021
36,New York,36001,Albany,28.933333333333334,2017,2021
36,New York,36003,Allegany,30.03333333333333,2017,2021
36,New York,36005,Bronx,30.233333333333334,2017,2021
36,New York,36007,Broome,30.03333333333333,2017,2021
36,New York,36009,Cattaraugus,30.8,2017,2021
36,New York,36011,Cayuga,30.166666666666668,2017,2021
36,New York,36013,Chautauqua,29.96666666666667,2017,2021
36,New York,36015,Chemung,29.5,2017,2021
36,New York,36017,Chenango,29.2,2017,2021
36,New York,36019,Clinton,29.066666666666666,2017,2021
36,New York,36021,Columbia,28.266666666666666,2017,2021
36,New York,36023,Cortland,29.433333333333334,2017,2021
36,New York,36025,Delaware,29.433333333333337,2017,2021
36,New York,36027,Dutchess,29.066666666666663,2017,2021
36,New York,36029,Erie,29.333333333333332,2017,2021
36,New York,36031,Essex,28.900000000000002,2017,2021
36,New York,36033,Franklin,29.899999999999995,2017,2021
36,New York,36035,Fulton,30.266666666666666,2017,2021
36,New York,36037,Genesee,28.53333333333333,2017,2021
36,New York,36039,Greene,29.666666666666668,2017,2021
36,New York,36041,Hamilton,28.900000000000002,2017,2021
36,New York,36043,Herkimer,29.266666666666666,2017,2021
36,New York,36045,Jefferson,29.53333333333333,2017,2021
36,New York,36047,Kings,29.3,2017,2021
36,New York,36049,Lewis,29.866666666666664,2017,2021
36,New York,36051,Livingston,27.900000000000002,2017,2021
36,New York,36053,Madison,29.599999999999998,2017,2021
36,New York,36055,Monroe,27.96666666666667,2017,2021
36,New York,36057,Montgomery,29.366666666666664,2017,2021
36,New York,36059,Nassau,30.0,2017,2021
36,New York,36061,New York,29.766666666666666,2017,2021
36,New York,36063,Niagara,28.8,2017,2021
36,New York,36065,Oneida,29.766666666666666,2017,2021
36,New York,36067,Onondaga,28.733333333333334,2017,2021
36,New York,36069,Ontario,27.933333333333334,2017,2021
36,New York,36071,Orange,29.333333333333332,2017,2021
36,New York,36073,Orleans,30.133333333333336,2017,2021
36,New York,36075,Oswego,28.433333333333334,2017,2021
36,New York,36077,Otsego,28.7,2017,2021
36,New York,36079,Putnam,27.8,2017,2021
36,New York,36081,Queens,30.566666666666666,2017,2021
36,New York,36083,Rensselaer,29.233333333333334,2017,2021
36,New York,36085,Richmond,28.933333333333334,2017,2021
36,New York,36087,Rockland,29.366666666666664,2017,2021
36,New York,36089,St. Lawrence,30.400000000000002,2017,2021
36,New York,36091,Saratoga,27.266666666666666,2017,2021
36,New York,36093,Schenectady,28.833333333333332,2017,2021
36,New York,36095,Schoharie,28.433333333333334,2017,2021
36,New York,36097,Schuyler,28.46666666666667,2017,2021
36,New York,36099,Seneca,29.5,2017,2021
36,New York,36101,Steuben,29.066666666666663,2017,2021
36,New York,36103,Suffolk,29.433333333333334,2017,2021
36,New York,36105,Sullivan,29.3,2017,2021
36,New York,36107,Tioga,28.666666666666668,2017,2021
36,New York,36109,Tompkins,27.599999999999998,2017,2021
36,New York,36111,Ulster,28.7,2017,2021
36,New York,36113,Warren,28.099999999999998,2017,2021
36,New York,36115,Washington,29.73333333333333,2017,2021
36,New York,36117,Wayne,29.73333333333333,2017,2021
36,New York,36119,Westchester,28.766666666666666,2017,2021
36,New York,36121,Wyoming,29.833333333333332,2017,2021
36,New York,36123,Yates,29.26666666666667,2017,2021
37,North Carolina,37001,Alamance,31.2,2017,2021
37,North Carolina,37003,Alexander,31.3,2017,2021
37,North Carolina,37005,Alleghany,32.13333333333333,2017,2021
37,North Carolina,37007,Anson,31.666666666666668,2017,2021
37,North Carolina,37009,Ashe,31.73333333333333,2017,2021
37,North Carolina,37011,Avery,31.599999999999998,2017,2021
37,North Carolina,37013,Beaufort,30.766666666666666,2017,2021
37,North Carolina,37015,Bertie,31.166666666666668,2017,2021
37,North Carolina,37017,Bladen,31.266666666666666,2017,2021
37,North Carolina,37019,Brunswick,30.100000000000005,2017,2021
37,North Carolina,37021,Buncombe,29.333333333333332,2017,2021
37,North Carolina,37023,Burke,31.333333333333332,2017,2021
37,North Carolina,37025,Cabarrus,30.666666666666668,2017,2021
37,North Carolina,37027,Caldwell,31.966666666666665,2017,2021
37,North Carolina,37029,Camden,30.099999999999998,2017,2021
37,North Carolina,37031,Carteret,30.5,2017,2021
37,North Carolina,37033,Caswell,31.03333333333333,2017,2021
37,North Carolina,37035,Catawba,30.933333333333334,2017,2021
37,North Carolina,37037,Chatham,29.599999999999998,2017,2021
37,North Carolina,37039,Cherokee,31.099999999999998,2017,2021
37,North Carolina,37041,Chowan,30.833333333333332,2017,2021
37,North Carolina,37043,Clay,31.333333333333332,2017,2021
37,North Carolina,37045,Cleveland,31.366666666666664,2017,2021
37,North Carolina,37047,Columbus,31.53333333333333,2017,2021
37,North Carolina,37049,Craven,30.8,2017,2021
37,North Carolina,37051,Cumberland,30.133333333333336,2017,2021
37,North Carolina,37053,Currituck,30.166666666666668,2017,2021
37,North Carolina,37055,Dare,30.066666666666666,2017,2021
37,North Carolina,37057,Davidson,30.899999999999995,2017,2021
37,North Carolina,37059,Davie,30.96666666666667,2017,2021
37,North Carolina,37061,Duplin,32.43333333333334,2017,2021
37,North Carolina,37063,Durham,29.233333333333334,2017,2021
37,North Carolina,37065,Edgecombe,30.96666666666667,2017,2021
37,North Carolina,37067,Forsyth,31.333333333333332,2017,2021
37,North Carolina,37069,Franklin,30.866666666666664,2017,2021
37,North Carolina,37071,Gaston,31.2,2017,2021
37,North Carolina,37073,Gates,30.400000000000002,2017,2021
37,North Carolina,37075,Graham,31.5,2017,2021
37,North Carolina,37077,Granville,30.733333333333334,2017,2021
37,North Carolina,37079,Greene,31.766666666666666,2017,2021
37,North Carolina,37081,Guilford,29.866666666666664,2017,2021
37,North Carolina,37083,Halifax,31.633333333333336,2017,2021
37,North Carolina,37085,Harnett,30.3,2017,2021
37,North Carolina,37087,Haywood,30.233333333333334,2017,2021
37,North Carolina,37089,Henderson,29.666666666666668,2017,2021
37,North Carolina,37091,Hertford,30.566666666666666,2017,2021
37,North Carolina,37093,Hoke,31.2,2017,2021
37,North Carolina,37095,Hyde,31.633333333333336,2017,2021
37,North Carolina,37097,Iredell,31.0,2017,2021
37,North Carolina,37099,Jackson,31.133333333333336,2017,2021
37,North Carolina,37101,Johnston,30.8,2017,2021
37,North Carolina,37103,Jones,31.633333333333336,2017,2021
37,North Carolina,37105,Lee,30.933333333333334,2017,2021
37,North Carolina,37107,Lenoir,31.066666666666666,2017,2021
37,North Carolina,37109,Lincoln,30.900000000000002,2017,2021
37,North Carolina,37111,McDowell,31.099999999999998,2017,2021
37,North Carolina,37113,Macon,31.3,2017,2021
37,North Carolina,37115,Madison,31.433333333333334,2017,2021
37,North Carolina,37117,Martin,31.400000000000002,2017,2021
37,North Carolina,37119,Mecklenburg,30.433333333333334,2017,2021
37,North Carolina,37121,Mitchell,31.166666666666668,2017,2021
37,North Carolina,37123,Montgomery,31.400000000000002,2017,2021
37,North Carolina,37125,Moore,29.366666666666664,2017,2021
37,North Carolina,37127,Nash,30.5,2017,2021
37,North Carolina,37129,New Hanover,31.166666666666668,2017,2021
37,North Carolina,37131,Northampton,31.2,2017,2021
37,North Carolina,37133,Onslow,30.53333333333333,2017,2021
37,North Carolina,37135,Orange,29.46666666666667,2017,2021
37,North Carolina,37137,Pamlico,31.233333333333334,2017,2021
37,North Carolina,37139,Pasquotank,30.26666666666667,2017,2021
37,North Carolina,37141,Pender,31.099999999999998,2017,2021
37,North Carolina,37143,Perquimans,31.066666666666666,2017,2021
37,North Carolina,37145,Person,30.900000000000002,2017,2021
37,North Carolina,37147,Pitt,30.866666666666664,2017,2021
37,North Carolina,37149,Polk,30.933333333333334,2017,2021
37,North Carolina,37151,Randolph,31.766666666666666,2017,2021
37,North Carolina,37153,Richmond,31.96666666666667,2017,2021
37,North Carolina,37155,Robeson,33.06666666666666,2017,2021
37,North Carolina,37157,Rockingham,31.53333333333333,2017,2021
37,North Carolina,37159,Rowan,31.099999999999998,2017,2021
37,North Carolina,37161,Rutherford,31.433333333333337,2017,2021
37,North Carolina,37163,Sampson,31.566666666666666,2017,2021
37,North Carolina,37165,Scotland,32.233333333333334,2017,2021
37,North Carolina,37167,Stanly,31.0,2017,2021
37,North Carolina,37169,Stokes,31.266666666666666,2017,2021
37,North Carolina,37171,Surry,32.166666666666664,2017,2021
37,North Carolina,37173,Swain,31.03333333333333,2017,2021
37,North Carolina,37175,Transylvania,31.066666666666666,2017,2021
37,North Carolina,37177,Tyrrell,31.96666666666667,2017,2021
37,North Carolina,37179,Union,30.46666666666667,2017,2021
37,North Carolina,37181,Vance,31.46666666666667,2017,2021
37,North Carolina,37183,Wake,29.666666666666668,2017,2021
37,North Carolina,37185,Warren,31.099999999999998,2017,2021
37,North Carolina,37187,Washington,31.433333333333334,2017,2021
37,North Carolina,37189,Watauga,31.599999999999998,2017,2021
37,North Carolina,37191,Wayne,31.03333333333333,2017,2021
37,North Carolina,37193,Wilkes,31.766666666666666,2017,2021
37,North Carolina,37195,Wilson,30.96666666666667,2017,2021
37,North Carolina,37197,Yadkin,31.866666666666664,2017,2021
37,North Carolina,37199,Yancey,31.599999999999998,2017,2021
38,North Dakota,38001,Adams,28.133333333333336,2017,2021
38,North Dakota,38003,Barnes,27.900000000000002,2017,2021
38,North Dakota,38005,Benson,29.066666666666666,2017,2021
38,North Dakota,38007,Billings,28.266666666666666,2017,2021
38,North Dakota,38009,Bottineau,28.5,2017,2021
38,North Dakota,38011,Bowman,27.8,2017,2021
38,North Dakota,38013,Burke,28.5,2017,2021
38,North Dakota,38015,Burleigh,29.366666666666664,2017,2021
38,North Dakota,38017,Cass,28.866666666666664,2017,2021
38,North Dakota,38019,Cavalier,28.766666666666666,2017,2021
38,North Dakota,38021,Dickey,28.133333333333336,2017,2021
38,North Dakota,38023,Divide,28.933333333333334,2017,2021
38,North Dakota,38025,Dunn,28.833333333333332,2017,2021
38,North Dakota,38027,Eddy,29.066666666666666,2017,2021
38,North Dakota,38029,Emmons,28.03333333333333,2017,2021
38,North Dakota,38031,Foster,28.2,2017,2021
38,North Dakota,38033,Golden Valley,28.5,2017,2021
38,North Dakota,38035,Grand Forks,28.166666666666668,2017,2021
38,North Dakota,38037,Grant,27.96666666666667,2017,2021
38,North Dakota,38039,Griggs,27.900000000000002,2017,2021
38,North Dakota,38041,Hettinger,28.666666666666668,2017,2021
38,North Dakota,38043,Kidder,28.866666666666664,2017,2021
38,North Dakota,38045,LaMoure,29.03333333333333,2017,2021
38,North Dakota,38047,Logan,28.866666666666664,2017,2021
38,North Dakota,38049,McHenry,28.066666666666666,2017,2021
38,North Dakota,38051,McIntosh,29.266666666666666,2017,2021
38,North Dakota,38053,McKenzie,28.03333333333333,2017,2021
38,North Dakota,38055,McLean,28.900000000000002,2017,2021
38,North Dakota,38057,Mercer,28.599999999999998,2017,2021
38,North Dakota,38059,Morton,28.866666666666664,2017,2021
38,North Dakota,38061,Mountrail,28.333333333333332,2017,2021
38,North Dakota,38063,Nelson,27.96666666666667,2017,2021
38,North Dakota,38065,Oliver,28.166666666666668,2017,2021
38,North Dakota,38067,Pembina,27.833333333333332,2017,2021
38,North Dakota,38069,Pierce,27.599999999999998,2017,2021
38,North Dakota,38071,Ramsey,28.400000000000002,2017,2021
38,North Dakota,38073,Ransom,29.066666666666666,2017,2021
38,North Dakota,38075,Renville,28.833333333333332,2017,2021
38,North Dakota,38077,Richland,27.633333333333336,2017,2021
38,North Dakota,38079,Rolette,29.633333333333336,2017,2021
38,North Dakota,38081,Sargent,28.266666666666666,2017,2021
38,North Dakota,38083,Sheridan,28.7,2017,2021
38,North Dakota,38085,Sioux,29.333333333333332,2017,2021
38,North Dakota,38087,Slope,28.3,2017,2021
38,North Dakota,38089,Stark,28.933333333333334,2017,2021
38,North Dakota,38091,Steele,27.766666666666666,2017,2021
38,North Dakota,38093,Stutsman,28.733333333333334,2017,2021
38,North Dakota,38095,Towner,28.866666666666664,2017,2021
38,North Dakota,38097,Traill,28.433333333333334,2017,2021
38,North Dakota,38099,Walsh,27.96666666666667,2017,2021
38,North Dakota,38101,Ward,29.266666666666666,2017,2021
38,North Dakota,38103,Wells,28.3,2017,2021
38,North Dakota,38105,Williams,27.066666666666666,2017,2021
39,Ohio,39001,Adams,30.833333333333332,2017,2021
39,Ohio,39003,Allen,29.0,2017,2021
39,Ohio,39005,Ashland,29.333333333333332,2017,2021
39,Ohio,39007,Ashtabula,30.833333333333332,2017,2021
39,Ohio,39009,Athens,30.0,2017,2021
39,Ohio,39011,Auglaize,28.066666666666666,2017,2021
39,Ohio,39013,Belmont,29.566666666666666,2017,2021
39,Ohio,39015,Brown,29.900000000000002,2017,2021
39,Ohio,39017,Butler,29.633333333333336,2017,2021
39,Ohio,39019,Carroll,29.400000000000002,2017,2021
39,Ohio,39021,Champaign,29.099999999999998,2017,2021
39,Ohio,39023,Clark,29.900000000000002,2017,2021
39,Ohio,39025,Clermont,28.7,2017,2021
39,Ohio,39027,Clinton,29.166666666666668,2017,2021
39,Ohio,39029,Columbiana,28.266666666666666,2017,2021
39,Ohio,39031,Coshocton,29.5,2017,2021
39,Ohio,39033,Crawford,30.366666666666664,2017,2021
39,Ohio,39035,Cuyahoga,28.333333333333332,2017,2021
39,Ohio,39037,Darke,29.5,2017,2021
39,Ohio,39039,Defiance,29.600000000000005,2017,2021
39,Ohio,39041,Delaware,27.766666666666666,2017,2021
39,Ohio,39043,Erie,29.233333333333334,2017,2021
39,Ohio,39045,Fairfield,28.5,2017,2021
39,Ohio,39047,Fayette,29.5,2017,2021
39,Ohio,39049,Franklin,28.7,2017,2021
39,Ohio,39051,Fulton,28.3,2017,2021
39,Ohio,39053,Gallia,30.8,2017,2021
39,Ohio,39055,Geauga,29.099999999999998,2017,2021
39,Ohio,39057,Greene,28.7,2017,2021
39,Ohio,39059,Guernsey,29.900000000000002,2017,2021
39,Ohio,39061,Hamilton,28.099999999999998,2017,2021
39,Ohio,39063,Hancock,28.733333333333334,2017,2021
39,Ohio,39065,Hardin,29.53333333333333,2017,2021
39,Ohio,39067,Harrison,29.2,2017,2021
39,Ohio,39069,Henry,28.599999999999998,2017,2021
39,Ohio,39071,Highland,30.0,2017,2021
39,Ohio,39073,Hocking,29.133333333333336,2017,2021
39,Ohio,39075,Holmes,30.366666666666664,2017,2021
39,Ohio,39077,Huron,28.133333333333336,2017,2021
39,Ohio,39079,Jackson,31.53333333333333,2017,2021
39,Ohio,39081,Jefferson,29.5,2017,2021
39,Ohio,39083,Knox,27.96666666666667,2017,2021
39,Ohio,39085,Lake,28.2,2017,2021
39,Ohio,39087,Lawrence,30.03333333333333,2017,2021
39,Ohio,39089,Licking,29.333333333333332,2017,2021
39,Ohio,39091,Logan,29.266666666666666,2017,2021
39,Ohio,39093,Lorain,28.766666666666666,2017,2021
39,Ohio,39095,Lucas,29.366666666666664,2017,2021
39,Ohio,39097,Madison,29.333333333333332,2017,2021
39,Ohio,39099,Mahoning,28.833333333333332,2017,2021
39,Ohio,39101,Marion,30.133333333333336,2017,2021
39,Ohio,39103,Medina,27.766666666666666,2017,2021
39,Ohio,39105,Meigs,30.933333333333334,2017,2021
39,Ohio,39107,Mercer,28.400000000000002,2017,2021
39,Ohio,39109,Miami,29.233333333333334,2017,2021
39,Ohio,39111,Monroe,30.2,2017,2021
39,Ohio,39113,Montgomery,28.96666666666667,2017,2021
39,Ohio,39115,Morgan,30.366666666666664,2017,2021
39,Ohio,39117,Morrow,28.933333333333334,2017,2021
39,Ohio,39119,Muskingum,30.733333333333334,2017,2021
39,Ohio,39121,Noble,30.099999999999998,2017,2021
39,Ohio,39123,Ottawa,28.900000000000002,2017,2021
39,Ohio,39125,Paulding,29.233333333333334,2017,2021
39,Ohio,39127,Perry,30.166666666666668,2017,2021
39,Ohio,39129,Pickaway,28.933333333333334,2017,2021
39,Ohio,39131,Pike,30.866666666666664,2017,2021
39,Ohio,39133,Portage,28.53333333333333,2017,2021
39,Ohio,39135,Preble,29.5,2017,2021
39,Ohio,39137,Putnam,27.8,2017,2021
39,Ohio,39139,Richland,29.0,2017,2021
39,Ohio,39141,Ross,29.3,2017,2021
39,Ohio,39143,Sandusky,28.333333333333332,2017,2021
39,Ohio,39145,Scioto,31.766666666666666,2017,2021
39,Ohio,39147,Seneca,29.166666666666668,2017,2021
39,Ohio,39149,Shelby,28.400000000000002,2017,2021
39,Ohio,39151,Stark,28.266666666666666,2017,2021
39,Ohio,39153,Summit,28.333333333333332,2017,2021
39,Ohio,39155,Trumbull,29.233333333333334,2017,2021
39,Ohio,39157,Tuscarawas,28.599999999999998,2017,2021
39,Ohio,39159,Union,27.099999999999998,2017,2021
39,Ohio,39161,Van Wert,30.0,2017,2021
39,Ohio,39163,Vinton,31.833333333333332,2017,2021
39,Ohio,39165,Warren,28.666666666666668,2017,2021
39,Ohio,39167,Washington,29.633333333333336,2017,2021
39,Ohio,39169,Wayne,28.933333333333334,2017,2021
39,Ohio,39171,Williams,28.666666666666668,2017,2021
39,Ohio,39173,Wood,28.433333333333334,2017,2021
39,Ohio,39175,Wyandot,29.333333333333332,2017,2021
40,Oklahoma,40001,Adair,33.13333333333333,2017,2021
40,Oklahoma,40003,Alfalfa,31.8,2017,2021
40,Oklahoma,40005,Atoka,32.300000000000004,2017,2021
40,Oklahoma,40007,Beaver,31.46666666666667,2017,2021
40,Oklahoma,40009,Beckham,32.9,2017,2021
40,Oklahoma,40011,Blaine,32.13333333333333,2017,2021
40,Oklahoma,40013,Bryan,33.13333333333333,2017,2021
40,Oklahoma,40015,Caddo,31.566666666666666,2017,2021
40,Oklahoma,40017,Canadian,31.5,2017,2021
40,Oklahoma,40019,Carter,31.7,2017,2021
40,Oklahoma,40021,Cherokee,32.06666666666666,2017,2021
40,Oklahoma,40023,Choctaw,32.833333333333336,2017,2021
40,Oklahoma,40025,Cimarron,32.06666666666667,2017,2021
40,Oklahoma,40027,Cleveland,30.599999999999998,2017,2021
40,Oklahoma,40029,Coal,32.43333333333333,2017,2021
40,Oklahoma,40031,Comanche,32.6,2017,2021
40,Oklahoma,40033,Cotton,32.26666666666667,2017,2021
40,Oklahoma,40035,Craig,32.43333333333334,2017,2021
40,Oklahoma,40037,Creek,30.599999999999998,2017,2021
40,Oklahoma,40039,Custer,31.966666666666665,2017,2021
40,Oklahoma,40041,Delaware,31.900000000000002,2017,2021
40,Oklahoma,40043,Dewey,32.0,2017,2021
40,Oklahoma,40045,Ellis,32.46666666666667,2017,2021
40,Oklahoma,40047,Garfield,30.333333333333332,2017,2021
40,Oklahoma,40049,Garvin,32.833333333333336,2017,2021
40,Oklahoma,40051,Grady,32.0,2017,2021
40,Oklahoma,40053,Grant,31.233333333333334,2017,2021
40,Oklahoma,40055,Greer,32.766666666666666,2017,2021
40,Oklahoma,40057,Harmon,32.53333333333333,2017,2021
40,Oklahoma,40059,Harper,32.266666666666666,2017,2021
40,Oklahoma,40061,Haskell,32.733333333333334,2017,2021
40,Oklahoma,40063,Hughes,32.63333333333333,2017,2021
40,Oklahoma,40065,Jackson,31.599999999999998,2017,2021
40,Oklahoma,40067,Jefferson,32.800000000000004,2017,2021
40,Oklahoma,40069,Johnston,32.666666666666664,2017,2021
40,Oklahoma,40071,Kay,33.0,2017,2021
40,Oklahoma,40073,Kingfisher,32.06666666666667,2017,2021
40,Oklahoma,40075,Kiowa,33.166666666666664,2017,2021
40,Oklahoma,40077,Latimer,32.333333333333336,2017,2021
40,Oklahoma,40079,Le Flore,33.766666666666666,2017,2021
40,Oklahoma,40081,Lincoln,32.666666666666664,2017,2021
40,Oklahoma,40083,Logan,31.566666666666666,2017,2021
40,Oklahoma,40085,Love,32.36666666666667,2017,2021
40,Oklahoma,40087,McClain,31.166666666666668,2017,2021
40,Oklahoma,40089,McCurtain,33.199999999999996,2017,2021
40,Oklahoma,40091,McIntosh,32.9,2017,2021
40,Oklahoma,40093,Major,32.06666666666666,2017,2021
40,Oklahoma,40095,Marshall,32.26666666666667,2017,2021
40,Oklahoma,40097,Mayes,32.199999999999996,2017,2021
40,Oklahoma,40099,Murray,32.166666666666664,2017,2021
40,Oklahoma,40101,Muskogee,33.166666666666664,2017,2021
40,Oklahoma,40103,Noble,31.599999999999998,2017,2021
40,Oklahoma,40105,Nowata,32.166666666666664,2017,2021
40,Oklahoma,40107,Okfuskee,33.13333333333333,2017,2021
40,Oklahoma,40109,Oklahoma,32.666666666666664,2017,2021
40,Oklahoma,40111,Okmulgee,31.5,2017,2021
40,Oklahoma,40113,Osage,31.599999999999998,2017,2021
40,Oklahoma,40115,Ottawa,32.4,2017,2021
40,Oklahoma,40117,Pawnee,32.43333333333334,2017,2021
40,Oklahoma,40119,Payne,32.23333333333333,2017,2021
40,Oklahoma,40121,Pittsburg,33.233333333333334,2017,2021
40,Oklahoma,40123,Pontotoc,32.9,2017,2021
40,Oklahoma,40125,Pottawatomie,31.96666666666667,2017,2021
40,Oklahoma,40127,Pushmataha,32.63333333333333,2017,2021
40,Oklahoma,40129,Roger Mills,32.333333333333336,2017,2021
40,Oklahoma,40131,Rogers,31.133333333333336,2017,2021
40,Oklahoma,40133,Seminole,32.86666666666667,2017,2021
40,Oklahoma,40135,Sequoyah,32.833333333333336,2017,2021
40,Oklahoma,40137,Stephens,32.0,2017,2021
40,Oklahoma,40139,Texas,32.800000000000004,2017,2021
40,Oklahoma,40141,Tillman,32.800000000000004,2017,2021
40,Oklahoma,40143,Tulsa,31.8,2017,2021
40,Oklahoma,40145,Wagoner,31.73333333333333,2017,2021
40,Oklahoma,40147,Washington,30.866666666666664,2017,2021
40,Oklahoma,40149,Washita,31.933333333333334,2017,2021
40,Oklahoma,40151,Woods,31.53333333333333,2017,2021
40,Oklahoma,40153,Woodward,31.733333333333334,2017,2021
41,Oregon,41001,Baker,27.866666666666664,2017,2021
41,Oregon,41003,Benton,26.566666666666666,2017,2021
41,Oregon,41005,Clackamas,26.133333333333336,2017,2021
41,Oregon,41007,Clatsop,26.566666666666666,2017,2021
41,Oregon,41009,Columbia,26.766666666666666,2017,2021
41,Oregon,41011,Coos,27.666666666666668,2017,2021
41,Oregon,41013,Crook,27.8,2017,2021
41,Oregon,41015,Curry,27.0,2017,2021
41,Oregon,41017,Deschutes,27.099999999999998,2017,2021
41,Oregon,41019,Douglas,27.766666666666666,2017,2021
41,Oregon,41021,Gilliam,27.433333333333334,2017,2021
41,Oregon,41023,Grant,27.666666666666668,2017,2021
41,Oregon,41025,Harney,27.3,2017,2021
41,Oregon,41027,Hood River,26.833333333333332,2017,2021
41,Oregon,41029,Jackson,27.933333333333334,2017,2021
41,Oregon,41031,Jefferson,27.366666666666664,2017,2021
41,Oregon,41033,Josephine,27.766666666666666,2017,2021
41,Oregon,41035,Klamath,27.53333333333333,2017,2021
41,Oregon,41037,Lake,28.03333333333333,2017,2021
41,Oregon,41039,Lane,27.366666666666664,2017,2021
41,Oregon,41041,Lincoln,26.53333333333333,2017,2021
41,Oregon,41043,Linn,25.866666666666664,2017,2021
41,Oregon,41045,Malheur,28.733333333333334,2017,2021
41,Oregon,41047,Marion,27.099999999999998,2017,2021
41,Oregon,41049,Morrow,28.066666666666666,2017,2021
41,Oregon,41051,Multnomah,27.066666666666666,2017,2021
41,Oregon,41053,Polk,26.833333333333332,2017,2021
41,Oregon,41055,Sherman,27.400000000000002,2017,2021
41,Oregon,41057,Tillamook,27.2,2017,2021
41,Oregon,41059,Umatilla,27.433333333333334,2017,2021
41,Oregon,41061,Union,27.433333333333334,2017,2021
41,Oregon,41063,Wallowa,26.933333333333334,2017,2021
41,Oregon,41065,Wasco,27.3,2017,2021
41,Oregon,41067,Washington,25.766666666666666,2017,2021
41,Oregon,41069,Wheeler,27.833333333333332,2017,2021
41,Oregon,41071,Yamhill,27.0,2017,2021
42,Pennsylvania,42001,Adams,29.066666666666666,2017,2021
42,Pennsylvania,42003,Allegheny,27.7,2017,2021
42,Pennsylvania,42005,Armstrong,28.433333333333334,2017,2021
42,Pennsylvania,42007,Beaver,29.46666666666667,2017,2021
42,Pennsylvania,42009,Bedford,28.866666666666664,2017,2021
42,Pennsylvania,42011,Berks,28.53333333333333,2017,2021
42,Pennsylvania,42013,Blair,28.53333333333333,2017,2021
42,Pennsylvania,42015,Bradford,28.733333333333334,2017,2021
42,Pennsylvania,42017,Bucks,28.0,2017,2021
42,Pennsylvania,42019,Butler,27.766666666666666,2017,2021
42,Pennsylvania,42021,Cambria,29.099999999999998,2017,2021
42,Pennsylvania,42023,Cameron,29.766666666666666,2017,2021
42,Pennsylvania,42025,Carbon,28.933333333333334,2017,2021
42,Pennsylvania,42027,Centre,28.400000000000002,2017,2021
42,Pennsylvania,42029,Chester,28.599999999999998,2017,2021
42,Pennsylvania,42031,Clarion,29.366666666666664,2017,2021
42,Pennsylvania,42033,Clearfield,29.066666666666666,2017,2021
42,Pennsylvania,42035,Clinton,29.166666666666668,2017,2021
42,Pennsylvania,42037,Columbia,28.833333333333332,2017,2021
42,Pennsylvania,42039,Crawford,28.866666666666664,2017,2021
42,Pennsylvania,42041,Cumberland,28.3,2017,2021
42,Pennsylvania,42043,Dauphin,29.2,2017,2021
42,Pennsylvania,42045,Delaware,27.96666666666667,2017,2021
42,Pennsylvania,42047,Elk,29.099999999999998,2017,2021
42,Pennsylvania,42049,Erie,30.3,2017,2021
42,Pennsylvania,42051,Fayette,28.733333333333334,2017,2021
42,Pennsylvania,42053,Forest,29.8,2017,2021
42,Pennsylvania,42055,Franklin,28.633333333333336,2017,2021
42,Pennsylvania,42057,Fulton,29.099999999999998,2017,2021
42,Pennsylvania,42059,Greene,28.900000000000002,2017,2021
42,Pennsylvania,42061,Huntingdon,28.866666666666664,2017,2021
42,Pennsylvania,42063,Indiana,29.266666666666666,2017,2021
42,Pennsylvania,42065,Jefferson,29.433333333333337,2017,2021
42,Pennsylvania,42067,Juniata,29.733333333333334,2017,2021
42,Pennsylvania,42069,Lackawanna,28.2,2017,2021
42,Pennsylvania,42071,Lancaster,28.099999999999998,2017,2021
42,Pennsylvania,42073,Lawrence,28.233333333333334,2017,2021
42,Pennsylvania,42075,Lebanon,28.53333333333333,2017,2021
42,Pennsylvania,42077,Lehigh,28.5,2017,2021
42,Pennsylvania,42079,Luzerne,28.8,2017,2021
42,Pennsylvania,42081,Lycoming,27.7,2017,2021
42,Pennsylvania,42083,McKean,29.866666666666664,2017,2021
42,Pennsylvania,42085,Mercer,28.099999999999998,2017,2021
42,Pennsylvania,42087,Mifflin,29.5,2017,2021
42,Pennsylvania,42089,Monroe,28.333333333333332,2017,2021
42,Pennsylvania,42091,Montgomery,27.400000000000002,2017,2021
42,Pennsylvania,42093,Montour,28.7,2017,2021
42,Pennsylvania,42095,Northampton,27.733333333333334,2017,2021
42,Pennsylvania,42097,Northumberland,29.633333333333336,2017,2021
42,Pennsylvania,42099,Perry,28.900000000000002,2017,2021
42,Pennsylvania,42101,Philadelphia,29.166666666666668,2017,2021
42,Pennsylvania,42103,Pike,28.833333333333332,2017,2021
42,Pennsylvania,42105,Potter,29.5,2017,2021
42,Pennsylvania,42107,Schuylkill,29.3,2017,2021
42,Pennsylvania,42109,Snyder,29.46666666666667,2017,2021
42,Pennsylvania,42111,Somerset,29.433333333333334,2017,2021
42,Pennsylvania,42113,Sullivan,29.333333333333332,2017,2021
42,Pennsylvania,42115,Susquehanna,29.166666666666668,2017,2021
42,Pennsylvania,42117,Tioga,29.099999999999998,2017,2021
42,Pennsylvania,42119,Union,28.5,2017,2021
42,Pennsylvania,42121,Venango,28.833333333333332,2017,2021
42,Pennsylvania,42123,Warren,28.733333333333334,2017,2021
42,Pennsylvania,42125,Washington,28.099999999999998,2017,2021
42,Pennsylvania,42127,Wayne,29.133333333333336,2017,2021
42,Pennsylvania,42129,Westmoreland,28.833333333333332,2017,2021
42,Pennsylvania,42131,Wyoming,28.433333333333334,2017,2021
42,Pennsylvania,42133,York,28.066666666666666,2017,2021
44,Rhode Island,44001,Bristol,27.633333333333336,2017,2021
44,Rhode Island,44003,Kent,28.133333333333336,2017,2021
44,Rhode Island,44005,Newport,27.266666666666666,2017,2021
44,Rhode Island,44007,Providence,28.8,2017,2021
44,Rhode Island,44009,Washington,27.633333333333336,2017,2021
45,South Carolina,45001,Abbeville,32.199999999999996,2017,2021
45,South Carolina,45003,Aiken,32.166666666666664,2017,2021
45,South Carolina,45005,Allendale,32.76666666666667,2017,2021
45,South Carolina,45007,Anderson,31.2,2017,2021
45,South Carolina,45009,Bamberg,32.300000000000004,2017,2021
45,South Carolina,45011,Barnwell,32.733333333333334,2017,2021
45,South Carolina,45013,Beaufort,29.366666666666664,2017,2021
45,South Carolina,45015,Berkeley,31.266666666666666,2017,2021
45,South Carolina,45017,Calhoun,32.13333333333333,2017,2021
45,South Carolina,45019,Charleston,29.866666666666664,2017,2021
45,South Carolina,45021,Cherokee,33.13333333333333,2017,2021
45,South Carolina,45023,Chester,32.733333333333334,2017,2021
45,South Carolina,45025,Chesterfield,32.300000000000004,2017,2021
45,South Carolina,45027,Clarendon,32.6,2017,2021
45,South Carolina,45029,Colleton,32.833333333333336,2017,2021
45,South Carolina,45031,Darlington,32.96666666666667,2017,2021
45,South Carolina,45033,Dillon,34.333333333333336,2017,2021
45,South Carolina,45035,Dorchester,32.13333333333333,2017,2021
45,South Carolina,45037,Edgefield,32.13333333333333,2017,2021
45,South Carolina,45039,Fairfield,32.5,2017,2021
45,South Carolina,45041,Florence,31.733333333333334,2017,2021
45,South Carolina,45043,Georgetown,30.599999999999998,2017,2021
45,South Carolina,45045,Greenville,31.066666666666663,2017,2021
45,South Carolina,45047,Greenwood,31.53333333333333,2017,2021
45,South Carolina,45049,Hampton,32.03333333333333,2017,2021
45,South Carolina,45051,Horry,31.633333333333336,2017,2021
45,South Carolina,45053,Jasper,32.43333333333333,2017,2021
45,South Carolina,45055,Kershaw,31.8,2017,2021
45,South Carolina,45057,Lancaster,32.1,2017,2021
45,South Carolina,45059,Laurens,33.03333333333334,2017,2021
45,South Carolina,45061,Lee,33.0,2017,2021
45,South Carolina,45063,Lexington,31.566666666666666,2017,2021
45,South Carolina,45065,McCormick,32.63333333333333,2017,2021
45,South Carolina,45067,Marion,32.06666666666667,2017,2021
45,South Carolina,45069,Marlboro,33.56666666666667,2017,2021
45,South Carolina,45071,Newberry,31.266666666666666,2017,2021
45,South Carolina,45073,Oconee,32.8,2017,2021
45,South Carolina,45075,Orangeburg,32.93333333333333,2017,2021
45,South Carolina,45077,Pickens,32.03333333333333,2017,2021
45,South Carolina,45079,Richland,30.566666666666666,2017,2021
45,South Carolina,45081,Saluda,32.36666666666667,2017,2021
45,South Carolina,45083,Spartanburg,33.266666666666666,2017,2021
45,South Carolina,45085,Sumter,32.333333333333336,2017,2021
45,South Carolina,45087,Union,32.96666666666667,2017,2021
45,South Carolina,45089,Williamsburg,33.199999999999996,2017,2021
45,South Carolina,45091,York,32.1,2017,2021
46,South Dakota,46003,Aurora,26.46666666666667,2017,2021
46,South Dakota,46005,Beadle,27.7,2017,2021
46,South Dakota,46007,Bennett,26.76666666666667,2017,2021
46,South Dakota,46009,Bon Homme,26.5,2017,2021
46,South Dakota,46011,Brookings,25.833333333333332,2017,2021
46,South Dakota,46013,Brown,27.7,2017,2021
46,South Dakota,46015,Brule,26.833333333333332,2017,2021
46,South Dakota,46017,Buffalo,28.233333333333334,2017,2021
46,South Dakota,46019,Butte,27.03333333333333,2017,2021
46,South Dakota,46021,Campbell,26.3,2017,2021
46,South Dakota,46023,Charles Mix,27.433333333333334,2017,2021
46,South Dakota,46025,Clark,26.333333333333332,2017,2021
46,South Dakota,46027,Clay,26.666666666666668,2017,2021
46,South Dakota,46029,Codington,25.166666666666668,2017,2021
46,South Dakota,46031,Corson,28.0,2017,2021
46,South Dakota,46033,Custer,26.599999999999998,2017,2021
46,South Dakota,46035,Davison,26.833333333333332,2017,2021
46,South Dakota,46037,Day,27.2,2017,2021
46,South Dakota,46039,Deuel,26.566666666666663,2017,2021
46,South Dakota,46041,Dewey,27.599999999999998,2017,2021
46,South Dakota,46043,Douglas,26.400000000000002,2017,2021
46,South Dakota,46045,Edmunds,25.900000000000002,2017,2021
46,South Dakota,46047,Fall River,27.099999999999998,2017,2021
46,South Dakota,46049,Faulk,26.766666666666666,2017,2021
46,South Dakota,46051,Grant,26.599999999999998,2017,2021
46,South Dakota,46053,Gregory,27.266666666666666,2017,2021
46,South Dakota,46055,Haakon,26.733333333333334,2017,2021
46,South Dakota,46057,Hamlin,26.8,2017,2021
46,South Dakota,46059,Hand,26.2,2017,2021
46,South Dakota,46061,Hanson,26.333333333333332,2017,2021
46,South Dakota,46063,Harding,26.566666666666666,2017,2021
46,South Dakota,46065,Hughes,26.0,2017,2021
46,South Dakota,46067,Hutchinson,26.53333333333333,2017,2021
46,South Dakota,46069,Hyde,26.233333333333334,2017,2021
46,South Dakota,46071,Jackson,29.03333333333333,2017,2021
46,South Dakota,46073,Jerauld,26.46666666666667,2017,2021
46,South Dakota,46075,Jones,26.2,2017,2021
46,South Dakota,46077,Kingsbury,26.5,2017,2021
46,South Dakota,46079,Lake,26.46666666666667,2017,2021
46,South Dakota,46081,Lawrence,26.766666666666666,2017,2021
46,South Dakota,46083,Lincoln,26.433333333333334,2017,2021
46,South Dakota,46085,Lyman,27.2,2017,2021
46,South Dakota,46087,McCook,26.599999999999998,2017,2021
46,South Dakota,46089,McPherson,27.133333333333336,2017,2021
46,South Dakota,46091,Marshall,26.599999999999998,2017,2021
46,South Dakota,46093,Meade,25.5,2017,2021
46,South Dakota,46095,Mellette,26.866666666666664,2017,2021
46,South Dakota,46097,Miner,26.566666666666666,2017,2021
46,South Dakota,46099,Minnehaha,26.46666666666667,2017,2021
46,South Dakota,46101,Moody,26.2,2017,2021
46,South Dakota,46103,Pennington,27.766666666666666,2017,2021
46,South Dakota,46105,Perkins,26.733333333333334,2017,2021
46,South Dakota,46107,Potter,26.2,2017,2021
46,South Dakota,46109,Roberts,27.166666666666668,2017,2021
46,South Dakota,46111,Sanborn,26.633333333333336,2017,2021
46,South Dakota,46113,Shannon,28.133333333333336,2017,2021
46,South Dakota,46115,Spink,26.599999999999998,2017,2021
46,South Dakota,46117,Stanley,25.733333333333334,2017,2021
46,South Dakota,46119,Sully,26.133333333333336,2017,2021
46,South Dakota,46121,Todd,27.933333333333334,2017,2021
46,South Dakota,46123,Tripp,27.266666666666666,2017,2021
46,South Dakota,46125,Turner,26.8,2017,2021
46,South Dakota,46127,Union,26.733333333333334,2017,2021
46,South Dakota,46129,Walworth,26.900000000000002,2017,2021
46,South Dakota,46135,Yankton,26.733333333333334,2017,2021
46,South Dakota,46137,Ziebach,27.8,2017,2021
47,Tennessee,47001,Anderson,32.9,2017,2021
47,Tennessee,47003,Bedford,32.333333333333336,2017,2021
47,Tennessee,47005,Benton,33.9,2017,2021
47,Tennessee,47007,Bledsoe,34.06666666666666,2017,2021
47,Tennessee,47009,Blount,32.03333333333333,2017,2021
47,Tennessee,47011,Bradley,32.13333333333333,2017,2021
47,Tennessee,47013,Campbell,33.166666666666664,2017,2021
47,Tennessee,47015,Cannon,32.96666666666667,2017,2021
47,Tennessee,47017,Carroll,32.8,2017,2021
47,Tennessee,47019,Carter,33.766666666666666,2017,2021
47,Tennessee,47021,Cheatham,32.166666666666664,2017,2021
47,Tennessee,47023,Chester,32.9,2017,2021
47,Tennessee,47025,Claiborne,33.3,2017,2021
47,Tennessee,47027,Clay,33.833333333333336,2017,2021
47,Tennessee,47029,Cocke,34.0,2017,2021
47,Tennessee,47031,Coffee,32.13333333333333,2017,2021
47,Tennessee,47033,Crockett,33.06666666666666,2017,2021
47,Tennessee,47035,Cumberland,33.1,2017,2021
47,Tennessee,47037,Davidson,30.5,2017,2021
47,Tennessee,47039,Decatur,33.666666666666664,2017,2021
47,Tennessee,47041,DeKalb,33.36666666666667,2017,2021
47,Tennessee,47043,Dickson,31.766666666666666,2017,2021
47,Tennessee,47045,Dyer,31.766666666666666,2017,2021
47,Tennessee,47047,Fayette,32.06666666666667,2017,2021
47,Tennessee,47049,Fentress,33.9,2017,2021
47,Tennessee,47051,Franklin,32.73333333333333,2017,2021
47,Tennessee,47053,Gibson,32.300000000000004,2017,2021
47,Tennessee,47055,Giles,32.43333333333334,2017,2021
47,Tennessee,47057,Grainger,33.13333333333333,2017,2021
47,Tennessee,47059,Greene,33.1,2017,2021
47,Tennessee,47061,Grundy,33.56666666666666,2017,2021
47,Tennessee,47063,Hamblen,33.166666666666664,2017,2021
47,Tennessee,47065,Hamilton,31.900000000000002,2017,2021
47,Tennessee,47067,Hancock,34.23333333333333,2017,2021
47,Tennessee,47069,Hardeman,33.53333333333333,2017,2021
47,Tennessee,47071,Hardin,33.666666666666664,2017,2021
47,Tennessee,47073,Hawkins,33.5,2017,2021
47,Tennessee,47075,Haywood,32.6,2017,2021
47,Tennessee,47077,Henderson,32.733333333333334,2017,2021
47,Tennessee,47079,Henry,33.0,2017,2021
47,Tennessee,47081,Hickman,32.266666666666666,2017,2021
47,Tennessee,47083,Houston,33.03333333333333,2017,2021
47,Tennessee,47085,Humphreys,32.53333333333333,2017,2021
47,Tennessee,47087,Jackson,33.36666666666667,2017,2021
47,Tennessee,47089,Jefferson,32.166666666666664,2017,2021
47,Tennessee,47091,Johnson,33.36666666666667,2017,2021
47,Tennessee,47093,Knox,32.06666666666667,2017,2021
47,Tennessee,47095,Lake,34.13333333333333,2017,2021
47,Tennessee,47097,Lauderdale,33.199999999999996,2017,2021
47,Tennessee,47099,Lawrence,33.4,2017,2021
47,Tennessee,47101,Lewis,33.4,2017,2021
47,Tennessee,47103,Lincoln,33.166666666666664,2017,2021
47,Tennessee,47105,Loudon,32.13333333333333,2017,2021
47,Tennessee,47107,McMinn,32.199999999999996,2017,2021
47,Tennessee,47109,McNairy,34.03333333333333,2017,2021
47,Tennessee,47111,Macon,33.833333333333336,2017,2021
47,Tennessee,47113,Madison,32.03333333333333,2017,2021
47,Tennessee,47115,Marion,33.06666666666667,2017,2021
47,Tennessee,47117,Marshall,32.5,2017,2021
47,Tennessee,47119,Maury,32.5,2017,2021
47,Tennessee,47121,Meigs,32.63333333333333,2017,2021
47,Tennessee,47123,Monroe,33.300000000000004,2017,2021
47,Tennessee,47125,Montgomery,31.666666666666668,2017,2021
47,Tennessee,47127,Moore,32.266666666666666,2017,2021
47,Tennessee,47129,Morgan,34.13333333333333,2017,2021
47,Tennessee,47131,Obion,33.43333333333334,2017,2021
47,Tennessee,47133,Overton,33.43333333333333,2017,2021
47,Tennessee,47135,Perry,34.13333333333333,2017,2021
47,Tennessee,47137,Pickett,33.6,2017,2021
47,Tennessee,47139,Polk,33.0,2017,2021
47,Tennessee,47141,Putnam,32.800000000000004,2017,2021
47,Tennessee,47143,Rhea,33.06666666666667,2017,2021
47,Tennessee,47145,Roane,33.06666666666667,2017,2021
47,Tennessee,47147,Robertson,31.599999999999998,2017,2021
47,Tennessee,47149,Rutherford,31.3,2017,2021
47,Tennessee,47151,Scott,34.0,2017,2021
47,Tennessee,47153,Sequatchie,33.53333333333334,2017,2021
47,Tennessee,47155,Sevier,32.86666666666667,2017,2021
47,Tennessee,47157,Shelby,30.566666666666666,2017,2021
47,Tennessee,47159,Smith,32.56666666666666,2017,2021
47,Tennessee,47161,Stewart,32.699999999999996,2017,2021
47,Tennessee,47163,Sullivan,33.300000000000004,2017,2021
47,Tennessee,47165,Sumner,31.099999999999998,2017,2021
47,Tennessee,47167,Tipton,31.766666666666666,2017,2021
47,Tennessee,47169,Trousdale,32.63333333333333,2017,2021
47,Tennessee,47171,Unicoi,33.0,2017,2021
47,Tennessee,47173,Union,33.4,2017,2021
47,Tennessee,47175,Van Buren,33.666666666666664,2017,2021
47,Tennessee,47177,Warren,33.36666666666667,2017,2021
47,Tennessee,47179,Washington,32.23333333333333,2017,2021
47,Tennessee,47181,Wayne,33.4,2017,2021
47,Tennessee,47183,Weakley,33.13333333333333,2017,2021
47,Tennessee,47185,White,33.199999999999996,2017,2021
47,Tennessee,47187,Williamson,29.166666666666668,2017,2021
47,Tennessee,47189,Wilson,31.566666666666663,2017,2021
48,Texas,48001,Anderson,32.43333333333333,2017,2021
48,Texas,48003,Andrews,32.199999999999996,2017,2021
48,Texas,48005,Angelina,33.4,2017,2021
48,Texas,48007,Aransas,32.6,2017,2021
48,Texas,48009,Archer,31.53333333333333,2017,2021
48,Texas,48011,Armstrong,31.099999999999998,2017,2021
48,Texas,48013,Atascosa,32.46666666666667,2017,2021
48,Texas,48015,Austin,31.066666666666663,2017,2021
48,Texas,48017,Bailey,32.53333333333333,2017,2021
48,Texas,48019,Bandera,31.400000000000002,2017,2021
48,Texas,48021,Bastrop,31.833333333333332,2017,2021
48,Texas,48023,Baylor,31.799999999999997,2017,2021
48,Texas,48025,Bee,32.96666666666667,2017,2021
48,Texas,48027,Bell,30.833333333333332,2017,2021
48,Texas,48029,Bexar,31.76666666666667,2017,2021
48,Texas,48031,Blanco,31.7,2017,2021
48,Texas,48033,Borden,30.5,2017,2021
48,Texas,48035,Bosque,31.96666666666667,2017,2021
48,Texas,48037,Bowie,32.03333333333333,2017,2021
48,Texas,48039,Brazoria,31.53333333333333,2017,2021
48,Texas,48041,Brazos,32.13333333333333,2017,2021
48,Texas,48043,Brewster,31.566666666666666,2017,2021
48,Texas,48045,Briscoe,32.5,2017,2021
48,Texas,48047,Brooks,34.1,2017,2021
48,Texas,48049,Brown,32.23333333333333,2017,2021
48,Texas,48051,Burleson,31.53333333333333,2017,2021
48,Texas,48053,Burnet,30.900000000000002,2017,2021
48,Texas,48055,Caldwell,32.300000000000004,2017,2021
48,Texas,48057,Calhoun,31.933333333333334,2017,2021
48,Texas,48059,Callahan,32.13333333333333,2017,2021
48,Texas,48061,Cameron,32.63333333333333,2017,2021
48,Texas,48063,Camp,32.199999999999996,2017,2021
48,Texas,48065,Carson,31.233333333333334,2017,2021
48,Texas,48067,Cass,32.166666666666664,2017,2021
48,Texas,48069,Castro,32.333333333333336,2017,2021
48,Texas,48071,Chambers,31.733333333333334,2017,2021
48,Texas,48073,Cherokee,32.699999999999996,2017,2021
48,Texas,48075,Childress,32.53333333333333,2017,2021
48,Texas,48077,Clay,31.46666666666667,2017,2021
48,Texas,48079,Cochran,33.76666666666667,2017,2021
48,Texas,48081,Coke,32.1,2017,2021
48,Texas,48083,Coleman,32.23333333333333,2017,2021
48,Texas,48085,Collin,31.433333333333334,2017,2021
48,Texas,48087,Collingsworth,32.5,2017,2021
48,Texas,48089,Colorado,31.266666666666666,2017,2021
48,Texas,48091,Comal,31.099999999999998,2017,2021
48,Texas,48093,Comanche,31.96666666666667,2017,2021
48,Texas,48095,Concho,32.53333333333333,2017,2021
48,Texas,48097,Cooke,31.700000000000003,2017,2021
48,Texas,48099,Coryell,31.266666666666666,2017,2021
48,Texas,48101,Cottle,32.833333333333336,2017,2021
48,Texas,48103,Crane,31.866666666666664,2017,2021
48,Texas,48105,Crockett,31.933333333333334,2017,2021
48,Texas,48107,Crosby,32.766666666666666,2017,2021
48,Texas,48109,Culberson,34.1,2017,2021
48,Texas,48111,Dallam,32.766666666666666,2017,2021
48,Texas,48113,Dallas,31.633333333333336,2017,2021
48,Texas,48115,Dawson,33.4,2017,2021
48,Texas,48117,Deaf Smith,32.800000000000004,2017,2021
48,Texas,48119,Delta,32.06666666666667,2017,2021
48,Texas,48121,Denton,31.3,2017,2021
48,Texas,48123,DeWitt,32.43333333333333,2017,2021
48,Texas,48125,Dickens,32.699999999999996,2017,2021
48,Texas,48127,Dimmit,34.13333333333333,2017,2021
48,Texas,48129,Donley,32.03333333333333,2017,2021
48,Texas,48131,Duval,33.300000000000004,2017,2021
48,Texas,48133,Eastland,32.63333333333333,2017,2021
48,Texas,48135,Ector,31.733333333333334,2017,2021
48,Texas,48137,Edwards,32.766666666666666,2017,2021
48,Texas,48139,Ellis,31.36666666666667,2017,2021
48,Texas,48141,El Paso,30.366666666666664,2017,2021
48,Texas,48143,Erath,32.06666666666667,2017,2021
48,Texas,48145,Falls,32.5,2017,2021
48,Texas,48147,Fannin,32.1,2017,2021
48,Texas,48149,Fayette,31.233333333333334,2017,2021
48,Texas,48151,Fisher,31.866666666666664,2017,2021
48,Texas,48153,Floyd,32.46666666666667,2017,2021
48,Texas,48155,Foard,32.13333333333333,2017,2021
48,Texas,48157,Fort Bend,31.8,2017,2021
48,Texas,48159,Franklin,31.2,2017,2021
48,Texas,48161,Freestone,32.46666666666667,2017,2021
48,Texas,48163,Frio,33.5,2017,2021
48,Texas,48165,Gaines,32.6,2017,2021
48,Texas,48167,Galveston,30.733333333333334,2017,2021
48,Texas,48169,Garza,33.0,2017,2021
48,Texas,48171,Gillespie,31.099999999999998,2017,2021
48,Texas,48173,Glasscock,32.300000000000004,2017,2021
48,Texas,48175,Goliad,31.8,2017,2021
48,Texas,48177,Gonzales,32.8,2017,2021
48,Texas,48179,Gray,32.73333333333333,2017,2021
48,Texas,48181,Grayson,31.599999999999998,2017,2021
48,Texas,48183,Gregg,31.866666666666664,2017,2021
48,Texas,48185,Grimes,32.76666666666667,2017,2021
48,Texas,48187,Guadalupe,30.5,2017,2021
48,Texas,48189,Hale,32.53333333333333,2017,2021
48,Texas,48191,Hall,33.23333333333333,2017,2021
48,Texas,48193,Hamilton,32.46666666666667,2017,2021
48,Texas,48195,Hansford,32.86666666666667,2017,2021
48,Texas,48197,Hardeman,32.4,2017,2021
48,Texas,48199,Hardin,32.53333333333333,2017,2021
48,Texas,48201,Harris,33.03333333333333,2017,2021
48,Texas,48203,Harrison,31.833333333333332,2017,2021
48,Texas,48205,Hartley,31.7,2017,2021
48,Texas,48207,Haskell,33.166666666666664,2017,2021
48,Texas,48209,Hays,31.96666666666667,2017,2021
48,Texas,48211,Hemphill,31.5,2017,2021
48,Texas,48213,Henderson,32.266666666666666,2017,2021
48,Texas,48215,Hidalgo,32.46666666666667,2017,2021
48,Texas,48217,Hill,32.03333333333333,2017,2021
48,Texas,48219,Hockley,32.4,2017,2021
48,Texas,48221,Hood,31.3,2017,2021
48,Texas,48223,Hopkins,32.0,2017,2021
48,Texas,48225,Houston,32.4,2017,2021
48,Texas,48227,Howard,32.6,2017,2021
48,Texas,48229,Hudspeth,34.26666666666667,2017,2021
48,Texas,48231,Hunt,32.666666666666664,2017,2021
48,Texas,48233,Hutchinson,32.233333333333334,2017,2021
48,Texas,48235,Irion,31.566666666666666,2017,2021
48,Texas,48237,Jack,32.6,2017,2021
48,Texas,48239,Jackson,32.13333333333333,2017,2021
48,Texas,48241,Jasper,32.56666666666667,2017,2021
48,Texas,48243,Jeff Davis,32.2,2017,2021
48,Texas,48245,Jefferson,31.233333333333334,2017,2021
48,Texas,48247,Jim Hogg,33.43333333333333,2017,2021
48,Texas,48249,Jim Wells,33.0,2017,2021
48,Texas,48251,Johnson,31.96666666666667,2017,2021
48,Texas,48253,Jones,32.76666666666667,2017,2021
48,Texas,48255,Karnes,32.733333333333334,2017,2021
48,Texas,48257,Kaufman,31.233333333333334,2017,2021
48,Texas,48259,Kendall,30.666666666666668,2017,2021
48,Texas,48261,Kenedy,34.13333333333333,2017,2021
48,Texas,48263,Kent,31.53333333333333,2017,2021
48,Texas,48265,Kerr,32.03333333333333,2017,2021
48,Texas,48267,Kimble,32.300000000000004,2017,2021
48,Texas,48269,King,32.666666666666664,2017,2021
48,Texas,48271,Kinney,32.9,2017,2021
48,Texas,48273,Kleberg,32.6,2017,2021
48,Texas,48275,Knox,32.233333333333334,2017,2021
48,Texas,48277,Lamar,31.599999999999998,2017,2021
48,Texas,48279,Lamb,32.9,2017,2021
48,Texas,48281,Lampasas,31.46666666666667,2017,2021
48,Texas,48283,La Salle,32.833333333333336,2017,2021
48,Texas,48285,Lavaca,31.933333333333334,2017,2021
48,Texas,48287,Lee,31.866666666666664,2017,2021
48,Texas,48289,Leon,32.233333333333334,2017,2021
48,Texas,48291,Liberty,32.86666666666667,2017,2021
48,Texas,48293,Limestone,32.699999999999996,2017,2021
48,Texas,48295,Lipscomb,31.833333333333332,2017,2021
48,Texas,48297,Live Oak,32.56666666666667,2017,2021
48,Texas,48299,Llano,31.599999999999998,2017,2021
48,Texas,48301,Loving,29.233333333333334,2017,2021
48,Texas,48303,Lubbock,32.733333333333334,2017,2021
48,Texas,48305,Lynn,33.13333333333333,2017,2021
48,Texas,48307,McCulloch,32.43333333333334,2017,2021
48,Texas,48309,McLennan,32.4,2017,2021
48,Texas,48311,McMullen,31.833333333333332,2017,2021
48,Texas,48313,Madison,32.333333333333336,2017,2021
48,Texas,48315,Marion,32.333333333333336,2017,2021
48,Texas,48317,Martin,31.933333333333334,2017,2021
48,Texas,48319,Mason,31.366666666666664,2017,2021
48,Texas,48321,Matagorda,32.4,2017,2021
48,Texas,48323,Maverick,33.56666666666666,2017,2021
48,Texas,48325,Medina,31.8,2017,2021
48,Texas,48327,Menard,31.900000000000002,2017,2021
48,Texas,48329,Midland,31.433333333333334,2017,2021
48,Texas,48331,Milam,32.300000000000004,2017,2021
48,Texas,48333,Mills,31.933333333333334,2017,2021
48,Texas,48335,Mitchell,32.43333333333333,2017,2021
48,Texas,48337,Montague,32.199999999999996,2017,2021
48,Texas,48339,Montgomery,31.866666666666664,2017,2021
48,Texas,48341,Moore,32.63333333333333,2017,2021
48,Texas,48343,Morris,31.566666666666666,2017,2021
48,Texas,48345,Motley,31.899999999999995,2017,2021
48,Texas,48347,Nacogdoches,32.06666666666667,2017,2021
48,Texas,48349,Navarro,32.86666666666667,2017,2021
48,Texas,48351,Newton,32.5,2017,2021
48,Texas,48353,Nolan,32.56666666666666,2017,2021
48,Texas,48355,Nueces,31.566666666666666,2017,2021
48,Texas,48357,Ochiltree,32.300000000000004,2017,2021
48,Texas,48359,Oldham,31.7,2017,2021
48,Texas,48361,Orange,32.06666666666667,2017,2021
48,Texas,48363,Palo Pinto,32.233333333333334,2017,2021
48,Texas,48365,Panola,32.03333333333333,2017,2021
48,Texas,48367,Parker,31.666666666666668,2017,2021
48,Texas,48369,Parmer,32.56666666666667,2017,2021
48,Texas,48371,Pecos,32.733333333333334,2017,2021
48,Texas,48373,Polk,33.166666666666664,2017,2021
48,Texas,48375,Potter,33.1,2017,2021
48,Texas,48377,Presidio,34.5,2017,2021
48,Texas,48379,Rains,32.1,2017,2021
48,Texas,48381,Randall,31.633333333333336,2017,2021
48,Texas,48383,Reagan,32.06666666666667,2017,2021
48,Texas,48385,Real,32.800000000000004,2017,2021
48,Texas,48387,Red River,32.300000000000004,2017,2021
48,Texas,48389,Reeves,33.13333333333333,2017,2021
48,Texas,48391,Refugio,32.266666666666666,2017,2021
48,Texas,48393,Roberts,31.166666666666668,2017,2021
48,Texas,48395,Robertson,31.86666666666667,2017,2021
48,Texas,48397,Rockwall,30.633333333333336,2017,2021
48,Texas,48399,Runnels,32.333333333333336,2017,2021
48,Texas,48401,Rusk,32.06666666666667,2017,2021
48,Texas,48403,Sabine,32.86666666666667,2017,2021
48,Texas,48405,San Augustine,32.93333333333333,2017,2021
48,Texas,48407,San Jacinto,32.166666666666664,2017,2021
48,Texas,48409,San Patricio,32.36666666666667,2017,2021
48,Texas,48411,San Saba,32.733333333333334,2017,2021
48,Texas,48413,Schleicher,31.53333333333333,2017,2021
48,Texas,48415,Scurry,32.166666666666664,2017,2021
48,Texas,48417,Shackelford,31.7,2017,2021
48,Texas,48419,Shelby,32.699999999999996,2017,2021
48,Texas,48421,Sherman,32.1,2017,2021
48,Texas,48423,Smith,32.03333333333333,2017,2021
48,Texas,48425,Somervell,31.833333333333332,2017,2021
48,Texas,48427,Starr,34.300000000000004,2017,2021
48,Texas,48429,Stephens,32.46666666666666,2017,2021
48,Texas,48431,Sterling,31.733333333333334,2017,2021
48,Texas,48433,Stonewall,32.06666666666667,2017,2021
48,Texas,48435,Sutton,31.833333333333332,2017,2021
48,Texas,48437,Swisher,33.266666666666666,2017,2021
48,Texas,48439,Tarrant,33.4,2017,2021
48,Texas,48441,Taylor,31.400000000000002,2017,2021
48,Texas,48443,Terrell,32.36666666666667,2017,2021
48,Texas,48445,Terry,33.199999999999996,2017,2021
48,Texas,48447,Throckmorton,31.933333333333337,2017,2021
48,Texas,48449,Titus,32.53333333333333,2017,2021
48,Texas,48451,Tom Green,31.366666666666664,2017,2021
48,Texas,48453,Travis,30.8,2017,2021
48,Texas,48455,Trinity,32.666666666666664,2017,2021
48,Texas,48457,Tyler,32.699999999999996,2017,2021
48,Texas,48459,Upshur,31.8,2017,2021
48,Texas,48461,Upton,32.266666666666666,2017,2021
48,Texas,48463,Uvalde,32.699999999999996,2017,2021
48,Texas,48465,Val Verde,33.03333333333333,2017,2021
48,Texas,48467,Van Zandt,32.36666666666667,2017,2021
48,Texas,48469,Victoria,32.1,2017,2021
48,Texas,48471,Walker,32.800000000000004,2017,2021
48,Texas,48473,Waller,31.96666666666667,2017,2021
48,Texas,48475,Ward,32.333333333333336,2017,2021
48,Texas,48477,Washington,31.066666666666666,2017,2021
48,Texas,48479,Webb,33.699999999999996,2017,2021
48,Texas,48481,Wharton,32.36666666666667,2017,2021
48,Texas,48483,Wheeler,32.53333333333333,2017,2021
48,Texas,48485,Wichita,32.4,2017,2021
48,Texas,48487,Wilbarger,33.03333333333333,2017,2021
48,Texas,48489,Willacy,34.233333333333334,2017,2021
48,Texas,48491,Williamson,31.900000000000002,2017,2021
48,Texas,48493,Wilson,31.400000000000002,2017,2021
48,Texas,48495,Winkler,32.6,2017,2021
48,Texas,48497,Wise,32.1,2017,2021
48,Texas,48499,Wood,31.900000000000002,2017,2021
48,Texas,48501,Yoakum,32.266666666666666,2017,2021
48,Texas,48503,Young,31.933333333333334,2017,2021
48,Texas,48505,Zapata,33.93333333333333,2017,2021
48,Texas,48507,Zavala,34.266666666666666,2017,2021
49,Utah,49001,Beaver,28.633333333333336,2017,2021
49,Utah,49003,Box Elder,29.099999999999998,2017,2021
49,Utah,49005,Cache,29.03333333333333,2017,2021
49,Utah,49007,Carbon,29.099999999999998,2017,2021
49,Utah,49009,Daggett,28.0,2017,2021
49,Utah,49011,Davis,29.366666666666664,2017,2021
49,Utah,49013,Duchesne,27.400000000000002,2017,2021
49,Utah,49015,Emery,28.5,2017,2021
49,Utah,49017,Garfield,29.3,2017,2021
49,Utah,49019,Grand,28.03333333333333,2017,2021
49,Utah,49021,Iron,29.099999999999998,2017,2021
49,Utah,49023,Juab,29.2,2017,2021
49,Utah,49025,Kane,28.5,2017,2021
49,Utah,49027,Millard,28.599999999999998,2017,2021
49,Utah,49029,Morgan,27.866666666666664,2017,2021
49,Utah,49031,Piute,29.099999999999998,2017,2021
49,Utah,49033,Rich,28.366666666666664,2017,2021
49,Utah,49035,Salt Lake,27.96666666666667,2017,2021
49,Utah,49037,San Juan,27.366666666666664,2017,2021
49,Utah,49039,Sanpete,28.333333333333332,2017,2021
49,Utah,49041,Sevier,30.13333333333333,2017,2021
49,Utah,49043,Summit,26.96666666666667,2017,2021
49,Utah,49045,Tooele,27.866666666666664,2017,2021
49,Utah,49047,Uintah,28.3,2017,2021
49,Utah,49049,Utah,28.166666666666668,2017,2021
49,Utah,49051,Wasatch,26.7,2017,2021
49,Utah,49053,Washington,28.633333333333336,2017,2021
49,Utah,49055,Wayne,28.266666666666666,2017,2021
49,Utah,49057,Weber,27.96666666666667,2017,2021
50,Vermont,50001,Addison,25.566666666666666,2017,2021
50,Vermont,50003,Bennington,25.366666666666664,2017,2021
50,Vermont,50005,Caledonia,25.03333333333333,2017,2021
50,Vermont,50007,Chittenden,24.53333333333333,2017,2021
50,Vermont,50009,Essex,26.866666666666664,2017,2021
50,Vermont,50011,Franklin,26.266666666666666,2017,2021
50,Vermont,50013,Grand Isle,25.266666666666666,2017,2021
50,Vermont,50015,Lamoille,25.166666666666668,2017,2021
50,Vermont,50017,Orange,26.333333333333332,2017,2021
50,Vermont,50019,Orleans,26.266666666666666,2017,2021
50,Vermont,50021,Rutland,25.233333333333334,2017,2021
50,Vermont,50023,Washington,26.333333333333332,2017,2021
50,Vermont,50025,Windham,23.96666666666667,2017,2021
50,Vermont,50027,Windsor,26.099999999999998,2017,2021
51,Virginia,51001,Accomack,31.0,2017,2021
51,Virginia,51003,Albemarle,29.400000000000002,2017,2021
51,Virginia,51005,Alleghany,31.7,2017,2021
51,Virginia,51007,Amelia,31.933333333333334,2017,2021
51,Virginia,51009,Amherst,30.7,2017,2021
51,Virginia,51011,Appomattox,30.733333333333334,2017,2021
51,Virginia,51013,Arlington,30.166666666666668,2017,2021
51,Virginia,51015,Augusta,30.7,2017,2021
51,Virginia,51017,Bath,31.866666666666664,2017,2021
51,Virginia,51019,Bedford,30.5,2017,2021
51,Virginia,51021,Bland,31.366666666666664,2017,2021
51,Virginia,51023,Botetourt,30.599999999999998,2017,2021
51,Virginia,51025,Brunswick,31.566666666666666,2017,2021
51,Virginia,51027,Buchanan,33.4,2017,2021
51,Virginia,51029,Buckingham,31.400000000000002,2017,2021
51,Virginia,51031,Campbell,31.933333333333334,2017,2021
51,Virginia,51033,Caroline,30.5,2017,2021
51,Virginia,51035,Carroll,31.166666666666668,2017,2021
51,Virginia,51036,Charles City,30.566666666666666,2017,2021
51,Virginia,51037,Charlotte,32.199999999999996,2017,2021
51,Virginia,51041,Chesterfield,30.733333333333334,2017,2021
51,Virginia,51043,Clarke,30.5,2017,2021
51,Virginia,51045,Craig,31.2,2017,2021
51,Virginia,51047,Culpeper,31.066666666666666,2017,2021
51,Virginia,51049,Cumberland,31.23333333333333,2017,2021
51,Virginia,51051,Dickenson,33.46666666666667,2017,2021
51,Virginia,51053,Dinwiddie,31.53333333333333,2017,2021
51,Virginia,51057,Essex,31.433333333333334,2017,2021
51,Virginia,51059,Fairfax,30.8,2017,2021
51,Virginia,51061,Fauquier,29.900000000000002,2017,2021
51,Virginia,51063,Floyd,30.766666666666666,2017,2021
51,Virginia,51065,Fluvanna,30.100000000000005,2017,2021
51,Virginia,51067,Franklin,31.46666666666667,2017,2021
51,Virginia,51069,Frederick,30.2,2017,2021
51,Virginia,51071,Giles,31.400000000000002,2017,2021
51,Virginia,51073,Gloucester,30.166666666666668,2017,2021
51,Virginia,51075,Goochland,29.46666666666667,2017,2021
51,Virginia,51077,Grayson,32.03333333333333,2017,2021
51,Virginia,51079,Greene,31.23333333333333,2017,2021
51,Virginia,51081,Greensville,32.199999999999996,2017,2021
51,Virginia,51083,Halifax,31.666666666666668,2017,2021
51,Virginia,51085,Hanover,29.900000000000002,2017,2021
51,Virginia,51087,Henrico,30.96666666666667,2017,2021
51,Virginia,51089,Henry,32.300000000000004,2017,2021
51,Virginia,51091,Highland,31.2,2017,2021
51,Virginia,51093,Isle of Wight,30.266666666666666,2017,2021
51,Virginia,51095,James City,28.866666666666664,2017,2021
51,Virginia,51097,King and Queen,31.166666666666668,2017,2021
51,Virginia,51099,King George,29.833333333333332,2017,2021
51,Virginia,51101,King William,30.900000000000002,2017,2021
51,Virginia,51103,Lancaster,31.3,2017,2021
51,Virginia,51105,Lee,33.699999999999996,2017,2021
51,Virginia,51107,Loudoun,30.96666666666667,2017,2021
51,Virginia,51109,Louisa,31.03333333333333,2017,2021
51,Virginia,51111,Lunenburg,31.46666666666667,2017,2021
51,Virginia,51113,Madison,30.866666666666664,2017,2021
51,Virginia,51115,Mathews,30.3,2017,2021
51,Virginia,51117,Mecklenburg,30.933333333333334,2017,2021
51,Virginia,51119,Middlesex,31.46666666666667,2017,2021
51,Virginia,51121,Montgomery,30.133333333333336,2017,2021
51,Virginia,51125,Nelson,30.833333333333332,2017,2021
51,Virginia,51127,New Kent,30.53333333333333,2017,2021
51,Virginia,51131,Northampton,30.833333333333332,2017,2021
51,Virginia,51133,Northumberland,29.900000000000002,2017,2021
51,Virginia,51135,Nottoway,31.766666666666666,2017,2021
51,Virginia,51137,Orange,30.7,2017,2021
51,Virginia,51139,Page,31.53333333333333,2017,2021
51,Virginia,51141,Patrick,32.13333333333333,2017,2021
51,Virginia,51143,Pittsylvania,31.233333333333334,2017,2021
51,Virginia,51145,Powhatan,30.099999999999998,2017,2021
51,Virginia,51147,Prince Edward,30.566666666666666,2017,2021
51,Virginia,51149,Prince George,31.8,2017,2021
51,Virginia,51153,Prince William,29.7,2017,2021
51,Virginia,51155,Pulaski,31.400000000000002,2017,2021
51,Virginia,51157,Rappahannock,30.53333333333333,2017,2021
51,Virginia,51159,Richmond,30.900000000000002,2017,2021
51,Virginia,51161,Roanoke,30.53333333333333,2017,2021
51,Virginia,51163,Rockbridge,31.366666666666664,2017,2021
51,Virginia,51165,Rockingham,30.833333333333332,2017,2021
51,Virginia,51167,Russell,32.06666666666667,2017,2021
51,Virginia,51169,Scott,32.06666666666667,2017,2021
51,Virginia,51171,Shenandoah,31.433333333333334,2017,2021
51,Virginia,51173,Smyth,32.166666666666664,2017,2021
51,Virginia,51175,Southampton,30.933333333333334,2017,2021
51,Virginia,51177,Spotsylvania,31.066666666666666,2017,2021
51,Virginia,51179,Stafford,30.466666666666665,2017,2021
51,Virginia,51181,Surry,30.833333333333332,2017,2021
51,Virginia,51183,Sussex,31.099999999999998,2017,2021
51,Virginia,51185,Tazewell,31.733333333333334,2017,2021
51,Virginia,51187,Warren,30.933333333333334,2017,2021
51,Virginia,51191,Washington,32.46666666666667,2017,2021
51,Virginia,51193,Westmoreland,30.466666666666665,2017,2021
51,Virginia,51195,Wise,32.699999999999996,2017,2021
51,Virginia,51197,Wythe,31.96666666666667,2017,2021
51,Virginia,51199,York,29.266666666666666,2017,2021
51,Virginia,51510,Alexandria,29.566666666666666,2017,2021
51,Virginia,51520,Bristol,31.8,2017,2021
51,Virginia,51530,Buena Vista,32.4,2017,2021
51,Virginia,51540,Charlottesville,30.46666666666667,2017,2021
51,Virginia,51550,Chesapeake,30.433333333333334,2017,2021
51,Virginia,51570,Colonial Heights,30.833333333333332,2017,2021
51,Virginia,51580,Covington,32.0,2017,2021
51,Virginia,51590,Danville,31.400000000000002,2017,2021
51,Virginia,51595,Emporia,32.06666666666666,2017,2021
51,Virginia,51600,Fairfax City,30.366666666666664,2017,2021
51,Virginia,51610,Falls Church,29.099999999999998,2017,2021
51,Virginia,51620,Franklin City,30.900000000000002,2017,2021
51,Virginia,51630,Fredericksburg,30.2,2017,2021
51,Virginia,51640,Galax,32.73333333333333,2017,2021
51,Virginia,51650,Hampton,29.900000000000002,2017,2021
51,Virginia,51660,Harrisonburg,32.199999999999996,2017,2021
51,Virginia,51670,Hopewell,31.46666666666667,2017,2021
51,Virginia,51678,Lexington,31.5,2017,2021
51,Virginia,51680,Lynchburg,30.766666666666666,2017,2021
51,Virginia,51683,Manassas,30.633333333333336,2017,2021
51,Virginia,51685,Manassas Park,31.0,2017,2021
51,Virginia,51690,Martinsville,31.2,2017,2021
51,Virginia,51700,Newport News,31.166666666666668,2017,2021
51,Virginia,51710,Norfolk,29.633333333333336,2017,2021
51,Virginia,51720,Norton,32.300000000000004,2017,2021
51,Virginia,51730,Petersburg,30.866666666666664,2017,2021
51,Virginia,51735,Poquoson,29.900000000000002,2017,2021
51,Virginia,51740,Portsmouth,29.8,2017,2021
51,Virginia,51750,Radford,32.03333333333333,2017,2021
51,Virginia,51760,Richmond City,29.96666666666667,2017,2021
51,Virginia,51770,Roanoke City,31.433333333333334,2017,2021
51,Virginia,51775,Salem,31.333333333333332,2017,2021
51,Virginia,51790,Staunton,30.400000000000002,2017,2021
51,Virginia,51800,Suffolk,31.066666666666666,2017,2021
51,Virginia,51810,Virginia Beach,31.599999999999998,2017,2021
51,Virginia,51820,Waynesboro,31.333333333333332,2017,2021
51,Virginia,51830,Williamsburg,30.633333333333336,2017,2021
51,Virginia,51840,Winchester,31.299999999999997,2017,2021
53,Washington,53001,Adams,29.266666666666666,2017,2021
53,Washington,53003,Asotin,29.03333333333333,2017,2021
53,Washington,53005,Benton,30.433333333333334,2017,2021
53,Washington,53007,Chelan,28.133333333333336,2017,2021
53,Washington,53009,Clallam,28.266666666666666,2017,2021
53,Washington,53011,Clark,27.266666666666666,2017,2021
53,Washington,53013,Columbia,28.46666666666667,2017,2021
53,Washington,53015,Cowlitz,28.833333333333332,2017,2021
53,Washington,53017,Douglas,28.46666666666667,2017,2021
53,Washington,53019,Ferry,28.46666666666667,2017,2021
53,Washington,53021,Franklin,29.266666666666666,2017,2021
53,Washington,53023,Garfield,28.46666666666667,2017,2021
53,Washington,53025,Grant,30.566666666666666,2017,2021
53,Washington,53027,Grays Harbor,30.400000000000002,2017,2021
53,Washington,53029,Island,28.46666666666667,2017,2021
53,Washington,53031,Jefferson,27.166666666666668,2017,2021
53,Washington,53033,King,27.933333333333334,2017,2021
53,Washington,53035,Kitsap,28.0,2017,2021
53,Washington,53037,Kittitas,27.0,2017,2021
53,Washington,53039,Klickitat,27.7,2017,2021
53,Washington,53041,Lewis,30.066666666666666,2017,2021
53,Washington,53043,Lincoln,28.0,2017,2021
53,Washington,53045,Mason,28.666666666666668,2017,2021
53,Washington,53047,Okanogan,28.066666666666666,2017,2021
53,Washington,53049,Pacific,28.900000000000002,2017,2021
53,Washington,53051,Pend Oreille,28.8,2017,2021
53,Washington,53053,Pierce,29.96666666666667,2017,2021
53,Washington,53055,San Juan,26.633333333333336,2017,2021
53,Washington,53057,Skagit,28.433333333333334,2017,2021
53,Washington,53059,Skamania,27.8,2017,2021
53,Washington,53061,Snohomish,28.3,2017,2021
53,Washington,53063,Spokane,28.7,2017,2021
53,Washington,53065,Stevens,27.5,2017,2021
53,Washington,53067,Thurston,28.066666666666666,2017,2021
53,Washington,53069,Wahkiakum,29.666666666666668,2017,2021
53,Washington,53071,Walla Walla,27.599999999999998,2017,2021
53,Washington,53073,Whatcom,28.233333333333334,2017,2021
53,Washington,53075,Whitman,28.03333333333333,2017,2021
53,Washington,53077,Yakima,28.96666666666667,2017,2021
54,West Virginia,54001,Barbour,32.833333333333336,2017,2021
54,West Virginia,54003,Berkeley,31.766666666666666,2017,2021
54,West Virginia,54005,Boone,33.73333333333333,2017,2021
54,West Virginia,54007,Braxton,33.333333333333336,2017,2021
54,West Virginia,54009,Brooke,31.566666666666666,2017,2021
54,West Virginia,54011,Cabell,31.666666666666668,2017,2021
54,West Virginia,54013,Calhoun,33.46666666666667,2017,2021
54,West Virginia,54015,Clay,34.86666666666667,2017,2021
54,West Virginia,54017,Doddridge,33.333333333333336,2017,2021
54,West Virginia,54019,Fayette,33.03333333333333,2017,2021
54,West Virginia,54021,Gilmer,33.96666666666667,2017,2021
54,West Virginia,54023,Grant,33.43333333333333,2017,2021
54,West Virginia,54025,Greenbrier,32.266666666666666,2017,2021
54,West Virginia,54027,Hampshire,32.333333333333336,2017,2021
54,West Virginia,54029,Hancock,31.53333333333333,2017,2021
54,West Virginia,54031,Hardy,32.86666666666667,2017,2021
54,West Virginia,54033,Harrison,32.86666666666667,2017,2021
54,West Virginia,54035,Jackson,34.266666666666666,2017,2021
54,West Virginia,54037,Jefferson,31.3,2017,2021
54,West Virginia,54039,Kanawha,34.96666666666667,2017,2021
54,West Virginia,54041,Lewis,33.5,2017,2021
54,West Virginia,54043,Lincoln,34.03333333333333,2017,2021
54,West Virginia,54045,Logan,34.63333333333333,2017,2021
54,West Virginia,54047,McDowell,35.5,2017,2021
54,West Virginia,54049,Marion,32.03333333333334,2017,2021
54,West Virginia,54051,Marshall,33.199999999999996,2017,2021
54,West Virginia,54053,Mason,34.0,2017,2021
54,West Virginia,54055,Mercer,33.73333333333333,2017,2021
54,West Virginia,54057,Mineral,31.566666666666666,2017,2021
54,West Virginia,54059,Mingo,35.06666666666667,2017,2021
54,West Virginia,54061,Monongalia,30.8,2017,2021
54,West Virginia,54063,Monroe,33.43333333333334,2017,2021
54,West Virginia,54065,Morgan,32.300000000000004,2017,2021
54,West Virginia,54067,Nicholas,32.76666666666667,2017,2021
54,West Virginia,54069,Ohio,32.03333333333333,2017,2021
54,West Virginia,54071,Pendleton,33.76666666666667,2017,2021
54,West Virginia,54073,Pleasants,32.666666666666664,2017,2021
54,West Virginia,54075,Pocahontas,33.333333333333336,2017,2021
54,West Virginia,54077,Preston,32.06666666666667,2017,2021
54,West Virginia,54079,Putnam,32.266666666666666,2017,2021
54,West Virginia,54081,Raleigh,35.0,2017,2021
54,West Virginia,54083,Randolph,32.5,2017,2021
54,West Virginia,54085,Ritchie,33.46666666666667,2017,2021
54,West Virginia,54087,Roane,33.63333333333333,2017,2021
54,West Virginia,54089,Summers,33.5,2017,2021
54,West Virginia,54091,Taylor,33.9,2017,2021
54,West Virginia,54093,Tucker,32.53333333333333,2017,2021
54,West Virginia,54095,Tyler,32.93333333333333,2017,2021
54,West Virginia,54097,Upshur,32.666666666666664,2017,2021
54,West Virginia,54099,Wayne,33.266666666666666,2017,2021
54,West Virginia,54101,Webster,34.03333333333333,2017,2021
54,West Virginia,54103,Wetzel,32.56666666666667,2017,2021
54,West Virginia,54105,Wirt,33.6,2017,2021
54,West Virginia,54107,Wood,32.43333333333333,2017,2021
54,West Virginia,54109,Wyoming,34.199999999999996,2017,2021
55,Wisconsin,55001,Adams,30.633333333333336,2017,2021
55,Wisconsin,55003,Ashland,30.599999999999998,2017,2021
55,Wisconsin,55005,Barron,29.566666666666666,2017,2021
55,Wisconsin,55007,Bayfield,28.766666666666666,2017,2021
55,Wisconsin,55009,Brown,29.666666666666668,2017,2021
55,Wisconsin,55011,Buffalo,29.866666666666664,2017,2021
55,Wisconsin,55013,Burnett,29.566666666666666,2017,2021
55,Wisconsin,55015,Calumet,29.133333333333336,2017,2021
55,Wisconsin,55017,Chippewa,29.900000000000002,2017,2021
55,Wisconsin,55019,Clark,30.366666666666664,2017,2021
55,Wisconsin,55021,Columbia,28.666666666666668,2017,2021
55,Wisconsin,55023,Crawford,30.166666666666668,2017,2021
55,Wisconsin,55025,Dane,29.166666666666668,2017,2021
55,Wisconsin,55027,Dodge,30.23333333333333,2017,2021
55,Wisconsin,55029,Door,29.366666666666664,2017,2021
55,Wisconsin,55031,Douglas,29.7,2017,2021
55,Wisconsin,55033,Dunn,29.433333333333334,2017,2021
55,Wisconsin,55035,Eau Claire,29.599999999999998,2017,2021
55,Wisconsin,55037,Florence,29.96666666666667,2017,2021
55,Wisconsin,55039,Fond du Lac,30.166666666666668,2017,2021
55,Wisconsin,55041,Forest,30.333333333333332,2017,2021
55,Wisconsin,55043,Grant,29.366666666666664,2017,2021
55,Wisconsin,55045,Green,28.833333333333332,2017,2021
55,Wisconsin,55047,Green Lake,29.833333333333332,2017,2021
55,Wisconsin,55049,Iowa,29.099999999999998,2017,2021
55,Wisconsin,55051,Iron,29.933333333333334,2017,2021
55,Wisconsin,55053,Jackson,29.833333333333332,2017,2021
55,Wisconsin,55055,Jefferson,28.733333333333334,2017,2021
55,Wisconsin,55057,Juneau,30.0,2017,2021
55,Wisconsin,55059,Kenosha,29.333333333333332,2017,2021
55,Wisconsin,55061,Kewaunee,29.599999999999998,2017,2021
55,Wisconsin,55063,La Crosse,28.2,2017,2021
55,Wisconsin,55065,Lafayette,29.733333333333334,2017,2021
55,Wisconsin,55067,Langlade,29.233333333333334,2017,2021
55,Wisconsin,55069,Lincoln,29.03333333333333,2017,2021
55,Wisconsin,55071,Manitowoc,30.333333333333332,2017,2021
55,Wisconsin,55073,Marathon,29.633333333333336,2017,2021
55,Wisconsin,55075,Marinette,30.266666666666666,2017,2021
55,Wisconsin,55077,Marquette,29.599999999999998,2017,2021
55,Wisconsin,55078,Menominee,29.433333333333334,2017,2021
55,Wisconsin,55079,Milwaukee,29.8,2017,2021
55,Wisconsin,55081,Monroe,29.433333333333334,2017,2021
55,Wisconsin,55083,Oconto,29.46666666666667,2017,2021
55,Wisconsin,55085,Oneida,28.766666666666666,2017,2021
55,Wisconsin,55087,Outagamie,29.433333333333334,2017,2021
55,Wisconsin,55089,Ozaukee,29.166666666666668,2017,2021
55,Wisconsin,55091,Pepin,29.733333333333334,2017,2021
55,Wisconsin,55093,Pierce,28.666666666666668,2017,2021
55,Wisconsin,55095,Polk,30.2,2017,2021
55,Wisconsin,55097,Portage,29.633333333333336,2017,2021
55,Wisconsin,55099,Price,30.3,2017,2021
55,Wisconsin,55101,Racine,30.8,2017,2021
55,Wisconsin,55103,Richland,29.366666666666664,2017,2021
55,Wisconsin,55105,Rock,28.566666666666666,2017,2021
55,Wisconsin,55107,Rusk,30.2,2017,2021
55,Wisconsin,55109,St. Croix,28.3,2017,2021
55,Wisconsin,55111,Sauk,30.0,2017,2021
55,Wisconsin,55113,Sawyer,29.7,2017,2021
55,Wisconsin,55115,Shawano,29.7,2017,2021
55,Wisconsin,55117,Sheboygan,28.5,2017,2021
55,Wisconsin,55119,Taylor,30.3,2017,2021
55,Wisconsin,55121,Trempealeau,29.900000000000002,2017,2021
55,Wisconsin,55123,Vernon,30.366666666666664,2017,2021
55,Wisconsin,55125,Vilas,29.833333333333332,2017,2021
55,Wisconsin,55127,Walworth,29.266666666666666,2017,2021
55,Wisconsin,55129,Washburn,29.933333333333334,2017,2021
55,Wisconsin,55131,Washington,28.766666666666666,2017,2021
55,Wisconsin,55133,Waukesha,29.3,2017,2021
55,Wisconsin,55135,Waupaca,30.133333333333336,2017,2021
55,Wisconsin,55137,Waushara,30.333333333333332,2017,2021
55,Wisconsin,55139,Winnebago,30.166666666666668,2017,2021
55,Wisconsin,55141,Wood,29.400000000000002,2017,2021
56,Wyoming,56001,Albany,27.766666666666666,2017,2021
56,Wyoming,56003,Big Horn,27.266666666666666,2017,2021
56,Wyoming,56005,Campbell,27.0,2017,2021
56,Wyoming,56007,Carbon,28.233333333333334,2017,2021
56,Wyoming,56009,Converse,27.3,2017,2021
56,Wyoming,56011,Crook,27.433333333333334,2017,2021
56,Wyoming,56013,Fremont,26.833333333333332,2017,2021
56,Wyoming,56015,Goshen,27.96666666666667,2017,2021
56,Wyoming,56017,Hot Springs,27.96666666666667,2017,2021
56,Wyoming,56019,Johnson,27.333333333333332,2017,2021
56,Wyoming,56021,Laramie,26.433333333333334,2017,2021
56,Wyoming,56023,Lincoln,27.96666666666667,2017,2021
56,Wyoming,56025,Natrona,27.133333333333336,2017,2021
56,Wyoming,56027,Niobrara,27.266666666666666,2017,2021
56,Wyoming,56029,Park,26.633333333333336,2017,2021
56,Wyoming,56031,Platte,27.066666666666666,2017,2021
56,Wyoming,56033,Sheridan,26.53333333333333,2017,2021
56,Wyoming,56035,Sublette,26.599999999999998,2017,2021
56,Wyoming,56037,Sweetwater,26.766666666666666,2017,2021
56,Wyoming,56039,Teton,25.733333333333334,2017,2021
56,Wyoming,56041,Uinta,27.633333333333336,2017,2021
56,Wyoming,56043,Washakie,27.333333333333332,2017,2021
56,Wyoming,56045,Weston,27.166666666666668,2017,2021
