StateFIPS,State,CountyFIPS,County,Value,Start Year,End Year
4,Arizona,4001,Apache,28.7,2011,2015
4,Arizona,4003,Cochise,26.98,2011,2015
4,Arizona,4005,Coconino,28.78,2011,2015
4,Arizona,4007,Gila,25.639999999999997,2011,2015
4,Arizona,4009,Graham,27.7,2011,2015
4,Arizona,4011,Greenlee,34.52,2011,2015
4,Arizona,4012,La Paz,28.439999999999998,2011,2015
4,Arizona,4013,Maricopa,25.619999999999997,2011,2015
4,Arizona,4015,Mohave,30.76,2011,2015
4,Arizona,4017,Navajo,28.119999999999997,2011,2015
4,Arizona,4019,Pima,25.82,2011,2015
4,Arizona,4021,Pinal,25.34,2011,2015
4,Arizona,4023,Santa Cruz,26.6,2011,2015
4,Arizona,4025,Yavapai,25.76,2011,2015
4,Arizona,4027,Yuma,25.5,2011,2015
6,California,6001,Alameda,22.380000000000003,2011,2015
6,California,6003,Alpine,22.72,2011,2015
6,California,6005,Amador,30.02,2011,2015
6,California,6007,Butte,28.46,2011,2015
6,California,6009,Calaveras,30.78,2011,2015
6,California,6011,Colusa,27.919999999999998,2011,2015
6,California,6013,Contra Costa,24.619999999999997,2011,2015
6,California,6015,Del Norte,24.96,2011,2015
6,California,6017,El Dorado,28.919999999999998,2011,2015
6,California,6019,Fresno,26.6,2011,2015
6,California,6021,Glenn,26.74,2011,2015
6,California,6023,Humboldt,22.52,2011,2015
6,California,6025,Imperial,24.6,2011,2015
6,California,6027,Inyo,31.28,2011,2015
6,California,6029,Kern,26.98,2011,2015
6,California,6031,Kings,26.439999999999998,2011,2015
6,California,6033,Lake,22.34,2011,2015
6,California,6035,Lassen,22.6,2011,2015
6,California,6037,Los Angeles,26.32,2011,2015
6,California,6039,Madera,28.28,2011,2015
6,California,6041,Marin,21.54,2011,2015
6,California,6043,Mariposa,31.3,2011,2015
6,California,6045,Mendocino,22.919999999999998,2011,2015
6,California,6047,Merced,24.880000000000003,2011,2015
6,California,6049,Modoc,23.259999999999998,2011,2015
6,California,6051,Mono,27.32,2011,2015
6,California,6053,Monterey,22.78,2011,2015
6,California,6055,Napa,24.4,2011,2015
6,California,6057,Nevada,24.64,2011,2015
6,California,6059,Orange,25.6,2011,2015
6,California,6061,Placer,28.7,2011,2015
6,California,6063,Plumas,27.1,2011,2015
6,California,6065,Riverside,24.94,2011,2015
6,California,6067,Sacramento,27.639999999999997,2011,2015
6,California,6069,San Benito,22.259999999999998,2011,2015
6,California,6071,San Bernardino,26.939999999999998,2011,2015
6,California,6073,San Diego,23.14,2011,2015
6,California,6075,San Francisco,20.740000000000002,2011,2015
6,California,6077,San Joaquin,27.339999999999996,2011,2015
6,California,6079,San Luis Obispo,22.48,2011,2015
6,California,6081,San Mateo,19.98,2011,2015
6,California,6083,Santa Barbara,23.46,2011,2015
6,California,6085,Santa Clara,22.160000000000004,2011,2015
6,California,6087,Santa Cruz,19.18,2011,2015
6,California,6089,Shasta,22.380000000000003,2011,2015
6,California,6091,Sierra,22.52,2011,2015
6,California,6093,Siskiyou,25.3,2011,2015
6,California,6095,Solano,25.96,2011,2015
6,California,6097,Sonoma,23.02,2011,2015
6,California,6099,Stanislaus,24.22,2011,2015
6,California,6101,Sutter,29.68,2011,2015
6,California,6103,Tehama,26.22,2011,2015
6,California,6105,Trinity,24.78,2011,2015
6,California,6107,Tulare,29.3,2011,2015
6,California,6109,Tuolumne,30.3,2011,2015
6,California,6111,Ventura,26.2,2011,2015
6,California,6113,Yolo,29.78,2011,2015
6,California,6115,Yuba,25.98,2011,2015
8,Colorado,8001,Adams,20.16,2011,2015
8,Colorado,8003,Alamosa,25.74,2011,2015
8,Colorado,8005,Arapahoe,19.080000000000002,2011,2015
8,Colorado,8007,Archuleta,25.36,2011,2015
8,Colorado,8009,Baca,24.580000000000002,2011,2015
8,Colorado,8011,Bent,26.860000000000003,2011,2015
8,Colorado,8013,Boulder,19.119999999999997,2011,2015
8,Colorado,8014,Broomfield,20.22,2011,2015
8,Colorado,8015,Chaffee,18.380000000000003,2011,2015
8,Colorado,8017,Cheyenne,19.9,2011,2015
8,Colorado,8019,Clear Creek,17.9,2011,2015
8,Colorado,8021,Conejos,24.919999999999998,2011,2015
8,Colorado,8023,Costilla,23.8,2011,2015
8,Colorado,8025,Crowley,22.52,2011,2015
8,Colorado,8027,Custer,23.5,2011,2015
8,Colorado,8029,Delta,20.82,2011,2015
8,Colorado,8031,Denver,19.6,2011,2015
8,Colorado,8033,Dolores,14.4,2011,2015
8,Colorado,8035,Douglas,18.64,2011,2015
8,Colorado,8037,Eagle,14.559999999999999,2011,2015
8,Colorado,8039,Elbert,18.68,2011,2015
8,Colorado,8041,El Paso,20.5,2011,2015
8,Colorado,8043,Fremont,22.06,2011,2015
8,Colorado,8045,Garfield,17.44,2011,2015
8,Colorado,8047,Gilpin,17.04,2011,2015
8,Colorado,8049,Grand,17.080000000000002,2011,2015
8,Colorado,8051,Gunnison,19.78,2011,2015
8,Colorado,8053,Hinsdale,14.36,2011,2015
8,Colorado,8055,Huerfano,23.86,2011,2015
8,Colorado,8057,Jackson,20.259999999999998,2011,2015
8,Colorado,8059,Jefferson,18.439999999999998,2011,2015
8,Colorado,8061,Kiowa,25.22,2011,2015
8,Colorado,8063,Kit Carson,23.78,2011,2015
8,Colorado,8065,Lake,13.7,2011,2015
8,Colorado,8067,La Plata,23.16,2011,2015
8,Colorado,8069,Larimer,19.86,2011,2015
8,Colorado,8071,Las Animas,24.34,2011,2015
8,Colorado,8073,Lincoln,20.18,2011,2015
8,Colorado,8075,Logan,25.02,2011,2015
8,Colorado,8077,Mesa,19.1,2011,2015
8,Colorado,8079,Mineral,23.04,2011,2015
8,Colorado,8081,Moffat,20.28,2011,2015
8,Colorado,8083,Montezuma,22.939999999999998,2011,2015
8,Colorado,8085,Montrose,19.46,2011,2015
8,Colorado,8087,Morgan,25.44,2011,2015
8,Colorado,8089,Otero,24.9,2011,2015
8,Colorado,8091,Ouray,18.06,2011,2015
8,Colorado,8093,Park,18.6,2011,2015
8,Colorado,8095,Phillips,24.619999999999997,2011,2015
8,Colorado,8097,Pitkin,17.64,2011,2015
8,Colorado,8099,Prowers,23.3,2011,2015
8,Colorado,8101,Pueblo,22.7,2011,2015
8,Colorado,8103,Rio Blanco,19.78,2011,2015
8,Colorado,8105,Rio Grande,24.18,2011,2015
8,Colorado,8107,Routt,17.22,2011,2015
8,Colorado,8109,Saguache,22.759999999999998,2011,2015
8,Colorado,8111,San Juan,14.540000000000001,2011,2015
8,Colorado,8113,San Miguel,17.72,2011,2015
8,Colorado,8115,Sedgwick,21.32,2011,2015
8,Colorado,8117,Summit,13.38,2011,2015
8,Colorado,8119,Teller,19.28,2011,2015
8,Colorado,8121,Washington,20.84,2011,2015
8,Colorado,8123,Weld,21.46,2011,2015
8,Colorado,8125,Yuma,23.8,2011,2015
9,Connecticut,9001,Fairfield,25.56,2011,2015
9,Connecticut,9003,Hartford,27.360000000000003,2011,2015
9,Connecticut,9005,Litchfield,26.360000000000003,2011,2015
9,Connecticut,9007,Middlesex,27.54,2011,2015
9,Connecticut,9009,New Haven,26.839999999999996,2011,2015
9,Connecticut,9011,New London,28.4,2011,2015
9,Connecticut,9013,Tolland,28.139999999999997,2011,2015
9,Connecticut,9015,Windham,30.439999999999998,2011,2015
12,Florida,12001,Alachua,35.4,2011,2015
12,Florida,12003,Baker,31.72,2011,2015
12,Florida,12005,Bay,29.78,2011,2015
12,Florida,12007,Bradford,30.439999999999998,2011,2015
12,Florida,12009,Brevard,28.72,2011,2015
12,Florida,12011,Broward,26.580000000000002,2011,2015
12,Florida,12013,Calhoun,31.1,2011,2015
12,Florida,12015,Charlotte,25.82,2011,2015
12,Florida,12017,Citrus,37.4,2011,2015
12,Florida,12019,Clay,30.220000000000006,2011,2015
12,Florida,12021,Collier,27.26,2011,2015
12,Florida,12023,Columbia,33.12,2011,2015
12,Florida,12027,DeSoto,28.04,2011,2015
12,Florida,12029,Dixie,34.6,2011,2015
12,Florida,12031,Duval,29.9,2011,2015
12,Florida,12033,Escambia,30.639999999999997,2011,2015
12,Florida,12035,Flagler,29.860000000000003,2011,2015
12,Florida,12037,Franklin,37.86,2011,2015
12,Florida,12039,Gadsden,28.18,2011,2015
12,Florida,12041,Gilchrist,32.2,2011,2015
12,Florida,12043,Glades,24.56,2011,2015
12,Florida,12045,Gulf,33.96,2011,2015
12,Florida,12047,Hamilton,41.660000000000004,2011,2015
12,Florida,12049,Hardee,32.46,2011,2015
12,Florida,12051,Hendry,24.16,2011,2015
12,Florida,12053,Hernando,37.3,2011,2015
12,Florida,12055,Highlands,36.0,2011,2015
12,Florida,12057,Hillsborough,32.86,2011,2015
12,Florida,12059,Holmes,25.2,2011,2015
12,Florida,12061,Indian River,32.86,2011,2015
12,Florida,12063,Jackson,30.619999999999997,2011,2015
12,Florida,12065,Jefferson,31.0,2011,2015
12,Florida,12067,Lafayette,38.339999999999996,2011,2015
12,Florida,12069,Lake,31.96,2011,2015
12,Florida,12071,Lee,23.04,2011,2015
12,Florida,12073,Leon,30.28,2011,2015
12,Florida,12075,Levy,35.56,2011,2015
12,Florida,12077,Liberty,29.4,2011,2015
12,Florida,12079,Madison,38.86,2011,2015
12,Florida,12081,Manatee,30.360000000000003,2011,2015
12,Florida,12083,Marion,34.64,2011,2015
12,Florida,12085,Martin,25.34,2011,2015
12,Florida,12086,Miami-Dade,28.139999999999997,2011,2015
12,Florida,12087,Monroe,28.860000000000003,2011,2015
12,Florida,12089,Nassau,30.919999999999998,2011,2015
12,Florida,12091,Okaloosa,32.3,2011,2015
12,Florida,12093,Okeechobee,29.0,2011,2015
12,Florida,12095,Orange,30.72,2011,2015
12,Florida,12097,Osceola,32.4,2011,2015
12,Florida,12099,Palm Beach,25.119999999999997,2011,2015
12,Florida,12101,Pasco,33.4,2011,2015
12,Florida,12103,Pinellas,32.64,2011,2015
12,Florida,12105,Polk,33.06,2011,2015
12,Florida,12107,Putnam,31.52,2011,2015
12,Florida,12109,St. Johns,29.619999999999997,2011,2015
12,Florida,12111,St. Lucie,31.72,2011,2015
12,Florida,12113,Santa Rosa,31.080000000000002,2011,2015
12,Florida,12115,Sarasota,26.46,2011,2015
12,Florida,12117,Seminole,28.98,2011,2015
12,Florida,12119,Sumter,37.18,2011,2015
12,Florida,12121,Suwannee,39.86,2011,2015
12,Florida,12123,Taylor,35.62,2011,2015
12,Florida,12125,Union,31.24,2011,2015
12,Florida,12127,Volusia,30.119999999999997,2011,2015
12,Florida,12129,Wakulla,30.179999999999996,2011,2015
12,Florida,12131,Walton,31.52,2011,2015
12,Florida,12133,Washington,29.24,2011,2015
19,Iowa,19001,Adair,21.16,2011,2015
19,Iowa,19003,Adams,16.98,2011,2015
19,Iowa,19005,Allamakee,17.98,2011,2015
19,Iowa,19007,Appanoose,45.08,2011,2015
19,Iowa,19009,Audubon,16.880000000000003,2011,2015
19,Iowa,19011,Benton,29.560000000000002,2011,2015
19,Iowa,19013,Black Hawk,30.98,2011,2015
19,Iowa,19015,Boone,26.639999999999997,2011,2015
19,Iowa,19017,Bremer,30.839999999999996,2011,2015
19,Iowa,19019,Buchanan,30.98,2011,2015
19,Iowa,19021,Buena Vista,21.46,2011,2015
19,Iowa,19023,Butler,29.76,2011,2015
19,Iowa,19025,Calhoun,28.18,2011,2015
19,Iowa,19027,Carroll,21.9,2011,2015
19,Iowa,19029,Cass,23.759999999999998,2011,2015
19,Iowa,19031,Cedar,31.880000000000003,2011,2015
19,Iowa,19033,Cerro Gordo,27.46,2011,2015
19,Iowa,19035,Cherokee,24.5,2011,2015
19,Iowa,19037,Chickasaw,24.36,2011,2015
19,Iowa,19039,Clarke,27.28,2011,2015
19,Iowa,19041,Clay,14.98,2011,2015
19,Iowa,19043,Clayton,27.3,2011,2015
19,Iowa,19045,Clinton,36.519999999999996,2011,2015
19,Iowa,19047,Crawford,24.56,2011,2015
19,Iowa,19049,Dallas,24.619999999999997,2011,2015
19,Iowa,19051,Davis,42.68,2011,2015
19,Iowa,19053,Decatur,32.88,2011,2015
19,Iowa,19055,Delaware,31.2,2011,2015
19,Iowa,19057,Des Moines,42.04,2011,2015
19,Iowa,19059,Dickinson,13.780000000000001,2011,2015
19,Iowa,19061,Dubuque,30.76,2011,2015
19,Iowa,19063,Emmet,20.740000000000002,2011,2015
19,Iowa,19065,Fayette,27.04,2011,2015
19,Iowa,19067,Floyd,27.139999999999997,2011,2015
19,Iowa,19069,Franklin,29.8,2011,2015
19,Iowa,19071,Fremont,17.4,2011,2015
19,Iowa,19073,Greene,25.98,2011,2015
19,Iowa,19075,Grundy,29.74,2011,2015
19,Iowa,19077,Guthrie,21.22,2011,2015
19,Iowa,19079,Hamilton,32.2,2011,2015
19,Iowa,19081,Hancock,27.560000000000002,2011,2015
19,Iowa,19083,Hardin,31.160000000000004,2011,2015
19,Iowa,19085,Harrison,22.74,2011,2015
19,Iowa,19087,Henry,38.32,2011,2015
19,Iowa,19089,Howard,22.1,2011,2015
19,Iowa,19091,Humboldt,29.52,2011,2015
19,Iowa,19093,Ida,27.419999999999998,2011,2015
19,Iowa,19095,Iowa,29.080000000000002,2011,2015
19,Iowa,19097,Jackson,35.480000000000004,2011,2015
19,Iowa,19099,Jasper,27.18,2011,2015
19,Iowa,19101,Jefferson,41.14,2011,2015
19,Iowa,19103,Johnson,28.580000000000002,2011,2015
19,Iowa,19105,Jones,32.7,2011,2015
19,Iowa,19107,Keokuk,37.22,2011,2015
19,Iowa,19109,Kossuth,28.639999999999997,2011,2015
19,Iowa,19111,Lee,40.980000000000004,2011,2015
19,Iowa,19113,Linn,29.04,2011,2015
19,Iowa,19115,Louisa,30.46,2011,2015
19,Iowa,19117,Lucas,28.26,2011,2015
19,Iowa,19119,Lyon,16.44,2011,2015
19,Iowa,19121,Madison,24.5,2011,2015
19,Iowa,19123,Mahaska,36.959999999999994,2011,2015
19,Iowa,19125,Marion,25.860000000000003,2011,2015
19,Iowa,19127,Marshall,30.96,2011,2015
19,Iowa,19129,Mills,25.8,2011,2015
19,Iowa,19131,Mitchell,26.2,2011,2015
19,Iowa,19133,Monona,26.119999999999997,2011,2015
19,Iowa,19135,Monroe,39.36,2011,2015
19,Iowa,19137,Montgomery,22.56,2011,2015
19,Iowa,19139,Muscatine,29.68,2011,2015
19,Iowa,19141,O'Brien,14.219999999999999,2011,2015
19,Iowa,19143,Osceola,14.36,2011,2015
19,Iowa,19145,Page,17.28,2011,2015
19,Iowa,19147,Palo Alto,19.0,2011,2015
19,Iowa,19149,Plymouth,25.119999999999997,2011,2015
19,Iowa,19151,Pocahontas,26.560000000000002,2011,2015
19,Iowa,19153,Polk,25.9,2011,2015
19,Iowa,19155,Pottawattamie,23.94,2011,2015
19,Iowa,19157,Poweshiek,30.22,2011,2015
19,Iowa,19159,Ringgold,29.8,2011,2015
19,Iowa,19161,Sac,22.78,2011,2015
19,Iowa,19163,Scott,35.78,2011,2015
19,Iowa,19165,Shelby,21.32,2011,2015
19,Iowa,19167,Sioux,14.84,2011,2015
19,Iowa,19169,Story,27.580000000000002,2011,2015
19,Iowa,19171,Tama,29.660000000000004,2011,2015
19,Iowa,19173,Taylor,20.56,2011,2015
19,Iowa,19175,Union,25.56,2011,2015
19,Iowa,19177,Van Buren,40.44,2011,2015
19,Iowa,19179,Wapello,41.160000000000004,2011,2015
19,Iowa,19181,Warren,24.660000000000004,2011,2015
19,Iowa,19183,Washington,26.02,2011,2015
19,Iowa,19185,Wayne,32.72,2011,2015
19,Iowa,19187,Webster,30.919999999999998,2011,2015
19,Iowa,19189,Winnebago,29.139999999999997,2011,2015
19,Iowa,19191,Winneshiek,15.959999999999999,2011,2015
19,Iowa,19193,Woodbury,25.18,2011,2015
19,Iowa,19195,Worth,28.119999999999997,2011,2015
19,Iowa,19197,Wright,30.4,2011,2015
20,Kansas,20001,Allen,23.220000000000002,2011,2015
20,Kansas,20003,Anderson,30.0,2011,2015
20,Kansas,20005,Atchison,31.98,2011,2015
20,Kansas,20007,Barber,13.1,2011,2015
20,Kansas,20009,Barton,24.68,2011,2015
20,Kansas,20011,Bourbon,29.68,2011,2015
20,Kansas,20013,Brown,30.3,2011,2015
20,Kansas,20015,Butler,28.28,2011,2015
20,Kansas,20017,Chase,22.3,2011,2015
20,Kansas,20019,Chautauqua,16.22,2011,2015
20,Kansas,20021,Cherokee,37.0,2011,2015
20,Kansas,20023,Cheyenne,23.34,2011,2015
20,Kansas,20025,Clark,22.86,2011,2015
20,Kansas,20027,Clay,28.439999999999998,2011,2015
20,Kansas,20029,Cloud,23.660000000000004,2011,2015
20,Kansas,20031,Coffey,30.919999999999998,2011,2015
20,Kansas,20033,Comanche,16.64,2011,2015
20,Kansas,20035,Cowley,28.119999999999997,2011,2015
20,Kansas,20037,Crawford,36.480000000000004,2011,2015
20,Kansas,20039,Decatur,24.919999999999998,2011,2015
20,Kansas,20041,Dickinson,27.160000000000004,2011,2015
20,Kansas,20043,Doniphan,35.54,2011,2015
20,Kansas,20045,Douglas,23.419999999999998,2011,2015
20,Kansas,20047,Edwards,22.119999999999997,2011,2015
20,Kansas,20049,Elk,16.580000000000002,2011,2015
20,Kansas,20051,Ellis,27.139999999999997,2011,2015
20,Kansas,20053,Ellsworth,24.64,2011,2015
20,Kansas,20055,Finney,22.46,2011,2015
20,Kansas,20057,Ford,22.619999999999997,2011,2015
20,Kansas,20059,Franklin,22.240000000000002,2011,2015
20,Kansas,20061,Geary,29.46,2011,2015
20,Kansas,20063,Gove,31.8,2011,2015
20,Kansas,20065,Graham,30.18,2011,2015
20,Kansas,20067,Grant,20.14,2011,2015
20,Kansas,20069,Gray,22.84,2011,2015
20,Kansas,20071,Greeley,22.64,2011,2015
20,Kansas,20073,Greenwood,21.740000000000002,2011,2015
20,Kansas,20075,Hamilton,21.06,2011,2015
20,Kansas,20077,Harper,18.22,2011,2015
20,Kansas,20079,Harvey,28.72,2011,2015
20,Kansas,20081,Haskell,17.759999999999998,2011,2015
20,Kansas,20083,Hodgeman,25.119999999999997,2011,2015
20,Kansas,20085,Jackson,26.939999999999998,2011,2015
20,Kansas,20087,Jefferson,27.119999999999997,2011,2015
20,Kansas,20089,Jewell,24.240000000000002,2011,2015
20,Kansas,20091,Johnson,28.3,2011,2015
20,Kansas,20093,Kearny,22.04,2011,2015
20,Kansas,20095,Kingman,29.22,2011,2015
20,Kansas,20097,Kiowa,19.22,2011,2015
20,Kansas,20099,Labette,25.139999999999997,2011,2015
20,Kansas,20101,Lane,27.339999999999996,2011,2015
20,Kansas,20103,Leavenworth,24.2,2011,2015
20,Kansas,20105,Lincoln,26.339999999999996,2011,2015
20,Kansas,20107,Linn,33.12,2011,2015
20,Kansas,20109,Logan,31.339999999999996,2011,2015
20,Kansas,20111,Lyon,30.2,2011,2015
20,Kansas,20113,McPherson,27.48,2011,2015
20,Kansas,20115,Marion,23.54,2011,2015
20,Kansas,20117,Marshall,22.72,2011,2015
20,Kansas,20119,Meade,20.96,2011,2015
20,Kansas,20121,Miami,24.04,2011,2015
20,Kansas,20123,Mitchell,27.52,2011,2015
20,Kansas,20125,Montgomery,15.7,2011,2015
20,Kansas,20127,Morris,30.560000000000002,2011,2015
20,Kansas,20129,Morton,17.240000000000002,2011,2015
20,Kansas,20131,Nemaha,24.560000000000002,2011,2015
20,Kansas,20133,Neosho,22.04,2011,2015
20,Kansas,20135,Ness,27.32,2011,2015
20,Kansas,20137,Norton,21.259999999999998,2011,2015
20,Kansas,20139,Osage,27.18,2011,2015
20,Kansas,20141,Osborne,24.639999999999997,2011,2015
20,Kansas,20143,Ottawa,27.160000000000004,2011,2015
20,Kansas,20145,Pawnee,22.64,2011,2015
20,Kansas,20147,Phillips,19.28,2011,2015
20,Kansas,20149,Pottawatomie,25.48,2011,2015
20,Kansas,20151,Pratt,22.8,2011,2015
20,Kansas,20153,Rawlins,25.22,2011,2015
20,Kansas,20155,Reno,29.7,2011,2015
20,Kansas,20157,Republic,21.619999999999997,2011,2015
20,Kansas,20159,Rice,25.880000000000003,2011,2015
20,Kansas,20161,Riley,24.8,2011,2015
20,Kansas,20163,Rooks,24.1,2011,2015
20,Kansas,20165,Rush,23.2,2011,2015
20,Kansas,20167,Russell,22.64,2011,2015
20,Kansas,20169,Saline,25.860000000000003,2011,2015
20,Kansas,20171,Scott,26.880000000000003,2011,2015
20,Kansas,20173,Sedgwick,28.2,2011,2015
20,Kansas,20175,Seward,13.3,2011,2015
20,Kansas,20177,Shawnee,25.5,2011,2015
20,Kansas,20179,Sheridan,26.8,2011,2015
20,Kansas,20181,Sherman,24.080000000000002,2011,2015
20,Kansas,20183,Smith,23.619999999999997,2011,2015
20,Kansas,20185,Stafford,25.119999999999997,2011,2015
20,Kansas,20187,Stanton,18.759999999999998,2011,2015
20,Kansas,20189,Stevens,14.34,2011,2015
20,Kansas,20191,Sumner,28.02,2011,2015
20,Kansas,20193,Thomas,30.439999999999998,2011,2015
20,Kansas,20195,Trego,28.119999999999997,2011,2015
20,Kansas,20197,Wabaunsee,27.28,2011,2015
20,Kansas,20199,Wallace,24.32,2011,2015
20,Kansas,20201,Washington,23.36,2011,2015
20,Kansas,20203,Wichita,24.720000000000002,2011,2015
20,Kansas,20205,Wilson,14.059999999999999,2011,2015
20,Kansas,20207,Woodson,20.52,2011,2015
20,Kansas,20209,Wyandotte,27.96,2011,2015
21,Kentucky,21001,Adair,50.32,2011,2015
21,Kentucky,21003,Allen,47.46,2011,2015
21,Kentucky,21005,Anderson,38.3,2011,2015
21,Kentucky,21007,Ballard,33.3,2011,2015
21,Kentucky,21009,Barren,58.17999999999999,2011,2015
21,Kentucky,21011,Bath,50.62,2011,2015
21,Kentucky,21013,Bell,49.2,2011,2015
21,Kentucky,21015,Boone,36.38,2011,2015
21,Kentucky,21017,Bourbon,35.28,2011,2015
21,Kentucky,21019,Boyd,52.339999999999996,2011,2015
21,Kentucky,21021,Boyle,46.68,2011,2015
21,Kentucky,21023,Bracken,47.7,2011,2015
21,Kentucky,21025,Breathitt,55.04,2011,2015
21,Kentucky,21027,Breckinridge,42.68,2011,2015
21,Kentucky,21029,Bullitt,36.739999999999995,2011,2015
21,Kentucky,21031,Butler,52.94,2011,2015
21,Kentucky,21033,Caldwell,37.22,2011,2015
21,Kentucky,21035,Calloway,43.46,2011,2015
21,Kentucky,21037,Campbell,33.839999999999996,2011,2015
21,Kentucky,21039,Carlisle,35.739999999999995,2011,2015
21,Kentucky,21041,Carroll,45.56,2011,2015
21,Kentucky,21043,Carter,48.36,2011,2015
21,Kentucky,21045,Casey,48.239999999999995,2011,2015
21,Kentucky,21047,Christian,35.38,2011,2015
21,Kentucky,21049,Clark,35.62,2011,2015
21,Kentucky,21051,Clay,50.739999999999995,2011,2015
21,Kentucky,21053,Clinton,48.4,2011,2015
21,Kentucky,21055,Crittenden,33.739999999999995,2011,2015
21,Kentucky,21057,Cumberland,48.760000000000005,2011,2015
21,Kentucky,21059,Daviess,32.28,2011,2015
21,Kentucky,21061,Edmonson,56.879999999999995,2011,2015
21,Kentucky,21063,Elliott,49.62,2011,2015
21,Kentucky,21065,Estill,46.980000000000004,2011,2015
21,Kentucky,21067,Fayette,33.14,2011,2015
21,Kentucky,21069,Fleming,50.82,2011,2015
21,Kentucky,21071,Floyd,52.82000000000001,2011,2015
21,Kentucky,21073,Franklin,35.82,2011,2015
21,Kentucky,21075,Fulton,47.62,2011,2015
21,Kentucky,21077,Gallatin,40.019999999999996,2011,2015
21,Kentucky,21079,Garrard,42.12,2011,2015
21,Kentucky,21081,Grant,37.0,2011,2015
21,Kentucky,21083,Graves,44.14,2011,2015
21,Kentucky,21085,Grayson,45.86,2011,2015
21,Kentucky,21087,Green,51.739999999999995,2011,2015
21,Kentucky,21089,Greenup,47.72,2011,2015
21,Kentucky,21091,Hancock,39.160000000000004,2011,2015
21,Kentucky,21093,Hardin,37.760000000000005,2011,2015
21,Kentucky,21095,Harlan,40.96,2011,2015
21,Kentucky,21097,Harrison,44.82,2011,2015
21,Kentucky,21099,Hart,50.14,2011,2015
21,Kentucky,21101,Henderson,30.060000000000002,2011,2015
21,Kentucky,21103,Henry,33.67999999999999,2011,2015
21,Kentucky,21105,Hickman,49.0,2011,2015
21,Kentucky,21107,Hopkins,41.68,2011,2015
21,Kentucky,21109,Jackson,47.36,2011,2015
21,Kentucky,21111,Jefferson,35.48,2011,2015
21,Kentucky,21113,Jessamine,32.339999999999996,2011,2015
21,Kentucky,21115,Johnson,59.36,2011,2015
21,Kentucky,21117,Kenton,35.32,2011,2015
21,Kentucky,21119,Knott,53.339999999999996,2011,2015
21,Kentucky,21121,Knox,51.18,2011,2015
21,Kentucky,21123,Larue,45.32,2011,2015
21,Kentucky,21125,Laurel,52.14,2011,2015
21,Kentucky,21127,Lawrence,53.48,2011,2015
21,Kentucky,21129,Lee,61.48,2011,2015
21,Kentucky,21131,Leslie,54.44,2011,2015
21,Kentucky,21133,Letcher,45.4,2011,2015
21,Kentucky,21135,Lewis,48.32,2011,2015
21,Kentucky,21137,Lincoln,48.019999999999996,2011,2015
21,Kentucky,21139,Livingston,34.839999999999996,2011,2015
21,Kentucky,21141,Logan,48.7,2011,2015
21,Kentucky,21143,Lyon,34.32,2011,2015
21,Kentucky,21145,McCracken,35.88,2011,2015
21,Kentucky,21147,McCreary,49.38,2011,2015
21,Kentucky,21149,McLean,38.660000000000004,2011,2015
21,Kentucky,21151,Madison,35.0,2011,2015
21,Kentucky,21153,Magoffin,58.36,2011,2015
21,Kentucky,21155,Marion,44.980000000000004,2011,2015
21,Kentucky,21157,Marshall,35.46,2011,2015
21,Kentucky,21159,Martin,53.52,2011,2015
21,Kentucky,21161,Mason,47.9,2011,2015
21,Kentucky,21163,Meade,41.04,2011,2015
21,Kentucky,21165,Menifee,53.58,2011,2015
21,Kentucky,21167,Mercer,38.64,2011,2015
21,Kentucky,21169,Metcalfe,56.14,2011,2015
21,Kentucky,21171,Monroe,58.56,2011,2015
21,Kentucky,21173,Montgomery,50.14,2011,2015
21,Kentucky,21175,Morgan,55.3,2011,2015
21,Kentucky,21177,Muhlenberg,42.82,2011,2015
21,Kentucky,21179,Nelson,40.3,2011,2015
21,Kentucky,21181,Nicholas,50.86,2011,2015
21,Kentucky,21183,Ohio,43.3,2011,2015
21,Kentucky,21185,Oldham,35.0,2011,2015
21,Kentucky,21187,Owen,42.540000000000006,2011,2015
21,Kentucky,21189,Owsley,61.8,2011,2015
21,Kentucky,21191,Pendleton,37.18,2011,2015
21,Kentucky,21193,Perry,60.02,2011,2015
21,Kentucky,21195,Pike,42.0,2011,2015
21,Kentucky,21197,Powell,52.02,2011,2015
21,Kentucky,21199,Pulaski,47.540000000000006,2011,2015
21,Kentucky,21201,Robertson,54.56,2011,2015
21,Kentucky,21203,Rockcastle,45.019999999999996,2011,2015
21,Kentucky,21205,Rowan,48.36,2011,2015
21,Kentucky,21207,Russell,46.9,2011,2015
21,Kentucky,21209,Scott,33.260000000000005,2011,2015
21,Kentucky,21211,Shelby,35.3,2011,2015
21,Kentucky,21213,Simpson,44.67999999999999,2011,2015
21,Kentucky,21215,Spencer,36.019999999999996,2011,2015
21,Kentucky,21217,Taylor,46.14,2011,2015
21,Kentucky,21219,Todd,35.14,2011,2015
21,Kentucky,21221,Trigg,32.06,2011,2015
21,Kentucky,21223,Trimble,32.68,2011,2015
21,Kentucky,21225,Union,20.82,2011,2015
21,Kentucky,21227,Warren,56.760000000000005,2011,2015
21,Kentucky,21229,Washington,42.88,2011,2015
21,Kentucky,21231,Wayne,48.06,2011,2015
21,Kentucky,21233,Webster,34.6,2011,2015
21,Kentucky,21235,Whitley,47.019999999999996,2011,2015
21,Kentucky,21237,Wolfe,58.52,2011,2015
21,Kentucky,21239,Woodford,32.04,2011,2015
22,Louisiana,22001,Acadia,29.82,2011,2015
22,Louisiana,22003,Allen,33.480000000000004,2011,2015
22,Louisiana,22005,Ascension,29.76,2011,2015
22,Louisiana,22007,Assumption,33.28,2011,2015
22,Louisiana,22009,Avoyelles,32.82,2011,2015
22,Louisiana,22011,Beauregard,30.22,2011,2015
22,Louisiana,22013,Bienville,30.2,2011,2015
22,Louisiana,22015,Bossier,29.02,2011,2015
22,Louisiana,22017,Caddo,29.04,2011,2015
22,Louisiana,22019,Calcasieu,29.68,2011,2015
22,Louisiana,22021,Caldwell,42.58,2011,2015
22,Louisiana,22023,Cameron,30.1,2011,2015
22,Louisiana,22025,Catahoula,41.38,2011,2015
22,Louisiana,22027,Claiborne,28.879999999999995,2011,2015
22,Louisiana,22029,Concordia,33.56,2011,2015
22,Louisiana,22031,De Soto,30.9,2011,2015
22,Louisiana,22033,East Baton Rouge,29.560000000000002,2011,2015
22,Louisiana,22035,East Carroll,40.22,2011,2015
22,Louisiana,22037,East Feliciana,28.560000000000002,2011,2015
22,Louisiana,22039,Evangeline,32.92,2011,2015
22,Louisiana,22041,Franklin,45.88,2011,2015
22,Louisiana,22043,Grant,34.980000000000004,2011,2015
22,Louisiana,22045,Iberia,30.28,2011,2015
22,Louisiana,22047,Iberville,28.160000000000004,2011,2015
22,Louisiana,22049,Jackson,37.339999999999996,2011,2015
22,Louisiana,22051,Jefferson,31.639999999999997,2011,2015
22,Louisiana,22053,Jefferson Davis,31.24,2011,2015
22,Louisiana,22055,Lafayette,29.339999999999996,2011,2015
22,Louisiana,22057,Lafourche,33.6,2011,2015
22,Louisiana,22059,La Salle,35.86,2011,2015
22,Louisiana,22061,Lincoln,34.96,2011,2015
22,Louisiana,22063,Livingston,31.22,2011,2015
22,Louisiana,22065,Madison,46.260000000000005,2011,2015
22,Louisiana,22067,Morehouse,39.739999999999995,2011,2015
22,Louisiana,22069,Natchitoches,33.980000000000004,2011,2015
22,Louisiana,22071,Orleans,30.5,2011,2015
22,Louisiana,22073,Ouachita,38.0,2011,2015
22,Louisiana,22075,Plaquemines,30.4,2011,2015
22,Louisiana,22077,Pointe Coupee,30.439999999999998,2011,2015
22,Louisiana,22079,Rapides,34.739999999999995,2011,2015
22,Louisiana,22081,Red River,29.76,2011,2015
22,Louisiana,22083,Richland,41.54,2011,2015
22,Louisiana,22085,Sabine,35.04,2011,2015
22,Louisiana,22087,St. Bernard,29.18,2011,2015
22,Louisiana,22089,St. Charles,33.82,2011,2015
22,Louisiana,22091,St. Helena,31.72,2011,2015
22,Louisiana,22093,St. James,31.939999999999998,2011,2015
22,Louisiana,22095,St. John the Baptist,33.58,2011,2015
22,Louisiana,22097,St. Landry,29.72,2011,2015
22,Louisiana,22099,St. Martin,29.560000000000002,2011,2015
22,Louisiana,22101,St. Mary,35.519999999999996,2011,2015
22,Louisiana,22103,St. Tammany,31.68,2011,2015
22,Louisiana,22105,Tangipahoa,34.04,2011,2015
22,Louisiana,22107,Tensas,38.68,2011,2015
22,Louisiana,22109,Terrebonne,36.72,2011,2015
22,Louisiana,22111,Union,35.5,2011,2015
22,Louisiana,22113,Vermilion,29.560000000000002,2011,2015
22,Louisiana,22115,Vernon,33.64,2011,2015
22,Louisiana,22117,Washington,34.720000000000006,2011,2015
22,Louisiana,22119,Webster,27.619999999999997,2011,2015
22,Louisiana,22121,West Baton Rouge,28.24,2011,2015
22,Louisiana,22123,West Carroll,42.08,2011,2015
22,Louisiana,22125,West Feliciana,32.9,2011,2015
22,Louisiana,22127,Winn,37.28,2011,2015
23,Maine,23001,Androscoggin,34.72,2011,2015
23,Maine,23003,Aroostook,53.120000000000005,2011,2015
23,Maine,23005,Cumberland,31.22,2011,2015
23,Maine,23007,Franklin,42.5,2011,2015
23,Maine,23009,Hancock,48.2,2011,2015
23,Maine,23011,Kennebec,42.64,2011,2015
23,Maine,23013,Knox,41.3,2011,2015
23,Maine,23015,Lincoln,39.839999999999996,2011,2015
23,Maine,23017,Oxford,31.360000000000003,2011,2015
23,Maine,23019,Penobscot,52.839999999999996,2011,2015
23,Maine,23021,Piscataquis,51.3,2011,2015
23,Maine,23023,Sagadahoc,34.7,2011,2015
23,Maine,23025,Somerset,48.34,2011,2015
23,Maine,23027,Waldo,45.38,2011,2015
23,Maine,23029,Washington,53.58,2011,2015
23,Maine,23031,York,29.4,2011,2015
24,Maryland,24001,Allegany,30.360000000000003,2011,2015
24,Maryland,24003,Anne Arundel,25.660000000000004,2011,2015
24,Maryland,24005,Baltimore,29.28,2011,2015
24,Maryland,24009,Calvert,19.8,2011,2015
24,Maryland,24011,Caroline,24.42,2011,2015
24,Maryland,24013,Carroll,27.839999999999996,2011,2015
24,Maryland,24015,Cecil,27.580000000000002,2011,2015
24,Maryland,24017,Charles,17.759999999999998,2011,2015
24,Maryland,24019,Dorchester,22.9,2011,2015
24,Maryland,24021,Frederick,22.16,2011,2015
24,Maryland,24023,Garrett,37.38,2011,2015
24,Maryland,24025,Harford,30.02,2011,2015
24,Maryland,24027,Howard,21.759999999999998,2011,2015
24,Maryland,24029,Kent,27.919999999999998,2011,2015
24,Maryland,24031,Montgomery,16.98,2011,2015
24,Maryland,24033,Prince George's,17.34,2011,2015
24,Maryland,24035,Queen Anne's,24.02,2011,2015
24,Maryland,24037,St. Mary's,18.82,2011,2015
24,Maryland,24039,Somerset,25.119999999999997,2011,2015
24,Maryland,24041,Talbot,23.22,2011,2015
24,Maryland,24043,Washington,29.060000000000002,2011,2015
24,Maryland,24045,Wicomico,29.48,2011,2015
24,Maryland,24047,Worcester,27.18,2011,2015
24,Maryland,24510,Baltimore City,30.3,2011,2015
25,Massachusetts,25001,Barnstable,31.02,2011,2015
25,Massachusetts,25003,Berkshire,27.76,2011,2015
25,Massachusetts,25005,Bristol,29.2,2011,2015
25,Massachusetts,25007,Dukes,30.22,2011,2015
25,Massachusetts,25009,Essex,25.660000000000004,2011,2015
25,Massachusetts,25011,Franklin,27.860000000000003,2011,2015
25,Massachusetts,25013,Hampden,27.68,2011,2015
25,Massachusetts,25015,Hampshire,28.419999999999998,2011,2015
25,Massachusetts,25017,Middlesex,25.660000000000004,2011,2015
25,Massachusetts,25019,Nantucket,26.48,2011,2015
25,Massachusetts,25021,Norfolk,27.580000000000002,2011,2015
25,Massachusetts,25023,Plymouth,27.98,2011,2015
25,Massachusetts,25025,Suffolk,25.76,2011,2015
25,Massachusetts,25027,Worcester,27.3,2011,2015
26,Michigan,26001,Alcona,46.160000000000004,2011,2015
26,Michigan,26003,Alger,32.260000000000005,2011,2015
26,Michigan,26005,Allegan,25.54,2011,2015
26,Michigan,26007,Alpena,42.64,2011,2015
26,Michigan,26009,Antrim,35.44,2011,2015
26,Michigan,26011,Arenac,47.44,2011,2015
26,Michigan,26013,Baraga,33.519999999999996,2011,2015
26,Michigan,26015,Barry,27.619999999999997,2011,2015
26,Michigan,26017,Bay,44.9,2011,2015
26,Michigan,26019,Benzie,35.1,2011,2015
26,Michigan,26021,Berrien,35.160000000000004,2011,2015
26,Michigan,26023,Branch,37.08,2011,2015
26,Michigan,26025,Calhoun,35.42,2011,2015
26,Michigan,26027,Cass,33.18,2011,2015
26,Michigan,26029,Charlevoix,31.96,2011,2015
26,Michigan,26031,Cheboygan,32.5,2011,2015
26,Michigan,26033,Chippewa,40.68,2011,2015
26,Michigan,26035,Clare,44.379999999999995,2011,2015
26,Michigan,26037,Clinton,30.76,2011,2015
26,Michigan,26039,Crawford,45.660000000000004,2011,2015
26,Michigan,26041,Delta,30.339999999999996,2011,2015
26,Michigan,26043,Dickinson,34.38,2011,2015
26,Michigan,26045,Eaton,32.88,2011,2015
26,Michigan,26047,Emmet,30.160000000000004,2011,2015
26,Michigan,26049,Genesee,37.4,2011,2015
26,Michigan,26051,Gladwin,46.96,2011,2015
26,Michigan,26053,Gogebic,30.68,2011,2015
26,Michigan,26055,Grand Traverse,39.12,2011,2015
26,Michigan,26057,Gratiot,37.4,2011,2015
26,Michigan,26059,Hillsdale,42.42,2011,2015
26,Michigan,26061,Houghton,32.28,2011,2015
26,Michigan,26063,Huron,47.58,2011,2015
26,Michigan,26065,Ingham,30.82,2011,2015
26,Michigan,26067,Ionia,25.82,2011,2015
26,Michigan,26069,Iosco,46.28,2011,2015
26,Michigan,26071,Iron,31.1,2011,2015
26,Michigan,26073,Isabella,42.32,2011,2015
26,Michigan,26075,Jackson,32.940000000000005,2011,2015
26,Michigan,26077,Kalamazoo,34.480000000000004,2011,2015
26,Michigan,26079,Kalkaska,42.160000000000004,2011,2015
26,Michigan,26081,Kent,25.8,2011,2015
26,Michigan,26083,Keweenaw,31.76,2011,2015
26,Michigan,26085,Lake,37.88,2011,2015
26,Michigan,26087,Lapeer,38.38,2011,2015
26,Michigan,26089,Leelanau,32.68,2011,2015
26,Michigan,26091,Lenawee,38.64,2011,2015
26,Michigan,26093,Livingston,33.94,2011,2015
26,Michigan,26095,Luce,40.92,2011,2015
26,Michigan,26097,Mackinac,34.260000000000005,2011,2015
26,Michigan,26099,Macomb,42.14,2011,2015
26,Michigan,26101,Manistee,35.8,2011,2015
26,Michigan,26103,Marquette,32.96,2011,2015
26,Michigan,26105,Mason,31.46,2011,2015
26,Michigan,26107,Mecosta,38.82,2011,2015
26,Michigan,26109,Menominee,34.04,2011,2015
26,Michigan,26111,Midland,45.58,2011,2015
26,Michigan,26113,Missaukee,45.22,2011,2015
26,Michigan,26115,Monroe,46.0,2011,2015
26,Michigan,26117,Montcalm,27.0,2011,2015
26,Michigan,26119,Montmorency,40.14,2011,2015
26,Michigan,26121,Muskegon,26.68,2011,2015
26,Michigan,26123,Newaygo,26.560000000000002,2011,2015
26,Michigan,26125,Oakland,40.42,2011,2015
26,Michigan,26127,Oceana,28.339999999999996,2011,2015
26,Michigan,26129,Ogemaw,49.7,2011,2015
26,Michigan,26131,Ontonagon,32.42,2011,2015
26,Michigan,26133,Osceola,42.78,2011,2015
26,Michigan,26135,Oscoda,46.14,2011,2015
26,Michigan,26137,Otsego,38.839999999999996,2011,2015
26,Michigan,26139,Ottawa,27.18,2011,2015
26,Michigan,26141,Presque Isle,40.46,2011,2015
26,Michigan,26143,Roscommon,51.760000000000005,2011,2015
26,Michigan,26145,Saginaw,42.1,2011,2015
26,Michigan,26147,St. Clair,40.92,2011,2015
26,Michigan,26149,St. Joseph,35.52,2011,2015
26,Michigan,26151,Sanilac,48.64,2011,2015
26,Michigan,26153,Schoolcraft,32.42,2011,2015
26,Michigan,26155,Shiawassee,36.480000000000004,2011,2015
26,Michigan,26157,Tuscola,44.839999999999996,2011,2015
26,Michigan,26159,Van Buren,33.019999999999996,2011,2015
26,Michigan,26161,Washtenaw,41.2,2011,2015
26,Michigan,26163,Wayne,41.06,2011,2015
26,Michigan,26165,Wexford,41.12,2011,2015
27,Minnesota,27001,Aitkin,36.519999999999996,2011,2015
27,Minnesota,27003,Anoka,24.5,2011,2015
27,Minnesota,27005,Becker,35.12,2011,2015
27,Minnesota,27007,Beltrami,37.28,2011,2015
27,Minnesota,27009,Benton,27.380000000000003,2011,2015
27,Minnesota,27011,Big Stone,28.9,2011,2015
27,Minnesota,27013,Blue Earth,29.52,2011,2015
27,Minnesota,27015,Brown,28.660000000000004,2011,2015
27,Minnesota,27017,Carlton,34.32,2011,2015
27,Minnesota,27019,Carver,24.14,2011,2015
27,Minnesota,27021,Cass,34.86,2011,2015
27,Minnesota,27023,Chippewa,25.380000000000003,2011,2015
27,Minnesota,27025,Chisago,27.3,2011,2015
27,Minnesota,27027,Clay,35.660000000000004,2011,2015
27,Minnesota,27029,Clearwater,34.480000000000004,2011,2015
27,Minnesota,27031,Cook,32.38,2011,2015
27,Minnesota,27033,Cottonwood,30.78,2011,2015
27,Minnesota,27035,Crow Wing,37.44,2011,2015
27,Minnesota,27037,Dakota,24.64,2011,2015
27,Minnesota,27039,Dodge,26.139999999999997,2011,2015
27,Minnesota,27041,Douglas,25.78,2011,2015
27,Minnesota,27043,Faribault,30.360000000000003,2011,2015
27,Minnesota,27045,Fillmore,18.740000000000002,2011,2015
27,Minnesota,27047,Freeborn,31.4,2011,2015
27,Minnesota,27049,Goodhue,25.5,2011,2015
27,Minnesota,27051,Grant,29.82,2011,2015
27,Minnesota,27053,Hennepin,24.560000000000002,2011,2015
27,Minnesota,27055,Houston,17.259999999999998,2011,2015
27,Minnesota,27057,Hubbard,37.46,2011,2015
27,Minnesota,27059,Isanti,28.380000000000003,2011,2015
27,Minnesota,27061,Itasca,37.04,2011,2015
27,Minnesota,27063,Jackson,23.68,2011,2015
27,Minnesota,27065,Kanabec,34.44,2011,2015
27,Minnesota,27067,Kandiyohi,23.6,2011,2015
27,Minnesota,27069,Kittson,29.360000000000003,2011,2015
27,Minnesota,27071,Koochiching,36.68,2011,2015
27,Minnesota,27073,Lac qui Parle,27.8,2011,2015
27,Minnesota,27075,Lake,34.64,2011,2015
27,Minnesota,27077,Lake of the Woods,37.04,2011,2015
27,Minnesota,27079,Le Sueur,27.439999999999998,2011,2015
27,Minnesota,27081,Lincoln,26.439999999999998,2011,2015
27,Minnesota,27083,Lyon,27.0,2011,2015
27,Minnesota,27085,McLeod,27.139999999999997,2011,2015
27,Minnesota,27087,Mahnomen,35.779999999999994,2011,2015
27,Minnesota,27089,Marshall,32.18,2011,2015
27,Minnesota,27091,Martin,28.160000000000004,2011,2015
27,Minnesota,27093,Meeker,25.419999999999998,2011,2015
27,Minnesota,27095,Mille Lacs,32.94,2011,2015
27,Minnesota,27097,Morrison,30.18,2011,2015
27,Minnesota,27099,Mower,25.22,2011,2015
27,Minnesota,27101,Murray,28.5,2011,2015
27,Minnesota,27103,Nicollet,28.580000000000002,2011,2015
27,Minnesota,27105,Nobles,24.22,2011,2015
27,Minnesota,27107,Norman,34.739999999999995,2011,2015
27,Minnesota,27109,Olmsted,22.880000000000003,2011,2015
27,Minnesota,27111,Otter Tail,31.360000000000003,2011,2015
27,Minnesota,27113,Pennington,33.28,2011,2015
27,Minnesota,27115,Pine,32.660000000000004,2011,2015
27,Minnesota,27117,Pipestone,25.880000000000003,2011,2015
27,Minnesota,27119,Polk,32.7,2011,2015
27,Minnesota,27121,Pope,23.3,2011,2015
27,Minnesota,27123,Ramsey,24.3,2011,2015
27,Minnesota,27125,Red Lake,29.439999999999998,2011,2015
27,Minnesota,27127,Redwood,30.160000000000004,2011,2015
27,Minnesota,27129,Renville,28.139999999999997,2011,2015
27,Minnesota,27131,Rice,27.339999999999996,2011,2015
27,Minnesota,27133,Rock,24.4,2011,2015
27,Minnesota,27135,Roseau,34.239999999999995,2011,2015
27,Minnesota,27137,St. Louis,35.339999999999996,2011,2015
27,Minnesota,27139,Scott,24.22,2011,2015
27,Minnesota,27141,Sherburne,24.4,2011,2015
27,Minnesota,27143,Sibley,27.7,2011,2015
27,Minnesota,27145,Stearns,25.119999999999997,2011,2015
27,Minnesota,27147,Steele,29.4,2011,2015
27,Minnesota,27149,Stevens,26.380000000000003,2011,2015
27,Minnesota,27151,Swift,24.86,2011,2015
27,Minnesota,27153,Todd,28.0,2011,2015
27,Minnesota,27155,Traverse,30.68,2011,2015
27,Minnesota,27157,Wabasha,22.96,2011,2015
27,Minnesota,27159,Wadena,34.04,2011,2015
27,Minnesota,27161,Waseca,29.48,2011,2015
27,Minnesota,27163,Washington,25.939999999999998,2011,2015
27,Minnesota,27165,Watonwan,30.339999999999996,2011,2015
27,Minnesota,27167,Wilkin,33.5,2011,2015
27,Minnesota,27169,Winona,20.7,2011,2015
27,Minnesota,27171,Wright,23.86,2011,2015
27,Minnesota,27173,Yellow Medicine,26.98,2011,2015
29,Missouri,29001,Adair,34.160000000000004,2011,2015
29,Missouri,29003,Andrew,34.82,2011,2015
29,Missouri,29005,Atchison,18.04,2011,2015
29,Missouri,29007,Audrain,30.3,2011,2015
29,Missouri,29009,Barry,33.44,2011,2015
29,Missouri,29011,Barton,38.72,2011,2015
29,Missouri,29013,Bates,36.32,2011,2015
29,Missouri,29015,Benton,40.82,2011,2015
29,Missouri,29017,Bollinger,30.26,2011,2015
29,Missouri,29019,Boone,30.04,2011,2015
29,Missouri,29021,Buchanan,33.1,2011,2015
29,Missouri,29023,Butler,40.0,2011,2015
29,Missouri,29025,Caldwell,36.779999999999994,2011,2015
29,Missouri,29027,Callaway,28.1,2011,2015
29,Missouri,29029,Camden,40.2,2011,2015
29,Missouri,29031,Cape Girardeau,28.54,2011,2015
29,Missouri,29033,Carroll,37.94,2011,2015
29,Missouri,29035,Carter,38.6,2011,2015
29,Missouri,29037,Cass,28.7,2011,2015
29,Missouri,29039,Cedar,35.12,2011,2015
29,Missouri,29041,Chariton,38.32,2011,2015
29,Missouri,29043,Christian,32.779999999999994,2011,2015
29,Missouri,29045,Clark,30.54,2011,2015
29,Missouri,29047,Clay,31.78,2011,2015
29,Missouri,29049,Clinton,31.4,2011,2015
29,Missouri,29051,Cole,28.2,2011,2015
29,Missouri,29053,Cooper,33.08,2011,2015
29,Missouri,29055,Crawford,42.56,2011,2015
29,Missouri,29057,Dade,34.4,2011,2015
29,Missouri,29059,Dallas,34.22,2011,2015
29,Missouri,29061,Daviess,36.98,2011,2015
29,Missouri,29063,DeKalb,38.2,2011,2015
29,Missouri,29065,Dent,45.660000000000004,2011,2015
29,Missouri,29067,Douglas,37.44,2011,2015
29,Missouri,29069,Dunklin,39.38,2011,2015
29,Missouri,29071,Franklin,31.560000000000002,2011,2015
29,Missouri,29073,Gasconade,37.4,2011,2015
29,Missouri,29075,Gentry,31.119999999999997,2011,2015
29,Missouri,29077,Greene,32.760000000000005,2011,2015
29,Missouri,29079,Grundy,37.68,2011,2015
29,Missouri,29081,Harrison,35.260000000000005,2011,2015
29,Missouri,29083,Henry,39.5,2011,2015
29,Missouri,29085,Hickory,36.0,2011,2015
29,Missouri,29087,Holt,25.04,2011,2015
29,Missouri,29089,Howard,30.880000000000003,2011,2015
29,Missouri,29091,Howell,38.58,2011,2015
29,Missouri,29093,Iron,52.6,2011,2015
29,Missouri,29095,Jackson,28.8,2011,2015
29,Missouri,29097,Jasper,37.08,2011,2015
29,Missouri,29099,Jefferson,33.019999999999996,2011,2015
29,Missouri,29101,Johnson,34.62,2011,2015
29,Missouri,29103,Knox,27.160000000000004,2011,2015
29,Missouri,29105,Laclede,41.160000000000004,2011,2015
29,Missouri,29107,Lafayette,34.46,2011,2015
29,Missouri,29109,Lawrence,33.879999999999995,2011,2015
29,Missouri,29111,Lewis,27.96,2011,2015
29,Missouri,29113,Lincoln,32.08,2011,2015
29,Missouri,29115,Linn,36.42,2011,2015
29,Missouri,29117,Livingston,37.86,2011,2015
29,Missouri,29119,McDonald,34.82,2011,2015
29,Missouri,29121,Macon,36.38,2011,2015
29,Missouri,29123,Madison,50.0,2011,2015
29,Missouri,29125,Maries,43.160000000000004,2011,2015
29,Missouri,29127,Marion,29.1,2011,2015
29,Missouri,29129,Mercer,35.6,2011,2015
29,Missouri,29131,Miller,35.660000000000004,2011,2015
29,Missouri,29133,Mississippi,34.46,2011,2015
29,Missouri,29135,Moniteau,29.24,2011,2015
29,Missouri,29137,Monroe,35.0,2011,2015
29,Missouri,29139,Montgomery,36.44,2011,2015
29,Missouri,29141,Morgan,39.04,2011,2015
29,Missouri,29143,New Madrid,41.56,2011,2015
29,Missouri,29145,Newton,37.339999999999996,2011,2015
29,Missouri,29147,Nodaway,22.06,2011,2015
29,Missouri,29149,Oregon,43.5,2011,2015
29,Missouri,29151,Osage,30.879999999999995,2011,2015
29,Missouri,29153,Ozark,39.92,2011,2015
29,Missouri,29155,Pemiscot,64.46000000000001,2011,2015
29,Missouri,29157,Perry,39.519999999999996,2011,2015
29,Missouri,29159,Pettis,41.739999999999995,2011,2015
29,Missouri,29161,Phelps,43.96,2011,2015
29,Missouri,29163,Pike,36.36,2011,2015
29,Missouri,29165,Platte,31.919999999999998,2011,2015
29,Missouri,29167,Polk,32.32,2011,2015
29,Missouri,29169,Pulaski,42.4,2011,2015
29,Missouri,29171,Putnam,35.88,2011,2015
29,Missouri,29173,Ralls,35.480000000000004,2011,2015
29,Missouri,29175,Randolph,29.78,2011,2015
29,Missouri,29177,Ray,32.54,2011,2015
29,Missouri,29179,Reynolds,46.519999999999996,2011,2015
29,Missouri,29181,Ripley,38.26,2011,2015
29,Missouri,29183,St. Charles,30.560000000000002,2011,2015
29,Missouri,29185,St. Clair,37.92,2011,2015
29,Missouri,29186,Ste. Genevieve,41.72,2011,2015
29,Missouri,29187,St. Francois,43.74,2011,2015
29,Missouri,29189,St. Louis,31.72,2011,2015
29,Missouri,29195,Saline,40.38,2011,2015
29,Missouri,29197,Schuyler,34.480000000000004,2011,2015
29,Missouri,29199,Scotland,34.38,2011,2015
29,Missouri,29201,Scott,30.22,2011,2015
29,Missouri,29203,Shannon,43.14,2011,2015
29,Missouri,29205,Shelby,30.380000000000003,2011,2015
29,Missouri,29207,Stoddard,33.56,2011,2015
29,Missouri,29209,Stone,34.56,2011,2015
29,Missouri,29211,Sullivan,36.839999999999996,2011,2015
29,Missouri,29213,Taney,32.980000000000004,2011,2015
29,Missouri,29215,Texas,45.22,2011,2015
29,Missouri,29217,Vernon,37.06,2011,2015
29,Missouri,29219,Warren,32.34,2011,2015
29,Missouri,29221,Washington,41.519999999999996,2011,2015
29,Missouri,29223,Wayne,41.36,2011,2015
29,Missouri,29225,Webster,33.839999999999996,2011,2015
29,Missouri,29227,Worth,30.660000000000004,2011,2015
29,Missouri,29229,Wright,38.42,2011,2015
29,Missouri,29510,St. Louis City,31.18,2011,2015
31,Nebraska,31001,Adams,25.5,2011,2015
31,Nebraska,31003,Antelope,25.400000000000002,2011,2015
31,Nebraska,31005,Arthur,22.366666666666664,2011,2015
31,Nebraska,31007,Banner,13.066666666666668,2011,2015
31,Nebraska,31009,Blaine,24.2,2011,2015
31,Nebraska,31011,Boone,28.233333333333334,2011,2015
31,Nebraska,31013,Box Butte,11.633333333333333,2011,2015
31,Nebraska,31015,Boyd,21.96666666666667,2011,2015
31,Nebraska,31017,Brown,21.166666666666668,2011,2015
31,Nebraska,31019,Buffalo,26.233333333333334,2011,2015
31,Nebraska,31021,Burt,22.0,2011,2015
31,Nebraska,31023,Butler,22.366666666666664,2011,2015
31,Nebraska,31025,Cass,23.166666666666668,2011,2015
31,Nebraska,31027,Cedar,11.700000000000001,2011,2015
31,Nebraska,31029,Chase,21.933333333333337,2011,2015
31,Nebraska,31031,Cherry,15.5,2011,2015
31,Nebraska,31033,Cheyenne,16.566666666666666,2011,2015
31,Nebraska,31035,Clay,25.066666666666666,2011,2015
31,Nebraska,31037,Colfax,25.766666666666666,2011,2015
31,Nebraska,31039,Cuming,22.2,2011,2015
31,Nebraska,31041,Custer,28.53333333333333,2011,2015
31,Nebraska,31043,Dakota,24.3,2011,2015
31,Nebraska,31045,Dawes,6.05,2011,2015
31,Nebraska,31047,Dawson,28.166666666666668,2011,2015
31,Nebraska,31049,Deuel,14.133333333333333,2011,2015
31,Nebraska,31051,Dixon,5.0,2011,2015
31,Nebraska,31053,Dodge,24.900000000000002,2011,2015
31,Nebraska,31055,Douglas,26.0,2011,2015
31,Nebraska,31057,Dundy,21.600000000000005,2011,2015
31,Nebraska,31059,Fillmore,25.5,2011,2015
31,Nebraska,31061,Franklin,21.866666666666664,2011,2015
31,Nebraska,31063,Frontier,31.03333333333333,2011,2015
31,Nebraska,31065,Furnas,23.666666666666668,2011,2015
31,Nebraska,31067,Gage,20.5,2011,2015
31,Nebraska,31069,Garden,10.833333333333334,2011,2015
31,Nebraska,31071,Garfield,27.066666666666666,2011,2015
31,Nebraska,31073,Gosper,29.5,2011,2015
31,Nebraska,31075,Grant,17.53333333333333,2011,2015
31,Nebraska,31077,Greeley,25.166666666666668,2011,2015
31,Nebraska,31079,Hall,25.166666666666668,2011,2015
31,Nebraska,31081,Hamilton,25.53333333333333,2011,2015
31,Nebraska,31083,Harlan,22.866666666666664,2011,2015
31,Nebraska,31085,Hayes,28.066666666666666,2011,2015
31,Nebraska,31087,Hitchcock,26.366666666666664,2011,2015
31,Nebraska,31089,Holt,22.933333333333334,2011,2015
31,Nebraska,31091,Hooker,25.333333333333332,2011,2015
31,Nebraska,31093,Howard,25.53333333333333,2011,2015
31,Nebraska,31095,Jefferson,24.633333333333336,2011,2015
31,Nebraska,31097,Johnson,20.766666666666666,2011,2015
31,Nebraska,31099,Kearney,24.266666666666666,2011,2015
31,Nebraska,31101,Keith,27.03333333333333,2011,2015
31,Nebraska,31103,Keya Paha,23.7,2011,2015
31,Nebraska,31105,Kimball,24.066666666666666,2011,2015
31,Nebraska,31107,Knox,19.366666666666667,2011,2015
31,Nebraska,31109,Lancaster,21.333333333333332,2011,2015
31,Nebraska,31111,Lincoln,28.233333333333334,2011,2015
31,Nebraska,31113,Logan,30.3,2011,2015
31,Nebraska,31115,Loup,25.733333333333334,2011,2015
31,Nebraska,31117,McPherson,29.666666666666668,2011,2015
31,Nebraska,31119,Madison,25.666666666666668,2011,2015
31,Nebraska,31121,Merrick,27.099999999999998,2011,2015
31,Nebraska,31123,Morrill,12.4,2011,2015
31,Nebraska,31125,Nance,27.400000000000002,2011,2015
31,Nebraska,31127,Nemaha,23.96666666666667,2011,2015
31,Nebraska,31129,Nuckolls,26.400000000000002,2011,2015
31,Nebraska,31131,Otoe,20.533333333333335,2011,2015
31,Nebraska,31133,Pawnee,24.03333333333333,2011,2015
31,Nebraska,31135,Perkins,26.333333333333332,2011,2015
31,Nebraska,31137,Phelps,26.333333333333332,2011,2015
31,Nebraska,31139,Pierce,20.433333333333334,2011,2015
31,Nebraska,31141,Platte,27.633333333333336,2011,2015
31,Nebraska,31143,Polk,26.0,2011,2015
31,Nebraska,31145,Red Willow,26.133333333333336,2011,2015
31,Nebraska,31147,Richardson,29.066666666666666,2011,2015
31,Nebraska,31149,Rock,23.900000000000002,2011,2015
31,Nebraska,31151,Saline,21.333333333333332,2011,2015
31,Nebraska,31153,Sarpy,26.099999999999998,2011,2015
31,Nebraska,31155,Saunders,24.0,2011,2015
31,Nebraska,31157,Scotts Bluff,14.0,2011,2015
31,Nebraska,31159,Seward,21.0,2011,2015
31,Nebraska,31161,Sheridan,9.566666666666666,2011,2015
31,Nebraska,31163,Sherman,25.5,2011,2015
31,Nebraska,31165,Sioux,13.0,2011,2015
31,Nebraska,31167,Stanton,26.0,2011,2015
31,Nebraska,31169,Thayer,24.233333333333334,2011,2015
31,Nebraska,31171,Thomas,28.066666666666666,2011,2015
31,Nebraska,31173,Thurston,23.366666666666664,2011,2015
31,Nebraska,31175,Valley,25.766666666666666,2011,2015
31,Nebraska,31177,Washington,25.066666666666666,2011,2015
31,Nebraska,31179,Wayne,18.400000000000002,2011,2015
31,Nebraska,31181,Webster,23.03333333333333,2011,2015
31,Nebraska,31183,Wheeler,25.46666666666667,2011,2015
31,Nebraska,31185,York,25.433333333333334,2011,2015
33,New Hampshire,33001,Belknap,28.439999999999998,2011,2015
33,New Hampshire,33003,Carroll,30.639999999999997,2011,2015
33,New Hampshire,33005,Cheshire,28.6,2011,2015
33,New Hampshire,33007,Coos,30.560000000000002,2011,2015
33,New Hampshire,33009,Grafton,29.76,2011,2015
33,New Hampshire,33011,Hillsborough,26.52,2011,2015
33,New Hampshire,33013,Merrimack,28.9,2011,2015
33,New Hampshire,33015,Rockingham,27.8,2011,2015
33,New Hampshire,33017,Strafford,29.32,2011,2015
33,New Hampshire,33019,Sullivan,28.360000000000003,2011,2015
34,New Jersey,34001,Atlantic,38.239999999999995,2011,2015
34,New Jersey,34003,Bergen,25.580000000000002,2011,2015
34,New Jersey,34005,Burlington,35.0,2011,2015
34,New Jersey,34007,Camden,35.28,2011,2015
34,New Jersey,34009,Cape May,36.56,2011,2015
34,New Jersey,34011,Cumberland,36.760000000000005,2011,2015
34,New Jersey,34013,Essex,29.880000000000003,2011,2015
34,New Jersey,34015,Gloucester,35.06,2011,2015
34,New Jersey,34017,Hudson,26.3,2011,2015
34,New Jersey,34019,Hunterdon,29.419999999999998,2011,2015
34,New Jersey,34021,Mercer,32.22,2011,2015
34,New Jersey,34023,Middlesex,30.68,2011,2015
34,New Jersey,34025,Monmouth,30.119999999999997,2011,2015
34,New Jersey,34027,Morris,29.7,2011,2015
34,New Jersey,34029,Ocean,35.94,2011,2015
34,New Jersey,34031,Passaic,29.119999999999997,2011,2015
34,New Jersey,34033,Salem,42.36,2011,2015
34,New Jersey,34035,Somerset,29.8,2011,2015
34,New Jersey,34037,Sussex,30.8,2011,2015
34,New Jersey,34039,Union,31.04,2011,2015
34,New Jersey,34041,Warren,29.7,2011,2015
35,New Mexico,35001,Bernalillo,25.02,2011,2015
35,New Mexico,35003,Catron,26.080000000000002,2011,2015
35,New Mexico,35005,Chaves,37.64,2011,2015
35,New Mexico,35006,Cibola,26.160000000000004,2011,2015
35,New Mexico,35007,Colfax,23.860000000000003,2011,2015
35,New Mexico,35009,Curry,41.8,2011,2015
35,New Mexico,35011,De Baca,33.7,2011,2015
35,New Mexico,35013,Dona Ana,26.8,2011,2015
35,New Mexico,35015,Eddy,39.14,2011,2015
35,New Mexico,35017,Grant,29.880000000000003,2011,2015
35,New Mexico,35019,Guadalupe,26.2,2011,2015
35,New Mexico,35021,Harding,22.64,2011,2015
35,New Mexico,35023,Hidalgo,38.14,2011,2015
35,New Mexico,35025,Lea,42.62,2011,2015
35,New Mexico,35027,Lincoln,33.739999999999995,2011,2015
35,New Mexico,35028,Los Alamos,21.919999999999998,2011,2015
35,New Mexico,35029,Luna,23.759999999999998,2011,2015
35,New Mexico,35031,McKinley,27.080000000000002,2011,2015
35,New Mexico,35033,Mora,21.580000000000002,2011,2015
35,New Mexico,35035,Otero,28.54,2011,2015
35,New Mexico,35037,Quay,33.64,2011,2015
35,New Mexico,35039,Rio Arriba,23.66,2011,2015
35,New Mexico,35041,Roosevelt,42.22,2011,2015
35,New Mexico,35043,Sandoval,25.46,2011,2015
35,New Mexico,35045,San Juan,24.419999999999998,2011,2015
35,New Mexico,35047,San Miguel,21.18,2011,2015
35,New Mexico,35049,Santa Fe,24.580000000000002,2011,2015
35,New Mexico,35051,Sierra,25.48,2011,2015
35,New Mexico,35053,Socorro,28.68,2011,2015
35,New Mexico,35055,Taos,24.7,2011,2015
35,New Mexico,35057,Torrance,25.14,2011,2015
35,New Mexico,35059,Union,24.86,2011,2015
35,New Mexico,35061,Valencia,26.580000000000002,2011,2015
36,New York,36001,Albany,25.54,2011,2015
36,New York,36003,Allegany,31.080000000000002,2011,2015
36,New York,36005,Bronx,22.94,2011,2015
36,New York,36007,Broome,33.339999999999996,2011,2015
36,New York,36009,Cattaraugus,28.9,2011,2015
36,New York,36011,Cayuga,29.880000000000003,2011,2015
36,New York,36013,Chautauqua,29.82,2011,2015
36,New York,36015,Chemung,32.3,2011,2015
36,New York,36017,Chenango,34.18,2011,2015
36,New York,36019,Clinton,29.1,2011,2015
36,New York,36021,Columbia,26.0,2011,2015
36,New York,36023,Cortland,29.0,2011,2015
36,New York,36025,Delaware,33.739999999999995,2011,2015
36,New York,36027,Dutchess,27.1,2011,2015
36,New York,36029,Erie,31.359999999999996,2011,2015
36,New York,36031,Essex,28.04,2011,2015
36,New York,36033,Franklin,31.119999999999997,2011,2015
36,New York,36035,Fulton,27.660000000000004,2011,2015
36,New York,36037,Genesee,29.880000000000003,2011,2015
36,New York,36039,Greene,26.119999999999997,2011,2015
36,New York,36041,Hamilton,27.78,2011,2015
36,New York,36043,Herkimer,30.619999999999997,2011,2015
36,New York,36045,Jefferson,36.82,2011,2015
36,New York,36047,Kings,24.84,2011,2015
36,New York,36049,Lewis,31.28,2011,2015
36,New York,36051,Livingston,26.24,2011,2015
36,New York,36053,Madison,28.119999999999997,2011,2015
36,New York,36055,Monroe,27.160000000000004,2011,2015
36,New York,36057,Montgomery,29.72,2011,2015
36,New York,36059,Nassau,24.9,2011,2015
36,New York,36061,New York,24.8,2011,2015
36,New York,36063,Niagara,33.22,2011,2015
36,New York,36065,Oneida,29.68,2011,2015
36,New York,36067,Onondaga,28.8,2011,2015
36,New York,36069,Ontario,26.32,2011,2015
36,New York,36071,Orange,29.76,2011,2015
36,New York,36073,Orleans,29.939999999999998,2011,2015
36,New York,36075,Oswego,28.4,2011,2015
36,New York,36077,Otsego,29.52,2011,2015
36,New York,36079,Putnam,25.1,2011,2015
36,New York,36081,Queens,24.66,2011,2015
36,New York,36083,Rensselaer,25.18,2011,2015
36,New York,36085,Richmond,28.04,2011,2015
36,New York,36087,Rockland,25.96,2011,2015
36,New York,36089,St. Lawrence,32.32000000000001,2011,2015
36,New York,36091,Saratoga,27.080000000000002,2011,2015
36,New York,36093,Schenectady,26.419999999999998,2011,2015
36,New York,36095,Schoharie,28.860000000000003,2011,2015
36,New York,36097,Schuyler,31.360000000000003,2011,2015
36,New York,36099,Seneca,30.98,2011,2015
36,New York,36101,Steuben,30.98,2011,2015
36,New York,36103,Suffolk,26.32,2011,2015
36,New York,36105,Sullivan,32.1,2011,2015
36,New York,36107,Tioga,33.459999999999994,2011,2015
36,New York,36109,Tompkins,31.76,2011,2015
36,New York,36111,Ulster,30.339999999999996,2011,2015
36,New York,36113,Warren,23.72,2011,2015
36,New York,36115,Washington,26.2,2011,2015
36,New York,36117,Wayne,26.96,2011,2015
36,New York,36119,Westchester,24.34,2011,2015
36,New York,36121,Wyoming,30.72,2011,2015
36,New York,36123,Yates,29.32,2011,2015
37,North Carolina,37001,Alamance,28.5,2011,2015
37,North Carolina,37003,Alexander,26.0,2011,2015
37,North Carolina,37005,Alleghany,20.84,2011,2015
37,North Carolina,37007,Anson,29.939999999999998,2011,2015
37,North Carolina,37009,Ashe,20.46,2011,2015
37,North Carolina,37011,Avery,30.580000000000002,2011,2015
37,North Carolina,37013,Beaufort,28.360000000000003,2011,2015
37,North Carolina,37015,Bertie,16.0,2011,2015
37,North Carolina,37017,Bladen,37.38,2011,2015
37,North Carolina,37019,Brunswick,23.619999999999997,2011,2015
37,North Carolina,37021,Buncombe,22.06,2011,2015
37,North Carolina,37023,Burke,24.72,2011,2015
37,North Carolina,37025,Cabarrus,23.48,2011,2015
37,North Carolina,37027,Caldwell,25.68,2011,2015
37,North Carolina,37029,Camden,27.72,2011,2015
37,North Carolina,37031,Carteret,29.660000000000004,2011,2015
37,North Carolina,37033,Caswell,30.580000000000002,2011,2015
37,North Carolina,37035,Catawba,26.580000000000002,2011,2015
37,North Carolina,37037,Chatham,25.2,2011,2015
37,North Carolina,37039,Cherokee,23.98,2011,2015
37,North Carolina,37041,Chowan,11.719999999999999,2011,2015
37,North Carolina,37043,Clay,9.98,2011,2015
37,North Carolina,37045,Cleveland,27.380000000000003,2011,2015
37,North Carolina,37047,Columbus,31.02,2011,2015
37,North Carolina,37049,Craven,32.04,2011,2015
37,North Carolina,37051,Cumberland,36.0,2011,2015
37,North Carolina,37053,Currituck,22.86,2011,2015
37,North Carolina,37055,Dare,8.379999999999999,2011,2015
37,North Carolina,37057,Davidson,28.439999999999998,2011,2015
37,North Carolina,37059,Davie,27.360000000000003,2011,2015
37,North Carolina,37061,Duplin,21.619999999999997,2011,2015
37,North Carolina,37063,Durham,23.6,2011,2015
37,North Carolina,37065,Edgecombe,30.24,2011,2015
37,North Carolina,37067,Forsyth,27.8,2011,2015
37,North Carolina,37069,Franklin,24.82,2011,2015
37,North Carolina,37071,Gaston,22.72,2011,2015
37,North Carolina,37073,Gates,23.98,2011,2015
37,North Carolina,37075,Graham,26.7,2011,2015
37,North Carolina,37077,Granville,24.36,2011,2015
37,North Carolina,37079,Greene,27.26,2011,2015
37,North Carolina,37081,Guilford,28.76,2011,2015
37,North Carolina,37083,Halifax,24.34,2011,2015
37,North Carolina,37085,Harnett,26.839999999999996,2011,2015
37,North Carolina,37087,Haywood,24.740000000000002,2011,2015
37,North Carolina,37089,Henderson,22.48,2011,2015
37,North Carolina,37091,Hertford,13.459999999999999,2011,2015
37,North Carolina,37093,Hoke,40.980000000000004,2011,2015
37,North Carolina,37095,Hyde,20.78,2011,2015
37,North Carolina,37097,Iredell,23.740000000000002,2011,2015
37,North Carolina,37099,Jackson,18.14,2011,2015
37,North Carolina,37101,Johnston,24.1,2011,2015
37,North Carolina,37103,Jones,29.46,2011,2015
37,North Carolina,37105,Lee,23.82,2011,2015
37,North Carolina,37107,Lenoir,27.96,2011,2015
37,North Carolina,37109,Lincoln,23.919999999999998,2011,2015
37,North Carolina,37111,McDowell,23.64,2011,2015
37,North Carolina,37113,Macon,15.62,2011,2015
37,North Carolina,37115,Madison,30.639999999999997,2011,2015
37,North Carolina,37117,Martin,24.48,2011,2015
37,North Carolina,37119,Mecklenburg,23.240000000000002,2011,2015
37,North Carolina,37121,Mitchell,35.12,2011,2015
37,North Carolina,37123,Montgomery,30.76,2011,2015
37,North Carolina,37125,Moore,31.96,2011,2015
37,North Carolina,37127,Nash,25.0,2011,2015
37,North Carolina,37129,New Hanover,19.54,2011,2015
37,North Carolina,37131,Northampton,21.96,2011,2015
37,North Carolina,37133,Onslow,23.98,2011,2015
37,North Carolina,37135,Orange,26.560000000000002,2011,2015
37,North Carolina,37137,Pamlico,29.5,2011,2015
37,North Carolina,37139,Pasquotank,25.080000000000002,2011,2015
37,North Carolina,37141,Pender,20.86,2011,2015
37,North Carolina,37143,Perquimans,20.16,2011,2015
37,North Carolina,37145,Person,25.1,2011,2015
37,North Carolina,37147,Pitt,29.8,2011,2015
37,North Carolina,37149,Polk,22.86,2011,2015
37,North Carolina,37151,Randolph,28.339999999999996,2011,2015
37,North Carolina,37153,Richmond,33.519999999999996,2011,2015
37,North Carolina,37155,Robeson,38.739999999999995,2011,2015
37,North Carolina,37157,Rockingham,28.5,2011,2015
37,North Carolina,37159,Rowan,29.26,2011,2015
37,North Carolina,37161,Rutherford,24.880000000000003,2011,2015
37,North Carolina,37163,Sampson,28.360000000000003,2011,2015
37,North Carolina,37165,Scotland,39.2,2011,2015
37,North Carolina,37167,Stanly,30.160000000000004,2011,2015
37,North Carolina,37169,Stokes,27.419999999999998,2011,2015
37,North Carolina,37171,Surry,23.52,2011,2015
37,North Carolina,37173,Swain,25.660000000000004,2011,2015
37,North Carolina,37175,Transylvania,23.080000000000002,2011,2015
37,North Carolina,37177,Tyrrell,17.580000000000002,2011,2015
37,North Carolina,37179,Union,22.04,2011,2015
37,North Carolina,37181,Vance,23.2,2011,2015
37,North Carolina,37183,Wake,24.56,2011,2015
37,North Carolina,37185,Warren,26.8,2011,2015
37,North Carolina,37187,Washington,14.440000000000001,2011,2015
37,North Carolina,37189,Watauga,22.84,2011,2015
37,North Carolina,37191,Wayne,24.2,2011,2015
37,North Carolina,37193,Wilkes,24.68,2011,2015
37,North Carolina,37195,Wilson,27.639999999999997,2011,2015
37,North Carolina,37197,Yadkin,25.1,2011,2015
37,North Carolina,37199,Yancey,26.639999999999997,2011,2015
41,Oregon,41001,Baker,7.06,2011,2015
41,Oregon,41003,Benton,25.18,2011,2015
41,Oregon,41005,Clackamas,24.54,2011,2015
41,Oregon,41007,Clatsop,23.56,2011,2015
41,Oregon,41009,Columbia,25.0,2011,2015
41,Oregon,41011,Coos,35.64,2011,2015
41,Oregon,41013,Crook,18.5,2011,2015
41,Oregon,41015,Curry,32.18,2011,2015
41,Oregon,41017,Deschutes,24.28,2011,2015
41,Oregon,41019,Douglas,28.139999999999997,2011,2015
41,Oregon,41021,Gilliam,20.759999999999998,2011,2015
41,Oregon,41023,Grant,8.52,2011,2015
41,Oregon,41025,Harney,16.4,2011,2015
41,Oregon,41027,Hood River,24.22,2011,2015
41,Oregon,41029,Jackson,25.939999999999998,2011,2015
41,Oregon,41031,Jefferson,24.4,2011,2015
41,Oregon,41033,Josephine,25.580000000000002,2011,2015
41,Oregon,41035,Klamath,24.02,2011,2015
41,Oregon,41037,Lake,19.54,2011,2015
41,Oregon,41039,Lane,24.759999999999998,2011,2015
41,Oregon,41041,Lincoln,24.5,2011,2015
41,Oregon,41043,Linn,24.06,2011,2015
41,Oregon,41045,Malheur,9.48,2011,2015
41,Oregon,41047,Marion,25.619999999999997,2011,2015
41,Oregon,41049,Morrow,16.56,2011,2015
41,Oregon,41051,Multnomah,24.18,2011,2015
41,Oregon,41053,Polk,25.5,2011,2015
41,Oregon,41055,Sherman,23.16,2011,2015
41,Oregon,41057,Tillamook,24.380000000000003,2011,2015
41,Oregon,41059,Umatilla,17.619999999999997,2011,2015
41,Oregon,41061,Union,5.92,2011,2015
41,Oregon,41063,Wallowa,7.68,2011,2015
41,Oregon,41065,Wasco,24.68,2011,2015
41,Oregon,41067,Washington,24.419999999999998,2011,2015
41,Oregon,41069,Wheeler,24.240000000000002,2011,2015
41,Oregon,41071,Yamhill,24.240000000000002,2011,2015
42,Pennsylvania,42001,Adams,30.82,2011,2015
42,Pennsylvania,42003,Allegheny,32.52,2011,2015
42,Pennsylvania,42005,Armstrong,32.980000000000004,2011,2015
42,Pennsylvania,42007,Beaver,31.68,2011,2015
42,Pennsylvania,42009,Bedford,42.58,2011,2015
42,Pennsylvania,42011,Berks,27.74,2011,2015
42,Pennsylvania,42013,Blair,39.36,2011,2015
42,Pennsylvania,42015,Bradford,33.6,2011,2015
42,Pennsylvania,42017,Bucks,30.860000000000003,2011,2015
42,Pennsylvania,42019,Butler,31.6,2011,2015
42,Pennsylvania,42021,Cambria,40.160000000000004,2011,2015
42,Pennsylvania,42023,Cameron,32.8,2011,2015
42,Pennsylvania,42025,Carbon,32.9,2011,2015
42,Pennsylvania,42027,Centre,37.72,2011,2015
42,Pennsylvania,42029,Chester,26.72,2011,2015
42,Pennsylvania,42031,Clarion,35.019999999999996,2011,2015
42,Pennsylvania,42033,Clearfield,40.12,2011,2015
42,Pennsylvania,42035,Clinton,33.64,2011,2015
42,Pennsylvania,42037,Columbia,37.760000000000005,2011,2015
42,Pennsylvania,42039,Crawford,32.94,2011,2015
42,Pennsylvania,42041,Cumberland,32.839999999999996,2011,2015
42,Pennsylvania,42043,Dauphin,32.94,2011,2015
42,Pennsylvania,42045,Delaware,29.660000000000004,2011,2015
42,Pennsylvania,42047,Elk,34.2,2011,2015
42,Pennsylvania,42049,Erie,27.880000000000003,2011,2015
42,Pennsylvania,42051,Fayette,38.06,2011,2015
42,Pennsylvania,42053,Forest,35.5,2011,2015
42,Pennsylvania,42055,Franklin,32.260000000000005,2011,2015
42,Pennsylvania,42057,Fulton,37.78,2011,2015
42,Pennsylvania,42059,Greene,41.9,2011,2015
42,Pennsylvania,42061,Huntingdon,39.64,2011,2015
42,Pennsylvania,42063,Indiana,39.0,2011,2015
42,Pennsylvania,42065,Jefferson,39.06,2011,2015
42,Pennsylvania,42067,Juniata,38.36,2011,2015
42,Pennsylvania,42069,Lackawanna,31.98,2011,2015
42,Pennsylvania,42071,Lancaster,29.22,2011,2015
42,Pennsylvania,42073,Lawrence,32.46,2011,2015
42,Pennsylvania,42075,Lebanon,32.260000000000005,2011,2015
42,Pennsylvania,42077,Lehigh,29.02,2011,2015
42,Pennsylvania,42079,Luzerne,34.86,2011,2015
42,Pennsylvania,42081,Lycoming,37.68,2011,2015
42,Pennsylvania,42083,McKean,32.4,2011,2015
42,Pennsylvania,42085,Mercer,33.06,2011,2015
42,Pennsylvania,42087,Mifflin,33.9,2011,2015
42,Pennsylvania,42089,Monroe,32.2,2011,2015
42,Pennsylvania,42091,Montgomery,29.080000000000002,2011,2015
42,Pennsylvania,42093,Montour,38.660000000000004,2011,2015
42,Pennsylvania,42095,Northampton,30.18,2011,2015
42,Pennsylvania,42097,Northumberland,37.18,2011,2015
42,Pennsylvania,42099,Perry,35.96,2011,2015
42,Pennsylvania,42101,Philadelphia,31.98,2011,2015
42,Pennsylvania,42103,Pike,33.36,2011,2015
42,Pennsylvania,42105,Potter,32.480000000000004,2011,2015
42,Pennsylvania,42107,Schuylkill,33.72,2011,2015
42,Pennsylvania,42109,Snyder,40.2,2011,2015
42,Pennsylvania,42111,Somerset,39.12,2011,2015
42,Pennsylvania,42113,Sullivan,35.5,2011,2015
42,Pennsylvania,42115,Susquehanna,33.059999999999995,2011,2015
42,Pennsylvania,42117,Tioga,35.88,2011,2015
42,Pennsylvania,42119,Union,36.5,2011,2015
42,Pennsylvania,42121,Venango,32.74,2011,2015
42,Pennsylvania,42123,Warren,29.839999999999996,2011,2015
42,Pennsylvania,42125,Washington,33.839999999999996,2011,2015
42,Pennsylvania,42127,Wayne,31.919999999999998,2011,2015
42,Pennsylvania,42129,Westmoreland,35.160000000000004,2011,2015
42,Pennsylvania,42131,Wyoming,33.48,2011,2015
42,Pennsylvania,42133,York,30.28,2011,2015
44,Rhode Island,44001,Bristol,31.6,2011,2015
44,Rhode Island,44003,Kent,30.160000000000004,2011,2015
44,Rhode Island,44005,Newport,29.72,2011,2015
44,Rhode Island,44007,Providence,29.540000000000003,2011,2015
44,Rhode Island,44009,Washington,28.660000000000004,2011,2015
45,South Carolina,45001,Abbeville,28.95,2011,2015
45,South Carolina,45003,Aiken,25.875,2011,2015
45,South Carolina,45005,Allendale,29.575,2011,2015
45,South Carolina,45007,Anderson,28.974999999999998,2011,2015
45,South Carolina,45009,Bamberg,33.125,2011,2015
45,South Carolina,45011,Barnwell,22.9,2011,2015
45,South Carolina,45013,Beaufort,18.175,2011,2015
45,South Carolina,45015,Berkeley,26.025,2011,2015
45,South Carolina,45017,Calhoun,31.025,2011,2015
45,South Carolina,45019,Charleston,24.3,2011,2015
45,South Carolina,45021,Cherokee,27.15,2011,2015
45,South Carolina,45023,Chester,26.175,2011,2015
45,South Carolina,45025,Chesterfield,31.725,2011,2015
45,South Carolina,45027,Clarendon,34.9,2011,2015
45,South Carolina,45029,Colleton,23.25,2011,2015
45,South Carolina,45031,Darlington,43.425,2011,2015
45,South Carolina,45033,Dillon,41.075,2011,2015
45,South Carolina,45035,Dorchester,25.05,2011,2015
45,South Carolina,45037,Edgefield,20.4,2011,2015
45,South Carolina,45039,Fairfield,30.475,2011,2015
45,South Carolina,45041,Florence,45.475,2011,2015
45,South Carolina,45043,Georgetown,27.625,2011,2015
45,South Carolina,45045,Greenville,27.3,2011,2015
45,South Carolina,45047,Greenwood,34.225,2011,2015
45,South Carolina,45049,Hampton,18.725,2011,2015
45,South Carolina,45051,Horry,34.55,2011,2015
45,South Carolina,45053,Jasper,15.25,2011,2015
45,South Carolina,45055,Kershaw,30.925,2011,2015
45,South Carolina,45057,Lancaster,22.15,2011,2015
45,South Carolina,45059,Laurens,30.45,2011,2015
45,South Carolina,45061,Lee,43.425,2011,2015
45,South Carolina,45063,Lexington,27.525,2011,2015
45,South Carolina,45065,McCormick,28.85,2011,2015
45,South Carolina,45067,Marion,39.6,2011,2015
45,South Carolina,45069,Marlboro,46.425,2011,2015
45,South Carolina,45071,Newberry,32.025,2011,2015
45,South Carolina,45073,Oconee,25.7,2011,2015
45,South Carolina,45075,Orangeburg,26.85,2011,2015
45,South Carolina,45077,Pickens,26.975,2011,2015
45,South Carolina,45079,Richland,31.325,2011,2015
45,South Carolina,45081,Saluda,27.15,2011,2015
45,South Carolina,45083,Spartanburg,27.75,2011,2015
45,South Carolina,45085,Sumter,34.699999999999996,2011,2015
45,South Carolina,45087,Union,31.05,2011,2015
45,South Carolina,45089,Williamsburg,36.95,2011,2015
45,South Carolina,45091,York,24.450000000000003,2011,2015
47,Tennessee,47001,Anderson,33.18,2011,2015
47,Tennessee,47003,Bedford,40.480000000000004,2011,2015
47,Tennessee,47005,Benton,59.98,2011,2015
47,Tennessee,47007,Bledsoe,35.720000000000006,2011,2015
47,Tennessee,47009,Blount,30.919999999999998,2011,2015
47,Tennessee,47011,Bradley,36.4,2011,2015
47,Tennessee,47013,Campbell,44.62,2011,2015
47,Tennessee,47015,Cannon,42.18,2011,2015
47,Tennessee,47017,Carroll,61.239999999999995,2011,2015
47,Tennessee,47019,Carter,44.28,2011,2015
47,Tennessee,47021,Cheatham,31.7,2011,2015
47,Tennessee,47023,Chester,56.660000000000004,2011,2015
47,Tennessee,47025,Claiborne,43.12,2011,2015
47,Tennessee,47027,Clay,48.239999999999995,2011,2015
47,Tennessee,47029,Cocke,36.6,2011,2015
47,Tennessee,47031,Coffee,45.160000000000004,2011,2015
47,Tennessee,47033,Crockett,64.7,2011,2015
47,Tennessee,47035,Cumberland,41.28,2011,2015
47,Tennessee,47037,Davidson,33.08,2011,2015
47,Tennessee,47039,Decatur,61.160000000000004,2011,2015
47,Tennessee,47041,DeKalb,42.3,2011,2015
47,Tennessee,47043,Dickson,32.72,2011,2015
47,Tennessee,47045,Dyer,66.86,2011,2015
47,Tennessee,47047,Fayette,35.68,2011,2015
47,Tennessee,47049,Fentress,42.519999999999996,2011,2015
47,Tennessee,47051,Franklin,44.9,2011,2015
47,Tennessee,47053,Gibson,63.5,2011,2015
47,Tennessee,47055,Giles,36.5,2011,2015
47,Tennessee,47057,Grainger,35.04,2011,2015
47,Tennessee,47059,Greene,44.64,2011,2015
47,Tennessee,47061,Grundy,52.02,2011,2015
47,Tennessee,47063,Hamblen,44.160000000000004,2011,2015
47,Tennessee,47065,Hamilton,36.96,2011,2015
47,Tennessee,47067,Hancock,35.68,2011,2015
47,Tennessee,47069,Hardeman,52.32000000000001,2011,2015
47,Tennessee,47071,Hardin,58.86,2011,2015
47,Tennessee,47073,Hawkins,42.660000000000004,2011,2015
47,Tennessee,47075,Haywood,51.64,2011,2015
47,Tennessee,47077,Henderson,59.64,2011,2015
47,Tennessee,47079,Henry,54.879999999999995,2011,2015
47,Tennessee,47081,Hickman,32.68,2011,2015
47,Tennessee,47083,Houston,39.88,2011,2015
47,Tennessee,47085,Humphreys,49.46,2011,2015
47,Tennessee,47087,Jackson,44.519999999999996,2011,2015
47,Tennessee,47089,Jefferson,33.38,2011,2015
47,Tennessee,47091,Johnson,34.78,2011,2015
47,Tennessee,47093,Knox,32.4,2011,2015
47,Tennessee,47095,Lake,64.1,2011,2015
47,Tennessee,47097,Lauderdale,66.9,2011,2015
47,Tennessee,47099,Lawrence,38.519999999999996,2011,2015
47,Tennessee,47101,Lewis,39.8,2011,2015
47,Tennessee,47103,Lincoln,40.54,2011,2015
47,Tennessee,47105,Loudon,32.720000000000006,2011,2015
47,Tennessee,47107,McMinn,40.32000000000001,2011,2015
47,Tennessee,47109,McNairy,57.32000000000001,2011,2015
47,Tennessee,47111,Macon,42.32,2011,2015
47,Tennessee,47113,Madison,59.779999999999994,2011,2015
47,Tennessee,47115,Marion,36.760000000000005,2011,2015
47,Tennessee,47117,Marshall,33.68,2011,2015
47,Tennessee,47119,Maury,32.6,2011,2015
47,Tennessee,47121,Meigs,36.779999999999994,2011,2015
47,Tennessee,47123,Monroe,33.64,2011,2015
47,Tennessee,47125,Montgomery,34.739999999999995,2011,2015
47,Tennessee,47127,Moore,42.8,2011,2015
47,Tennessee,47129,Morgan,39.480000000000004,2011,2015
47,Tennessee,47131,Obion,68.36,2011,2015
47,Tennessee,47133,Overton,43.32,2011,2015
47,Tennessee,47135,Perry,51.67999999999999,2011,2015
47,Tennessee,47137,Pickett,48.6,2011,2015
47,Tennessee,47139,Polk,37.980000000000004,2011,2015
47,Tennessee,47141,Putnam,43.519999999999996,2011,2015
47,Tennessee,47143,Rhea,36.0,2011,2015
47,Tennessee,47145,Roane,33.78,2011,2015
47,Tennessee,47147,Robertson,33.86,2011,2015
47,Tennessee,47149,Rutherford,34.019999999999996,2011,2015
47,Tennessee,47151,Scott,43.0,2011,2015
47,Tennessee,47153,Sequatchie,38.160000000000004,2011,2015
47,Tennessee,47155,Sevier,31.02,2011,2015
47,Tennessee,47157,Shelby,34.42,2011,2015
47,Tennessee,47159,Smith,40.2,2011,2015
47,Tennessee,47161,Stewart,37.739999999999995,2011,2015
47,Tennessee,47163,Sullivan,40.12,2011,2015
47,Tennessee,47165,Sumner,34.6,2011,2015
47,Tennessee,47167,Tipton,35.82,2011,2015
47,Tennessee,47169,Trousdale,37.56,2011,2015
47,Tennessee,47171,Unicoi,43.78,2011,2015
47,Tennessee,47173,Union,32.46,2011,2015
47,Tennessee,47175,Van Buren,46.56,2011,2015
47,Tennessee,47177,Warren,51.54,2011,2015
47,Tennessee,47179,Washington,46.56,2011,2015
47,Tennessee,47181,Wayne,50.24,2011,2015
47,Tennessee,47183,Weakley,58.1,2011,2015
47,Tennessee,47185,White,44.04,2011,2015
47,Tennessee,47187,Williamson,33.48,2011,2015
47,Tennessee,47189,Wilson,35.14,2011,2015
49,Utah,49001,Beaver,29.619999999999997,2011,2015
49,Utah,49003,Box Elder,19.46,2011,2015
49,Utah,49005,Cache,19.66,2011,2015
49,Utah,49007,Carbon,24.1,2011,2015
49,Utah,49009,Daggett,23.740000000000002,2011,2015
49,Utah,49011,Davis,20.16,2011,2015
49,Utah,49013,Duchesne,23.22,2011,2015
49,Utah,49015,Emery,22.7,2011,2015
49,Utah,49017,Garfield,25.24,2011,2015
49,Utah,49019,Grand,19.4,2011,2015
49,Utah,49021,Iron,23.46,2011,2015
49,Utah,49023,Juab,23.919999999999998,2011,2015
49,Utah,49025,Kane,26.119999999999997,2011,2015
49,Utah,49027,Millard,26.639999999999997,2011,2015
49,Utah,49029,Morgan,19.78,2011,2015
49,Utah,49031,Piute,28.339999999999996,2011,2015
49,Utah,49033,Rich,18.880000000000003,2011,2015
49,Utah,49035,Salt Lake,20.84,2011,2015
49,Utah,49037,San Juan,22.98,2011,2015
49,Utah,49039,Sanpete,23.98,2011,2015
49,Utah,49041,Sevier,27.0,2011,2015
49,Utah,49043,Summit,20.839999999999996,2011,2015
49,Utah,49045,Tooele,20.68,2011,2015
49,Utah,49047,Uintah,22.919999999999998,2011,2015
49,Utah,49049,Utah,21.98,2011,2015
49,Utah,49051,Wasatch,21.419999999999998,2011,2015
49,Utah,49053,Washington,28.339999999999996,2011,2015
49,Utah,49055,Wayne,20.0,2011,2015
49,Utah,49057,Weber,19.36,2011,2015
50,Vermont,50001,Addison,29.22,2011,2015
50,Vermont,50003,Bennington,28.639999999999997,2011,2015
50,Vermont,50005,Caledonia,30.5,2011,2015
50,Vermont,50007,Chittenden,29.46,2011,2015
50,Vermont,50009,Essex,31.139999999999997,2011,2015
50,Vermont,50011,Franklin,31.160000000000004,2011,2015
50,Vermont,50013,Grand Isle,30.1,2011,2015
50,Vermont,50015,Lamoille,31.76,2011,2015
50,Vermont,50017,Orange,29.52,2011,2015
50,Vermont,50019,Orleans,34.86,2011,2015
50,Vermont,50021,Rutland,30.48,2011,2015
50,Vermont,50023,Washington,30.2,2011,2015
50,Vermont,50025,Windham,29.6,2011,2015
50,Vermont,50027,Windsor,29.78,2011,2015
51,Virginia,51001,Accomack,26.919999999999998,2011,2015
51,Virginia,51003,Albemarle,28.119999999999997,2011,2015
51,Virginia,51005,Alleghany,33.58,2011,2015
51,Virginia,51007,Amelia,27.060000000000002,2011,2015
51,Virginia,51009,Amherst,36.660000000000004,2011,2015
51,Virginia,51011,Appomattox,38.1,2011,2015
51,Virginia,51013,Arlington,15.24,2011,2015
51,Virginia,51015,Augusta,29.26,2011,2015
51,Virginia,51017,Bath,26.439999999999998,2011,2015
51,Virginia,51019,Bedford,31.979999999999997,2011,2015
51,Virginia,51021,Bland,40.019999999999996,2011,2015
51,Virginia,51023,Botetourt,28.160000000000004,2011,2015
51,Virginia,51025,Brunswick,27.78,2011,2015
51,Virginia,51027,Buchanan,35.12,2011,2015
51,Virginia,51029,Buckingham,27.6,2011,2015
51,Virginia,51031,Campbell,35.120000000000005,2011,2015
51,Virginia,51033,Caroline,27.98,2011,2015
51,Virginia,51035,Carroll,28.32,2011,2015
51,Virginia,51036,Charles City,25.1,2011,2015
51,Virginia,51037,Charlotte,34.480000000000004,2011,2015
51,Virginia,51041,Chesterfield,28.54,2011,2015
51,Virginia,51043,Clarke,24.0,2011,2015
51,Virginia,51045,Craig,30.98,2011,2015
51,Virginia,51047,Culpeper,31.04,2011,2015
51,Virginia,51049,Cumberland,26.9,2011,2015
51,Virginia,51051,Dickenson,30.26,2011,2015
51,Virginia,51053,Dinwiddie,32.1,2011,2015
51,Virginia,51057,Essex,32.12,2011,2015
51,Virginia,51059,Fairfax,16.66,2011,2015
51,Virginia,51061,Fauquier,24.3,2011,2015
51,Virginia,51063,Floyd,28.32,2011,2015
51,Virginia,51065,Fluvanna,23.380000000000003,2011,2015
51,Virginia,51067,Franklin,26.2,2011,2015
51,Virginia,51069,Frederick,23.880000000000003,2011,2015
51,Virginia,51071,Giles,39.62,2011,2015
51,Virginia,51073,Gloucester,24.18,2011,2015
51,Virginia,51075,Goochland,25.080000000000002,2011,2015
51,Virginia,51077,Grayson,24.8,2011,2015
51,Virginia,51079,Greene,29.6,2011,2015
51,Virginia,51081,Greensville,31.419999999999998,2011,2015
51,Virginia,51083,Halifax,27.28,2011,2015
51,Virginia,51085,Hanover,26.3,2011,2015
51,Virginia,51087,Henrico,25.52,2011,2015
51,Virginia,51089,Henry,28.380000000000003,2011,2015
51,Virginia,51091,Highland,24.18,2011,2015
51,Virginia,51093,Isle of Wight,27.72,2011,2015
51,Virginia,51095,James City,25.72,2011,2015
51,Virginia,51097,King and Queen,29.32,2011,2015
51,Virginia,51099,King George,22.64,2011,2015
51,Virginia,51101,King William,27.339999999999996,2011,2015
51,Virginia,51103,Lancaster,28.160000000000004,2011,2015
51,Virginia,51105,Lee,30.419999999999998,2011,2015
51,Virginia,51107,Loudoun,18.34,2011,2015
51,Virginia,51109,Louisa,26.119999999999997,2011,2015
51,Virginia,51111,Lunenburg,35.5,2011,2015
51,Virginia,51113,Madison,38.06,2011,2015
51,Virginia,51115,Mathews,23.52,2011,2015
51,Virginia,51117,Mecklenburg,27.939999999999998,2011,2015
51,Virginia,51119,Middlesex,29.7,2011,2015
51,Virginia,51121,Montgomery,34.18,2011,2015
51,Virginia,51125,Nelson,26.54,2011,2015
51,Virginia,51127,New Kent,24.9,2011,2015
51,Virginia,51131,Northampton,23.04,2011,2015
51,Virginia,51133,Northumberland,22.94,2011,2015
51,Virginia,51135,Nottoway,32.160000000000004,2011,2015
51,Virginia,51137,Orange,29.860000000000003,2011,2015
51,Virginia,51139,Page,32.4,2011,2015
51,Virginia,51141,Patrick,24.0,2011,2015
51,Virginia,51143,Pittsylvania,29.619999999999997,2011,2015
51,Virginia,51145,Powhatan,24.919999999999998,2011,2015
51,Virginia,51147,Prince Edward,35.260000000000005,2011,2015
51,Virginia,51149,Prince George,32.08,2011,2015
51,Virginia,51153,Prince William,18.28,2011,2015
51,Virginia,51155,Pulaski,35.96,2011,2015
51,Virginia,51157,Rappahannock,34.04,2011,2015
51,Virginia,51159,Richmond,33.88,2011,2015
51,Virginia,51161,Roanoke,33.980000000000004,2011,2015
51,Virginia,51163,Rockbridge,32.0,2011,2015
51,Virginia,51165,Rockingham,27.46,2011,2015
51,Virginia,51167,Russell,21.26,2011,2015
51,Virginia,51169,Scott,33.64,2011,2015
51,Virginia,51171,Shenandoah,29.160000000000004,2011,2015
51,Virginia,51173,Smyth,26.880000000000003,2011,2015
51,Virginia,51175,Southampton,27.4,2011,2015
51,Virginia,51177,Spotsylvania,29.660000000000004,2011,2015
51,Virginia,51179,Stafford,24.52,2011,2015
51,Virginia,51181,Surry,27.24,2011,2015
51,Virginia,51183,Sussex,33.239999999999995,2011,2015
51,Virginia,51185,Tazewell,33.239999999999995,2011,2015
51,Virginia,51187,Warren,29.6,2011,2015
51,Virginia,51191,Washington,29.660000000000004,2011,2015
51,Virginia,51193,Westmoreland,19.98,2011,2015
51,Virginia,51195,Wise,32.239999999999995,2011,2015
51,Virginia,51197,Wythe,30.139999999999997,2011,2015
51,Virginia,51199,York,25.1,2011,2015
51,Virginia,51510,Alexandria,16.14,2011,2015
51,Virginia,51520,Bristol,34.660000000000004,2011,2015
51,Virginia,51530,Buena Vista,30.2,2011,2015
51,Virginia,51540,Charlottesville,22.84,2011,2015
51,Virginia,51550,Chesapeake,25.859999999999996,2011,2015
51,Virginia,51570,Colonial Heights,32.6,2011,2015
51,Virginia,51580,Covington,49.82,2011,2015
51,Virginia,51590,Danville,27.78,2011,2015
51,Virginia,51595,Emporia,55.32000000000001,2011,2015
51,Virginia,51600,Fairfax City,15.959999999999999,2011,2015
51,Virginia,51610,Falls Church,14.940000000000001,2011,2015
51,Virginia,51620,Franklin City,31.7,2011,2015
51,Virginia,51630,Fredericksburg,28.52,2011,2015
51,Virginia,51640,Galax,11.66,2011,2015
51,Virginia,51650,Hampton,24.979999999999997,2011,2015
51,Virginia,51660,Harrisonburg,36.480000000000004,2011,2015
51,Virginia,51670,Hopewell,28.119999999999997,2011,2015
51,Virginia,51678,Lexington,34.519999999999996,2011,2015
51,Virginia,51680,Lynchburg,37.82000000000001,2011,2015
51,Virginia,51683,Manassas,22.54,2011,2015
51,Virginia,51685,Manassas Park,22.54,2011,2015
51,Virginia,51690,Martinsville,30.72,2011,2015
51,Virginia,51700,Newport News,26.4,2011,2015
51,Virginia,51710,Norfolk,25.98,2011,2015
51,Virginia,51720,Norton,25.02,2011,2015
51,Virginia,51730,Petersburg,31.520000000000003,2011,2015
51,Virginia,51735,Poquoson,22.36,2011,2015
51,Virginia,51740,Portsmouth,28.74,2011,2015
51,Virginia,51750,Radford,38.56,2011,2015
51,Virginia,51760,Richmond City,25.82,2011,2015
51,Virginia,51770,Roanoke City,37.64,2011,2015
51,Virginia,51775,Salem,37.64,2011,2015
51,Virginia,51790,Staunton,31.6,2011,2015
51,Virginia,51800,Suffolk,29.619999999999997,2011,2015
51,Virginia,51810,Virginia Beach,24.66,2011,2015
51,Virginia,51820,Waynesboro,32.38,2011,2015
51,Virginia,51830,Williamsburg,18.44,2011,2015
51,Virginia,51840,Winchester,27.639999999999997,2011,2015
53,Washington,53001,Adams,27.2,2011,2015
53,Washington,53003,Asotin,17.02,2011,2015
53,Washington,53005,Benton,24.619999999999997,2011,2015
53,Washington,53007,Chelan,22.18,2011,2015
53,Washington,53009,Clallam,23.02,2011,2015
53,Washington,53011,Clark,25.4,2011,2015
53,Washington,53013,Columbia,17.46,2011,2015
53,Washington,53015,Cowlitz,27.02,2011,2015
53,Washington,53017,Douglas,27.160000000000004,2011,2015
53,Washington,53019,Ferry,27.660000000000004,2011,2015
53,Washington,53021,Franklin,25.380000000000003,2011,2015
53,Washington,53023,Garfield,18.46,2011,2015
53,Washington,53025,Grant,27.880000000000003,2011,2015
53,Washington,53027,Grays Harbor,27.360000000000003,2011,2015
53,Washington,53029,Island,24.94,2011,2015
53,Washington,53031,Jefferson,24.0,2011,2015
53,Washington,53033,King,23.36,2011,2015
53,Washington,53035,Kitsap,22.82,2011,2015
53,Washington,53037,Kittitas,23.16,2011,2015
53,Washington,53039,Klickitat,26.72,2011,2015
53,Washington,53041,Lewis,28.580000000000002,2011,2015
53,Washington,53043,Lincoln,27.26,2011,2015
53,Washington,53045,Mason,26.139999999999997,2011,2015
53,Washington,53047,Okanogan,27.28,2011,2015
53,Washington,53049,Pacific,30.139999999999997,2011,2015
53,Washington,53051,Pend Oreille,26.54,2011,2015
53,Washington,53053,Pierce,23.32,2011,2015
53,Washington,53055,San Juan,25.16,2011,2015
53,Washington,53057,Skagit,26.060000000000002,2011,2015
53,Washington,53059,Skamania,26.7,2011,2015
53,Washington,53061,Snohomish,22.02,2011,2015
53,Washington,53063,Spokane,26.48,2011,2015
53,Washington,53065,Stevens,26.580000000000002,2011,2015
53,Washington,53067,Thurston,27.96,2011,2015
53,Washington,53069,Wahkiakum,29.48,2011,2015
53,Washington,53071,Walla Walla,19.839999999999996,2011,2015
53,Washington,53073,Whatcom,26.46,2011,2015
53,Washington,53075,Whitman,25.52,2011,2015
53,Washington,53077,Yakima,23.22,2011,2015
54,West Virginia,54001,Barbour,53.06,2011,2015
54,West Virginia,54003,Berkeley,26.52,2011,2015
54,West Virginia,54005,Boone,53.46,2011,2015
54,West Virginia,54007,Braxton,60.08,2011,2015
54,West Virginia,54009,Brooke,37.2,2011,2015
54,West Virginia,54011,Cabell,50.0,2011,2015
54,West Virginia,54013,Calhoun,52.44,2011,2015
54,West Virginia,54015,Clay,51.3,2011,2015
54,West Virginia,54017,Doddridge,62.7,2011,2015
54,West Virginia,54019,Fayette,49.46,2011,2015
54,West Virginia,54021,Gilmer,55.660000000000004,2011,2015
54,West Virginia,54023,Grant,22.7,2011,2015
54,West Virginia,54025,Greenbrier,44.8,2011,2015
54,West Virginia,54027,Hampshire,21.78,2011,2015
54,West Virginia,54029,Hancock,33.519999999999996,2011,2015
54,West Virginia,54031,Hardy,21.44,2011,2015
54,West Virginia,54033,Harrison,61.5,2011,2015
54,West Virginia,54035,Jackson,48.14,2011,2015
54,West Virginia,54037,Jefferson,24.639999999999997,2011,2015
54,West Virginia,54039,Kanawha,51.6,2011,2015
54,West Virginia,54041,Lewis,61.279999999999994,2011,2015
54,West Virginia,54043,Lincoln,52.660000000000004,2011,2015
54,West Virginia,54045,Logan,60.06,2011,2015
54,West Virginia,54047,McDowell,40.82000000000001,2011,2015
54,West Virginia,54049,Marion,54.760000000000005,2011,2015
54,West Virginia,54051,Marshall,42.760000000000005,2011,2015
54,West Virginia,54053,Mason,47.96,2011,2015
54,West Virginia,54055,Mercer,44.36,2011,2015
54,West Virginia,54057,Mineral,21.16,2011,2015
54,West Virginia,54059,Mingo,51.18,2011,2015
54,West Virginia,54061,Monongalia,45.980000000000004,2011,2015
54,West Virginia,54063,Monroe,36.2,2011,2015
54,West Virginia,54065,Morgan,28.919999999999998,2011,2015
54,West Virginia,54067,Nicholas,51.04,2011,2015
54,West Virginia,54069,Ohio,40.339999999999996,2011,2015
54,West Virginia,54071,Pendleton,27.52,2011,2015
54,West Virginia,54073,Pleasants,46.42,2011,2015
54,West Virginia,54075,Pocahontas,39.08,2011,2015
54,West Virginia,54077,Preston,38.56,2011,2015
54,West Virginia,54079,Putnam,49.72,2011,2015
54,West Virginia,54081,Raleigh,50.88,2011,2015
54,West Virginia,54083,Randolph,42.22,2011,2015
54,West Virginia,54085,Ritchie,46.22,2011,2015
54,West Virginia,54087,Roane,51.339999999999996,2011,2015
54,West Virginia,54089,Summers,46.2,2011,2015
54,West Virginia,54091,Taylor,51.6,2011,2015
54,West Virginia,54093,Tucker,41.7,2011,2015
54,West Virginia,54095,Tyler,49.18,2011,2015
54,West Virginia,54097,Upshur,61.4,2011,2015
54,West Virginia,54099,Wayne,53.67999999999999,2011,2015
54,West Virginia,54101,Webster,50.18,2011,2015
54,West Virginia,54103,Wetzel,53.1,2011,2015
54,West Virginia,54105,Wirt,48.56,2011,2015
54,West Virginia,54107,Wood,48.04,2011,2015
54,West Virginia,54109,Wyoming,52.0,2011,2015
55,Wisconsin,55001,Adams,31.82,2011,2015
55,Wisconsin,55003,Ashland,29.660000000000004,2011,2015
55,Wisconsin,55005,Barron,29.380000000000003,2011,2015
55,Wisconsin,55007,Bayfield,34.82,2011,2015
55,Wisconsin,55009,Brown,27.7,2011,2015
55,Wisconsin,55011,Buffalo,24.28,2011,2015
55,Wisconsin,55013,Burnett,33.38,2011,2015
55,Wisconsin,55015,Calumet,26.72,2011,2015
55,Wisconsin,55017,Chippewa,29.360000000000003,2011,2015
55,Wisconsin,55019,Clark,29.380000000000003,2011,2015
55,Wisconsin,55021,Columbia,26.839999999999996,2011,2015
55,Wisconsin,55023,Crawford,25.9,2011,2015
55,Wisconsin,55025,Dane,27.28,2011,2015
55,Wisconsin,55027,Dodge,24.68,2011,2015
55,Wisconsin,55029,Door,32.36,2011,2015
55,Wisconsin,55031,Douglas,33.82,2011,2015
55,Wisconsin,55033,Dunn,28.380000000000003,2011,2015
55,Wisconsin,55035,Eau Claire,29.18,2011,2015
55,Wisconsin,55037,Florence,37.88,2011,2015
55,Wisconsin,55039,Fond du Lac,26.160000000000004,2011,2015
55,Wisconsin,55041,Forest,35.160000000000004,2011,2015
55,Wisconsin,55043,Grant,29.619999999999997,2011,2015
55,Wisconsin,55045,Green,26.46,2011,2015
55,Wisconsin,55047,Green Lake,27.860000000000003,2011,2015
55,Wisconsin,55049,Iowa,25.639999999999997,2011,2015
55,Wisconsin,55051,Iron,32.78,2011,2015
55,Wisconsin,55053,Jackson,30.32,2011,2015
55,Wisconsin,55055,Jefferson,25.06,2011,2015
55,Wisconsin,55057,Juneau,31.22,2011,2015
55,Wisconsin,55059,Kenosha,26.919999999999998,2011,2015
55,Wisconsin,55061,Kewaunee,31.2,2011,2015
55,Wisconsin,55063,La Crosse,22.18,2011,2015
55,Wisconsin,55065,Lafayette,28.82,2011,2015
55,Wisconsin,55067,Langlade,28.76,2011,2015
55,Wisconsin,55069,Lincoln,27.439999999999998,2011,2015
55,Wisconsin,55071,Manitowoc,29.619999999999997,2011,2015
55,Wisconsin,55073,Marathon,30.48,2011,2015
55,Wisconsin,55075,Marinette,33.44,2011,2015
55,Wisconsin,55077,Marquette,28.7,2011,2015
55,Wisconsin,55078,Menominee,30.660000000000004,2011,2015
55,Wisconsin,55079,Milwaukee,26.439999999999998,2011,2015
55,Wisconsin,55081,Monroe,26.82,2011,2015
55,Wisconsin,55083,Oconto,32.82,2011,2015
55,Wisconsin,55085,Oneida,34.019999999999996,2011,2015
55,Wisconsin,55087,Outagamie,26.380000000000003,2011,2015
55,Wisconsin,55089,Ozaukee,26.880000000000003,2011,2015
55,Wisconsin,55091,Pepin,27.54,2011,2015
55,Wisconsin,55093,Pierce,25.96,2011,2015
55,Wisconsin,55095,Polk,27.4,2011,2015
55,Wisconsin,55097,Portage,29.22,2011,2015
55,Wisconsin,55099,Price,32.94,2011,2015
55,Wisconsin,55101,Racine,26.52,2011,2015
55,Wisconsin,55103,Richland,28.380000000000003,2011,2015
55,Wisconsin,55105,Rock,26.160000000000004,2011,2015
55,Wisconsin,55107,Rusk,30.74,2011,2015
55,Wisconsin,55109,St. Croix,26.839999999999996,2011,2015
55,Wisconsin,55111,Sauk,25.56,2011,2015
55,Wisconsin,55113,Sawyer,34.08,2011,2015
55,Wisconsin,55115,Shawano,28.119999999999997,2011,2015
55,Wisconsin,55117,Sheboygan,26.2,2011,2015
55,Wisconsin,55119,Taylor,28.619999999999997,2011,2015
55,Wisconsin,55121,Trempealeau,24.0,2011,2015
55,Wisconsin,55123,Vernon,24.36,2011,2015
55,Wisconsin,55125,Vilas,31.139999999999997,2011,2015
55,Wisconsin,55127,Walworth,24.82,2011,2015
55,Wisconsin,55129,Washburn,32.4,2011,2015
55,Wisconsin,55131,Washington,27.02,2011,2015
55,Wisconsin,55133,Waukesha,26.860000000000003,2011,2015
55,Wisconsin,55135,Waupaca,25.619999999999997,2011,2015
55,Wisconsin,55137,Waushara,26.2,2011,2015
55,Wisconsin,55139,Winnebago,24.82,2011,2015
55,Wisconsin,55141,Wood,30.54,2011,2015
4,Arizona,4001,Apache,29.060000000000002,2012,2016
4,Arizona,4003,Cochise,26.580000000000002,2012,2016
4,Arizona,4005,Coconino,29.060000000000002,2012,2016
4,Arizona,4007,Gila,25.68,2012,2016
4,Arizona,4009,Graham,27.360000000000003,2012,2016
4,Arizona,4011,Greenlee,33.5,2012,2016
4,Arizona,4012,La Paz,28.419999999999998,2012,2016
4,Arizona,4013,Maricopa,25.6,2012,2016
4,Arizona,4015,Mohave,30.619999999999997,2012,2016
4,Arizona,4017,Navajo,28.0,2012,2016
4,Arizona,4019,Pima,25.72,2012,2016
4,Arizona,4021,Pinal,25.3,2012,2016
4,Arizona,4023,Santa Cruz,26.18,2012,2016
4,Arizona,4025,Yavapai,25.82,2012,2016
4,Arizona,4027,Yuma,25.46,2012,2016
6,California,6001,Alameda,21.96,2012,2016
6,California,6003,Alpine,22.22,2012,2016
6,California,6005,Amador,30.22,2012,2016
6,California,6007,Butte,28.82,2012,2016
6,California,6009,Calaveras,30.560000000000002,2012,2016
6,California,6011,Colusa,28.46,2012,2016
6,California,6013,Contra Costa,24.4,2012,2016
6,California,6015,Del Norte,26.82,2012,2016
6,California,6017,El Dorado,28.98,2012,2016
6,California,6019,Fresno,26.78,2012,2016
6,California,6021,Glenn,27.160000000000004,2012,2016
6,California,6023,Humboldt,24.139999999999997,2012,2016
6,California,6025,Imperial,24.5,2012,2016
6,California,6027,Inyo,31.2,2012,2016
6,California,6029,Kern,26.98,2012,2016
6,California,6031,Kings,26.619999999999997,2012,2016
6,California,6033,Lake,22.6,2012,2016
6,California,6035,Lassen,23.82,2012,2016
6,California,6037,Los Angeles,26.24,2012,2016
6,California,6039,Madera,28.160000000000004,2012,2016
6,California,6041,Marin,21.259999999999998,2012,2016
6,California,6043,Mariposa,30.82,2012,2016
6,California,6045,Mendocino,23.32,2012,2016
6,California,6047,Merced,24.48,2012,2016
6,California,6049,Modoc,24.2,2012,2016
6,California,6051,Mono,27.04,2012,2016
6,California,6053,Monterey,22.72,2012,2016
6,California,6055,Napa,24.34,2012,2016
6,California,6057,Nevada,24.4,2012,2016
6,California,6059,Orange,25.52,2012,2016
6,California,6061,Placer,28.76,2012,2016
6,California,6063,Plumas,27.6,2012,2016
6,California,6065,Riverside,24.78,2012,2016
6,California,6067,Sacramento,27.72,2012,2016
6,California,6069,San Benito,21.939999999999998,2012,2016
6,California,6071,San Bernardino,26.9,2012,2016
6,California,6073,San Diego,23.02,2012,2016
6,California,6075,San Francisco,20.3,2012,2016
6,California,6077,San Joaquin,27.060000000000002,2012,2016
6,California,6079,San Luis Obispo,22.76,2012,2016
6,California,6081,San Mateo,19.48,2012,2016
6,California,6083,Santa Barbara,23.44,2012,2016
6,California,6085,Santa Clara,21.619999999999997,2012,2016
6,California,6087,Santa Cruz,18.82,2012,2016
6,California,6089,Shasta,23.080000000000002,2012,2016
6,California,6091,Sierra,21.880000000000003,2012,2016
6,California,6093,Siskiyou,26.6,2012,2016
6,California,6095,Solano,25.9,2012,2016
6,California,6097,Sonoma,22.9,2012,2016
6,California,6099,Stanislaus,23.759999999999998,2012,2016
6,California,6101,Sutter,29.919999999999998,2012,2016
6,California,6103,Tehama,26.78,2012,2016
6,California,6105,Trinity,26.22,2012,2016
6,California,6107,Tulare,29.619999999999997,2012,2016
6,California,6109,Tuolumne,29.560000000000002,2012,2016
6,California,6111,Ventura,26.18,2012,2016
6,California,6113,Yolo,30.0,2012,2016
6,California,6115,Yuba,25.96,2012,2016
8,Colorado,8001,Adams,20.240000000000002,2012,2016
8,Colorado,8003,Alamosa,28.6,2012,2016
8,Colorado,8005,Arapahoe,19.139999999999997,2012,2016
8,Colorado,8007,Archuleta,25.939999999999998,2012,2016
8,Colorado,8009,Baca,24.240000000000002,2012,2016
8,Colorado,8011,Bent,26.6,2012,2016
8,Colorado,8013,Boulder,19.28,2012,2016
8,Colorado,8014,Broomfield,20.5,2012,2016
8,Colorado,8015,Chaffee,18.66,2012,2016
8,Colorado,8017,Cheyenne,19.66,2012,2016
8,Colorado,8019,Clear Creek,18.2,2012,2016
8,Colorado,8021,Conejos,26.360000000000003,2012,2016
8,Colorado,8023,Costilla,24.759999999999998,2012,2016
8,Colorado,8025,Crowley,22.32,2012,2016
8,Colorado,8027,Custer,24.259999999999998,2012,2016
8,Colorado,8029,Delta,22.06,2012,2016
8,Colorado,8031,Denver,19.740000000000002,2012,2016
8,Colorado,8033,Dolores,13.38,2012,2016
8,Colorado,8035,Douglas,18.54,2012,2016
8,Colorado,8037,Eagle,13.719999999999999,2012,2016
8,Colorado,8039,Elbert,18.4,2012,2016
8,Colorado,8041,El Paso,20.22,2012,2016
8,Colorado,8043,Fremont,21.82,2012,2016
8,Colorado,8045,Garfield,18.36,2012,2016
8,Colorado,8047,Gilpin,17.26,2012,2016
8,Colorado,8049,Grand,17.04,2012,2016
8,Colorado,8051,Gunnison,20.64,2012,2016
8,Colorado,8053,Hinsdale,14.2,2012,2016
8,Colorado,8055,Huerfano,24.52,2012,2016
8,Colorado,8057,Jackson,20.3,2012,2016
8,Colorado,8059,Jefferson,18.54,2012,2016
8,Colorado,8061,Kiowa,25.82,2012,2016
8,Colorado,8063,Kit Carson,22.32,2012,2016
8,Colorado,8065,Lake,13.219999999999999,2012,2016
8,Colorado,8067,La Plata,23.04,2012,2016
8,Colorado,8069,Larimer,19.82,2012,2016
8,Colorado,8071,Las Animas,24.82,2012,2016
8,Colorado,8073,Lincoln,19.98,2012,2016
8,Colorado,8075,Logan,24.380000000000003,2012,2016
8,Colorado,8077,Mesa,19.64,2012,2016
8,Colorado,8079,Mineral,24.5,2012,2016
8,Colorado,8081,Moffat,21.78,2012,2016
8,Colorado,8083,Montezuma,22.759999999999998,2012,2016
8,Colorado,8085,Montrose,20.36,2012,2016
8,Colorado,8087,Morgan,25.56,2012,2016
8,Colorado,8089,Otero,25.360000000000003,2012,2016
8,Colorado,8091,Ouray,18.02,2012,2016
8,Colorado,8093,Park,18.82,2012,2016
8,Colorado,8095,Phillips,24.5,2012,2016
8,Colorado,8097,Pitkin,18.3,2012,2016
8,Colorado,8099,Prowers,23.419999999999998,2012,2016
8,Colorado,8101,Pueblo,22.580000000000002,2012,2016
8,Colorado,8103,Rio Blanco,19.86,2012,2016
8,Colorado,8105,Rio Grande,26.339999999999996,2012,2016
8,Colorado,8107,Routt,16.22,2012,2016
8,Colorado,8109,Saguache,23.919999999999998,2012,2016
8,Colorado,8111,San Juan,13.66,2012,2016
8,Colorado,8113,San Miguel,17.16,2012,2016
8,Colorado,8115,Sedgwick,19.919999999999998,2012,2016
8,Colorado,8117,Summit,13.4,2012,2016
8,Colorado,8119,Teller,19.22,2012,2016
8,Colorado,8121,Washington,20.96,2012,2016
8,Colorado,8123,Weld,21.580000000000002,2012,2016
8,Colorado,8125,Yuma,23.56,2012,2016
9,Connecticut,9001,Fairfield,25.14,2012,2016
9,Connecticut,9003,Hartford,27.24,2012,2016
9,Connecticut,9005,Litchfield,26.139999999999997,2012,2016
9,Connecticut,9007,Middlesex,27.2,2012,2016
9,Connecticut,9009,New Haven,26.419999999999998,2012,2016
9,Connecticut,9011,New London,27.96,2012,2016
9,Connecticut,9013,Tolland,27.939999999999998,2012,2016
9,Connecticut,9015,Windham,30.5,2012,2016
12,Florida,12001,Alachua,36.32,2012,2016
12,Florida,12003,Baker,32.559999999999995,2012,2016
12,Florida,12005,Bay,29.8,2012,2016
12,Florida,12007,Bradford,31.520000000000003,2012,2016
12,Florida,12009,Brevard,28.939999999999998,2012,2016
12,Florida,12011,Broward,26.639999999999997,2012,2016
12,Florida,12013,Calhoun,31.72,2012,2016
12,Florida,12015,Charlotte,26.0,2012,2016
12,Florida,12017,Citrus,38.6,2012,2016
12,Florida,12019,Clay,31.02,2012,2016
12,Florida,12021,Collier,27.3,2012,2016
12,Florida,12023,Columbia,33.980000000000004,2012,2016
12,Florida,12027,DeSoto,28.360000000000003,2012,2016
12,Florida,12029,Dixie,35.86,2012,2016
12,Florida,12031,Duval,30.5,2012,2016
12,Florida,12033,Escambia,31.48,2012,2016
12,Florida,12035,Flagler,30.02,2012,2016
12,Florida,12037,Franklin,40.04,2012,2016
12,Florida,12039,Gadsden,28.82,2012,2016
12,Florida,12041,Gilchrist,33.160000000000004,2012,2016
12,Florida,12043,Glades,24.68,2012,2016
12,Florida,12045,Gulf,34.96,2012,2016
12,Florida,12047,Hamilton,42.839999999999996,2012,2016
12,Florida,12049,Hardee,32.760000000000005,2012,2016
12,Florida,12051,Hendry,24.32,2012,2016
12,Florida,12053,Hernando,37.96,2012,2016
12,Florida,12055,Highlands,36.78,2012,2016
12,Florida,12057,Hillsborough,33.06,2012,2016
12,Florida,12059,Holmes,23.98,2012,2016
12,Florida,12061,Indian River,33.38,2012,2016
12,Florida,12063,Jackson,31.02,2012,2016
12,Florida,12065,Jefferson,32.0,2012,2016
12,Florida,12067,Lafayette,39.480000000000004,2012,2016
12,Florida,12069,Lake,32.4,2012,2016
12,Florida,12071,Lee,23.14,2012,2016
12,Florida,12073,Leon,31.360000000000003,2012,2016
12,Florida,12075,Levy,36.5,2012,2016
12,Florida,12077,Liberty,30.3,2012,2016
12,Florida,12079,Madison,39.739999999999995,2012,2016
12,Florida,12081,Manatee,30.579999999999995,2012,2016
12,Florida,12083,Marion,35.38,2012,2016
12,Florida,12085,Martin,25.6,2012,2016
12,Florida,12086,Miami-Dade,28.2,2012,2016
12,Florida,12087,Monroe,28.82,2012,2016
12,Florida,12089,Nassau,31.7,2012,2016
12,Florida,12091,Okaloosa,31.78,2012,2016
12,Florida,12093,Okeechobee,29.360000000000003,2012,2016
12,Florida,12095,Orange,31.160000000000004,2012,2016
12,Florida,12097,Osceola,32.86,2012,2016
12,Florida,12099,Palm Beach,25.240000000000002,2012,2016
12,Florida,12101,Pasco,33.68,2012,2016
12,Florida,12103,Pinellas,32.7,2012,2016
12,Florida,12105,Polk,33.38,2012,2016
12,Florida,12107,Putnam,31.839999999999996,2012,2016
12,Florida,12109,St. Johns,30.2,2012,2016
12,Florida,12111,St. Lucie,32.14,2012,2016
12,Florida,12113,Santa Rosa,31.48,2012,2016
12,Florida,12115,Sarasota,26.7,2012,2016
12,Florida,12117,Seminole,29.32,2012,2016
12,Florida,12119,Sumter,37.9,2012,2016
12,Florida,12121,Suwannee,41.12,2012,2016
12,Florida,12123,Taylor,36.04,2012,2016
12,Florida,12125,Union,32.06,2012,2016
12,Florida,12127,Volusia,30.46,2012,2016
12,Florida,12129,Wakulla,31.5,2012,2016
12,Florida,12131,Walton,31.2,2012,2016
12,Florida,12133,Washington,29.160000000000004,2012,2016
19,Iowa,19001,Adair,21.080000000000002,2012,2016
19,Iowa,19003,Adams,18.54,2012,2016
19,Iowa,19005,Allamakee,17.64,2012,2016
19,Iowa,19007,Appanoose,44.14,2012,2016
19,Iowa,19009,Audubon,16.08,2012,2016
19,Iowa,19011,Benton,29.74,2012,2016
19,Iowa,19013,Black Hawk,31.419999999999998,2012,2016
19,Iowa,19015,Boone,26.419999999999998,2012,2016
19,Iowa,19017,Bremer,31.46,2012,2016
19,Iowa,19019,Buchanan,31.360000000000003,2012,2016
19,Iowa,19021,Buena Vista,21.04,2012,2016
19,Iowa,19023,Butler,30.560000000000002,2012,2016
19,Iowa,19025,Calhoun,27.939999999999998,2012,2016
19,Iowa,19027,Carroll,20.94,2012,2016
19,Iowa,19029,Cass,24.32,2012,2016
19,Iowa,19031,Cedar,31.740000000000002,2012,2016
19,Iowa,19033,Cerro Gordo,27.8,2012,2016
19,Iowa,19035,Cherokee,23.82,2012,2016
19,Iowa,19037,Chickasaw,24.580000000000002,2012,2016
19,Iowa,19039,Clarke,27.78,2012,2016
19,Iowa,19041,Clay,14.34,2012,2016
19,Iowa,19043,Clayton,27.74,2012,2016
19,Iowa,19045,Clinton,36.2,2012,2016
19,Iowa,19047,Crawford,23.52,2012,2016
19,Iowa,19049,Dallas,24.28,2012,2016
19,Iowa,19051,Davis,41.96,2012,2016
19,Iowa,19053,Decatur,32.980000000000004,2012,2016
19,Iowa,19055,Delaware,31.52,2012,2016
19,Iowa,19057,Des Moines,40.720000000000006,2012,2016
19,Iowa,19059,Dickinson,13.26,2012,2016
19,Iowa,19061,Dubuque,31.48,2012,2016
19,Iowa,19063,Emmet,20.520000000000003,2012,2016
19,Iowa,19065,Fayette,27.6,2012,2016
19,Iowa,19067,Floyd,27.660000000000004,2012,2016
19,Iowa,19069,Franklin,30.32,2012,2016
19,Iowa,19071,Fremont,18.8,2012,2016
19,Iowa,19073,Greene,25.619999999999997,2012,2016
19,Iowa,19075,Grundy,30.639999999999997,2012,2016
19,Iowa,19077,Guthrie,20.82,2012,2016
19,Iowa,19079,Hamilton,32.46,2012,2016
19,Iowa,19081,Hancock,27.74,2012,2016
19,Iowa,19083,Hardin,31.52,2012,2016
19,Iowa,19085,Harrison,23.1,2012,2016
19,Iowa,19087,Henry,37.3,2012,2016
19,Iowa,19089,Howard,22.0,2012,2016
19,Iowa,19091,Humboldt,29.7,2012,2016
19,Iowa,19093,Ida,26.3,2012,2016
19,Iowa,19095,Iowa,29.080000000000002,2012,2016
19,Iowa,19097,Jackson,35.86,2012,2016
19,Iowa,19099,Jasper,26.8,2012,2016
19,Iowa,19101,Jefferson,40.42,2012,2016
19,Iowa,19103,Johnson,28.439999999999998,2012,2016
19,Iowa,19105,Jones,33.160000000000004,2012,2016
19,Iowa,19107,Keokuk,36.64,2012,2016
19,Iowa,19109,Kossuth,28.22,2012,2016
19,Iowa,19111,Lee,39.8,2012,2016
19,Iowa,19113,Linn,29.160000000000004,2012,2016
19,Iowa,19115,Louisa,29.360000000000003,2012,2016
19,Iowa,19117,Lucas,28.360000000000003,2012,2016
19,Iowa,19119,Lyon,15.959999999999999,2012,2016
19,Iowa,19121,Madison,24.1,2012,2016
19,Iowa,19123,Mahaska,36.22,2012,2016
19,Iowa,19125,Marion,25.56,2012,2016
19,Iowa,19127,Marshall,30.939999999999998,2012,2016
19,Iowa,19129,Mills,26.339999999999996,2012,2016
19,Iowa,19131,Mitchell,26.02,2012,2016
19,Iowa,19133,Monona,25.080000000000002,2012,2016
19,Iowa,19135,Monroe,38.5,2012,2016
19,Iowa,19137,Montgomery,22.94,2012,2016
19,Iowa,19139,Muscatine,29.04,2012,2016
19,Iowa,19141,O'Brien,14.12,2012,2016
19,Iowa,19143,Osceola,13.98,2012,2016
19,Iowa,19145,Page,17.46,2012,2016
19,Iowa,19147,Palo Alto,18.44,2012,2016
19,Iowa,19149,Plymouth,24.419999999999998,2012,2016
19,Iowa,19151,Pocahontas,26.3,2012,2016
19,Iowa,19153,Polk,25.48,2012,2016
19,Iowa,19155,Pottawattamie,24.44,2012,2016
19,Iowa,19157,Poweshiek,30.1,2012,2016
19,Iowa,19159,Ringgold,29.4,2012,2016
19,Iowa,19161,Sac,21.740000000000002,2012,2016
19,Iowa,19163,Scott,35.28,2012,2016
19,Iowa,19165,Shelby,21.3,2012,2016
19,Iowa,19167,Sioux,14.98,2012,2016
19,Iowa,19169,Story,27.3,2012,2016
19,Iowa,19171,Tama,29.919999999999998,2012,2016
19,Iowa,19173,Taylor,21.8,2012,2016
19,Iowa,19175,Union,25.880000000000003,2012,2016
19,Iowa,19177,Van Buren,39.78,2012,2016
19,Iowa,19179,Wapello,40.62,2012,2016
19,Iowa,19181,Warren,24.2,2012,2016
19,Iowa,19183,Washington,26.119999999999997,2012,2016
19,Iowa,19185,Wayne,32.64,2012,2016
19,Iowa,19187,Webster,31.18,2012,2016
19,Iowa,19189,Winnebago,29.080000000000002,2012,2016
19,Iowa,19191,Winneshiek,16.36,2012,2016
19,Iowa,19193,Woodbury,23.9,2012,2016
19,Iowa,19195,Worth,27.880000000000003,2012,2016
19,Iowa,19197,Wright,30.839999999999996,2012,2016
20,Kansas,20001,Allen,22.92,2012,2016
20,Kansas,20003,Anderson,29.9,2012,2016
20,Kansas,20005,Atchison,31.48,2012,2016
20,Kansas,20007,Barber,14.02,2012,2016
20,Kansas,20009,Barton,25.54,2012,2016
20,Kansas,20011,Bourbon,29.339999999999996,2012,2016
20,Kansas,20013,Brown,31.02,2012,2016
20,Kansas,20015,Butler,28.360000000000003,2012,2016
20,Kansas,20017,Chase,22.8,2012,2016
20,Kansas,20019,Chautauqua,16.18,2012,2016
20,Kansas,20021,Cherokee,35.96,2012,2016
20,Kansas,20023,Cheyenne,22.1,2012,2016
20,Kansas,20025,Clark,23.919999999999998,2012,2016
20,Kansas,20027,Clay,28.18,2012,2016
20,Kansas,20029,Cloud,21.28,2012,2016
20,Kansas,20031,Coffey,31.22,2012,2016
20,Kansas,20033,Comanche,18.1,2012,2016
20,Kansas,20035,Cowley,28.28,2012,2016
20,Kansas,20037,Crawford,35.32,2012,2016
20,Kansas,20039,Decatur,23.9,2012,2016
20,Kansas,20041,Dickinson,27.78,2012,2016
20,Kansas,20043,Doniphan,35.3,2012,2016
20,Kansas,20045,Douglas,23.18,2012,2016
20,Kansas,20047,Edwards,23.080000000000002,2012,2016
20,Kansas,20049,Elk,17.080000000000002,2012,2016
20,Kansas,20051,Ellis,25.0,2012,2016
20,Kansas,20053,Ellsworth,25.44,2012,2016
20,Kansas,20055,Finney,21.82,2012,2016
20,Kansas,20057,Ford,23.08,2012,2016
20,Kansas,20059,Franklin,22.04,2012,2016
20,Kansas,20061,Geary,29.96,2012,2016
20,Kansas,20063,Gove,29.9,2012,2016
20,Kansas,20065,Graham,26.860000000000003,2012,2016
20,Kansas,20067,Grant,19.98,2012,2016
20,Kansas,20069,Gray,22.64,2012,2016
20,Kansas,20071,Greeley,22.740000000000002,2012,2016
20,Kansas,20073,Greenwood,21.880000000000003,2012,2016
20,Kansas,20075,Hamilton,22.02,2012,2016
20,Kansas,20077,Harper,19.44,2012,2016
20,Kansas,20079,Harvey,28.96,2012,2016
20,Kansas,20081,Haskell,17.160000000000004,2012,2016
20,Kansas,20083,Hodgeman,24.919999999999998,2012,2016
20,Kansas,20085,Jackson,27.0,2012,2016
20,Kansas,20087,Jefferson,26.96,2012,2016
20,Kansas,20089,Jewell,22.880000000000003,2012,2016
20,Kansas,20091,Johnson,28.28,2012,2016
20,Kansas,20093,Kearny,21.9,2012,2016
20,Kansas,20095,Kingman,29.560000000000002,2012,2016
20,Kansas,20097,Kiowa,20.54,2012,2016
20,Kansas,20099,Labette,24.74,2012,2016
20,Kansas,20101,Lane,25.4,2012,2016
20,Kansas,20103,Leavenworth,24.2,2012,2016
20,Kansas,20105,Lincoln,25.34,2012,2016
20,Kansas,20107,Linn,33.260000000000005,2012,2016
20,Kansas,20109,Logan,28.359999999999996,2012,2016
20,Kansas,20111,Lyon,30.8,2012,2016
20,Kansas,20113,McPherson,28.26,2012,2016
20,Kansas,20115,Marion,23.84,2012,2016
20,Kansas,20117,Marshall,22.72,2012,2016
20,Kansas,20119,Meade,21.18,2012,2016
20,Kansas,20121,Miami,23.66,2012,2016
20,Kansas,20123,Mitchell,24.46,2012,2016
20,Kansas,20125,Montgomery,15.040000000000001,2012,2016
20,Kansas,20127,Morris,31.080000000000002,2012,2016
20,Kansas,20129,Morton,15.7,2012,2016
20,Kansas,20131,Nemaha,25.3,2012,2016
20,Kansas,20133,Neosho,20.94,2012,2016
20,Kansas,20135,Ness,25.939999999999998,2012,2016
20,Kansas,20137,Norton,20.68,2012,2016
20,Kansas,20139,Osage,27.160000000000004,2012,2016
20,Kansas,20141,Osborne,22.22,2012,2016
20,Kansas,20143,Ottawa,26.18,2012,2016
20,Kansas,20145,Pawnee,22.7,2012,2016
20,Kansas,20147,Phillips,17.660000000000004,2012,2016
20,Kansas,20149,Pottawatomie,25.48,2012,2016
20,Kansas,20151,Pratt,24.44,2012,2016
20,Kansas,20153,Rawlins,22.919999999999998,2012,2016
20,Kansas,20155,Reno,29.96,2012,2016
20,Kansas,20157,Republic,21.66,2012,2016
20,Kansas,20159,Rice,27.7,2012,2016
20,Kansas,20161,Riley,25.119999999999997,2012,2016
20,Kansas,20163,Rooks,21.94,2012,2016
20,Kansas,20165,Rush,22.7,2012,2016
20,Kansas,20167,Russell,22.36,2012,2016
20,Kansas,20169,Saline,26.560000000000002,2012,2016
20,Kansas,20171,Scott,25.76,2012,2016
20,Kansas,20173,Sedgwick,28.4,2012,2016
20,Kansas,20175,Seward,12.66,2012,2016
20,Kansas,20177,Shawnee,25.54,2012,2016
20,Kansas,20179,Sheridan,23.259999999999998,2012,2016
20,Kansas,20181,Sherman,21.740000000000002,2012,2016
20,Kansas,20183,Smith,21.759999999999998,2012,2016
20,Kansas,20185,Stafford,26.439999999999998,2012,2016
20,Kansas,20187,Stanton,18.72,2012,2016
20,Kansas,20189,Stevens,13.84,2012,2016
20,Kansas,20191,Sumner,28.160000000000004,2012,2016
20,Kansas,20193,Thomas,26.339999999999996,2012,2016
20,Kansas,20195,Trego,24.84,2012,2016
20,Kansas,20197,Wabaunsee,27.419999999999998,2012,2016
20,Kansas,20199,Wallace,24.3,2012,2016
20,Kansas,20201,Washington,22.96,2012,2016
20,Kansas,20203,Wichita,25.220000000000002,2012,2016
20,Kansas,20205,Wilson,13.940000000000001,2012,2016
20,Kansas,20207,Woodson,20.86,2012,2016
20,Kansas,20209,Wyandotte,27.98,2012,2016
21,Kentucky,21001,Adair,52.02,2012,2016
21,Kentucky,21003,Allen,49.14,2012,2016
21,Kentucky,21005,Anderson,37.64,2012,2016
21,Kentucky,21007,Ballard,31.78,2012,2016
21,Kentucky,21009,Barren,60.7,2012,2016
21,Kentucky,21011,Bath,52.8,2012,2016
21,Kentucky,21013,Bell,49.42,2012,2016
21,Kentucky,21015,Boone,33.160000000000004,2012,2016
21,Kentucky,21017,Bourbon,34.78,2012,2016
21,Kentucky,21019,Boyd,52.339999999999996,2012,2016
21,Kentucky,21021,Boyle,46.44,2012,2016
21,Kentucky,21023,Bracken,49.64,2012,2016
21,Kentucky,21025,Breathitt,56.98,2012,2016
21,Kentucky,21027,Breckinridge,42.46,2012,2016
21,Kentucky,21029,Bullitt,36.480000000000004,2012,2016
21,Kentucky,21031,Butler,57.279999999999994,2012,2016
21,Kentucky,21033,Caldwell,38.14,2012,2016
21,Kentucky,21035,Calloway,42.9,2012,2016
21,Kentucky,21037,Campbell,30.32,2012,2016
21,Kentucky,21039,Carlisle,34.88,2012,2016
21,Kentucky,21041,Carroll,45.5,2012,2016
21,Kentucky,21043,Carter,49.160000000000004,2012,2016
21,Kentucky,21045,Casey,49.18,2012,2016
21,Kentucky,21047,Christian,36.760000000000005,2012,2016
21,Kentucky,21049,Clark,34.22,2012,2016
21,Kentucky,21051,Clay,50.54,2012,2016
21,Kentucky,21053,Clinton,48.06,2012,2016
21,Kentucky,21055,Crittenden,33.62,2012,2016
21,Kentucky,21057,Cumberland,49.56,2012,2016
21,Kentucky,21059,Daviess,33.18,2012,2016
21,Kentucky,21061,Edmonson,59.879999999999995,2012,2016
21,Kentucky,21063,Elliott,51.1,2012,2016
21,Kentucky,21065,Estill,45.58,2012,2016
21,Kentucky,21067,Fayette,32.1,2012,2016
21,Kentucky,21069,Fleming,53.5,2012,2016
21,Kentucky,21071,Floyd,55.220000000000006,2012,2016
21,Kentucky,21073,Franklin,36.019999999999996,2012,2016
21,Kentucky,21075,Fulton,46.82,2012,2016
21,Kentucky,21077,Gallatin,37.72,2012,2016
21,Kentucky,21079,Garrard,40.72,2012,2016
21,Kentucky,21081,Grant,34.980000000000004,2012,2016
21,Kentucky,21083,Graves,43.22,2012,2016
21,Kentucky,21085,Grayson,47.14,2012,2016
21,Kentucky,21087,Green,52.96,2012,2016
21,Kentucky,21089,Greenup,47.480000000000004,2012,2016
21,Kentucky,21091,Hancock,40.3,2012,2016
21,Kentucky,21093,Hardin,37.46,2012,2016
21,Kentucky,21095,Harlan,42.540000000000006,2012,2016
21,Kentucky,21097,Harrison,45.339999999999996,2012,2016
21,Kentucky,21099,Hart,50.239999999999995,2012,2016
21,Kentucky,21101,Henderson,30.24,2012,2016
21,Kentucky,21103,Henry,33.86,2012,2016
21,Kentucky,21105,Hickman,48.4,2012,2016
21,Kentucky,21107,Hopkins,43.6,2012,2016
21,Kentucky,21109,Jackson,45.8,2012,2016
21,Kentucky,21111,Jefferson,35.26,2012,2016
21,Kentucky,21113,Jessamine,30.959999999999997,2012,2016
21,Kentucky,21115,Johnson,61.44,2012,2016
21,Kentucky,21117,Kenton,32.019999999999996,2012,2016
21,Kentucky,21119,Knott,55.5,2012,2016
21,Kentucky,21121,Knox,50.92,2012,2016
21,Kentucky,21123,Larue,44.64,2012,2016
21,Kentucky,21125,Laurel,52.02,2012,2016
21,Kentucky,21127,Lawrence,54.160000000000004,2012,2016
21,Kentucky,21129,Lee,60.67999999999999,2012,2016
21,Kentucky,21131,Leslie,55.879999999999995,2012,2016
21,Kentucky,21133,Letcher,47.78,2012,2016
21,Kentucky,21135,Lewis,49.62,2012,2016
21,Kentucky,21137,Lincoln,48.12,2012,2016
21,Kentucky,21139,Livingston,34.38,2012,2016
21,Kentucky,21141,Logan,52.52,2012,2016
21,Kentucky,21143,Lyon,34.519999999999996,2012,2016
21,Kentucky,21145,McCracken,35.68,2012,2016
21,Kentucky,21147,McCreary,49.46,2012,2016
21,Kentucky,21149,McLean,39.660000000000004,2012,2016
21,Kentucky,21151,Madison,33.660000000000004,2012,2016
21,Kentucky,21153,Magoffin,59.75999999999999,2012,2016
21,Kentucky,21155,Marion,44.68,2012,2016
21,Kentucky,21157,Marshall,34.839999999999996,2012,2016
21,Kentucky,21159,Martin,54.3,2012,2016
21,Kentucky,21161,Mason,50.14,2012,2016
21,Kentucky,21163,Meade,39.32,2012,2016
21,Kentucky,21165,Menifee,54.779999999999994,2012,2016
21,Kentucky,21167,Mercer,37.660000000000004,2012,2016
21,Kentucky,21169,Metcalfe,57.120000000000005,2012,2016
21,Kentucky,21171,Monroe,58.86,2012,2016
21,Kentucky,21173,Montgomery,49.96,2012,2016
21,Kentucky,21175,Morgan,59.14,2012,2016
21,Kentucky,21177,Muhlenberg,46.019999999999996,2012,2016
21,Kentucky,21179,Nelson,39.32000000000001,2012,2016
21,Kentucky,21181,Nicholas,52.8,2012,2016
21,Kentucky,21183,Ohio,45.5,2012,2016
21,Kentucky,21185,Oldham,34.88,2012,2016
21,Kentucky,21187,Owen,42.620000000000005,2012,2016
21,Kentucky,21189,Owsley,60.86,2012,2016
21,Kentucky,21191,Pendleton,34.3,2012,2016
21,Kentucky,21193,Perry,61.56,2012,2016
21,Kentucky,21195,Pike,42.980000000000004,2012,2016
21,Kentucky,21197,Powell,52.67999999999999,2012,2016
21,Kentucky,21199,Pulaski,47.980000000000004,2012,2016
21,Kentucky,21201,Robertson,57.75999999999999,2012,2016
21,Kentucky,21203,Rockcastle,44.3,2012,2016
21,Kentucky,21205,Rowan,50.18,2012,2016
21,Kentucky,21207,Russell,47.8,2012,2016
21,Kentucky,21209,Scott,32.720000000000006,2012,2016
21,Kentucky,21211,Shelby,35.14,2012,2016
21,Kentucky,21213,Simpson,46.94,2012,2016
21,Kentucky,21215,Spencer,35.86,2012,2016
21,Kentucky,21217,Taylor,47.32,2012,2016
21,Kentucky,21219,Todd,37.339999999999996,2012,2016
21,Kentucky,21221,Trigg,32.9,2012,2016
21,Kentucky,21223,Trimble,33.18,2012,2016
21,Kentucky,21225,Union,20.580000000000002,2012,2016
21,Kentucky,21227,Warren,60.339999999999996,2012,2016
21,Kentucky,21229,Washington,42.019999999999996,2012,2016
21,Kentucky,21231,Wayne,48.519999999999996,2012,2016
21,Kentucky,21233,Webster,34.4,2012,2016
21,Kentucky,21235,Whitley,47.18,2012,2016
21,Kentucky,21237,Wolfe,59.720000000000006,2012,2016
21,Kentucky,21239,Woodford,31.28,2012,2016
22,Louisiana,22001,Acadia,29.32,2012,2016
22,Louisiana,22003,Allen,33.78,2012,2016
22,Louisiana,22005,Ascension,30.160000000000004,2012,2016
22,Louisiana,22007,Assumption,33.56,2012,2016
22,Louisiana,22009,Avoyelles,33.38,2012,2016
22,Louisiana,22011,Beauregard,30.5,2012,2016
22,Louisiana,22013,Bienville,32.06,2012,2016
22,Louisiana,22015,Bossier,31.32,2012,2016
22,Louisiana,22017,Caddo,30.939999999999998,2012,2016
22,Louisiana,22019,Calcasieu,29.880000000000003,2012,2016
22,Louisiana,22021,Caldwell,44.519999999999996,2012,2016
22,Louisiana,22023,Cameron,29.660000000000004,2012,2016
22,Louisiana,22025,Catahoula,43.44,2012,2016
22,Louisiana,22027,Claiborne,32.04,2012,2016
22,Louisiana,22029,Concordia,34.56,2012,2016
22,Louisiana,22031,De Soto,32.72,2012,2016
22,Louisiana,22033,East Baton Rouge,30.0,2012,2016
22,Louisiana,22035,East Carroll,42.4,2012,2016
22,Louisiana,22037,East Feliciana,29.22,2012,2016
22,Louisiana,22039,Evangeline,32.92,2012,2016
22,Louisiana,22041,Franklin,48.96,2012,2016
22,Louisiana,22043,Grant,34.8,2012,2016
22,Louisiana,22045,Iberia,29.9,2012,2016
22,Louisiana,22047,Iberville,28.660000000000004,2012,2016
22,Louisiana,22049,Jackson,39.239999999999995,2012,2016
22,Louisiana,22051,Jefferson,31.96,2012,2016
22,Louisiana,22053,Jefferson Davis,31.04,2012,2016
22,Louisiana,22055,Lafayette,29.060000000000002,2012,2016
22,Louisiana,22057,Lafourche,33.92,2012,2016
22,Louisiana,22059,La Salle,36.14,2012,2016
22,Louisiana,22061,Lincoln,37.1,2012,2016
22,Louisiana,22063,Livingston,31.660000000000004,2012,2016
22,Louisiana,22065,Madison,48.4,2012,2016
22,Louisiana,22067,Morehouse,41.5,2012,2016
22,Louisiana,22069,Natchitoches,34.2,2012,2016
22,Louisiana,22071,Orleans,30.72,2012,2016
22,Louisiana,22073,Ouachita,39.82,2012,2016
22,Louisiana,22075,Plaquemines,30.4,2012,2016
22,Louisiana,22077,Pointe Coupee,31.22,2012,2016
22,Louisiana,22079,Rapides,34.94,2012,2016
22,Louisiana,22081,Red River,31.580000000000002,2012,2016
22,Louisiana,22083,Richland,43.78,2012,2016
22,Louisiana,22085,Sabine,35.58,2012,2016
22,Louisiana,22087,St. Bernard,29.6,2012,2016
22,Louisiana,22089,St. Charles,33.98,2012,2016
22,Louisiana,22091,St. Helena,32.48,2012,2016
22,Louisiana,22093,St. James,31.5,2012,2016
22,Louisiana,22095,St. John the Baptist,33.68,2012,2016
22,Louisiana,22097,St. Landry,29.76,2012,2016
22,Louisiana,22099,St. Martin,29.619999999999997,2012,2016
22,Louisiana,22101,St. Mary,36.42,2012,2016
22,Louisiana,22103,St. Tammany,32.019999999999996,2012,2016
22,Louisiana,22105,Tangipahoa,34.56,2012,2016
22,Louisiana,22107,Tensas,42.78,2012,2016
22,Louisiana,22109,Terrebonne,37.08,2012,2016
22,Louisiana,22111,Union,37.46,2012,2016
22,Louisiana,22113,Vermilion,28.9,2012,2016
22,Louisiana,22115,Vernon,33.8,2012,2016
22,Louisiana,22117,Washington,35.720000000000006,2012,2016
22,Louisiana,22119,Webster,29.860000000000003,2012,2016
22,Louisiana,22121,West Baton Rouge,28.880000000000003,2012,2016
22,Louisiana,22123,West Carroll,43.6,2012,2016
22,Louisiana,22125,West Feliciana,33.56,2012,2016
22,Louisiana,22127,Winn,38.519999999999996,2012,2016
23,Maine,23001,Androscoggin,35.3,2012,2016
23,Maine,23003,Aroostook,53.08,2012,2016
23,Maine,23005,Cumberland,31.360000000000003,2012,2016
23,Maine,23007,Franklin,43.12,2012,2016
23,Maine,23009,Hancock,48.64,2012,2016
23,Maine,23011,Kennebec,43.260000000000005,2012,2016
23,Maine,23013,Knox,41.3,2012,2016
23,Maine,23015,Lincoln,40.38,2012,2016
23,Maine,23017,Oxford,31.660000000000004,2012,2016
23,Maine,23019,Penobscot,52.779999999999994,2012,2016
23,Maine,23021,Piscataquis,50.88,2012,2016
23,Maine,23023,Sagadahoc,35.4,2012,2016
23,Maine,23025,Somerset,48.440000000000005,2012,2016
23,Maine,23027,Waldo,45.839999999999996,2012,2016
23,Maine,23029,Washington,53.56,2012,2016
23,Maine,23031,York,29.68,2012,2016
24,Maryland,24001,Allegany,29.3,2012,2016
24,Maryland,24003,Anne Arundel,25.839999999999996,2012,2016
24,Maryland,24005,Baltimore,29.46,2012,2016
24,Maryland,24009,Calvert,19.54,2012,2016
24,Maryland,24011,Caroline,24.48,2012,2016
24,Maryland,24013,Carroll,28.0,2012,2016
24,Maryland,24015,Cecil,27.32,2012,2016
24,Maryland,24017,Charles,17.3,2012,2016
24,Maryland,24019,Dorchester,22.7,2012,2016
24,Maryland,24021,Frederick,21.84,2012,2016
24,Maryland,24023,Garrett,36.760000000000005,2012,2016
24,Maryland,24025,Harford,30.439999999999998,2012,2016
24,Maryland,24027,Howard,21.8,2012,2016
24,Maryland,24029,Kent,28.139999999999997,2012,2016
24,Maryland,24031,Montgomery,16.8,2012,2016
24,Maryland,24033,Prince George's,17.14,2012,2016
24,Maryland,24035,Queen Anne's,24.02,2012,2016
24,Maryland,24037,St. Mary's,18.419999999999998,2012,2016
24,Maryland,24039,Somerset,24.32,2012,2016
24,Maryland,24041,Talbot,23.259999999999998,2012,2016
24,Maryland,24043,Washington,28.880000000000003,2012,2016
24,Maryland,24045,Wicomico,28.6,2012,2016
24,Maryland,24047,Worcester,26.46,2012,2016
24,Maryland,24510,Baltimore City,30.860000000000003,2012,2016
25,Massachusetts,25001,Barnstable,30.54,2012,2016
25,Massachusetts,25003,Berkshire,27.560000000000002,2012,2016
25,Massachusetts,25005,Bristol,28.8,2012,2016
25,Massachusetts,25007,Dukes,30.419999999999998,2012,2016
25,Massachusetts,25009,Essex,25.22,2012,2016
25,Massachusetts,25011,Franklin,27.24,2012,2016
25,Massachusetts,25013,Hampden,27.439999999999998,2012,2016
25,Massachusetts,25015,Hampshire,28.119999999999997,2012,2016
25,Massachusetts,25017,Middlesex,25.02,2012,2016
25,Massachusetts,25019,Nantucket,28.78,2012,2016
25,Massachusetts,25021,Norfolk,27.080000000000002,2012,2016
25,Massachusetts,25023,Plymouth,27.18,2012,2016
25,Massachusetts,25025,Suffolk,24.880000000000003,2012,2016
25,Massachusetts,25027,Worcester,26.98,2012,2016
26,Michigan,26001,Alcona,48.12,2012,2016
26,Michigan,26003,Alger,34.52,2012,2016
26,Michigan,26005,Allegan,24.96,2012,2016
26,Michigan,26007,Alpena,44.06,2012,2016
26,Michigan,26009,Antrim,35.82,2012,2016
26,Michigan,26011,Arenac,49.36,2012,2016
26,Michigan,26013,Baraga,34.62,2012,2016
26,Michigan,26015,Barry,27.04,2012,2016
26,Michigan,26017,Bay,45.339999999999996,2012,2016
26,Michigan,26019,Benzie,35.46,2012,2016
26,Michigan,26021,Berrien,34.56,2012,2016
26,Michigan,26023,Branch,35.94,2012,2016
26,Michigan,26025,Calhoun,34.82,2012,2016
26,Michigan,26027,Cass,32.48,2012,2016
26,Michigan,26029,Charlevoix,31.82,2012,2016
26,Michigan,26031,Cheboygan,32.12,2012,2016
26,Michigan,26033,Chippewa,38.36,2012,2016
26,Michigan,26035,Clare,45.08,2012,2016
26,Michigan,26037,Clinton,30.580000000000002,2012,2016
26,Michigan,26039,Crawford,46.720000000000006,2012,2016
26,Michigan,26041,Delta,30.839999999999996,2012,2016
26,Michigan,26043,Dickinson,33.32000000000001,2012,2016
26,Michigan,26045,Eaton,32.660000000000004,2012,2016
26,Michigan,26047,Emmet,28.959999999999997,2012,2016
26,Michigan,26049,Genesee,37.480000000000004,2012,2016
26,Michigan,26051,Gladwin,48.56,2012,2016
26,Michigan,26053,Gogebic,30.339999999999996,2012,2016
26,Michigan,26055,Grand Traverse,39.239999999999995,2012,2016
26,Michigan,26057,Gratiot,37.160000000000004,2012,2016
26,Michigan,26059,Hillsdale,40.739999999999995,2012,2016
26,Michigan,26061,Houghton,33.08,2012,2016
26,Michigan,26063,Huron,49.660000000000004,2012,2016
26,Michigan,26065,Ingham,30.939999999999998,2012,2016
26,Michigan,26067,Ionia,25.5,2012,2016
26,Michigan,26069,Iosco,47.660000000000004,2012,2016
26,Michigan,26071,Iron,30.98,2012,2016
26,Michigan,26073,Isabella,42.78,2012,2016
26,Michigan,26075,Jackson,32.339999999999996,2012,2016
26,Michigan,26077,Kalamazoo,33.86,2012,2016
26,Michigan,26079,Kalkaska,42.2,2012,2016
26,Michigan,26081,Kent,25.419999999999998,2012,2016
26,Michigan,26083,Keweenaw,32.739999999999995,2012,2016
26,Michigan,26085,Lake,37.4,2012,2016
26,Michigan,26087,Lapeer,38.9,2012,2016
26,Michigan,26089,Leelanau,33.78,2012,2016
26,Michigan,26091,Lenawee,36.839999999999996,2012,2016
26,Michigan,26093,Livingston,34.0,2012,2016
26,Michigan,26095,Luce,39.2,2012,2016
26,Michigan,26097,Mackinac,32.7,2012,2016
26,Michigan,26099,Macomb,42.239999999999995,2012,2016
26,Michigan,26101,Manistee,36.0,2012,2016
26,Michigan,26103,Marquette,32.3,2012,2016
26,Michigan,26105,Mason,31.979999999999997,2012,2016
26,Michigan,26107,Mecosta,39.519999999999996,2012,2016
26,Michigan,26109,Menominee,33.92,2012,2016
26,Michigan,26111,Midland,46.06,2012,2016
26,Michigan,26113,Missaukee,44.88,2012,2016
26,Michigan,26115,Monroe,44.78,2012,2016
26,Michigan,26117,Montcalm,26.9,2012,2016
26,Michigan,26119,Montmorency,40.64,2012,2016
26,Michigan,26121,Muskegon,26.2,2012,2016
26,Michigan,26123,Newaygo,26.339999999999996,2012,2016
26,Michigan,26125,Oakland,40.339999999999996,2012,2016
26,Michigan,26127,Oceana,28.639999999999997,2012,2016
26,Michigan,26129,Ogemaw,50.54,2012,2016
26,Michigan,26131,Ontonagon,31.22,2012,2016
26,Michigan,26133,Osceola,42.86,2012,2016
26,Michigan,26135,Oscoda,47.58,2012,2016
26,Michigan,26137,Otsego,39.22,2012,2016
26,Michigan,26139,Ottawa,26.7,2012,2016
26,Michigan,26141,Presque Isle,39.279999999999994,2012,2016
26,Michigan,26143,Roscommon,52.339999999999996,2012,2016
26,Michigan,26145,Saginaw,41.78,2012,2016
26,Michigan,26147,St. Clair,41.96,2012,2016
26,Michigan,26149,St. Joseph,34.68,2012,2016
26,Michigan,26151,Sanilac,50.5,2012,2016
26,Michigan,26153,Schoolcraft,33.12,2012,2016
26,Michigan,26155,Shiawassee,35.839999999999996,2012,2016
26,Michigan,26157,Tuscola,45.0,2012,2016
26,Michigan,26159,Van Buren,32.46,2012,2016
26,Michigan,26161,Washtenaw,40.64,2012,2016
26,Michigan,26163,Wayne,40.82,2012,2016
26,Michigan,26165,Wexford,40.88,2012,2016
27,Minnesota,27001,Aitkin,35.58,2012,2016
27,Minnesota,27003,Anoka,24.64,2012,2016
27,Minnesota,27005,Becker,36.44,2012,2016
27,Minnesota,27007,Beltrami,38.260000000000005,2012,2016
27,Minnesota,27009,Benton,26.98,2012,2016
27,Minnesota,27011,Big Stone,31.46,2012,2016
27,Minnesota,27013,Blue Earth,28.98,2012,2016
27,Minnesota,27015,Brown,28.560000000000002,2012,2016
27,Minnesota,27017,Carlton,33.58,2012,2016
27,Minnesota,27019,Carver,24.119999999999997,2012,2016
27,Minnesota,27021,Cass,34.44,2012,2016
27,Minnesota,27023,Chippewa,25.639999999999997,2012,2016
27,Minnesota,27025,Chisago,27.5,2012,2016
27,Minnesota,27027,Clay,36.9,2012,2016
27,Minnesota,27029,Clearwater,35.9,2012,2016
27,Minnesota,27031,Cook,31.26,2012,2016
27,Minnesota,27033,Cottonwood,30.8,2012,2016
27,Minnesota,27035,Crow Wing,36.04,2012,2016
27,Minnesota,27037,Dakota,24.78,2012,2016
27,Minnesota,27039,Dodge,26.74,2012,2016
27,Minnesota,27041,Douglas,25.380000000000003,2012,2016
27,Minnesota,27043,Faribault,29.8,2012,2016
27,Minnesota,27045,Fillmore,18.86,2012,2016
27,Minnesota,27047,Freeborn,30.560000000000002,2012,2016
27,Minnesota,27049,Goodhue,26.1,2012,2016
27,Minnesota,27051,Grant,29.939999999999998,2012,2016
27,Minnesota,27053,Hennepin,24.64,2012,2016
27,Minnesota,27055,Houston,16.86,2012,2016
27,Minnesota,27057,Hubbard,38.68,2012,2016
27,Minnesota,27059,Isanti,28.6,2012,2016
27,Minnesota,27061,Itasca,36.480000000000004,2012,2016
27,Minnesota,27063,Jackson,23.22,2012,2016
27,Minnesota,27065,Kanabec,34.019999999999996,2012,2016
27,Minnesota,27067,Kandiyohi,23.44,2012,2016
27,Minnesota,27069,Kittson,30.78,2012,2016
27,Minnesota,27071,Koochiching,36.120000000000005,2012,2016
27,Minnesota,27073,Lac qui Parle,28.74,2012,2016
27,Minnesota,27075,Lake,33.980000000000004,2012,2016
27,Minnesota,27077,Lake of the Woods,38.36,2012,2016
27,Minnesota,27079,Le Sueur,27.560000000000002,2012,2016
27,Minnesota,27081,Lincoln,26.18,2012,2016
27,Minnesota,27083,Lyon,27.1,2012,2016
27,Minnesota,27085,McLeod,27.2,2012,2016
27,Minnesota,27087,Mahnomen,37.660000000000004,2012,2016
27,Minnesota,27089,Marshall,33.14,2012,2016
27,Minnesota,27091,Martin,27.880000000000003,2012,2016
27,Minnesota,27093,Meeker,25.160000000000004,2012,2016
27,Minnesota,27095,Mille Lacs,32.160000000000004,2012,2016
27,Minnesota,27097,Morrison,29.22,2012,2016
27,Minnesota,27099,Mower,25.259999999999998,2012,2016
27,Minnesota,27101,Murray,28.04,2012,2016
27,Minnesota,27103,Nicollet,28.26,2012,2016
27,Minnesota,27105,Nobles,23.3,2012,2016
27,Minnesota,27107,Norman,37.019999999999996,2012,2016
27,Minnesota,27109,Olmsted,23.3,2012,2016
27,Minnesota,27111,Otter Tail,32.18,2012,2016
27,Minnesota,27113,Pennington,33.92,2012,2016
27,Minnesota,27115,Pine,32.78,2012,2016
27,Minnesota,27117,Pipestone,25.48,2012,2016
27,Minnesota,27119,Polk,33.980000000000004,2012,2016
27,Minnesota,27121,Pope,23.16,2012,2016
27,Minnesota,27123,Ramsey,24.44,2012,2016
27,Minnesota,27125,Red Lake,30.1,2012,2016
27,Minnesota,27127,Redwood,30.2,2012,2016
27,Minnesota,27129,Renville,28.439999999999998,2012,2016
27,Minnesota,27131,Rice,27.54,2012,2016
27,Minnesota,27133,Rock,22.94,2012,2016
27,Minnesota,27135,Roseau,35.36,2012,2016
27,Minnesota,27137,St. Louis,34.839999999999996,2012,2016
27,Minnesota,27139,Scott,24.380000000000003,2012,2016
27,Minnesota,27141,Sherburne,24.46,2012,2016
27,Minnesota,27143,Sibley,27.3,2012,2016
27,Minnesota,27145,Stearns,24.98,2012,2016
27,Minnesota,27147,Steele,29.9,2012,2016
27,Minnesota,27149,Stevens,27.4,2012,2016
27,Minnesota,27151,Swift,25.580000000000002,2012,2016
27,Minnesota,27153,Todd,27.54,2012,2016
27,Minnesota,27155,Traverse,33.28,2012,2016
27,Minnesota,27157,Wabasha,23.06,2012,2016
27,Minnesota,27159,Wadena,34.46,2012,2016
27,Minnesota,27161,Waseca,29.359999999999996,2012,2016
27,Minnesota,27163,Washington,26.060000000000002,2012,2016
27,Minnesota,27165,Watonwan,30.02,2012,2016
27,Minnesota,27167,Wilkin,34.3,2012,2016
27,Minnesota,27169,Winona,20.7,2012,2016
27,Minnesota,27171,Wright,23.86,2012,2016
27,Minnesota,27173,Yellow Medicine,27.580000000000002,2012,2016
29,Missouri,29001,Adair,33.980000000000004,2012,2016
29,Missouri,29003,Andrew,34.94,2012,2016
29,Missouri,29005,Atchison,18.66,2012,2016
29,Missouri,29007,Audrain,29.5,2012,2016
29,Missouri,29009,Barry,33.64,2012,2016
29,Missouri,29011,Barton,37.64,2012,2016
29,Missouri,29013,Bates,35.9,2012,2016
29,Missouri,29015,Benton,40.019999999999996,2012,2016
29,Missouri,29017,Bollinger,29.419999999999998,2012,2016
29,Missouri,29019,Boone,29.4,2012,2016
29,Missouri,29021,Buchanan,32.6,2012,2016
29,Missouri,29023,Butler,39.92,2012,2016
29,Missouri,29025,Caldwell,37.519999999999996,2012,2016
29,Missouri,29027,Callaway,27.9,2012,2016
29,Missouri,29029,Camden,39.88,2012,2016
29,Missouri,29031,Cape Girardeau,27.380000000000003,2012,2016
29,Missouri,29033,Carroll,37.96,2012,2016
29,Missouri,29035,Carter,39.84,2012,2016
29,Missouri,29037,Cass,28.439999999999998,2012,2016
29,Missouri,29039,Cedar,35.480000000000004,2012,2016
29,Missouri,29041,Chariton,37.54,2012,2016
29,Missouri,29043,Christian,33.67999999999999,2012,2016
29,Missouri,29045,Clark,30.3,2012,2016
29,Missouri,29047,Clay,32.0,2012,2016
29,Missouri,29049,Clinton,31.139999999999997,2012,2016
29,Missouri,29051,Cole,27.860000000000003,2012,2016
29,Missouri,29053,Cooper,31.9,2012,2016
29,Missouri,29055,Crawford,42.67999999999999,2012,2016
29,Missouri,29057,Dade,34.760000000000005,2012,2016
29,Missouri,29059,Dallas,34.839999999999996,2012,2016
29,Missouri,29061,Daviess,38.4,2012,2016
29,Missouri,29063,DeKalb,37.54,2012,2016
29,Missouri,29065,Dent,46.760000000000005,2012,2016
29,Missouri,29067,Douglas,38.3,2012,2016
29,Missouri,29069,Dunklin,38.94,2012,2016
29,Missouri,29071,Franklin,31.5,2012,2016
29,Missouri,29073,Gasconade,37.6,2012,2016
29,Missouri,29075,Gentry,31.96,2012,2016
29,Missouri,29077,Greene,33.72,2012,2016
29,Missouri,29079,Grundy,37.62,2012,2016
29,Missouri,29081,Harrison,35.9,2012,2016
29,Missouri,29083,Henry,38.86,2012,2016
29,Missouri,29085,Hickory,35.839999999999996,2012,2016
29,Missouri,29087,Holt,25.6,2012,2016
29,Missouri,29089,Howard,29.419999999999998,2012,2016
29,Missouri,29091,Howell,40.42,2012,2016
29,Missouri,29093,Iron,51.7,2012,2016
29,Missouri,29095,Jackson,28.8,2012,2016
29,Missouri,29097,Jasper,36.379999999999995,2012,2016
29,Missouri,29099,Jefferson,32.96,2012,2016
29,Missouri,29101,Johnson,34.36,2012,2016
29,Missouri,29103,Knox,27.6,2012,2016
29,Missouri,29105,Laclede,41.18,2012,2016
29,Missouri,29107,Lafayette,34.46,2012,2016
29,Missouri,29109,Lawrence,34.22,2012,2016
29,Missouri,29111,Lewis,27.419999999999998,2012,2016
29,Missouri,29113,Lincoln,31.68,2012,2016
29,Missouri,29115,Linn,36.58,2012,2016
29,Missouri,29117,Livingston,38.36,2012,2016
29,Missouri,29119,McDonald,34.660000000000004,2012,2016
29,Missouri,29121,Macon,35.36,2012,2016
29,Missouri,29123,Madison,48.5,2012,2016
29,Missouri,29125,Maries,42.980000000000004,2012,2016
29,Missouri,29127,Marion,28.52,2012,2016
29,Missouri,29129,Mercer,34.72,2012,2016
29,Missouri,29131,Miller,35.160000000000004,2012,2016
29,Missouri,29133,Mississippi,32.38,2012,2016
29,Missouri,29135,Moniteau,28.74,2012,2016
29,Missouri,29137,Monroe,34.36,2012,2016
29,Missouri,29139,Montgomery,36.62,2012,2016
29,Missouri,29141,Morgan,37.96,2012,2016
29,Missouri,29143,New Madrid,39.9,2012,2016
29,Missouri,29145,Newton,36.64,2012,2016
29,Missouri,29147,Nodaway,21.740000000000002,2012,2016
29,Missouri,29149,Oregon,45.94,2012,2016
29,Missouri,29151,Osage,30.76,2012,2016
29,Missouri,29153,Ozark,40.86,2012,2016
29,Missouri,29155,Pemiscot,63.540000000000006,2012,2016
29,Missouri,29157,Perry,38.44,2012,2016
29,Missouri,29159,Pettis,41.14,2012,2016
29,Missouri,29161,Phelps,44.7,2012,2016
29,Missouri,29163,Pike,37.0,2012,2016
29,Missouri,29165,Platte,31.96,2012,2016
29,Missouri,29167,Polk,33.4,2012,2016
29,Missouri,29169,Pulaski,42.14,2012,2016
29,Missouri,29171,Putnam,35.019999999999996,2012,2016
29,Missouri,29173,Ralls,35.1,2012,2016
29,Missouri,29175,Randolph,28.78,2012,2016
29,Missouri,29177,Ray,32.519999999999996,2012,2016
29,Missouri,29179,Reynolds,46.62,2012,2016
29,Missouri,29181,Ripley,39.86,2012,2016
29,Missouri,29183,St. Charles,30.560000000000002,2012,2016
29,Missouri,29185,St. Clair,38.44,2012,2016
29,Missouri,29186,Ste. Genevieve,40.88,2012,2016
29,Missouri,29187,St. Francois,42.720000000000006,2012,2016
29,Missouri,29189,St. Louis,31.839999999999996,2012,2016
29,Missouri,29195,Saline,39.1,2012,2016
29,Missouri,29197,Schuyler,33.64,2012,2016
29,Missouri,29199,Scotland,33.22,2012,2016
29,Missouri,29201,Scott,28.4,2012,2016
29,Missouri,29203,Shannon,44.82,2012,2016
29,Missouri,29205,Shelby,30.419999999999998,2012,2016
29,Missouri,29207,Stoddard,32.480000000000004,2012,2016
29,Missouri,29209,Stone,34.64,2012,2016
29,Missouri,29211,Sullivan,35.96,2012,2016
29,Missouri,29213,Taney,33.5,2012,2016
29,Missouri,29215,Texas,46.44,2012,2016
29,Missouri,29217,Vernon,37.2,2012,2016
29,Missouri,29219,Warren,31.860000000000003,2012,2016
29,Missouri,29221,Washington,40.760000000000005,2012,2016
29,Missouri,29223,Wayne,40.9,2012,2016
29,Missouri,29225,Webster,35.04,2012,2016
29,Missouri,29227,Worth,29.98,2012,2016
29,Missouri,29229,Wright,39.260000000000005,2012,2016
29,Missouri,29510,St. Louis City,31.660000000000004,2012,2016
31,Nebraska,31001,Adams,25.925,2012,2016
31,Nebraska,31003,Antelope,24.3,2012,2016
31,Nebraska,31005,Arthur,21.475,2012,2016
31,Nebraska,31007,Banner,13.375,2012,2016
31,Nebraska,31009,Blaine,26.275,2012,2016
31,Nebraska,31011,Boone,27.775,2012,2016
31,Nebraska,31013,Box Butte,11.85,2012,2016
31,Nebraska,31015,Boyd,21.35,2012,2016
31,Nebraska,31017,Brown,22.475,2012,2016
31,Nebraska,31019,Buffalo,26.375,2012,2016
31,Nebraska,31021,Burt,21.400000000000002,2012,2016
31,Nebraska,31023,Butler,22.075,2012,2016
31,Nebraska,31025,Cass,22.875,2012,2016
31,Nebraska,31027,Cedar,12.45,2012,2016
31,Nebraska,31029,Chase,23.05,2012,2016
31,Nebraska,31031,Cherry,16.675,2012,2016
31,Nebraska,31033,Cheyenne,16.65,2012,2016
31,Nebraska,31035,Clay,25.725,2012,2016
31,Nebraska,31037,Colfax,25.2,2012,2016
31,Nebraska,31039,Cuming,21.15,2012,2016
31,Nebraska,31041,Custer,28.525,2012,2016
31,Nebraska,31043,Dakota,23.5,2012,2016
31,Nebraska,31045,Dawes,6.05,2012,2016
31,Nebraska,31047,Dawson,28.275,2012,2016
31,Nebraska,31049,Deuel,13.65,2012,2016
31,Nebraska,31051,Dixon,6.266666666666667,2012,2016
31,Nebraska,31053,Dodge,24.575,2012,2016
31,Nebraska,31055,Douglas,25.875,2012,2016
31,Nebraska,31057,Dundy,22.475,2012,2016
31,Nebraska,31059,Fillmore,25.275,2012,2016
31,Nebraska,31061,Franklin,22.15,2012,2016
31,Nebraska,31063,Frontier,31.3,2012,2016
31,Nebraska,31065,Furnas,24.375,2012,2016
31,Nebraska,31067,Gage,20.275,2012,2016
31,Nebraska,31069,Garden,10.625,2012,2016
31,Nebraska,31071,Garfield,27.55,2012,2016
31,Nebraska,31073,Gosper,28.700000000000003,2012,2016
31,Nebraska,31075,Grant,17.0,2012,2016
31,Nebraska,31077,Greeley,23.15,2012,2016
31,Nebraska,31079,Hall,25.575,2012,2016
31,Nebraska,31081,Hamilton,26.55,2012,2016
31,Nebraska,31083,Harlan,22.65,2012,2016
31,Nebraska,31085,Hayes,29.275,2012,2016
31,Nebraska,31087,Hitchcock,27.7,2012,2016
31,Nebraska,31089,Holt,22.424999999999997,2012,2016
31,Nebraska,31091,Hooker,25.333333333333332,2012,2016
31,Nebraska,31093,Howard,25.575,2012,2016
31,Nebraska,31095,Jefferson,24.15,2012,2016
31,Nebraska,31097,Johnson,20.525,2012,2016
31,Nebraska,31099,Kearney,24.675,2012,2016
31,Nebraska,31101,Keith,27.5,2012,2016
31,Nebraska,31103,Keya Paha,23.975,2012,2016
31,Nebraska,31105,Kimball,23.975,2012,2016
31,Nebraska,31107,Knox,19.25,2012,2016
31,Nebraska,31109,Lancaster,21.15,2012,2016
31,Nebraska,31111,Lincoln,28.95,2012,2016
31,Nebraska,31113,Logan,31.75,2012,2016
31,Nebraska,31115,Loup,26.825,2012,2016
31,Nebraska,31117,McPherson,30.375,2012,2016
31,Nebraska,31119,Madison,25.525,2012,2016
31,Nebraska,31121,Merrick,27.85,2012,2016
31,Nebraska,31123,Morrill,12.5,2012,2016
31,Nebraska,31125,Nance,27.55,2012,2016
31,Nebraska,31127,Nemaha,24.75,2012,2016
31,Nebraska,31129,Nuckolls,25.8,2012,2016
31,Nebraska,31131,Otoe,20.475,2012,2016
31,Nebraska,31133,Pawnee,24.05,2012,2016
31,Nebraska,31135,Perkins,26.975,2012,2016
31,Nebraska,31137,Phelps,25.625,2012,2016
31,Nebraska,31139,Pierce,20.175,2012,2016
31,Nebraska,31141,Platte,27.4,2012,2016
31,Nebraska,31143,Polk,26.375,2012,2016
31,Nebraska,31145,Red Willow,26.15,2012,2016
31,Nebraska,31147,Richardson,29.975,2012,2016
31,Nebraska,31149,Rock,24.15,2012,2016
31,Nebraska,31151,Saline,21.025,2012,2016
31,Nebraska,31153,Sarpy,25.975,2012,2016
31,Nebraska,31155,Saunders,23.775000000000002,2012,2016
31,Nebraska,31157,Scotts Bluff,14.299999999999999,2012,2016
31,Nebraska,31159,Seward,20.8,2012,2016
31,Nebraska,31161,Sheridan,9.25,2012,2016
31,Nebraska,31163,Sherman,25.1,2012,2016
31,Nebraska,31165,Sioux,13.15,2012,2016
31,Nebraska,31167,Stanton,25.724999999999998,2012,2016
31,Nebraska,31169,Thayer,23.9,2012,2016
31,Nebraska,31171,Thomas,28.450000000000003,2012,2016
31,Nebraska,31173,Thurston,22.775,2012,2016
31,Nebraska,31175,Valley,25.875,2012,2016
31,Nebraska,31177,Washington,24.975,2012,2016
31,Nebraska,31179,Wayne,18.200000000000003,2012,2016
31,Nebraska,31181,Webster,23.65,2012,2016
31,Nebraska,31183,Wheeler,24.375,2012,2016
31,Nebraska,31185,York,25.2,2012,2016
33,New Hampshire,33001,Belknap,29.439999999999998,2012,2016
33,New Hampshire,33003,Carroll,30.939999999999998,2012,2016
33,New Hampshire,33005,Cheshire,28.2,2012,2016
33,New Hampshire,33007,Coos,30.8,2012,2016
33,New Hampshire,33009,Grafton,29.380000000000003,2012,2016
33,New Hampshire,33011,Hillsborough,26.18,2012,2016
33,New Hampshire,33013,Merrimack,29.360000000000003,2012,2016
33,New Hampshire,33015,Rockingham,27.72,2012,2016
33,New Hampshire,33017,Strafford,29.78,2012,2016
33,New Hampshire,33019,Sullivan,28.139999999999997,2012,2016
34,New Jersey,34001,Atlantic,38.68,2012,2016
34,New Jersey,34003,Bergen,25.04,2012,2016
34,New Jersey,34005,Burlington,34.96,2012,2016
34,New Jersey,34007,Camden,35.22,2012,2016
34,New Jersey,34009,Cape May,38.160000000000004,2012,2016
34,New Jersey,34011,Cumberland,37.86,2012,2016
34,New Jersey,34013,Essex,29.419999999999998,2012,2016
34,New Jersey,34015,Gloucester,34.94,2012,2016
34,New Jersey,34017,Hudson,25.839999999999996,2012,2016
34,New Jersey,34019,Hunterdon,28.880000000000003,2012,2016
34,New Jersey,34021,Mercer,32.12,2012,2016
34,New Jersey,34023,Middlesex,30.639999999999997,2012,2016
34,New Jersey,34025,Monmouth,30.160000000000004,2012,2016
34,New Jersey,34027,Morris,29.339999999999996,2012,2016
34,New Jersey,34029,Ocean,36.38,2012,2016
34,New Jersey,34031,Passaic,29.0,2012,2016
34,New Jersey,34033,Salem,43.2,2012,2016
34,New Jersey,34035,Somerset,29.580000000000002,2012,2016
34,New Jersey,34037,Sussex,30.660000000000004,2012,2016
34,New Jersey,34039,Union,30.660000000000004,2012,2016
34,New Jersey,34041,Warren,29.380000000000003,2012,2016
35,New Mexico,35001,Bernalillo,24.880000000000003,2012,2016
35,New Mexico,35003,Catron,26.839999999999996,2012,2016
35,New Mexico,35005,Chaves,38.86,2012,2016
35,New Mexico,35006,Cibola,26.080000000000002,2012,2016
35,New Mexico,35007,Colfax,23.82,2012,2016
35,New Mexico,35009,Curry,43.760000000000005,2012,2016
35,New Mexico,35011,De Baca,37.260000000000005,2012,2016
35,New Mexico,35013,Dona Ana,27.419999999999998,2012,2016
35,New Mexico,35015,Eddy,40.339999999999996,2012,2016
35,New Mexico,35017,Grant,30.68,2012,2016
35,New Mexico,35019,Guadalupe,26.139999999999997,2012,2016
35,New Mexico,35021,Harding,23.8,2012,2016
35,New Mexico,35023,Hidalgo,36.72,2012,2016
35,New Mexico,35025,Lea,44.5,2012,2016
35,New Mexico,35027,Lincoln,35.260000000000005,2012,2016
35,New Mexico,35028,Los Alamos,22.36,2012,2016
35,New Mexico,35029,Luna,25.2,2012,2016
35,New Mexico,35031,McKinley,27.46,2012,2016
35,New Mexico,35033,Mora,22.080000000000002,2012,2016
35,New Mexico,35035,Otero,30.48,2012,2016
35,New Mexico,35037,Quay,35.42,2012,2016
35,New Mexico,35039,Rio Arriba,24.1,2012,2016
35,New Mexico,35041,Roosevelt,44.32,2012,2016
35,New Mexico,35043,Sandoval,25.6,2012,2016
35,New Mexico,35045,San Juan,24.56,2012,2016
35,New Mexico,35047,San Miguel,21.580000000000002,2012,2016
35,New Mexico,35049,Santa Fe,24.56,2012,2016
35,New Mexico,35051,Sierra,26.339999999999996,2012,2016
35,New Mexico,35053,Socorro,28.3,2012,2016
35,New Mexico,35055,Taos,25.4,2012,2016
35,New Mexico,35057,Torrance,24.94,2012,2016
35,New Mexico,35059,Union,24.34,2012,2016
35,New Mexico,35061,Valencia,26.26,2012,2016
36,New York,36001,Albany,25.72,2012,2016
36,New York,36003,Allegany,30.46,2012,2016
36,New York,36005,Bronx,22.56,2012,2016
36,New York,36007,Broome,32.32,2012,2016
36,New York,36009,Cattaraugus,28.419999999999998,2012,2016
36,New York,36011,Cayuga,28.919999999999998,2012,2016
36,New York,36013,Chautauqua,29.580000000000002,2012,2016
36,New York,36015,Chemung,31.18,2012,2016
36,New York,36017,Chenango,33.519999999999996,2012,2016
36,New York,36019,Clinton,31.68,2012,2016
36,New York,36021,Columbia,26.04,2012,2016
36,New York,36023,Cortland,27.76,2012,2016
36,New York,36025,Delaware,33.7,2012,2016
36,New York,36027,Dutchess,26.68,2012,2016
36,New York,36029,Erie,31.060000000000002,2012,2016
36,New York,36031,Essex,29.339999999999996,2012,2016
36,New York,36033,Franklin,34.7,2012,2016
36,New York,36035,Fulton,28.04,2012,2016
36,New York,36037,Genesee,29.839999999999996,2012,2016
36,New York,36039,Greene,26.419999999999998,2012,2016
36,New York,36041,Hamilton,28.4,2012,2016
36,New York,36043,Herkimer,31.96,2012,2016
36,New York,36045,Jefferson,35.58,2012,2016
36,New York,36047,Kings,24.36,2012,2016
36,New York,36049,Lewis,31.880000000000003,2012,2016
36,New York,36051,Livingston,26.359999999999996,2012,2016
36,New York,36053,Madison,28.02,2012,2016
36,New York,36055,Monroe,27.419999999999998,2012,2016
36,New York,36057,Montgomery,30.080000000000002,2012,2016
36,New York,36059,Nassau,24.36,2012,2016
36,New York,36061,New York,24.240000000000002,2012,2016
36,New York,36063,Niagara,32.92,2012,2016
36,New York,36065,Oneida,30.02,2012,2016
36,New York,36067,Onondaga,27.52,2012,2016
36,New York,36069,Ontario,26.439999999999998,2012,2016
36,New York,36071,Orange,29.68,2012,2016
36,New York,36073,Orleans,29.880000000000003,2012,2016
36,New York,36075,Oswego,27.9,2012,2016
36,New York,36077,Otsego,30.639999999999997,2012,2016
36,New York,36079,Putnam,24.759999999999998,2012,2016
36,New York,36081,Queens,24.3,2012,2016
36,New York,36083,Rensselaer,25.060000000000002,2012,2016
36,New York,36085,Richmond,27.660000000000004,2012,2016
36,New York,36087,Rockland,25.68,2012,2016
36,New York,36089,St. Lawrence,33.34,2012,2016
36,New York,36091,Saratoga,27.22,2012,2016
36,New York,36093,Schenectady,26.72,2012,2016
36,New York,36095,Schoharie,29.380000000000003,2012,2016
36,New York,36097,Schuyler,30.68,2012,2016
36,New York,36099,Seneca,29.619999999999997,2012,2016
36,New York,36101,Steuben,30.0,2012,2016
36,New York,36103,Suffolk,25.919999999999998,2012,2016
36,New York,36105,Sullivan,32.379999999999995,2012,2016
36,New York,36107,Tioga,32.14,2012,2016
36,New York,36109,Tompkins,29.919999999999998,2012,2016
36,New York,36111,Ulster,30.52,2012,2016
36,New York,36113,Warren,23.740000000000002,2012,2016
36,New York,36115,Washington,25.839999999999996,2012,2016
36,New York,36117,Wayne,26.74,2012,2016
36,New York,36119,Westchester,23.9,2012,2016
36,New York,36121,Wyoming,30.660000000000004,2012,2016
36,New York,36123,Yates,28.4,2012,2016
37,North Carolina,37001,Alamance,27.6,2012,2016
37,North Carolina,37003,Alexander,25.6,2012,2016
37,North Carolina,37005,Alleghany,20.26,2012,2016
37,North Carolina,37007,Anson,29.580000000000002,2012,2016
37,North Carolina,37009,Ashe,19.72,2012,2016
37,North Carolina,37011,Avery,30.1,2012,2016
37,North Carolina,37013,Beaufort,29.28,2012,2016
37,North Carolina,37015,Bertie,16.28,2012,2016
37,North Carolina,37017,Bladen,37.36,2012,2016
37,North Carolina,37019,Brunswick,22.919999999999998,2012,2016
37,North Carolina,37021,Buncombe,21.86,2012,2016
37,North Carolina,37023,Burke,23.94,2012,2016
37,North Carolina,37025,Cabarrus,22.76,2012,2016
37,North Carolina,37027,Caldwell,25.14,2012,2016
37,North Carolina,37029,Camden,27.28,2012,2016
37,North Carolina,37031,Carteret,29.68,2012,2016
37,North Carolina,37033,Caswell,30.160000000000004,2012,2016
37,North Carolina,37035,Catawba,25.9,2012,2016
37,North Carolina,37037,Chatham,24.66,2012,2016
37,North Carolina,37039,Cherokee,23.880000000000003,2012,2016
37,North Carolina,37041,Chowan,11.68,2012,2016
37,North Carolina,37043,Clay,8.82,2012,2016
37,North Carolina,37045,Cleveland,26.560000000000002,2012,2016
37,North Carolina,37047,Columbus,30.1,2012,2016
37,North Carolina,37049,Craven,32.78,2012,2016
37,North Carolina,37051,Cumberland,35.92,2012,2016
37,North Carolina,37053,Currituck,23.56,2012,2016
37,North Carolina,37055,Dare,8.24,2012,2016
37,North Carolina,37057,Davidson,27.32,2012,2016
37,North Carolina,37059,Davie,26.060000000000002,2012,2016
37,North Carolina,37061,Duplin,22.0,2012,2016
37,North Carolina,37063,Durham,23.02,2012,2016
37,North Carolina,37065,Edgecombe,31.76,2012,2016
37,North Carolina,37067,Forsyth,26.8,2012,2016
37,North Carolina,37069,Franklin,24.8,2012,2016
37,North Carolina,37071,Gaston,22.18,2012,2016
37,North Carolina,37073,Gates,22.78,2012,2016
37,North Carolina,37075,Graham,27.080000000000002,2012,2016
37,North Carolina,37077,Granville,24.240000000000002,2012,2016
37,North Carolina,37079,Greene,29.04,2012,2016
37,North Carolina,37081,Guilford,27.860000000000003,2012,2016
37,North Carolina,37083,Halifax,25.720000000000006,2012,2016
37,North Carolina,37085,Harnett,26.52,2012,2016
37,North Carolina,37087,Haywood,24.84,2012,2016
37,North Carolina,37089,Henderson,22.4,2012,2016
37,North Carolina,37091,Hertford,13.860000000000003,2012,2016
37,North Carolina,37093,Hoke,40.980000000000004,2012,2016
37,North Carolina,37095,Hyde,20.360000000000003,2012,2016
37,North Carolina,37097,Iredell,23.02,2012,2016
37,North Carolina,37099,Jackson,17.82,2012,2016
37,North Carolina,37101,Johnston,24.16,2012,2016
37,North Carolina,37103,Jones,29.32,2012,2016
37,North Carolina,37105,Lee,23.32,2012,2016
37,North Carolina,37107,Lenoir,28.939999999999998,2012,2016
37,North Carolina,37109,Lincoln,23.18,2012,2016
37,North Carolina,37111,McDowell,23.259999999999998,2012,2016
37,North Carolina,37113,Macon,15.5,2012,2016
37,North Carolina,37115,Madison,31.139999999999997,2012,2016
37,North Carolina,37117,Martin,25.78,2012,2016
37,North Carolina,37119,Mecklenburg,22.7,2012,2016
37,North Carolina,37121,Mitchell,36.14,2012,2016
37,North Carolina,37123,Montgomery,29.839999999999996,2012,2016
37,North Carolina,37125,Moore,31.919999999999998,2012,2016
37,North Carolina,37127,Nash,25.02,2012,2016
37,North Carolina,37129,New Hanover,18.9,2012,2016
37,North Carolina,37131,Northampton,22.119999999999997,2012,2016
37,North Carolina,37133,Onslow,23.740000000000002,2012,2016
37,North Carolina,37135,Orange,25.72,2012,2016
37,North Carolina,37137,Pamlico,29.46,2012,2016
37,North Carolina,37139,Pasquotank,23.32,2012,2016
37,North Carolina,37141,Pender,20.32,2012,2016
37,North Carolina,37143,Perquimans,19.06,2012,2016
37,North Carolina,37145,Person,24.52,2012,2016
37,North Carolina,37147,Pitt,31.04,2012,2016
37,North Carolina,37149,Polk,22.880000000000003,2012,2016
37,North Carolina,37151,Randolph,27.5,2012,2016
37,North Carolina,37153,Richmond,33.519999999999996,2012,2016
37,North Carolina,37155,Robeson,38.2,2012,2016
37,North Carolina,37157,Rockingham,27.68,2012,2016
37,North Carolina,37159,Rowan,28.02,2012,2016
37,North Carolina,37161,Rutherford,24.52,2012,2016
37,North Carolina,37163,Sampson,28.6,2012,2016
37,North Carolina,37165,Scotland,38.78,2012,2016
37,North Carolina,37167,Stanly,29.1,2012,2016
37,North Carolina,37169,Stokes,26.580000000000002,2012,2016
37,North Carolina,37171,Surry,22.880000000000003,2012,2016
37,North Carolina,37173,Swain,25.76,2012,2016
37,North Carolina,37175,Transylvania,22.78,2012,2016
37,North Carolina,37177,Tyrrell,16.34,2012,2016
37,North Carolina,37179,Union,21.619999999999997,2012,2016
37,North Carolina,37181,Vance,25.44,2012,2016
37,North Carolina,37183,Wake,24.119999999999997,2012,2016
37,North Carolina,37185,Warren,28.560000000000002,2012,2016
37,North Carolina,37187,Washington,14.059999999999999,2012,2016
37,North Carolina,37189,Watauga,22.28,2012,2016
37,North Carolina,37191,Wayne,24.66,2012,2016
37,North Carolina,37193,Wilkes,24.080000000000002,2012,2016
37,North Carolina,37195,Wilson,28.82,2012,2016
37,North Carolina,37197,Yadkin,24.22,2012,2016
37,North Carolina,37199,Yancey,26.880000000000003,2012,2016
41,Oregon,41001,Baker,6.34,2012,2016
41,Oregon,41003,Benton,25.3,2012,2016
41,Oregon,41005,Clackamas,24.2,2012,2016
41,Oregon,41007,Clatsop,23.2,2012,2016
41,Oregon,41009,Columbia,24.68,2012,2016
41,Oregon,41011,Coos,36.019999999999996,2012,2016
41,Oregon,41013,Crook,20.06,2012,2016
41,Oregon,41015,Curry,33.06,2012,2016
41,Oregon,41017,Deschutes,24.96,2012,2016
41,Oregon,41019,Douglas,28.82,2012,2016
41,Oregon,41021,Gilliam,18.119999999999997,2012,2016
41,Oregon,41023,Grant,8.379999999999999,2012,2016
41,Oregon,41025,Harney,17.54,2012,2016
41,Oregon,41027,Hood River,23.580000000000002,2012,2016
41,Oregon,41029,Jackson,26.660000000000004,2012,2016
41,Oregon,41031,Jefferson,24.48,2012,2016
41,Oregon,41033,Josephine,26.339999999999996,2012,2016
41,Oregon,41035,Klamath,24.6,2012,2016
41,Oregon,41037,Lake,20.48,2012,2016
41,Oregon,41039,Lane,25.04,2012,2016
41,Oregon,41041,Lincoln,24.54,2012,2016
41,Oregon,41043,Linn,24.36,2012,2016
41,Oregon,41045,Malheur,9.0,2012,2016
41,Oregon,41047,Marion,25.32,2012,2016
41,Oregon,41049,Morrow,17.080000000000002,2012,2016
41,Oregon,41051,Multnomah,23.740000000000002,2012,2016
41,Oregon,41053,Polk,25.360000000000003,2012,2016
41,Oregon,41055,Sherman,20.419999999999998,2012,2016
41,Oregon,41057,Tillamook,24.3,2012,2016
41,Oregon,41059,Umatilla,18.240000000000002,2012,2016
41,Oregon,41061,Union,5.54,2012,2016
41,Oregon,41063,Wallowa,6.36,2012,2016
41,Oregon,41065,Wasco,23.96,2012,2016
41,Oregon,41067,Washington,24.1,2012,2016
41,Oregon,41069,Wheeler,23.82,2012,2016
41,Oregon,41071,Yamhill,23.96,2012,2016
42,Pennsylvania,42001,Adams,30.160000000000004,2012,2016
42,Pennsylvania,42003,Allegheny,32.28,2012,2016
42,Pennsylvania,42005,Armstrong,32.4,2012,2016
42,Pennsylvania,42007,Beaver,31.380000000000003,2012,2016
42,Pennsylvania,42009,Bedford,41.260000000000005,2012,2016
42,Pennsylvania,42011,Berks,27.1,2012,2016
42,Pennsylvania,42013,Blair,37.9,2012,2016
42,Pennsylvania,42015,Bradford,33.18,2012,2016
42,Pennsylvania,42017,Bucks,30.419999999999998,2012,2016
42,Pennsylvania,42019,Butler,30.839999999999996,2012,2016
42,Pennsylvania,42021,Cambria,39.4,2012,2016
42,Pennsylvania,42023,Cameron,31.159999999999997,2012,2016
42,Pennsylvania,42025,Carbon,31.96,2012,2016
42,Pennsylvania,42027,Centre,37.12,2012,2016
42,Pennsylvania,42029,Chester,26.3,2012,2016
42,Pennsylvania,42031,Clarion,32.36,2012,2016
42,Pennsylvania,42033,Clearfield,38.9,2012,2016
42,Pennsylvania,42035,Clinton,33.86,2012,2016
42,Pennsylvania,42037,Columbia,36.62,2012,2016
42,Pennsylvania,42039,Crawford,31.3,2012,2016
42,Pennsylvania,42041,Cumberland,32.04,2012,2016
42,Pennsylvania,42043,Dauphin,32.12,2012,2016
42,Pennsylvania,42045,Delaware,29.24,2012,2016
42,Pennsylvania,42047,Elk,31.2,2012,2016
42,Pennsylvania,42049,Erie,27.1,2012,2016
42,Pennsylvania,42051,Fayette,37.760000000000005,2012,2016
42,Pennsylvania,42053,Forest,30.880000000000003,2012,2016
42,Pennsylvania,42055,Franklin,30.9,2012,2016
42,Pennsylvania,42057,Fulton,36.62,2012,2016
42,Pennsylvania,42059,Greene,40.739999999999995,2012,2016
42,Pennsylvania,42061,Huntingdon,38.46,2012,2016
42,Pennsylvania,42063,Indiana,37.980000000000004,2012,2016
42,Pennsylvania,42065,Jefferson,35.980000000000004,2012,2016
42,Pennsylvania,42067,Juniata,36.8,2012,2016
42,Pennsylvania,42069,Lackawanna,31.360000000000003,2012,2016
42,Pennsylvania,42071,Lancaster,28.839999999999996,2012,2016
42,Pennsylvania,42073,Lawrence,31.580000000000002,2012,2016
42,Pennsylvania,42075,Lebanon,31.48,2012,2016
42,Pennsylvania,42077,Lehigh,28.18,2012,2016
42,Pennsylvania,42079,Luzerne,33.86,2012,2016
42,Pennsylvania,42081,Lycoming,37.36,2012,2016
42,Pennsylvania,42083,McKean,30.0,2012,2016
42,Pennsylvania,42085,Mercer,31.119999999999997,2012,2016
42,Pennsylvania,42087,Mifflin,32.18,2012,2016
42,Pennsylvania,42089,Monroe,31.72,2012,2016
42,Pennsylvania,42091,Montgomery,28.54,2012,2016
42,Pennsylvania,42093,Montour,39.239999999999995,2012,2016
42,Pennsylvania,42095,Northampton,29.68,2012,2016
42,Pennsylvania,42097,Northumberland,36.08,2012,2016
42,Pennsylvania,42099,Perry,34.519999999999996,2012,2016
42,Pennsylvania,42101,Philadelphia,31.52,2012,2016
42,Pennsylvania,42103,Pike,33.82000000000001,2012,2016
42,Pennsylvania,42105,Potter,32.32000000000001,2012,2016
42,Pennsylvania,42107,Schuylkill,32.38,2012,2016
42,Pennsylvania,42109,Snyder,39.019999999999996,2012,2016
42,Pennsylvania,42111,Somerset,38.480000000000004,2012,2016
42,Pennsylvania,42113,Sullivan,34.92,2012,2016
42,Pennsylvania,42115,Susquehanna,32.08,2012,2016
42,Pennsylvania,42117,Tioga,35.7,2012,2016
42,Pennsylvania,42119,Union,36.46,2012,2016
42,Pennsylvania,42121,Venango,30.060000000000002,2012,2016
42,Pennsylvania,42123,Warren,28.419999999999998,2012,2016
42,Pennsylvania,42125,Washington,33.62,2012,2016
42,Pennsylvania,42127,Wayne,32.04,2012,2016
42,Pennsylvania,42129,Westmoreland,34.54,2012,2016
42,Pennsylvania,42131,Wyoming,32.3,2012,2016
42,Pennsylvania,42133,York,30.18,2012,2016
44,Rhode Island,44001,Bristol,32.06,2012,2016
44,Rhode Island,44003,Kent,30.419999999999998,2012,2016
44,Rhode Island,44005,Newport,29.6,2012,2016
44,Rhode Island,44007,Providence,29.3,2012,2016
44,Rhode Island,44009,Washington,27.939999999999998,2012,2016
45,South Carolina,45001,Abbeville,28.7,2012,2016
45,South Carolina,45003,Aiken,26.2,2012,2016
45,South Carolina,45005,Allendale,28.825,2012,2016
45,South Carolina,45007,Anderson,28.5,2012,2016
45,South Carolina,45009,Bamberg,31.725,2012,2016
45,South Carolina,45011,Barnwell,22.075,2012,2016
45,South Carolina,45013,Beaufort,18.575,2012,2016
45,South Carolina,45015,Berkeley,26.0,2012,2016
45,South Carolina,45017,Calhoun,31.675,2012,2016
45,South Carolina,45019,Charleston,24.5,2012,2016
45,South Carolina,45021,Cherokee,27.125,2012,2016
45,South Carolina,45023,Chester,26.575,2012,2016
45,South Carolina,45025,Chesterfield,31.5,2012,2016
45,South Carolina,45027,Clarendon,35.225,2012,2016
45,South Carolina,45029,Colleton,23.15,2012,2016
45,South Carolina,45031,Darlington,44.475,2012,2016
45,South Carolina,45033,Dillon,39.825,2012,2016
45,South Carolina,45035,Dorchester,25.075,2012,2016
45,South Carolina,45037,Edgefield,20.75,2012,2016
45,South Carolina,45039,Fairfield,30.75,2012,2016
45,South Carolina,45041,Florence,45.675,2012,2016
45,South Carolina,45043,Georgetown,27.125,2012,2016
45,South Carolina,45045,Greenville,26.875,2012,2016
45,South Carolina,45047,Greenwood,33.9,2012,2016
45,South Carolina,45049,Hampton,18.9,2012,2016
45,South Carolina,45051,Horry,33.0,2012,2016
45,South Carolina,45053,Jasper,15.775,2012,2016
45,South Carolina,45055,Kershaw,31.725,2012,2016
45,South Carolina,45057,Lancaster,22.1,2012,2016
45,South Carolina,45059,Laurens,30.225,2012,2016
45,South Carolina,45061,Lee,44.875,2012,2016
45,South Carolina,45063,Lexington,27.8,2012,2016
45,South Carolina,45065,McCormick,29.4,2012,2016
45,South Carolina,45067,Marion,38.575,2012,2016
45,South Carolina,45069,Marlboro,46.55,2012,2016
45,South Carolina,45071,Newberry,32.55,2012,2016
45,South Carolina,45073,Oconee,24.65,2012,2016
45,South Carolina,45075,Orangeburg,27.25,2012,2016
45,South Carolina,45077,Pickens,26.55,2012,2016
45,South Carolina,45079,Richland,32.2,2012,2016
45,South Carolina,45081,Saluda,27.775,2012,2016
45,South Carolina,45083,Spartanburg,27.725,2012,2016
45,South Carolina,45085,Sumter,35.724999999999994,2012,2016
45,South Carolina,45087,Union,31.15,2012,2016
45,South Carolina,45089,Williamsburg,36.85,2012,2016
45,South Carolina,45091,York,23.8,2012,2016
47,Tennessee,47001,Anderson,32.839999999999996,2012,2016
47,Tennessee,47003,Bedford,40.4,2012,2016
47,Tennessee,47005,Benton,58.660000000000004,2012,2016
47,Tennessee,47007,Bledsoe,35.56,2012,2016
47,Tennessee,47009,Blount,30.939999999999998,2012,2016
47,Tennessee,47011,Bradley,36.9,2012,2016
47,Tennessee,47013,Campbell,44.82,2012,2016
47,Tennessee,47015,Cannon,41.7,2012,2016
47,Tennessee,47017,Carroll,59.620000000000005,2012,2016
47,Tennessee,47019,Carter,45.160000000000004,2012,2016
47,Tennessee,47021,Cheatham,32.1,2012,2016
47,Tennessee,47023,Chester,54.8,2012,2016
47,Tennessee,47025,Claiborne,43.18,2012,2016
47,Tennessee,47027,Clay,46.739999999999995,2012,2016
47,Tennessee,47029,Cocke,36.839999999999996,2012,2016
47,Tennessee,47031,Coffee,45.82,2012,2016
47,Tennessee,47033,Crockett,62.58,2012,2016
47,Tennessee,47035,Cumberland,40.519999999999996,2012,2016
47,Tennessee,47037,Davidson,33.14,2012,2016
47,Tennessee,47039,Decatur,59.739999999999995,2012,2016
47,Tennessee,47041,DeKalb,41.58,2012,2016
47,Tennessee,47043,Dickson,32.879999999999995,2012,2016
47,Tennessee,47045,Dyer,65.62,2012,2016
47,Tennessee,47047,Fayette,35.260000000000005,2012,2016
47,Tennessee,47049,Fentress,40.64,2012,2016
47,Tennessee,47051,Franklin,47.22,2012,2016
47,Tennessee,47053,Gibson,61.5,2012,2016
47,Tennessee,47055,Giles,35.279999999999994,2012,2016
47,Tennessee,47057,Grainger,34.78,2012,2016
47,Tennessee,47059,Greene,45.44,2012,2016
47,Tennessee,47061,Grundy,53.9,2012,2016
47,Tennessee,47063,Hamblen,44.36,2012,2016
47,Tennessee,47065,Hamilton,37.36,2012,2016
47,Tennessee,47067,Hancock,34.86,2012,2016
47,Tennessee,47069,Hardeman,49.739999999999995,2012,2016
47,Tennessee,47071,Hardin,57.160000000000004,2012,2016
47,Tennessee,47073,Hawkins,42.72,2012,2016
47,Tennessee,47075,Haywood,50.54,2012,2016
47,Tennessee,47077,Henderson,57.98,2012,2016
47,Tennessee,47079,Henry,53.32000000000001,2012,2016
47,Tennessee,47081,Hickman,32.5,2012,2016
47,Tennessee,47083,Houston,40.260000000000005,2012,2016
47,Tennessee,47085,Humphreys,49.760000000000005,2012,2016
47,Tennessee,47087,Jackson,43.46,2012,2016
47,Tennessee,47089,Jefferson,33.44,2012,2016
47,Tennessee,47091,Johnson,35.08,2012,2016
47,Tennessee,47093,Knox,32.379999999999995,2012,2016
47,Tennessee,47095,Lake,63.260000000000005,2012,2016
47,Tennessee,47097,Lauderdale,66.3,2012,2016
47,Tennessee,47099,Lawrence,37.1,2012,2016
47,Tennessee,47101,Lewis,38.760000000000005,2012,2016
47,Tennessee,47103,Lincoln,41.4,2012,2016
47,Tennessee,47105,Loudon,32.68,2012,2016
47,Tennessee,47107,McMinn,40.540000000000006,2012,2016
47,Tennessee,47109,McNairy,53.86,2012,2016
47,Tennessee,47111,Macon,42.62,2012,2016
47,Tennessee,47113,Madison,57.660000000000004,2012,2016
47,Tennessee,47115,Marion,37.62,2012,2016
47,Tennessee,47117,Marshall,33.2,2012,2016
47,Tennessee,47119,Maury,31.68,2012,2016
47,Tennessee,47121,Meigs,37.04,2012,2016
47,Tennessee,47123,Monroe,34.04,2012,2016
47,Tennessee,47125,Montgomery,35.94,2012,2016
47,Tennessee,47127,Moore,45.0,2012,2016
47,Tennessee,47129,Morgan,38.36,2012,2016
47,Tennessee,47131,Obion,66.84,2012,2016
47,Tennessee,47133,Overton,42.019999999999996,2012,2016
47,Tennessee,47135,Perry,51.36,2012,2016
47,Tennessee,47137,Pickett,46.519999999999996,2012,2016
47,Tennessee,47139,Polk,38.88,2012,2016
47,Tennessee,47141,Putnam,42.519999999999996,2012,2016
47,Tennessee,47143,Rhea,35.6,2012,2016
47,Tennessee,47145,Roane,33.36,2012,2016
47,Tennessee,47147,Robertson,34.64,2012,2016
47,Tennessee,47149,Rutherford,33.92,2012,2016
47,Tennessee,47151,Scott,42.92,2012,2016
47,Tennessee,47153,Sequatchie,38.54,2012,2016
47,Tennessee,47155,Sevier,31.2,2012,2016
47,Tennessee,47157,Shelby,34.220000000000006,2012,2016
47,Tennessee,47159,Smith,39.160000000000004,2012,2016
47,Tennessee,47161,Stewart,37.82,2012,2016
47,Tennessee,47163,Sullivan,40.68,2012,2016
47,Tennessee,47165,Sumner,35.0,2012,2016
47,Tennessee,47167,Tipton,35.5,2012,2016
47,Tennessee,47169,Trousdale,37.0,2012,2016
47,Tennessee,47171,Unicoi,45.14,2012,2016
47,Tennessee,47173,Union,32.42,2012,2016
47,Tennessee,47175,Van Buren,45.739999999999995,2012,2016
47,Tennessee,47177,Warren,52.8,2012,2016
47,Tennessee,47179,Washington,47.3,2012,2016
47,Tennessee,47181,Wayne,48.24,2012,2016
47,Tennessee,47183,Weakley,56.42,2012,2016
47,Tennessee,47185,White,43.46,2012,2016
47,Tennessee,47187,Williamson,33.42,2012,2016
47,Tennessee,47189,Wilson,35.260000000000005,2012,2016
49,Utah,49001,Beaver,29.46,2012,2016
49,Utah,49003,Box Elder,19.36,2012,2016
49,Utah,49005,Cache,19.740000000000002,2012,2016
49,Utah,49007,Carbon,24.72,2012,2016
49,Utah,49009,Daggett,24.44,2012,2016
49,Utah,49011,Davis,20.04,2012,2016
49,Utah,49013,Duchesne,23.619999999999997,2012,2016
49,Utah,49015,Emery,23.919999999999998,2012,2016
49,Utah,49017,Garfield,24.119999999999997,2012,2016
49,Utah,49019,Grand,20.48,2012,2016
49,Utah,49021,Iron,23.34,2012,2016
49,Utah,49023,Juab,24.419999999999998,2012,2016
49,Utah,49025,Kane,26.2,2012,2016
49,Utah,49027,Millard,28.28,2012,2016
49,Utah,49029,Morgan,19.580000000000002,2012,2016
49,Utah,49031,Piute,29.619999999999997,2012,2016
49,Utah,49033,Rich,18.86,2012,2016
49,Utah,49035,Salt Lake,20.740000000000002,2012,2016
49,Utah,49037,San Juan,23.580000000000002,2012,2016
49,Utah,49039,Sanpete,24.560000000000002,2012,2016
49,Utah,49041,Sevier,28.1,2012,2016
49,Utah,49043,Summit,20.6,2012,2016
49,Utah,49045,Tooele,20.7,2012,2016
49,Utah,49047,Uintah,22.96,2012,2016
49,Utah,49049,Utah,22.02,2012,2016
49,Utah,49051,Wasatch,21.380000000000003,2012,2016
49,Utah,49053,Washington,28.52,2012,2016
49,Utah,49055,Wayne,20.54,2012,2016
49,Utah,49057,Weber,19.240000000000002,2012,2016
50,Vermont,50001,Addison,28.5,2012,2016
50,Vermont,50003,Bennington,27.339999999999996,2012,2016
50,Vermont,50005,Caledonia,29.46,2012,2016
50,Vermont,50007,Chittenden,31.26,2012,2016
50,Vermont,50009,Essex,29.639999999999997,2012,2016
50,Vermont,50011,Franklin,31.419999999999998,2012,2016
50,Vermont,50013,Grand Isle,32.480000000000004,2012,2016
50,Vermont,50015,Lamoille,31.82,2012,2016
50,Vermont,50017,Orange,27.9,2012,2016
50,Vermont,50019,Orleans,33.06,2012,2016
50,Vermont,50021,Rutland,27.68,2012,2016
50,Vermont,50023,Washington,29.939999999999998,2012,2016
50,Vermont,50025,Windham,27.419999999999998,2012,2016
50,Vermont,50027,Windsor,27.360000000000003,2012,2016
51,Virginia,51001,Accomack,26.72,2012,2016
51,Virginia,51003,Albemarle,27.54,2012,2016
51,Virginia,51005,Alleghany,33.7,2012,2016
51,Virginia,51007,Amelia,27.339999999999996,2012,2016
51,Virginia,51009,Amherst,36.8,2012,2016
51,Virginia,51011,Appomattox,37.980000000000004,2012,2016
51,Virginia,51013,Arlington,15.080000000000002,2012,2016
51,Virginia,51015,Augusta,28.880000000000003,2012,2016
51,Virginia,51017,Bath,26.560000000000002,2012,2016
51,Virginia,51019,Bedford,31.880000000000003,2012,2016
51,Virginia,51021,Bland,40.06,2012,2016
51,Virginia,51023,Botetourt,28.080000000000002,2012,2016
51,Virginia,51025,Brunswick,28.639999999999997,2012,2016
51,Virginia,51027,Buchanan,35.56,2012,2016
51,Virginia,51029,Buckingham,27.560000000000002,2012,2016
51,Virginia,51031,Campbell,35.2,2012,2016
51,Virginia,51033,Caroline,28.5,2012,2016
51,Virginia,51035,Carroll,27.839999999999996,2012,2016
51,Virginia,51036,Charles City,25.5,2012,2016
51,Virginia,51037,Charlotte,34.86,2012,2016
51,Virginia,51041,Chesterfield,29.02,2012,2016
51,Virginia,51043,Clarke,24.34,2012,2016
51,Virginia,51045,Craig,30.74,2012,2016
51,Virginia,51047,Culpeper,30.839999999999996,2012,2016
51,Virginia,51049,Cumberland,27.68,2012,2016
51,Virginia,51051,Dickenson,31.9,2012,2016
51,Virginia,51053,Dinwiddie,31.76,2012,2016
51,Virginia,51057,Essex,33.22,2012,2016
51,Virginia,51059,Fairfax,16.419999999999998,2012,2016
51,Virginia,51061,Fauquier,24.02,2012,2016
51,Virginia,51063,Floyd,27.82,2012,2016
51,Virginia,51065,Fluvanna,23.119999999999997,2012,2016
51,Virginia,51067,Franklin,26.2,2012,2016
51,Virginia,51069,Frederick,24.16,2012,2016
51,Virginia,51071,Giles,38.67999999999999,2012,2016
51,Virginia,51073,Gloucester,25.220000000000002,2012,2016
51,Virginia,51075,Goochland,25.660000000000004,2012,2016
51,Virginia,51077,Grayson,24.96,2012,2016
51,Virginia,51079,Greene,28.1,2012,2016
51,Virginia,51081,Greensville,31.439999999999998,2012,2016
51,Virginia,51083,Halifax,27.339999999999996,2012,2016
51,Virginia,51085,Hanover,27.0,2012,2016
51,Virginia,51087,Henrico,26.04,2012,2016
51,Virginia,51089,Henry,28.1,2012,2016
51,Virginia,51091,Highland,24.84,2012,2016
51,Virginia,51093,Isle of Wight,27.98,2012,2016
51,Virginia,51095,James City,26.439999999999998,2012,2016
51,Virginia,51097,King and Queen,30.54,2012,2016
51,Virginia,51099,King George,22.580000000000002,2012,2016
51,Virginia,51101,King William,28.82,2012,2016
51,Virginia,51103,Lancaster,27.74,2012,2016
51,Virginia,51105,Lee,30.78,2012,2016
51,Virginia,51107,Loudoun,18.1,2012,2016
51,Virginia,51109,Louisa,26.1,2012,2016
51,Virginia,51111,Lunenburg,36.42,2012,2016
51,Virginia,51113,Madison,36.5,2012,2016
51,Virginia,51115,Mathews,24.0,2012,2016
51,Virginia,51117,Mecklenburg,29.160000000000004,2012,2016
51,Virginia,51119,Middlesex,30.26,2012,2016
51,Virginia,51121,Montgomery,33.760000000000005,2012,2016
51,Virginia,51125,Nelson,26.22,2012,2016
51,Virginia,51127,New Kent,25.860000000000003,2012,2016
51,Virginia,51131,Northampton,23.759999999999998,2012,2016
51,Virginia,51133,Northumberland,22.46,2012,2016
51,Virginia,51135,Nottoway,33.38,2012,2016
51,Virginia,51137,Orange,29.119999999999997,2012,2016
51,Virginia,51139,Page,32.160000000000004,2012,2016
51,Virginia,51141,Patrick,23.9,2012,2016
51,Virginia,51143,Pittsylvania,29.26,2012,2016
51,Virginia,51145,Powhatan,25.339999999999996,2012,2016
51,Virginia,51147,Prince Edward,35.88,2012,2016
51,Virginia,51149,Prince George,32.06,2012,2016
51,Virginia,51153,Prince William,17.880000000000003,2012,2016
51,Virginia,51155,Pulaski,35.1,2012,2016
51,Virginia,51157,Rappahannock,34.2,2012,2016
51,Virginia,51159,Richmond,33.8,2012,2016
51,Virginia,51161,Roanoke,33.7,2012,2016
51,Virginia,51163,Rockbridge,32.32,2012,2016
51,Virginia,51165,Rockingham,26.7,2012,2016
51,Virginia,51167,Russell,22.34,2012,2016
51,Virginia,51169,Scott,33.779999999999994,2012,2016
51,Virginia,51171,Shenandoah,29.0,2012,2016
51,Virginia,51173,Smyth,27.839999999999996,2012,2016
51,Virginia,51175,Southampton,26.22,2012,2016
51,Virginia,51177,Spotsylvania,29.660000000000004,2012,2016
51,Virginia,51179,Stafford,23.919999999999998,2012,2016
51,Virginia,51181,Surry,27.4,2012,2016
51,Virginia,51183,Sussex,30.8,2012,2016
51,Virginia,51185,Tazewell,34.459999999999994,2012,2016
51,Virginia,51187,Warren,29.919999999999998,2012,2016
51,Virginia,51191,Washington,30.52,2012,2016
51,Virginia,51193,Westmoreland,19.54,2012,2016
51,Virginia,51195,Wise,33.88,2012,2016
51,Virginia,51197,Wythe,30.359999999999996,2012,2016
51,Virginia,51199,York,25.840000000000003,2012,2016
51,Virginia,51510,Alexandria,15.8,2012,2016
51,Virginia,51520,Bristol,34.86,2012,2016
51,Virginia,51530,Buena Vista,28.939999999999998,2012,2016
51,Virginia,51540,Charlottesville,21.56,2012,2016
51,Virginia,51550,Chesapeake,26.28,2012,2016
51,Virginia,51570,Colonial Heights,32.9,2012,2016
51,Virginia,51580,Covington,53.67999999999999,2012,2016
51,Virginia,51590,Danville,28.380000000000003,2012,2016
51,Virginia,51595,Emporia,56.42,2012,2016
51,Virginia,51600,Fairfax City,15.540000000000001,2012,2016
51,Virginia,51610,Falls Church,14.62,2012,2016
51,Virginia,51620,Franklin City,31.919999999999998,2012,2016
51,Virginia,51630,Fredericksburg,28.22,2012,2016
51,Virginia,51640,Galax,11.5,2012,2016
51,Virginia,51650,Hampton,25.619999999999997,2012,2016
51,Virginia,51660,Harrisonburg,35.260000000000005,2012,2016
51,Virginia,51670,Hopewell,28.060000000000002,2012,2016
51,Virginia,51678,Lexington,32.739999999999995,2012,2016
51,Virginia,51680,Lynchburg,37.92,2012,2016
51,Virginia,51683,Manassas,21.18,2012,2016
51,Virginia,51685,Manassas Park,21.18,2012,2016
51,Virginia,51690,Martinsville,31.060000000000002,2012,2016
51,Virginia,51700,Newport News,26.8,2012,2016
51,Virginia,51710,Norfolk,26.6,2012,2016
51,Virginia,51720,Norton,24.86,2012,2016
51,Virginia,51730,Petersburg,31.660000000000004,2012,2016
51,Virginia,51735,Poquoson,23.119999999999997,2012,2016
51,Virginia,51740,Portsmouth,28.96,2012,2016
51,Virginia,51750,Radford,37.22,2012,2016
51,Virginia,51760,Richmond City,26.259999999999998,2012,2016
51,Virginia,51770,Roanoke City,37.739999999999995,2012,2016
51,Virginia,51775,Salem,37.739999999999995,2012,2016
51,Virginia,51790,Staunton,32.56,2012,2016
51,Virginia,51800,Suffolk,29.7,2012,2016
51,Virginia,51810,Virginia Beach,25.36,2012,2016
51,Virginia,51820,Waynesboro,32.6,2012,2016
51,Virginia,51830,Williamsburg,19.18,2012,2016
51,Virginia,51840,Winchester,27.6,2012,2016
53,Washington,53001,Adams,28.46,2012,2016
53,Washington,53003,Asotin,15.080000000000002,2012,2016
53,Washington,53005,Benton,24.86,2012,2016
53,Washington,53007,Chelan,22.619999999999997,2012,2016
53,Washington,53009,Clallam,23.82,2012,2016
53,Washington,53011,Clark,25.14,2012,2016
53,Washington,53013,Columbia,18.240000000000002,2012,2016
53,Washington,53015,Cowlitz,26.98,2012,2016
53,Washington,53017,Douglas,28.02,2012,2016
53,Washington,53019,Ferry,27.9,2012,2016
53,Washington,53021,Franklin,26.619999999999997,2012,2016
53,Washington,53023,Garfield,16.580000000000002,2012,2016
53,Washington,53025,Grant,28.119999999999997,2012,2016
53,Washington,53027,Grays Harbor,28.360000000000003,2012,2016
53,Washington,53029,Island,25.380000000000003,2012,2016
53,Washington,53031,Jefferson,24.72,2012,2016
53,Washington,53033,King,23.66,2012,2016
53,Washington,53035,Kitsap,23.2,2012,2016
53,Washington,53037,Kittitas,23.44,2012,2016
53,Washington,53039,Klickitat,26.139999999999997,2012,2016
53,Washington,53041,Lewis,28.880000000000003,2012,2016
53,Washington,53043,Lincoln,28.380000000000003,2012,2016
53,Washington,53045,Mason,26.72,2012,2016
53,Washington,53047,Okanogan,28.0,2012,2016
53,Washington,53049,Pacific,30.32,2012,2016
53,Washington,53051,Pend Oreille,27.919999999999998,2012,2016
53,Washington,53053,Pierce,23.7,2012,2016
53,Washington,53055,San Juan,25.660000000000004,2012,2016
53,Washington,53057,Skagit,26.46,2012,2016
53,Washington,53059,Skamania,26.3,2012,2016
53,Washington,53061,Snohomish,22.5,2012,2016
53,Washington,53063,Spokane,27.76,2012,2016
53,Washington,53065,Stevens,27.82,2012,2016
53,Washington,53067,Thurston,28.48,2012,2016
53,Washington,53069,Wahkiakum,29.9,2012,2016
53,Washington,53071,Walla Walla,20.96,2012,2016
53,Washington,53073,Whatcom,27.0,2012,2016
53,Washington,53075,Whitman,26.560000000000002,2012,2016
53,Washington,53077,Yakima,23.54,2012,2016
54,West Virginia,54001,Barbour,49.18,2012,2016
54,West Virginia,54003,Berkeley,26.32,2012,2016
54,West Virginia,54005,Boone,51.94,2012,2016
54,West Virginia,54007,Braxton,55.67999999999999,2012,2016
54,West Virginia,54009,Brooke,36.8,2012,2016
54,West Virginia,54011,Cabell,48.68,2012,2016
54,West Virginia,54013,Calhoun,49.879999999999995,2012,2016
54,West Virginia,54015,Clay,50.1,2012,2016
54,West Virginia,54017,Doddridge,59.7,2012,2016
54,West Virginia,54019,Fayette,48.019999999999996,2012,2016
54,West Virginia,54021,Gilmer,52.94,2012,2016
54,West Virginia,54023,Grant,21.14,2012,2016
54,West Virginia,54025,Greenbrier,42.2,2012,2016
54,West Virginia,54027,Hampshire,21.919999999999998,2012,2016
54,West Virginia,54029,Hancock,33.46,2012,2016
54,West Virginia,54031,Hardy,21.1,2012,2016
54,West Virginia,54033,Harrison,58.54,2012,2016
54,West Virginia,54035,Jackson,46.64,2012,2016
54,West Virginia,54037,Jefferson,24.619999999999997,2012,2016
54,West Virginia,54039,Kanawha,50.1,2012,2016
54,West Virginia,54041,Lewis,57.279999999999994,2012,2016
54,West Virginia,54043,Lincoln,51.239999999999995,2012,2016
54,West Virginia,54045,Logan,55.94,2012,2016
54,West Virginia,54047,McDowell,39.88,2012,2016
54,West Virginia,54049,Marion,53.120000000000005,2012,2016
54,West Virginia,54051,Marshall,41.339999999999996,2012,2016
54,West Virginia,54053,Mason,46.519999999999996,2012,2016
54,West Virginia,54055,Mercer,43.540000000000006,2012,2016
54,West Virginia,54057,Mineral,21.380000000000003,2012,2016
54,West Virginia,54059,Mingo,50.46,2012,2016
54,West Virginia,54061,Monongalia,45.04,2012,2016
54,West Virginia,54063,Monroe,35.239999999999995,2012,2016
54,West Virginia,54065,Morgan,28.9,2012,2016
54,West Virginia,54067,Nicholas,49.42,2012,2016
54,West Virginia,54069,Ohio,39.06,2012,2016
54,West Virginia,54071,Pendleton,26.26,2012,2016
54,West Virginia,54073,Pleasants,43.46,2012,2016
54,West Virginia,54075,Pocahontas,36.22,2012,2016
54,West Virginia,54077,Preston,37.519999999999996,2012,2016
54,West Virginia,54079,Putnam,48.88,2012,2016
54,West Virginia,54081,Raleigh,49.739999999999995,2012,2016
54,West Virginia,54083,Randolph,37.17999999999999,2012,2016
54,West Virginia,54085,Ritchie,43.2,2012,2016
54,West Virginia,54087,Roane,50.82,2012,2016
54,West Virginia,54089,Summers,44.88,2012,2016
54,West Virginia,54091,Taylor,50.08,2012,2016
54,West Virginia,54093,Tucker,38.38,2012,2016
54,West Virginia,54095,Tyler,46.660000000000004,2012,2016
54,West Virginia,54097,Upshur,56.7,2012,2016
54,West Virginia,54099,Wayne,53.46,2012,2016
54,West Virginia,54101,Webster,45.86,2012,2016
54,West Virginia,54103,Wetzel,51.160000000000004,2012,2016
54,West Virginia,54105,Wirt,46.44,2012,2016
54,West Virginia,54107,Wood,45.8,2012,2016
54,West Virginia,54109,Wyoming,49.760000000000005,2012,2016
55,Wisconsin,55001,Adams,33.18,2012,2016
55,Wisconsin,55003,Ashland,29.02,2012,2016
55,Wisconsin,55005,Barron,30.18,2012,2016
55,Wisconsin,55007,Bayfield,35.7,2012,2016
55,Wisconsin,55009,Brown,27.54,2012,2016
55,Wisconsin,55011,Buffalo,24.36,2012,2016
55,Wisconsin,55013,Burnett,33.72,2012,2016
55,Wisconsin,55015,Calumet,26.619999999999997,2012,2016
55,Wisconsin,55017,Chippewa,30.22,2012,2016
55,Wisconsin,55019,Clark,29.98,2012,2016
55,Wisconsin,55021,Columbia,27.7,2012,2016
55,Wisconsin,55023,Crawford,26.18,2012,2016
55,Wisconsin,55025,Dane,28.18,2012,2016
55,Wisconsin,55027,Dodge,25.1,2012,2016
55,Wisconsin,55029,Door,31.660000000000004,2012,2016
55,Wisconsin,55031,Douglas,33.44,2012,2016
55,Wisconsin,55033,Dunn,29.04,2012,2016
55,Wisconsin,55035,Eau Claire,29.9,2012,2016
55,Wisconsin,55037,Florence,36.660000000000004,2012,2016
55,Wisconsin,55039,Fond du Lac,26.360000000000003,2012,2016
55,Wisconsin,55041,Forest,35.6,2012,2016
55,Wisconsin,55043,Grant,29.98,2012,2016
55,Wisconsin,55045,Green,27.160000000000004,2012,2016
55,Wisconsin,55047,Green Lake,28.5,2012,2016
55,Wisconsin,55049,Iowa,26.54,2012,2016
55,Wisconsin,55051,Iron,33.1,2012,2016
55,Wisconsin,55053,Jackson,30.419999999999998,2012,2016
55,Wisconsin,55055,Jefferson,25.54,2012,2016
55,Wisconsin,55057,Juneau,31.8,2012,2016
55,Wisconsin,55059,Kenosha,26.560000000000002,2012,2016
55,Wisconsin,55061,Kewaunee,31.0,2012,2016
55,Wisconsin,55063,La Crosse,21.36,2012,2016
55,Wisconsin,55065,Lafayette,29.76,2012,2016
55,Wisconsin,55067,Langlade,29.1,2012,2016
55,Wisconsin,55069,Lincoln,27.660000000000004,2012,2016
55,Wisconsin,55071,Manitowoc,29.48,2012,2016
55,Wisconsin,55073,Marathon,31.080000000000002,2012,2016
55,Wisconsin,55075,Marinette,32.14,2012,2016
55,Wisconsin,55077,Marquette,29.6,2012,2016
55,Wisconsin,55078,Menominee,31.360000000000003,2012,2016
55,Wisconsin,55079,Milwaukee,26.080000000000002,2012,2016
55,Wisconsin,55081,Monroe,26.32,2012,2016
55,Wisconsin,55083,Oconto,32.519999999999996,2012,2016
55,Wisconsin,55085,Oneida,34.64,2012,2016
55,Wisconsin,55087,Outagamie,26.2,2012,2016
55,Wisconsin,55089,Ozaukee,26.74,2012,2016
55,Wisconsin,55091,Pepin,27.9,2012,2016
55,Wisconsin,55093,Pierce,26.24,2012,2016
55,Wisconsin,55095,Polk,27.660000000000004,2012,2016
55,Wisconsin,55097,Portage,29.959999999999997,2012,2016
55,Wisconsin,55099,Price,33.5,2012,2016
55,Wisconsin,55101,Racine,26.18,2012,2016
55,Wisconsin,55103,Richland,29.119999999999997,2012,2016
55,Wisconsin,55105,Rock,26.9,2012,2016
55,Wisconsin,55107,Rusk,31.8,2012,2016
55,Wisconsin,55109,St. Croix,27.060000000000002,2012,2016
55,Wisconsin,55111,Sauk,26.4,2012,2016
55,Wisconsin,55113,Sawyer,34.8,2012,2016
55,Wisconsin,55115,Shawano,28.18,2012,2016
55,Wisconsin,55117,Sheboygan,26.4,2012,2016
55,Wisconsin,55119,Taylor,28.98,2012,2016
55,Wisconsin,55121,Trempealeau,23.64,2012,2016
55,Wisconsin,55123,Vernon,24.6,2012,2016
55,Wisconsin,55125,Vilas,31.76,2012,2016
55,Wisconsin,55127,Walworth,24.86,2012,2016
55,Wisconsin,55129,Washburn,33.04,2012,2016
55,Wisconsin,55131,Washington,26.96,2012,2016
55,Wisconsin,55133,Waukesha,26.639999999999997,2012,2016
55,Wisconsin,55135,Waupaca,26.139999999999997,2012,2016
55,Wisconsin,55137,Waushara,26.8,2012,2016
55,Wisconsin,55139,Winnebago,25.18,2012,2016
55,Wisconsin,55141,Wood,31.04,2012,2016
4,Arizona,4001,Apache,28.580000000000002,2013,2017
4,Arizona,4003,Cochise,26.46,2013,2017
4,Arizona,4005,Coconino,28.98,2013,2017
4,Arizona,4007,Gila,25.8,2013,2017
4,Arizona,4009,Graham,27.24,2013,2017
4,Arizona,4011,Greenlee,33.04,2013,2017
4,Arizona,4012,La Paz,28.560000000000002,2013,2017
4,Arizona,4013,Maricopa,25.7,2013,2017
4,Arizona,4015,Mohave,30.68,2013,2017
4,Arizona,4017,Navajo,27.919999999999998,2013,2017
4,Arizona,4019,Pima,25.82,2013,2017
4,Arizona,4021,Pinal,25.419999999999998,2013,2017
4,Arizona,4023,Santa Cruz,26.0,2013,2017
4,Arizona,4025,Yavapai,25.9,2013,2017
4,Arizona,4027,Yuma,25.54,2013,2017
6,California,6001,Alameda,21.619999999999997,2013,2017
6,California,6003,Alpine,22.119999999999997,2013,2017
6,California,6005,Amador,30.78,2013,2017
6,California,6007,Butte,28.4,2013,2017
6,California,6009,Calaveras,30.439999999999998,2013,2017
6,California,6011,Colusa,28.2,2013,2017
6,California,6013,Contra Costa,24.24,2013,2017
6,California,6015,Del Norte,27.98,2013,2017
6,California,6017,El Dorado,29.580000000000002,2013,2017
6,California,6019,Fresno,27.360000000000003,2013,2017
6,California,6021,Glenn,27.04,2013,2017
6,California,6023,Humboldt,24.56,2013,2017
6,California,6025,Imperial,24.580000000000002,2013,2017
6,California,6027,Inyo,31.5,2013,2017
6,California,6029,Kern,27.28,2013,2017
6,California,6031,Kings,27.0,2013,2017
6,California,6033,Lake,22.78,2013,2017
6,California,6035,Lassen,24.52,2013,2017
6,California,6037,Los Angeles,26.4,2013,2017
6,California,6039,Madera,28.24,2013,2017
6,California,6041,Marin,20.86,2013,2017
6,California,6043,Mariposa,30.619999999999997,2013,2017
6,California,6045,Mendocino,23.619999999999997,2013,2017
6,California,6047,Merced,24.32,2013,2017
6,California,6049,Modoc,24.48,2013,2017
6,California,6051,Mono,26.939999999999998,2013,2017
6,California,6053,Monterey,22.98,2013,2017
6,California,6055,Napa,24.419999999999998,2013,2017
6,California,6057,Nevada,24.66,2013,2017
6,California,6059,Orange,25.68,2013,2017
6,California,6061,Placer,29.28,2013,2017
6,California,6063,Plumas,27.76,2013,2017
6,California,6065,Riverside,24.82,2013,2017
6,California,6067,Sacramento,27.8,2013,2017
6,California,6069,San Benito,21.939999999999998,2013,2017
6,California,6071,San Bernardino,27.080000000000002,2013,2017
6,California,6073,San Diego,23.0,2013,2017
6,California,6075,San Francisco,19.8,2013,2017
6,California,6077,San Joaquin,26.8,2013,2017
6,California,6079,San Luis Obispo,23.28,2013,2017
6,California,6081,San Mateo,19.22,2013,2017
6,California,6083,Santa Barbara,23.44,2013,2017
6,California,6085,Santa Clara,21.34,2013,2017
6,California,6087,Santa Cruz,18.82,2013,2017
6,California,6089,Shasta,23.4,2013,2017
6,California,6091,Sierra,21.48,2013,2017
6,California,6093,Siskiyou,27.22,2013,2017
6,California,6095,Solano,25.880000000000003,2013,2017
6,California,6097,Sonoma,22.5,2013,2017
6,California,6099,Stanislaus,23.48,2013,2017
6,California,6101,Sutter,30.360000000000003,2013,2017
6,California,6103,Tehama,27.0,2013,2017
6,California,6105,Trinity,27.02,2013,2017
6,California,6107,Tulare,30.160000000000004,2013,2017
6,California,6109,Tuolumne,29.139999999999997,2013,2017
6,California,6111,Ventura,26.419999999999998,2013,2017
6,California,6113,Yolo,30.439999999999998,2013,2017
6,California,6115,Yuba,25.9,2013,2017
8,Colorado,8001,Adams,20.380000000000003,2013,2017
8,Colorado,8003,Alamosa,28.54,2013,2017
8,Colorado,8005,Arapahoe,19.2,2013,2017
8,Colorado,8007,Archuleta,25.82,2013,2017
8,Colorado,8009,Baca,25.860000000000003,2013,2017
8,Colorado,8011,Bent,28.619999999999997,2013,2017
8,Colorado,8013,Boulder,19.36,2013,2017
8,Colorado,8014,Broomfield,20.759999999999998,2013,2017
8,Colorado,8015,Chaffee,18.96,2013,2017
8,Colorado,8017,Cheyenne,20.98,2013,2017
8,Colorado,8019,Clear Creek,18.22,2013,2017
8,Colorado,8021,Conejos,26.859999999999996,2013,2017
8,Colorado,8023,Costilla,25.48,2013,2017
8,Colorado,8025,Crowley,22.919999999999998,2013,2017
8,Colorado,8027,Custer,25.16,2013,2017
8,Colorado,8029,Delta,22.56,2013,2017
8,Colorado,8031,Denver,19.8,2013,2017
8,Colorado,8033,Dolores,13.86,2013,2017
8,Colorado,8035,Douglas,18.7,2013,2017
8,Colorado,8037,Eagle,13.02,2013,2017
8,Colorado,8039,Elbert,18.6,2013,2017
8,Colorado,8041,El Paso,20.6,2013,2017
8,Colorado,8043,Fremont,22.279999999999998,2013,2017
8,Colorado,8045,Garfield,18.72,2013,2017
8,Colorado,8047,Gilpin,17.240000000000002,2013,2017
8,Colorado,8049,Grand,16.759999999999998,2013,2017
8,Colorado,8051,Gunnison,20.880000000000003,2013,2017
8,Colorado,8053,Hinsdale,15.12,2013,2017
8,Colorado,8055,Huerfano,25.4,2013,2017
8,Colorado,8057,Jackson,19.94,2013,2017
8,Colorado,8059,Jefferson,18.639999999999997,2013,2017
8,Colorado,8061,Kiowa,28.04,2013,2017
8,Colorado,8063,Kit Carson,21.759999999999998,2013,2017
8,Colorado,8065,Lake,12.379999999999999,2013,2017
8,Colorado,8067,La Plata,22.52,2013,2017
8,Colorado,8069,Larimer,19.82,2013,2017
8,Colorado,8071,Las Animas,25.9,2013,2017
8,Colorado,8073,Lincoln,20.34,2013,2017
8,Colorado,8075,Logan,24.54,2013,2017
8,Colorado,8077,Mesa,19.96,2013,2017
8,Colorado,8079,Mineral,22.860000000000003,2013,2017
8,Colorado,8081,Moffat,21.5,2013,2017
8,Colorado,8083,Montezuma,22.06,2013,2017
8,Colorado,8085,Montrose,20.78,2013,2017
8,Colorado,8087,Morgan,26.04,2013,2017
8,Colorado,8089,Otero,26.380000000000003,2013,2017
8,Colorado,8091,Ouray,18.119999999999997,2013,2017
8,Colorado,8093,Park,18.9,2013,2017
8,Colorado,8095,Phillips,25.22,2013,2017
8,Colorado,8097,Pitkin,18.68,2013,2017
8,Colorado,8099,Prowers,26.1,2013,2017
8,Colorado,8101,Pueblo,23.2,2013,2017
8,Colorado,8103,Rio Blanco,19.66,2013,2017
8,Colorado,8105,Rio Grande,25.9,2013,2017
8,Colorado,8107,Routt,15.48,2013,2017
8,Colorado,8109,Saguache,24.380000000000003,2013,2017
8,Colorado,8111,San Juan,14.319999999999999,2013,2017
8,Colorado,8113,San Miguel,16.66,2013,2017
8,Colorado,8115,Sedgwick,19.759999999999998,2013,2017
8,Colorado,8117,Summit,13.14,2013,2017
8,Colorado,8119,Teller,19.419999999999998,2013,2017
8,Colorado,8121,Washington,21.3,2013,2017
8,Colorado,8123,Weld,21.82,2013,2017
8,Colorado,8125,Yuma,24.16,2013,2017
9,Connecticut,9001,Fairfield,24.619999999999997,2013,2017
9,Connecticut,9003,Hartford,26.439999999999998,2013,2017
9,Connecticut,9005,Litchfield,25.5,2013,2017
9,Connecticut,9007,Middlesex,26.22,2013,2017
9,Connecticut,9009,New Haven,25.380000000000003,2013,2017
9,Connecticut,9011,New London,26.78,2013,2017
9,Connecticut,9013,Tolland,27.18,2013,2017
9,Connecticut,9015,Windham,30.18,2013,2017
12,Florida,12001,Alachua,37.160000000000004,2013,2017
12,Florida,12003,Baker,32.78,2013,2017
12,Florida,12005,Bay,29.98,2013,2017
12,Florida,12007,Bradford,32.04,2013,2017
12,Florida,12009,Brevard,29.2,2013,2017
12,Florida,12011,Broward,26.639999999999997,2013,2017
12,Florida,12013,Calhoun,31.74,2013,2017
12,Florida,12015,Charlotte,26.5,2013,2017
12,Florida,12017,Citrus,39.68,2013,2017
12,Florida,12019,Clay,31.18,2013,2017
12,Florida,12021,Collier,27.339999999999996,2013,2017
12,Florida,12023,Columbia,35.28,2013,2017
12,Florida,12027,DeSoto,28.98,2013,2017
12,Florida,12029,Dixie,36.44,2013,2017
12,Florida,12031,Duval,30.4,2013,2017
12,Florida,12033,Escambia,32.96,2013,2017
12,Florida,12035,Flagler,30.639999999999997,2013,2017
12,Florida,12037,Franklin,39.42,2013,2017
12,Florida,12039,Gadsden,29.5,2013,2017
12,Florida,12041,Gilchrist,34.1,2013,2017
12,Florida,12043,Glades,24.82,2013,2017
12,Florida,12045,Gulf,35.04,2013,2017
12,Florida,12047,Hamilton,44.82,2013,2017
12,Florida,12049,Hardee,33.44,2013,2017
12,Florida,12051,Hendry,24.52,2013,2017
12,Florida,12053,Hernando,38.879999999999995,2013,2017
12,Florida,12055,Highlands,37.6,2013,2017
12,Florida,12057,Hillsborough,33.38,2013,2017
12,Florida,12059,Holmes,24.3,2013,2017
12,Florida,12061,Indian River,33.18,2013,2017
12,Florida,12063,Jackson,31.339999999999996,2013,2017
12,Florida,12065,Jefferson,33.46,2013,2017
12,Florida,12067,Lafayette,40.239999999999995,2013,2017
12,Florida,12069,Lake,32.879999999999995,2013,2017
12,Florida,12071,Lee,23.740000000000002,2013,2017
12,Florida,12073,Leon,32.760000000000005,2013,2017
12,Florida,12075,Levy,37.44,2013,2017
12,Florida,12077,Liberty,30.74,2013,2017
12,Florida,12079,Madison,41.480000000000004,2013,2017
12,Florida,12081,Manatee,31.2,2013,2017
12,Florida,12083,Marion,35.94,2013,2017
12,Florida,12085,Martin,25.639999999999997,2013,2017
12,Florida,12086,Miami-Dade,28.18,2013,2017
12,Florida,12087,Monroe,28.72,2013,2017
12,Florida,12089,Nassau,31.72,2013,2017
12,Florida,12091,Okaloosa,32.18,2013,2017
12,Florida,12093,Okeechobee,29.7,2013,2017
12,Florida,12095,Orange,31.560000000000002,2013,2017
12,Florida,12097,Osceola,33.04,2013,2017
12,Florida,12099,Palm Beach,25.259999999999998,2013,2017
12,Florida,12101,Pasco,34.04,2013,2017
12,Florida,12103,Pinellas,32.760000000000005,2013,2017
12,Florida,12105,Polk,33.72,2013,2017
12,Florida,12107,Putnam,32.3,2013,2017
12,Florida,12109,St. Johns,30.28,2013,2017
12,Florida,12111,St. Lucie,32.32,2013,2017
12,Florida,12113,Santa Rosa,32.46,2013,2017
12,Florida,12115,Sarasota,27.360000000000003,2013,2017
12,Florida,12117,Seminole,29.52,2013,2017
12,Florida,12119,Sumter,38.66,2013,2017
12,Florida,12121,Suwannee,42.94,2013,2017
12,Florida,12123,Taylor,37.12,2013,2017
12,Florida,12125,Union,33.62,2013,2017
12,Florida,12127,Volusia,30.660000000000004,2013,2017
12,Florida,12129,Wakulla,32.9,2013,2017
12,Florida,12131,Walton,31.619999999999997,2013,2017
12,Florida,12133,Washington,29.660000000000004,2013,2017
19,Iowa,19001,Adair,20.82,2013,2017
19,Iowa,19003,Adams,19.1,2013,2017
19,Iowa,19005,Allamakee,17.46,2013,2017
19,Iowa,19007,Appanoose,42.56,2013,2017
19,Iowa,19009,Audubon,16.36,2013,2017
19,Iowa,19011,Benton,29.74,2013,2017
19,Iowa,19013,Black Hawk,30.439999999999998,2013,2017
19,Iowa,19015,Boone,26.639999999999997,2013,2017
19,Iowa,19017,Bremer,30.1,2013,2017
19,Iowa,19019,Buchanan,31.1,2013,2017
19,Iowa,19021,Buena Vista,21.380000000000003,2013,2017
19,Iowa,19023,Butler,29.6,2013,2017
19,Iowa,19025,Calhoun,27.82,2013,2017
19,Iowa,19027,Carroll,21.46,2013,2017
19,Iowa,19029,Cass,24.82,2013,2017
19,Iowa,19031,Cedar,31.0,2013,2017
19,Iowa,19033,Cerro Gordo,27.22,2013,2017
19,Iowa,19035,Cherokee,22.9,2013,2017
19,Iowa,19037,Chickasaw,23.0,2013,2017
19,Iowa,19039,Clarke,28.78,2013,2017
19,Iowa,19041,Clay,14.660000000000002,2013,2017
19,Iowa,19043,Clayton,27.72,2013,2017
19,Iowa,19045,Clinton,34.54,2013,2017
19,Iowa,19047,Crawford,22.96,2013,2017
19,Iowa,19049,Dallas,24.54,2013,2017
19,Iowa,19051,Davis,39.92,2013,2017
19,Iowa,19053,Decatur,33.68,2013,2017
19,Iowa,19055,Delaware,31.880000000000003,2013,2017
19,Iowa,19057,Des Moines,41.36,2013,2017
19,Iowa,19059,Dickinson,12.8,2013,2017
19,Iowa,19061,Dubuque,32.0,2013,2017
19,Iowa,19063,Emmet,19.28,2013,2017
19,Iowa,19065,Fayette,26.52,2013,2017
19,Iowa,19067,Floyd,26.4,2013,2017
19,Iowa,19069,Franklin,30.22,2013,2017
19,Iowa,19071,Fremont,20.380000000000003,2013,2017
19,Iowa,19073,Greene,25.0,2013,2017
19,Iowa,19075,Grundy,29.939999999999998,2013,2017
19,Iowa,19077,Guthrie,20.02,2013,2017
19,Iowa,19079,Hamilton,32.72,2013,2017
19,Iowa,19081,Hancock,26.78,2013,2017
19,Iowa,19083,Hardin,31.4,2013,2017
19,Iowa,19085,Harrison,23.4,2013,2017
19,Iowa,19087,Henry,37.7,2013,2017
19,Iowa,19089,Howard,19.880000000000003,2013,2017
19,Iowa,19091,Humboldt,28.98,2013,2017
19,Iowa,19093,Ida,25.68,2013,2017
19,Iowa,19095,Iowa,29.48,2013,2017
19,Iowa,19097,Jackson,36.04,2013,2017
19,Iowa,19099,Jasper,27.04,2013,2017
19,Iowa,19101,Jefferson,38.9,2013,2017
19,Iowa,19103,Johnson,28.52,2013,2017
19,Iowa,19105,Jones,33.46,2013,2017
19,Iowa,19107,Keokuk,35.44,2013,2017
19,Iowa,19109,Kossuth,26.580000000000002,2013,2017
19,Iowa,19111,Lee,40.14,2013,2017
19,Iowa,19113,Linn,29.46,2013,2017
19,Iowa,19115,Louisa,28.839999999999996,2013,2017
19,Iowa,19117,Lucas,29.119999999999997,2013,2017
19,Iowa,19119,Lyon,13.88,2013,2017
19,Iowa,19121,Madison,24.380000000000003,2013,2017
19,Iowa,19123,Mahaska,35.38,2013,2017
19,Iowa,19125,Marion,26.119999999999997,2013,2017
19,Iowa,19127,Marshall,30.74,2013,2017
19,Iowa,19129,Mills,26.560000000000002,2013,2017
19,Iowa,19131,Mitchell,24.5,2013,2017
19,Iowa,19133,Monona,24.02,2013,2017
19,Iowa,19135,Monroe,37.46,2013,2017
19,Iowa,19137,Montgomery,23.28,2013,2017
19,Iowa,19139,Muscatine,27.52,2013,2017
19,Iowa,19141,O'Brien,13.52,2013,2017
19,Iowa,19143,Osceola,12.379999999999999,2013,2017
19,Iowa,19145,Page,17.759999999999998,2013,2017
19,Iowa,19147,Palo Alto,18.060000000000002,2013,2017
19,Iowa,19149,Plymouth,23.419999999999998,2013,2017
19,Iowa,19151,Pocahontas,25.939999999999998,2013,2017
19,Iowa,19153,Polk,25.74,2013,2017
19,Iowa,19155,Pottawattamie,24.84,2013,2017
19,Iowa,19157,Poweshiek,30.380000000000003,2013,2017
19,Iowa,19159,Ringgold,30.3,2013,2017
19,Iowa,19161,Sac,21.9,2013,2017
19,Iowa,19163,Scott,32.92,2013,2017
19,Iowa,19165,Shelby,21.58,2013,2017
19,Iowa,19167,Sioux,14.5,2013,2017
19,Iowa,19169,Story,27.68,2013,2017
19,Iowa,19171,Tama,29.639999999999997,2013,2017
19,Iowa,19173,Taylor,22.080000000000002,2013,2017
19,Iowa,19175,Union,26.72,2013,2017
19,Iowa,19177,Van Buren,38.88,2013,2017
19,Iowa,19179,Wapello,39.42,2013,2017
19,Iowa,19181,Warren,24.52,2013,2017
19,Iowa,19183,Washington,26.54,2013,2017
19,Iowa,19185,Wayne,33.66,2013,2017
19,Iowa,19187,Webster,32.14,2013,2017
19,Iowa,19189,Winnebago,26.919999999999998,2013,2017
19,Iowa,19191,Winneshiek,15.540000000000001,2013,2017
19,Iowa,19193,Woodbury,22.5,2013,2017
19,Iowa,19195,Worth,25.8,2013,2017
19,Iowa,19197,Wright,30.32,2013,2017
20,Kansas,20001,Allen,24.360000000000003,2013,2017
20,Kansas,20003,Anderson,30.2,2013,2017
20,Kansas,20005,Atchison,31.8,2013,2017
20,Kansas,20007,Barber,14.680000000000001,2013,2017
20,Kansas,20009,Barton,25.1,2013,2017
20,Kansas,20011,Bourbon,29.339999999999996,2013,2017
20,Kansas,20013,Brown,30.26,2013,2017
20,Kansas,20015,Butler,28.26,2013,2017
20,Kansas,20017,Chase,22.380000000000003,2013,2017
20,Kansas,20019,Chautauqua,17.28,2013,2017
20,Kansas,20021,Cherokee,34.120000000000005,2013,2017
20,Kansas,20023,Cheyenne,21.48,2013,2017
20,Kansas,20025,Clark,23.54,2013,2017
20,Kansas,20027,Clay,28.919999999999998,2013,2017
20,Kansas,20029,Cloud,21.080000000000002,2013,2017
20,Kansas,20031,Coffey,31.04,2013,2017
20,Kansas,20033,Comanche,16.04,2013,2017
20,Kansas,20035,Cowley,28.26,2013,2017
20,Kansas,20037,Crawford,34.36,2013,2017
20,Kansas,20039,Decatur,24.02,2013,2017
20,Kansas,20041,Dickinson,27.660000000000004,2013,2017
20,Kansas,20043,Doniphan,35.8,2013,2017
20,Kansas,20045,Douglas,23.380000000000003,2013,2017
20,Kansas,20047,Edwards,22.619999999999997,2013,2017
20,Kansas,20049,Elk,17.28,2013,2017
20,Kansas,20051,Ellis,24.6,2013,2017
20,Kansas,20053,Ellsworth,25.36,2013,2017
20,Kansas,20055,Finney,22.48,2013,2017
20,Kansas,20057,Ford,23.72,2013,2017
20,Kansas,20059,Franklin,21.96,2013,2017
20,Kansas,20061,Geary,30.74,2013,2017
20,Kansas,20063,Gove,27.439999999999998,2013,2017
20,Kansas,20065,Graham,24.64,2013,2017
20,Kansas,20067,Grant,20.5,2013,2017
20,Kansas,20069,Gray,23.3,2013,2017
20,Kansas,20071,Greeley,26.339999999999996,2013,2017
20,Kansas,20073,Greenwood,21.82,2013,2017
20,Kansas,20075,Hamilton,24.52,2013,2017
20,Kansas,20077,Harper,20.6,2013,2017
20,Kansas,20079,Harvey,28.68,2013,2017
20,Kansas,20081,Haskell,17.46,2013,2017
20,Kansas,20083,Hodgeman,24.619999999999997,2013,2017
20,Kansas,20085,Jackson,28.060000000000002,2013,2017
20,Kansas,20087,Jefferson,27.76,2013,2017
20,Kansas,20089,Jewell,22.880000000000003,2013,2017
20,Kansas,20091,Johnson,27.880000000000003,2013,2017
20,Kansas,20093,Kearny,22.259999999999998,2013,2017
20,Kansas,20095,Kingman,29.6,2013,2017
20,Kansas,20097,Kiowa,20.68,2013,2017
20,Kansas,20099,Labette,24.16,2013,2017
20,Kansas,20101,Lane,23.94,2013,2017
20,Kansas,20103,Leavenworth,24.44,2013,2017
20,Kansas,20105,Lincoln,25.4,2013,2017
20,Kansas,20107,Linn,33.42,2013,2017
20,Kansas,20109,Logan,25.68,2013,2017
20,Kansas,20111,Lyon,30.839999999999996,2013,2017
20,Kansas,20113,McPherson,28.24,2013,2017
20,Kansas,20115,Marion,23.36,2013,2017
20,Kansas,20117,Marshall,23.5,2013,2017
20,Kansas,20119,Meade,21.080000000000002,2013,2017
20,Kansas,20121,Miami,23.32,2013,2017
20,Kansas,20123,Mitchell,23.740000000000002,2013,2017
20,Kansas,20125,Montgomery,15.059999999999999,2013,2017
20,Kansas,20127,Morris,31.5,2013,2017
20,Kansas,20129,Morton,14.62,2013,2017
20,Kansas,20131,Nemaha,25.68,2013,2017
20,Kansas,20133,Neosho,20.82,2013,2017
20,Kansas,20135,Ness,24.04,2013,2017
20,Kansas,20137,Norton,20.160000000000004,2013,2017
20,Kansas,20139,Osage,27.860000000000003,2013,2017
20,Kansas,20141,Osborne,21.74,2013,2017
20,Kansas,20143,Ottawa,26.119999999999997,2013,2017
20,Kansas,20145,Pawnee,22.18,2013,2017
20,Kansas,20147,Phillips,17.64,2013,2017
20,Kansas,20149,Pottawatomie,26.48,2013,2017
20,Kansas,20151,Pratt,25.2,2013,2017
20,Kansas,20153,Rawlins,22.72,2013,2017
20,Kansas,20155,Reno,29.78,2013,2017
20,Kansas,20157,Republic,22.94,2013,2017
20,Kansas,20159,Rice,27.72,2013,2017
20,Kansas,20161,Riley,26.54,2013,2017
20,Kansas,20163,Rooks,21.34,2013,2017
20,Kansas,20165,Rush,21.66,2013,2017
20,Kansas,20167,Russell,22.14,2013,2017
20,Kansas,20169,Saline,25.76,2013,2017
20,Kansas,20171,Scott,24.419999999999998,2013,2017
20,Kansas,20173,Sedgwick,28.5,2013,2017
20,Kansas,20175,Seward,12.6,2013,2017
20,Kansas,20177,Shawnee,26.6,2013,2017
20,Kansas,20179,Sheridan,19.880000000000003,2013,2017
20,Kansas,20181,Sherman,21.3,2013,2017
20,Kansas,20183,Smith,22.619999999999997,2013,2017
20,Kansas,20185,Stafford,26.9,2013,2017
20,Kansas,20187,Stanton,20.380000000000003,2013,2017
20,Kansas,20189,Stevens,13.779999999999998,2013,2017
20,Kansas,20191,Sumner,28.18,2013,2017
20,Kansas,20193,Thomas,23.160000000000004,2013,2017
20,Kansas,20195,Trego,23.14,2013,2017
20,Kansas,20197,Wabaunsee,28.660000000000004,2013,2017
20,Kansas,20199,Wallace,23.9,2013,2017
20,Kansas,20201,Washington,23.919999999999998,2013,2017
20,Kansas,20203,Wichita,26.52,2013,2017
20,Kansas,20205,Wilson,13.88,2013,2017
20,Kansas,20207,Woodson,21.22,2013,2017
20,Kansas,20209,Wyandotte,27.72,2013,2017
21,Kentucky,21001,Adair,53.56,2013,2017
21,Kentucky,21003,Allen,48.720000000000006,2013,2017
21,Kentucky,21005,Anderson,36.9,2013,2017
21,Kentucky,21007,Ballard,31.78,2013,2017
21,Kentucky,21009,Barren,58.879999999999995,2013,2017
21,Kentucky,21011,Bath,53.06,2013,2017
21,Kentucky,21013,Bell,49.94,2013,2017
21,Kentucky,21015,Boone,30.619999999999997,2013,2017
21,Kentucky,21017,Bourbon,33.92,2013,2017
21,Kentucky,21019,Boyd,55.3,2013,2017
21,Kentucky,21021,Boyle,46.339999999999996,2013,2017
21,Kentucky,21023,Bracken,49.839999999999996,2013,2017
21,Kentucky,21025,Breathitt,60.08,2013,2017
21,Kentucky,21027,Breckinridge,42.260000000000005,2013,2017
21,Kentucky,21029,Bullitt,35.68,2013,2017
21,Kentucky,21031,Butler,56.779999999999994,2013,2017
21,Kentucky,21033,Caldwell,38.9,2013,2017
21,Kentucky,21035,Calloway,42.22,2013,2017
21,Kentucky,21037,Campbell,27.7,2013,2017
21,Kentucky,21039,Carlisle,34.5,2013,2017
21,Kentucky,21041,Carroll,43.56,2013,2017
21,Kentucky,21043,Carter,51.9,2013,2017
21,Kentucky,21045,Casey,50.760000000000005,2013,2017
21,Kentucky,21047,Christian,37.519999999999996,2013,2017
21,Kentucky,21049,Clark,33.38,2013,2017
21,Kentucky,21051,Clay,50.44,2013,2017
21,Kentucky,21053,Clinton,48.02,2013,2017
21,Kentucky,21055,Crittenden,34.54,2013,2017
21,Kentucky,21057,Cumberland,49.660000000000004,2013,2017
21,Kentucky,21059,Daviess,34.0,2013,2017
21,Kentucky,21061,Edmonson,58.339999999999996,2013,2017
21,Kentucky,21063,Elliott,53.36,2013,2017
21,Kentucky,21065,Estill,44.42,2013,2017
21,Kentucky,21067,Fayette,31.339999999999996,2013,2017
21,Kentucky,21069,Fleming,54.54,2013,2017
21,Kentucky,21071,Floyd,57.31999999999999,2013,2017
21,Kentucky,21073,Franklin,35.62,2013,2017
21,Kentucky,21075,Fulton,45.6,2013,2017
21,Kentucky,21077,Gallatin,35.46,2013,2017
21,Kentucky,21079,Garrard,40.32,2013,2017
21,Kentucky,21081,Grant,33.22,2013,2017
21,Kentucky,21083,Graves,42.88,2013,2017
21,Kentucky,21085,Grayson,46.519999999999996,2013,2017
21,Kentucky,21087,Green,54.02,2013,2017
21,Kentucky,21089,Greenup,51.32000000000001,2013,2017
21,Kentucky,21091,Hancock,41.22,2013,2017
21,Kentucky,21093,Hardin,36.8,2013,2017
21,Kentucky,21095,Harlan,44.32000000000001,2013,2017
21,Kentucky,21097,Harrison,44.92,2013,2017
21,Kentucky,21099,Hart,49.56,2013,2017
21,Kentucky,21101,Henderson,30.78,2013,2017
21,Kentucky,21103,Henry,33.480000000000004,2013,2017
21,Kentucky,21105,Hickman,48.12,2013,2017
21,Kentucky,21107,Hopkins,44.260000000000005,2013,2017
21,Kentucky,21109,Jackson,44.739999999999995,2013,2017
21,Kentucky,21111,Jefferson,34.48,2013,2017
21,Kentucky,21113,Jessamine,30.24,2013,2017
21,Kentucky,21115,Johnson,62.86,2013,2017
21,Kentucky,21117,Kenton,29.419999999999998,2013,2017
21,Kentucky,21119,Knott,58.6,2013,2017
21,Kentucky,21121,Knox,50.54,2013,2017
21,Kentucky,21123,Larue,44.64,2013,2017
21,Kentucky,21125,Laurel,52.46,2013,2017
21,Kentucky,21127,Lawrence,57.08,2013,2017
21,Kentucky,21129,Lee,60.58,2013,2017
21,Kentucky,21131,Leslie,57.839999999999996,2013,2017
21,Kentucky,21133,Letcher,50.64,2013,2017
21,Kentucky,21135,Lewis,52.620000000000005,2013,2017
21,Kentucky,21137,Lincoln,49.54,2013,2017
21,Kentucky,21139,Livingston,34.58,2013,2017
21,Kentucky,21141,Logan,52.17999999999999,2013,2017
21,Kentucky,21143,Lyon,35.3,2013,2017
21,Kentucky,21145,McCracken,35.56,2013,2017
21,Kentucky,21147,McCreary,50.339999999999996,2013,2017
21,Kentucky,21149,McLean,40.1,2013,2017
21,Kentucky,21151,Madison,32.9,2013,2017
21,Kentucky,21153,Magoffin,61.739999999999995,2013,2017
21,Kentucky,21155,Marion,45.3,2013,2017
21,Kentucky,21157,Marshall,34.92,2013,2017
21,Kentucky,21159,Martin,55.620000000000005,2013,2017
21,Kentucky,21161,Mason,51.720000000000006,2013,2017
21,Kentucky,21163,Meade,38.56,2013,2017
21,Kentucky,21165,Menifee,54.98,2013,2017
21,Kentucky,21167,Mercer,36.760000000000005,2013,2017
21,Kentucky,21169,Metcalfe,56.839999999999996,2013,2017
21,Kentucky,21171,Monroe,58.660000000000004,2013,2017
21,Kentucky,21173,Montgomery,48.760000000000005,2013,2017
21,Kentucky,21175,Morgan,60.98,2013,2017
21,Kentucky,21177,Muhlenberg,46.9,2013,2017
21,Kentucky,21179,Nelson,38.02,2013,2017
21,Kentucky,21181,Nicholas,52.48,2013,2017
21,Kentucky,21183,Ohio,46.1,2013,2017
21,Kentucky,21185,Oldham,34.2,2013,2017
21,Kentucky,21187,Owen,42.04,2013,2017
21,Kentucky,21189,Owsley,61.86,2013,2017
21,Kentucky,21191,Pendleton,31.660000000000004,2013,2017
21,Kentucky,21193,Perry,64.7,2013,2017
21,Kentucky,21195,Pike,44.160000000000004,2013,2017
21,Kentucky,21197,Powell,51.239999999999995,2013,2017
21,Kentucky,21199,Pulaski,48.239999999999995,2013,2017
21,Kentucky,21201,Robertson,58.44,2013,2017
21,Kentucky,21203,Rockcastle,44.78,2013,2017
21,Kentucky,21205,Rowan,52.56,2013,2017
21,Kentucky,21207,Russell,48.9,2013,2017
21,Kentucky,21209,Scott,32.2,2013,2017
21,Kentucky,21211,Shelby,34.480000000000004,2013,2017
21,Kentucky,21213,Simpson,46.58,2013,2017
21,Kentucky,21215,Spencer,35.08,2013,2017
21,Kentucky,21217,Taylor,48.64,2013,2017
21,Kentucky,21219,Todd,38.62,2013,2017
21,Kentucky,21221,Trigg,34.0,2013,2017
21,Kentucky,21223,Trimble,32.019999999999996,2013,2017
21,Kentucky,21225,Union,20.580000000000002,2013,2017
21,Kentucky,21227,Warren,58.720000000000006,2013,2017
21,Kentucky,21229,Washington,41.279999999999994,2013,2017
21,Kentucky,21231,Wayne,49.54,2013,2017
21,Kentucky,21233,Webster,33.8,2013,2017
21,Kentucky,21235,Whitley,47.339999999999996,2013,2017
21,Kentucky,21237,Wolfe,61.4,2013,2017
21,Kentucky,21239,Woodford,30.6,2013,2017
22,Louisiana,22001,Acadia,28.860000000000003,2013,2017
22,Louisiana,22003,Allen,33.78,2013,2017
22,Louisiana,22005,Ascension,29.639999999999997,2013,2017
22,Louisiana,22007,Assumption,33.18,2013,2017
22,Louisiana,22009,Avoyelles,33.4,2013,2017
22,Louisiana,22011,Beauregard,30.419999999999998,2013,2017
22,Louisiana,22013,Bienville,31.48,2013,2017
22,Louisiana,22015,Bossier,30.76,2013,2017
22,Louisiana,22017,Caddo,30.46,2013,2017
22,Louisiana,22019,Calcasieu,29.339999999999996,2013,2017
22,Louisiana,22021,Caldwell,42.72,2013,2017
22,Louisiana,22023,Cameron,28.76,2013,2017
22,Louisiana,22025,Catahoula,42.56,2013,2017
22,Louisiana,22027,Claiborne,31.439999999999998,2013,2017
22,Louisiana,22029,Concordia,34.82,2013,2017
22,Louisiana,22031,De Soto,32.78,2013,2017
22,Louisiana,22033,East Baton Rouge,29.5,2013,2017
22,Louisiana,22035,East Carroll,40.92,2013,2017
22,Louisiana,22037,East Feliciana,28.72,2013,2017
22,Louisiana,22039,Evangeline,32.760000000000005,2013,2017
22,Louisiana,22041,Franklin,47.660000000000004,2013,2017
22,Louisiana,22043,Grant,34.44,2013,2017
22,Louisiana,22045,Iberia,28.96,2013,2017
22,Louisiana,22047,Iberville,28.3,2013,2017
22,Louisiana,22049,Jackson,37.92,2013,2017
22,Louisiana,22051,Jefferson,32.4,2013,2017
22,Louisiana,22053,Jefferson Davis,30.74,2013,2017
22,Louisiana,22055,Lafayette,28.54,2013,2017
22,Louisiana,22057,Lafourche,33.86,2013,2017
22,Louisiana,22059,La Salle,35.38,2013,2017
22,Louisiana,22061,Lincoln,35.58,2013,2017
22,Louisiana,22063,Livingston,31.339999999999996,2013,2017
22,Louisiana,22065,Madison,46.58,2013,2017
22,Louisiana,22067,Morehouse,38.980000000000004,2013,2017
22,Louisiana,22069,Natchitoches,33.88,2013,2017
22,Louisiana,22071,Orleans,31.060000000000002,2013,2017
22,Louisiana,22073,Ouachita,38.22,2013,2017
22,Louisiana,22075,Plaquemines,30.4,2013,2017
22,Louisiana,22077,Pointe Coupee,31.380000000000003,2013,2017
22,Louisiana,22079,Rapides,34.86,2013,2017
22,Louisiana,22081,Red River,31.2,2013,2017
22,Louisiana,22083,Richland,41.22,2013,2017
22,Louisiana,22085,Sabine,36.14,2013,2017
22,Louisiana,22087,St. Bernard,30.26,2013,2017
22,Louisiana,22089,St. Charles,34.17999999999999,2013,2017
22,Louisiana,22091,St. Helena,32.12,2013,2017
22,Louisiana,22093,St. James,31.639999999999997,2013,2017
22,Louisiana,22095,St. John the Baptist,33.68,2013,2017
22,Louisiana,22097,St. Landry,29.439999999999998,2013,2017
22,Louisiana,22099,St. Martin,29.18,2013,2017
22,Louisiana,22101,St. Mary,35.6,2013,2017
22,Louisiana,22103,St. Tammany,32.38,2013,2017
22,Louisiana,22105,Tangipahoa,34.86,2013,2017
22,Louisiana,22107,Tensas,42.18,2013,2017
22,Louisiana,22109,Terrebonne,36.94,2013,2017
22,Louisiana,22111,Union,35.480000000000004,2013,2017
22,Louisiana,22113,Vermilion,28.080000000000002,2013,2017
22,Louisiana,22115,Vernon,34.08,2013,2017
22,Louisiana,22117,Washington,36.9,2013,2017
22,Louisiana,22119,Webster,28.46,2013,2017
22,Louisiana,22121,West Baton Rouge,28.52,2013,2017
22,Louisiana,22123,West Carroll,41.1,2013,2017
22,Louisiana,22125,West Feliciana,33.7,2013,2017
22,Louisiana,22127,Winn,38.980000000000004,2013,2017
23,Maine,23001,Androscoggin,35.32,2013,2017
23,Maine,23003,Aroostook,53.3,2013,2017
23,Maine,23005,Cumberland,31.18,2013,2017
23,Maine,23007,Franklin,43.480000000000004,2013,2017
23,Maine,23009,Hancock,48.839999999999996,2013,2017
23,Maine,23011,Kennebec,43.32,2013,2017
23,Maine,23013,Knox,40.78,2013,2017
23,Maine,23015,Lincoln,39.839999999999996,2013,2017
23,Maine,23017,Oxford,31.439999999999998,2013,2017
23,Maine,23019,Penobscot,52.720000000000006,2013,2017
23,Maine,23021,Piscataquis,51.04,2013,2017
23,Maine,23023,Sagadahoc,35.3,2013,2017
23,Maine,23025,Somerset,48.24,2013,2017
23,Maine,23027,Waldo,45.96,2013,2017
23,Maine,23029,Washington,53.3,2013,2017
23,Maine,23031,York,29.160000000000004,2013,2017
24,Maryland,24001,Allegany,29.2,2013,2017
24,Maryland,24003,Anne Arundel,25.939999999999998,2013,2017
24,Maryland,24005,Baltimore,29.54,2013,2017
24,Maryland,24009,Calvert,19.419999999999998,2013,2017
24,Maryland,24011,Caroline,24.580000000000002,2013,2017
24,Maryland,24013,Carroll,28.04,2013,2017
24,Maryland,24015,Cecil,26.919999999999998,2013,2017
24,Maryland,24017,Charles,17.080000000000002,2013,2017
24,Maryland,24019,Dorchester,22.84,2013,2017
24,Maryland,24021,Frederick,21.2,2013,2017
24,Maryland,24023,Garrett,37.12,2013,2017
24,Maryland,24025,Harford,30.660000000000004,2013,2017
24,Maryland,24027,Howard,21.740000000000002,2013,2017
24,Maryland,24029,Kent,28.48,2013,2017
24,Maryland,24031,Montgomery,16.5,2013,2017
24,Maryland,24033,Prince George's,16.84,2013,2017
24,Maryland,24035,Queen Anne's,23.919999999999998,2013,2017
24,Maryland,24037,St. Mary's,18.78,2013,2017
24,Maryland,24039,Somerset,23.759999999999998,2013,2017
24,Maryland,24041,Talbot,23.34,2013,2017
24,Maryland,24043,Washington,28.4,2013,2017
24,Maryland,24045,Wicomico,27.580000000000002,2013,2017
24,Maryland,24047,Worcester,25.6,2013,2017
24,Maryland,24510,Baltimore City,31.32,2013,2017
25,Massachusetts,25001,Barnstable,30.380000000000003,2013,2017
25,Massachusetts,25003,Berkshire,27.360000000000003,2013,2017
25,Massachusetts,25005,Bristol,28.560000000000002,2013,2017
25,Massachusetts,25007,Dukes,30.68,2013,2017
25,Massachusetts,25009,Essex,24.880000000000003,2013,2017
25,Massachusetts,25011,Franklin,26.78,2013,2017
25,Massachusetts,25013,Hampden,26.860000000000003,2013,2017
25,Massachusetts,25015,Hampshire,27.98,2013,2017
25,Massachusetts,25017,Middlesex,24.66,2013,2017
25,Massachusetts,25019,Nantucket,28.8,2013,2017
25,Massachusetts,25021,Norfolk,26.860000000000003,2013,2017
25,Massachusetts,25023,Plymouth,26.9,2013,2017
25,Massachusetts,25025,Suffolk,24.32,2013,2017
25,Massachusetts,25027,Worcester,26.660000000000004,2013,2017
26,Michigan,26001,Alcona,49.760000000000005,2013,2017
26,Michigan,26003,Alger,37.86,2013,2017
26,Michigan,26005,Allegan,24.9,2013,2017
26,Michigan,26007,Alpena,45.42,2013,2017
26,Michigan,26009,Antrim,36.62,2013,2017
26,Michigan,26011,Arenac,52.760000000000005,2013,2017
26,Michigan,26013,Baraga,35.739999999999995,2013,2017
26,Michigan,26015,Barry,26.9,2013,2017
26,Michigan,26017,Bay,46.32000000000001,2013,2017
26,Michigan,26019,Benzie,35.88,2013,2017
26,Michigan,26021,Berrien,34.0,2013,2017
26,Michigan,26023,Branch,35.8,2013,2017
26,Michigan,26025,Calhoun,35.0,2013,2017
26,Michigan,26027,Cass,32.3,2013,2017
26,Michigan,26029,Charlevoix,31.72,2013,2017
26,Michigan,26031,Cheboygan,31.82,2013,2017
26,Michigan,26033,Chippewa,37.04,2013,2017
26,Michigan,26035,Clare,46.06,2013,2017
26,Michigan,26037,Clinton,30.419999999999998,2013,2017
26,Michigan,26039,Crawford,47.52,2013,2017
26,Michigan,26041,Delta,33.06,2013,2017
26,Michigan,26043,Dickinson,33.44,2013,2017
26,Michigan,26045,Eaton,32.8,2013,2017
26,Michigan,26047,Emmet,28.04,2013,2017
26,Michigan,26049,Genesee,37.9,2013,2017
26,Michigan,26051,Gladwin,51.239999999999995,2013,2017
26,Michigan,26053,Gogebic,30.3,2013,2017
26,Michigan,26055,Grand Traverse,39.519999999999996,2013,2017
26,Michigan,26057,Gratiot,36.9,2013,2017
26,Michigan,26059,Hillsdale,40.339999999999996,2013,2017
26,Michigan,26061,Houghton,34.18,2013,2017
26,Michigan,26063,Huron,51.839999999999996,2013,2017
26,Michigan,26065,Ingham,31.419999999999998,2013,2017
26,Michigan,26067,Ionia,25.360000000000003,2013,2017
26,Michigan,26069,Iosco,49.239999999999995,2013,2017
26,Michigan,26071,Iron,31.26,2013,2017
26,Michigan,26073,Isabella,43.239999999999995,2013,2017
26,Michigan,26075,Jackson,32.22,2013,2017
26,Michigan,26077,Kalamazoo,33.64,2013,2017
26,Michigan,26079,Kalkaska,42.56,2013,2017
26,Michigan,26081,Kent,25.46,2013,2017
26,Michigan,26083,Keweenaw,34.040000000000006,2013,2017
26,Michigan,26085,Lake,36.14,2013,2017
26,Michigan,26087,Lapeer,39.519999999999996,2013,2017
26,Michigan,26089,Leelanau,35.739999999999995,2013,2017
26,Michigan,26091,Lenawee,35.519999999999996,2013,2017
26,Michigan,26093,Livingston,34.480000000000004,2013,2017
26,Michigan,26095,Luce,38.239999999999995,2013,2017
26,Michigan,26097,Mackinac,31.9,2013,2017
26,Michigan,26099,Macomb,42.32,2013,2017
26,Michigan,26101,Manistee,35.92,2013,2017
26,Michigan,26103,Marquette,33.7,2013,2017
26,Michigan,26105,Mason,31.639999999999997,2013,2017
26,Michigan,26107,Mecosta,39.62,2013,2017
26,Michigan,26109,Menominee,35.14,2013,2017
26,Michigan,26111,Midland,46.9,2013,2017
26,Michigan,26113,Missaukee,44.980000000000004,2013,2017
26,Michigan,26115,Monroe,43.739999999999995,2013,2017
26,Michigan,26117,Montcalm,26.860000000000003,2013,2017
26,Michigan,26119,Montmorency,41.0,2013,2017
26,Michigan,26121,Muskegon,25.98,2013,2017
26,Michigan,26123,Newaygo,26.439999999999998,2013,2017
26,Michigan,26125,Oakland,40.5,2013,2017
26,Michigan,26127,Oceana,29.0,2013,2017
26,Michigan,26129,Ogemaw,51.6,2013,2017
26,Michigan,26131,Ontonagon,31.059999999999995,2013,2017
26,Michigan,26133,Osceola,42.480000000000004,2013,2017
26,Michigan,26135,Oscoda,48.7,2013,2017
26,Michigan,26137,Otsego,39.2,2013,2017
26,Michigan,26139,Ottawa,26.52,2013,2017
26,Michigan,26141,Presque Isle,38.86,2013,2017
26,Michigan,26143,Roscommon,53.36,2013,2017
26,Michigan,26145,Saginaw,42.62,2013,2017
26,Michigan,26147,St. Clair,42.82,2013,2017
26,Michigan,26149,St. Joseph,34.6,2013,2017
26,Michigan,26151,Sanilac,51.92,2013,2017
26,Michigan,26153,Schoolcraft,34.9,2013,2017
26,Michigan,26155,Shiawassee,35.88,2013,2017
26,Michigan,26157,Tuscola,46.239999999999995,2013,2017
26,Michigan,26159,Van Buren,32.2,2013,2017
26,Michigan,26161,Washtenaw,40.2,2013,2017
26,Michigan,26163,Wayne,40.54,2013,2017
26,Michigan,26165,Wexford,40.7,2013,2017
27,Minnesota,27001,Aitkin,33.260000000000005,2013,2017
27,Minnesota,27003,Anoka,24.02,2013,2017
27,Minnesota,27005,Becker,35.54,2013,2017
27,Minnesota,27007,Beltrami,36.4,2013,2017
27,Minnesota,27009,Benton,24.18,2013,2017
27,Minnesota,27011,Big Stone,28.72,2013,2017
27,Minnesota,27013,Blue Earth,26.0,2013,2017
27,Minnesota,27015,Brown,25.46,2013,2017
27,Minnesota,27017,Carlton,32.32,2013,2017
27,Minnesota,27019,Carver,23.86,2013,2017
27,Minnesota,27021,Cass,32.12,2013,2017
27,Minnesota,27023,Chippewa,23.48,2013,2017
27,Minnesota,27025,Chisago,26.54,2013,2017
27,Minnesota,27027,Clay,36.82,2013,2017
27,Minnesota,27029,Clearwater,33.8,2013,2017
27,Minnesota,27031,Cook,31.6,2013,2017
27,Minnesota,27033,Cottonwood,25.06,2013,2017
27,Minnesota,27035,Crow Wing,32.22,2013,2017
27,Minnesota,27037,Dakota,24.04,2013,2017
27,Minnesota,27039,Dodge,25.0,2013,2017
27,Minnesota,27041,Douglas,23.86,2013,2017
27,Minnesota,27043,Faribault,27.18,2013,2017
27,Minnesota,27045,Fillmore,17.72,2013,2017
27,Minnesota,27047,Freeborn,27.18,2013,2017
27,Minnesota,27049,Goodhue,24.7,2013,2017
27,Minnesota,27051,Grant,28.860000000000003,2013,2017
27,Minnesota,27053,Hennepin,24.1,2013,2017
27,Minnesota,27055,Houston,16.36,2013,2017
27,Minnesota,27057,Hubbard,36.2,2013,2017
27,Minnesota,27059,Isanti,27.02,2013,2017
27,Minnesota,27061,Itasca,34.8,2013,2017
27,Minnesota,27063,Jackson,20.080000000000002,2013,2017
27,Minnesota,27065,Kanabec,30.82,2013,2017
27,Minnesota,27067,Kandiyohi,21.5,2013,2017
27,Minnesota,27069,Kittson,27.82,2013,2017
27,Minnesota,27071,Koochiching,34.8,2013,2017
27,Minnesota,27073,Lac qui Parle,24.34,2013,2017
27,Minnesota,27075,Lake,33.54,2013,2017
27,Minnesota,27077,Lake of the Woods,36.519999999999996,2013,2017
27,Minnesota,27079,Le Sueur,26.119999999999997,2013,2017
27,Minnesota,27081,Lincoln,21.84,2013,2017
27,Minnesota,27083,Lyon,22.32,2013,2017
27,Minnesota,27085,McLeod,26.119999999999997,2013,2017
27,Minnesota,27087,Mahnomen,35.76,2013,2017
27,Minnesota,27089,Marshall,30.68,2013,2017
27,Minnesota,27091,Martin,25.9,2013,2017
27,Minnesota,27093,Meeker,23.76,2013,2017
27,Minnesota,27095,Mille Lacs,29.0,2013,2017
27,Minnesota,27097,Morrison,26.439999999999998,2013,2017
27,Minnesota,27099,Mower,23.6,2013,2017
27,Minnesota,27101,Murray,22.3,2013,2017
27,Minnesota,27103,Nicollet,25.919999999999998,2013,2017
27,Minnesota,27105,Nobles,18.759999999999998,2013,2017
27,Minnesota,27107,Norman,36.3,2013,2017
27,Minnesota,27109,Olmsted,21.52,2013,2017
27,Minnesota,27111,Otter Tail,31.28,2013,2017
27,Minnesota,27113,Pennington,31.52,2013,2017
27,Minnesota,27115,Pine,31.660000000000004,2013,2017
27,Minnesota,27117,Pipestone,25.5,2013,2017
27,Minnesota,27119,Polk,31.46,2013,2017
27,Minnesota,27121,Pope,21.22,2013,2017
27,Minnesota,27123,Ramsey,23.86,2013,2017
27,Minnesota,27125,Red Lake,27.839999999999996,2013,2017
27,Minnesota,27127,Redwood,25.02,2013,2017
27,Minnesota,27129,Renville,25.3,2013,2017
27,Minnesota,27131,Rice,25.96,2013,2017
27,Minnesota,27133,Rock,22.6,2013,2017
27,Minnesota,27135,Roseau,32.96,2013,2017
27,Minnesota,27137,St. Louis,33.839999999999996,2013,2017
27,Minnesota,27139,Scott,23.919999999999998,2013,2017
27,Minnesota,27141,Sherburne,23.880000000000003,2013,2017
27,Minnesota,27143,Sibley,25.880000000000003,2013,2017
27,Minnesota,27145,Stearns,23.32,2013,2017
27,Minnesota,27147,Steele,27.139999999999997,2013,2017
27,Minnesota,27149,Stevens,24.4,2013,2017
27,Minnesota,27151,Swift,23.02,2013,2017
27,Minnesota,27153,Todd,25.8,2013,2017
27,Minnesota,27155,Traverse,31.339999999999996,2013,2017
27,Minnesota,27157,Wabasha,21.919999999999998,2013,2017
27,Minnesota,27159,Wadena,32.92,2013,2017
27,Minnesota,27161,Waseca,27.1,2013,2017
27,Minnesota,27163,Washington,25.04,2013,2017
27,Minnesota,27165,Watonwan,26.860000000000003,2013,2017
27,Minnesota,27167,Wilkin,34.6,2013,2017
27,Minnesota,27169,Winona,20.36,2013,2017
27,Minnesota,27171,Wright,23.419999999999998,2013,2017
27,Minnesota,27173,Yellow Medicine,23.880000000000003,2013,2017
29,Missouri,29001,Adair,34.980000000000004,2013,2017
29,Missouri,29003,Andrew,35.739999999999995,2013,2017
29,Missouri,29005,Atchison,19.64,2013,2017
29,Missouri,29007,Audrain,29.439999999999998,2013,2017
29,Missouri,29009,Barry,32.32,2013,2017
29,Missouri,29011,Barton,35.760000000000005,2013,2017
29,Missouri,29013,Bates,34.78,2013,2017
29,Missouri,29015,Benton,39.14,2013,2017
29,Missouri,29017,Bollinger,27.98,2013,2017
29,Missouri,29019,Boone,29.22,2013,2017
29,Missouri,29021,Buchanan,32.72,2013,2017
29,Missouri,29023,Butler,40.12,2013,2017
29,Missouri,29025,Caldwell,37.739999999999995,2013,2017
29,Missouri,29027,Callaway,28.18,2013,2017
29,Missouri,29029,Camden,39.32000000000001,2013,2017
29,Missouri,29031,Cape Girardeau,25.54,2013,2017
29,Missouri,29033,Carroll,37.36,2013,2017
29,Missouri,29035,Carter,42.02,2013,2017
29,Missouri,29037,Cass,27.76,2013,2017
29,Missouri,29039,Cedar,35.46,2013,2017
29,Missouri,29041,Chariton,36.88,2013,2017
29,Missouri,29043,Christian,34.339999999999996,2013,2017
29,Missouri,29045,Clark,31.160000000000004,2013,2017
29,Missouri,29047,Clay,31.580000000000002,2013,2017
29,Missouri,29049,Clinton,31.4,2013,2017
29,Missouri,29051,Cole,28.139999999999997,2013,2017
29,Missouri,29053,Cooper,31.18,2013,2017
29,Missouri,29055,Crawford,42.8,2013,2017
29,Missouri,29057,Dade,35.08,2013,2017
29,Missouri,29059,Dallas,35.5,2013,2017
29,Missouri,29061,Daviess,40.559999999999995,2013,2017
29,Missouri,29063,DeKalb,38.339999999999996,2013,2017
29,Missouri,29065,Dent,47.38,2013,2017
29,Missouri,29067,Douglas,38.0,2013,2017
29,Missouri,29069,Dunklin,37.82,2013,2017
29,Missouri,29071,Franklin,31.1,2013,2017
29,Missouri,29073,Gasconade,37.82,2013,2017
29,Missouri,29075,Gentry,33.04,2013,2017
29,Missouri,29077,Greene,34.44,2013,2017
29,Missouri,29079,Grundy,39.56,2013,2017
29,Missouri,29081,Harrison,35.760000000000005,2013,2017
29,Missouri,29083,Henry,37.980000000000004,2013,2017
29,Missouri,29085,Hickory,34.94,2013,2017
29,Missouri,29087,Holt,25.119999999999997,2013,2017
29,Missouri,29089,Howard,28.060000000000002,2013,2017
29,Missouri,29091,Howell,40.3,2013,2017
29,Missouri,29093,Iron,50.42,2013,2017
29,Missouri,29095,Jackson,28.48,2013,2017
29,Missouri,29097,Jasper,34.8,2013,2017
29,Missouri,29099,Jefferson,32.3,2013,2017
29,Missouri,29101,Johnson,33.480000000000004,2013,2017
29,Missouri,29103,Knox,27.139999999999997,2013,2017
29,Missouri,29105,Laclede,40.760000000000005,2013,2017
29,Missouri,29107,Lafayette,33.6,2013,2017
29,Missouri,29109,Lawrence,33.94,2013,2017
29,Missouri,29111,Lewis,26.1,2013,2017
29,Missouri,29113,Lincoln,31.6,2013,2017
29,Missouri,29115,Linn,37.22,2013,2017
29,Missouri,29117,Livingston,39.0,2013,2017
29,Missouri,29119,McDonald,32.480000000000004,2013,2017
29,Missouri,29121,Macon,35.06,2013,2017
29,Missouri,29123,Madison,45.94,2013,2017
29,Missouri,29125,Maries,43.14,2013,2017
29,Missouri,29127,Marion,26.98,2013,2017
29,Missouri,29129,Mercer,35.019999999999996,2013,2017
29,Missouri,29131,Miller,34.82000000000001,2013,2017
29,Missouri,29133,Mississippi,31.0,2013,2017
29,Missouri,29135,Moniteau,28.619999999999997,2013,2017
29,Missouri,29137,Monroe,33.38,2013,2017
29,Missouri,29139,Montgomery,36.239999999999995,2013,2017
29,Missouri,29141,Morgan,37.18,2013,2017
29,Missouri,29143,New Madrid,37.260000000000005,2013,2017
29,Missouri,29145,Newton,35.059999999999995,2013,2017
29,Missouri,29147,Nodaway,21.66,2013,2017
29,Missouri,29149,Oregon,46.019999999999996,2013,2017
29,Missouri,29151,Osage,31.560000000000002,2013,2017
29,Missouri,29153,Ozark,40.660000000000004,2013,2017
29,Missouri,29155,Pemiscot,59.879999999999995,2013,2017
29,Missouri,29157,Perry,36.019999999999996,2013,2017
29,Missouri,29159,Pettis,40.82,2013,2017
29,Missouri,29161,Phelps,45.28,2013,2017
29,Missouri,29163,Pike,36.62,2013,2017
29,Missouri,29165,Platte,32.46,2013,2017
29,Missouri,29167,Polk,34.339999999999996,2013,2017
29,Missouri,29169,Pulaski,42.2,2013,2017
29,Missouri,29171,Putnam,35.86,2013,2017
29,Missouri,29173,Ralls,34.019999999999996,2013,2017
29,Missouri,29175,Randolph,27.78,2013,2017
29,Missouri,29177,Ray,31.860000000000003,2013,2017
29,Missouri,29179,Reynolds,46.94,2013,2017
29,Missouri,29181,Ripley,42.459999999999994,2013,2017
29,Missouri,29183,St. Charles,30.3,2013,2017
29,Missouri,29185,St. Clair,38.46,2013,2017
29,Missouri,29186,Ste. Genevieve,38.46,2013,2017
29,Missouri,29187,St. Francois,40.5,2013,2017
29,Missouri,29189,St. Louis,31.6,2013,2017
29,Missouri,29195,Saline,37.58,2013,2017
29,Missouri,29197,Schuyler,34.36,2013,2017
29,Missouri,29199,Scotland,32.64,2013,2017
29,Missouri,29201,Scott,26.580000000000002,2013,2017
29,Missouri,29203,Shannon,45.12,2013,2017
29,Missouri,29205,Shelby,29.4,2013,2017
29,Missouri,29207,Stoddard,31.580000000000002,2013,2017
29,Missouri,29209,Stone,34.12,2013,2017
29,Missouri,29211,Sullivan,37.260000000000005,2013,2017
29,Missouri,29213,Taney,33.08,2013,2017
29,Missouri,29215,Texas,46.980000000000004,2013,2017
29,Missouri,29217,Vernon,36.68,2013,2017
29,Missouri,29219,Warren,31.74,2013,2017
29,Missouri,29221,Washington,39.38,2013,2017
29,Missouri,29223,Wayne,41.26,2013,2017
29,Missouri,29225,Webster,35.96,2013,2017
29,Missouri,29227,Worth,29.560000000000002,2013,2017
29,Missouri,29229,Wright,40.22,2013,2017
29,Missouri,29510,St. Louis City,31.52,2013,2017
31,Nebraska,31001,Adams,26.48,2013,2017
31,Nebraska,31003,Antelope,24.48,2013,2017
31,Nebraska,31005,Arthur,22.4,2013,2017
31,Nebraska,31007,Banner,13.0,2013,2017
31,Nebraska,31009,Blaine,27.1,2013,2017
31,Nebraska,31011,Boone,27.439999999999998,2013,2017
31,Nebraska,31013,Box Butte,11.84,2013,2017
31,Nebraska,31015,Boyd,20.82,2013,2017
31,Nebraska,31017,Brown,22.5,2013,2017
31,Nebraska,31019,Buffalo,26.82,2013,2017
31,Nebraska,31021,Burt,20.380000000000003,2013,2017
31,Nebraska,31023,Butler,22.22,2013,2017
31,Nebraska,31025,Cass,23.020000000000003,2013,2017
31,Nebraska,31027,Cedar,13.4,2013,2017
31,Nebraska,31029,Chase,22.46,2013,2017
31,Nebraska,31031,Cherry,17.22,2013,2017
31,Nebraska,31033,Cheyenne,16.98,2013,2017
31,Nebraska,31035,Clay,26.3,2013,2017
31,Nebraska,31037,Colfax,24.72,2013,2017
31,Nebraska,31039,Cuming,20.52,2013,2017
31,Nebraska,31041,Custer,29.3,2013,2017
31,Nebraska,31043,Dakota,23.0,2013,2017
31,Nebraska,31045,Dawes,6.333333333333333,2013,2017
31,Nebraska,31047,Dawson,29.1,2013,2017
31,Nebraska,31049,Deuel,13.959999999999999,2013,2017
31,Nebraska,31051,Dixon,6.875,2013,2017
31,Nebraska,31053,Dodge,24.36,2013,2017
31,Nebraska,31055,Douglas,25.660000000000004,2013,2017
31,Nebraska,31057,Dundy,22.34,2013,2017
31,Nebraska,31059,Fillmore,25.76,2013,2017
31,Nebraska,31061,Franklin,22.9,2013,2017
31,Nebraska,31063,Frontier,31.4,2013,2017
31,Nebraska,31065,Furnas,24.44,2013,2017
31,Nebraska,31067,Gage,20.52,2013,2017
31,Nebraska,31069,Garden,10.8,2013,2017
31,Nebraska,31071,Garfield,27.68,2013,2017
31,Nebraska,31073,Gosper,28.919999999999998,2013,2017
31,Nebraska,31075,Grant,16.86,2013,2017
31,Nebraska,31077,Greeley,23.02,2013,2017
31,Nebraska,31079,Hall,26.080000000000002,2013,2017
31,Nebraska,31081,Hamilton,26.78,2013,2017
31,Nebraska,31083,Harlan,23.34,2013,2017
31,Nebraska,31085,Hayes,29.74,2013,2017
31,Nebraska,31087,Hitchcock,26.48,2013,2017
31,Nebraska,31089,Holt,21.96,2013,2017
31,Nebraska,31091,Hooker,24.45,2013,2017
31,Nebraska,31093,Howard,26.119999999999997,2013,2017
31,Nebraska,31095,Jefferson,24.080000000000002,2013,2017
31,Nebraska,31097,Johnson,20.880000000000003,2013,2017
31,Nebraska,31099,Kearney,25.52,2013,2017
31,Nebraska,31101,Keith,28.24,2013,2017
31,Nebraska,31103,Keya Paha,23.96,2013,2017
31,Nebraska,31105,Kimball,24.36,2013,2017
31,Nebraska,31107,Knox,19.44,2013,2017
31,Nebraska,31109,Lancaster,21.54,2013,2017
31,Nebraska,31111,Lincoln,29.3,2013,2017
31,Nebraska,31113,Logan,32.58,2013,2017
31,Nebraska,31115,Loup,27.68,2013,2017
31,Nebraska,31117,McPherson,31.22,2013,2017
31,Nebraska,31119,Madison,25.7,2013,2017
31,Nebraska,31121,Merrick,27.76,2013,2017
31,Nebraska,31123,Morrill,12.46,2013,2017
31,Nebraska,31125,Nance,27.24,2013,2017
31,Nebraska,31127,Nemaha,24.94,2013,2017
31,Nebraska,31129,Nuckolls,25.7,2013,2017
31,Nebraska,31131,Otoe,20.9,2013,2017
31,Nebraska,31133,Pawnee,23.76,2013,2017
31,Nebraska,31135,Perkins,27.419999999999998,2013,2017
31,Nebraska,31137,Phelps,26.619999999999997,2013,2017
31,Nebraska,31139,Pierce,20.5,2013,2017
31,Nebraska,31141,Platte,27.119999999999997,2013,2017
31,Nebraska,31143,Polk,26.839999999999996,2013,2017
31,Nebraska,31145,Red Willow,25.6,2013,2017
31,Nebraska,31147,Richardson,28.48,2013,2017
31,Nebraska,31149,Rock,24.48,2013,2017
31,Nebraska,31151,Saline,21.36,2013,2017
31,Nebraska,31153,Sarpy,25.82,2013,2017
31,Nebraska,31155,Saunders,23.78,2013,2017
31,Nebraska,31157,Scotts Bluff,14.12,2013,2017
31,Nebraska,31159,Seward,21.080000000000002,2013,2017
31,Nebraska,31161,Sheridan,9.52,2013,2017
31,Nebraska,31163,Sherman,25.919999999999998,2013,2017
31,Nebraska,31165,Sioux,13.2,2013,2017
31,Nebraska,31167,Stanton,25.479999999999997,2013,2017
31,Nebraska,31169,Thayer,23.740000000000002,2013,2017
31,Nebraska,31171,Thomas,27.639999999999997,2013,2017
31,Nebraska,31173,Thurston,22.28,2013,2017
31,Nebraska,31175,Valley,26.339999999999996,2013,2017
31,Nebraska,31177,Washington,24.759999999999998,2013,2017
31,Nebraska,31179,Wayne,18.54,2013,2017
31,Nebraska,31181,Webster,23.6,2013,2017
31,Nebraska,31183,Wheeler,24.580000000000002,2013,2017
31,Nebraska,31185,York,25.44,2013,2017
33,New Hampshire,33001,Belknap,29.580000000000002,2013,2017
33,New Hampshire,33003,Carroll,30.419999999999998,2013,2017
33,New Hampshire,33005,Cheshire,28.02,2013,2017
33,New Hampshire,33007,Coos,30.580000000000002,2013,2017
33,New Hampshire,33009,Grafton,29.0,2013,2017
33,New Hampshire,33011,Hillsborough,25.880000000000003,2013,2017
33,New Hampshire,33013,Merrimack,29.4,2013,2017
33,New Hampshire,33015,Rockingham,27.139999999999997,2013,2017
33,New Hampshire,33017,Strafford,29.380000000000003,2013,2017
33,New Hampshire,33019,Sullivan,27.919999999999998,2013,2017
34,New Jersey,34001,Atlantic,38.92,2013,2017
34,New Jersey,34003,Bergen,24.3,2013,2017
34,New Jersey,34005,Burlington,34.86,2013,2017
34,New Jersey,34007,Camden,34.86,2013,2017
34,New Jersey,34009,Cape May,39.42,2013,2017
34,New Jersey,34011,Cumberland,38.14,2013,2017
34,New Jersey,34013,Essex,28.74,2013,2017
34,New Jersey,34015,Gloucester,34.67999999999999,2013,2017
34,New Jersey,34017,Hudson,24.96,2013,2017
34,New Jersey,34019,Hunterdon,28.160000000000004,2013,2017
34,New Jersey,34021,Mercer,31.619999999999997,2013,2017
34,New Jersey,34023,Middlesex,30.380000000000003,2013,2017
34,New Jersey,34025,Monmouth,30.1,2013,2017
34,New Jersey,34027,Morris,28.74,2013,2017
34,New Jersey,34029,Ocean,36.62,2013,2017
34,New Jersey,34031,Passaic,28.560000000000002,2013,2017
34,New Jersey,34033,Salem,42.839999999999996,2013,2017
34,New Jersey,34035,Somerset,28.98,2013,2017
34,New Jersey,34037,Sussex,30.2,2013,2017
34,New Jersey,34039,Union,30.0,2013,2017
34,New Jersey,34041,Warren,28.560000000000002,2013,2017
35,New Mexico,35001,Bernalillo,24.880000000000003,2013,2017
35,New Mexico,35003,Catron,26.919999999999998,2013,2017
35,New Mexico,35005,Chaves,40.92,2013,2017
35,New Mexico,35006,Cibola,25.880000000000003,2013,2017
35,New Mexico,35007,Colfax,24.2,2013,2017
35,New Mexico,35009,Curry,44.339999999999996,2013,2017
35,New Mexico,35011,De Baca,42.0,2013,2017
35,New Mexico,35013,Dona Ana,28.139999999999997,2013,2017
35,New Mexico,35015,Eddy,42.46,2013,2017
35,New Mexico,35017,Grant,32.32,2013,2017
35,New Mexico,35019,Guadalupe,27.639999999999997,2013,2017
35,New Mexico,35021,Harding,26.560000000000002,2013,2017
35,New Mexico,35023,Hidalgo,36.4,2013,2017
35,New Mexico,35025,Lea,47.5,2013,2017
35,New Mexico,35027,Lincoln,36.62,2013,2017
35,New Mexico,35028,Los Alamos,23.54,2013,2017
35,New Mexico,35029,Luna,26.860000000000003,2013,2017
35,New Mexico,35031,McKinley,26.98,2013,2017
35,New Mexico,35033,Mora,23.18,2013,2017
35,New Mexico,35035,Otero,32.260000000000005,2013,2017
35,New Mexico,35037,Quay,37.72,2013,2017
35,New Mexico,35039,Rio Arriba,24.56,2013,2017
35,New Mexico,35041,Roosevelt,46.68,2013,2017
35,New Mexico,35043,Sandoval,25.580000000000002,2013,2017
35,New Mexico,35045,San Juan,24.44,2013,2017
35,New Mexico,35047,San Miguel,22.740000000000002,2013,2017
35,New Mexico,35049,Santa Fe,24.759999999999998,2013,2017
35,New Mexico,35051,Sierra,27.560000000000002,2013,2017
35,New Mexico,35053,Socorro,28.639999999999997,2013,2017
35,New Mexico,35055,Taos,26.2,2013,2017
35,New Mexico,35057,Torrance,25.0,2013,2017
35,New Mexico,35059,Union,26.7,2013,2017
35,New Mexico,35061,Valencia,26.0,2013,2017
36,New York,36001,Albany,25.82,2013,2017
36,New York,36003,Allegany,29.639999999999997,2013,2017
36,New York,36005,Bronx,22.16,2013,2017
36,New York,36007,Broome,31.72,2013,2017
36,New York,36009,Cattaraugus,28.139999999999997,2013,2017
36,New York,36011,Cayuga,27.5,2013,2017
36,New York,36013,Chautauqua,29.339999999999996,2013,2017
36,New York,36015,Chemung,30.04,2013,2017
36,New York,36017,Chenango,33.28,2013,2017
36,New York,36019,Clinton,31.360000000000003,2013,2017
36,New York,36021,Columbia,26.4,2013,2017
36,New York,36023,Cortland,26.6,2013,2017
36,New York,36025,Delaware,33.7,2013,2017
36,New York,36027,Dutchess,26.080000000000002,2013,2017
36,New York,36029,Erie,31.080000000000002,2013,2017
36,New York,36031,Essex,28.78,2013,2017
36,New York,36033,Franklin,34.980000000000004,2013,2017
36,New York,36035,Fulton,27.939999999999998,2013,2017
36,New York,36037,Genesee,29.580000000000002,2013,2017
36,New York,36039,Greene,26.74,2013,2017
36,New York,36041,Hamilton,28.119999999999997,2013,2017
36,New York,36043,Herkimer,32.239999999999995,2013,2017
36,New York,36045,Jefferson,33.56,2013,2017
36,New York,36047,Kings,23.54,2013,2017
36,New York,36049,Lewis,31.6,2013,2017
36,New York,36051,Livingston,25.939999999999998,2013,2017
36,New York,36053,Madison,27.6,2013,2017
36,New York,36055,Monroe,26.68,2013,2017
36,New York,36057,Montgomery,29.880000000000003,2013,2017
36,New York,36059,Nassau,23.82,2013,2017
36,New York,36061,New York,23.44,2013,2017
36,New York,36063,Niagara,32.82,2013,2017
36,New York,36065,Oneida,29.859999999999996,2013,2017
36,New York,36067,Onondaga,25.96,2013,2017
36,New York,36069,Ontario,25.939999999999998,2013,2017
36,New York,36071,Orange,29.619999999999997,2013,2017
36,New York,36073,Orleans,29.139999999999997,2013,2017
36,New York,36075,Oswego,26.82,2013,2017
36,New York,36077,Otsego,30.98,2013,2017
36,New York,36079,Putnam,24.16,2013,2017
36,New York,36081,Queens,23.759999999999998,2013,2017
36,New York,36083,Rensselaer,25.0,2013,2017
36,New York,36085,Richmond,26.98,2013,2017
36,New York,36087,Rockland,25.240000000000002,2013,2017
36,New York,36089,St. Lawrence,32.68,2013,2017
36,New York,36091,Saratoga,27.1,2013,2017
36,New York,36093,Schenectady,26.82,2013,2017
36,New York,36095,Schoharie,29.5,2013,2017
36,New York,36097,Schuyler,30.52,2013,2017
36,New York,36099,Seneca,27.96,2013,2017
36,New York,36101,Steuben,29.26,2013,2017
36,New York,36103,Suffolk,25.22,2013,2017
36,New York,36105,Sullivan,31.959999999999997,2013,2017
36,New York,36107,Tioga,31.079999999999995,2013,2017
36,New York,36109,Tompkins,28.3,2013,2017
36,New York,36111,Ulster,30.68,2013,2017
36,New York,36113,Warren,23.48,2013,2017
36,New York,36115,Washington,25.119999999999997,2013,2017
36,New York,36117,Wayne,25.660000000000004,2013,2017
36,New York,36119,Westchester,23.44,2013,2017
36,New York,36121,Wyoming,30.880000000000003,2013,2017
36,New York,36123,Yates,28.080000000000002,2013,2017
37,North Carolina,37001,Alamance,27.380000000000003,2013,2017
37,North Carolina,37003,Alexander,25.82,2013,2017
37,North Carolina,37005,Alleghany,19.82,2013,2017
37,North Carolina,37007,Anson,28.96,2013,2017
37,North Carolina,37009,Ashe,20.2,2013,2017
37,North Carolina,37011,Avery,30.580000000000002,2013,2017
37,North Carolina,37013,Beaufort,29.080000000000002,2013,2017
37,North Carolina,37015,Bertie,17.3,2013,2017
37,North Carolina,37017,Bladen,35.9,2013,2017
37,North Carolina,37019,Brunswick,22.64,2013,2017
37,North Carolina,37021,Buncombe,21.580000000000002,2013,2017
37,North Carolina,37023,Burke,24.52,2013,2017
37,North Carolina,37025,Cabarrus,22.04,2013,2017
37,North Carolina,37027,Caldwell,25.32,2013,2017
37,North Carolina,37029,Camden,27.139999999999997,2013,2017
37,North Carolina,37031,Carteret,29.6,2013,2017
37,North Carolina,37033,Caswell,30.439999999999998,2013,2017
37,North Carolina,37035,Catawba,26.0,2013,2017
37,North Carolina,37037,Chatham,24.52,2013,2017
37,North Carolina,37039,Cherokee,23.740000000000002,2013,2017
37,North Carolina,37041,Chowan,10.78,2013,2017
37,North Carolina,37043,Clay,7.32,2013,2017
37,North Carolina,37045,Cleveland,26.660000000000004,2013,2017
37,North Carolina,37047,Columbus,29.860000000000003,2013,2017
37,North Carolina,37049,Craven,32.9,2013,2017
37,North Carolina,37051,Cumberland,34.959999999999994,2013,2017
37,North Carolina,37053,Currituck,23.9,2013,2017
37,North Carolina,37055,Dare,6.88,2013,2017
37,North Carolina,37057,Davidson,26.580000000000002,2013,2017
37,North Carolina,37059,Davie,25.080000000000002,2013,2017
37,North Carolina,37061,Duplin,22.580000000000002,2013,2017
37,North Carolina,37063,Durham,22.86,2013,2017
37,North Carolina,37065,Edgecombe,32.8,2013,2017
37,North Carolina,37067,Forsyth,26.26,2013,2017
37,North Carolina,37069,Franklin,25.04,2013,2017
37,North Carolina,37071,Gaston,22.0,2013,2017
37,North Carolina,37073,Gates,21.939999999999998,2013,2017
37,North Carolina,37075,Graham,27.18,2013,2017
37,North Carolina,37077,Granville,24.18,2013,2017
37,North Carolina,37079,Greene,29.96,2013,2017
37,North Carolina,37081,Guilford,27.439999999999998,2013,2017
37,North Carolina,37083,Halifax,27.339999999999996,2013,2017
37,North Carolina,37085,Harnett,25.860000000000003,2013,2017
37,North Carolina,37087,Haywood,24.7,2013,2017
37,North Carolina,37089,Henderson,22.28,2013,2017
37,North Carolina,37091,Hertford,13.86,2013,2017
37,North Carolina,37093,Hoke,39.660000000000004,2013,2017
37,North Carolina,37095,Hyde,19.96,2013,2017
37,North Carolina,37097,Iredell,22.5,2013,2017
37,North Carolina,37099,Jackson,16.98,2013,2017
37,North Carolina,37101,Johnston,24.22,2013,2017
37,North Carolina,37103,Jones,29.52,2013,2017
37,North Carolina,37105,Lee,23.32,2013,2017
37,North Carolina,37107,Lenoir,29.46,2013,2017
37,North Carolina,37109,Lincoln,23.02,2013,2017
37,North Carolina,37111,McDowell,22.94,2013,2017
37,North Carolina,37113,Macon,14.86,2013,2017
37,North Carolina,37115,Madison,31.24,2013,2017
37,North Carolina,37117,Martin,26.8,2013,2017
37,North Carolina,37119,Mecklenburg,22.419999999999998,2013,2017
37,North Carolina,37121,Mitchell,37.38,2013,2017
37,North Carolina,37123,Montgomery,28.919999999999998,2013,2017
37,North Carolina,37125,Moore,31.060000000000002,2013,2017
37,North Carolina,37127,Nash,25.240000000000002,2013,2017
37,North Carolina,37129,New Hanover,18.06,2013,2017
37,North Carolina,37131,Northampton,22.9,2013,2017
37,North Carolina,37133,Onslow,23.86,2013,2017
37,North Carolina,37135,Orange,25.580000000000002,2013,2017
37,North Carolina,37137,Pamlico,28.96,2013,2017
37,North Carolina,37139,Pasquotank,21.36,2013,2017
37,North Carolina,37141,Pender,19.759999999999998,2013,2017
37,North Carolina,37143,Perquimans,17.44,2013,2017
37,North Carolina,37145,Person,24.68,2013,2017
37,North Carolina,37147,Pitt,31.4,2013,2017
37,North Carolina,37149,Polk,23.18,2013,2017
37,North Carolina,37151,Randolph,26.82,2013,2017
37,North Carolina,37153,Richmond,32.839999999999996,2013,2017
37,North Carolina,37155,Robeson,37.46,2013,2017
37,North Carolina,37157,Rockingham,27.48,2013,2017
37,North Carolina,37159,Rowan,26.880000000000003,2013,2017
37,North Carolina,37161,Rutherford,24.66,2013,2017
37,North Carolina,37163,Sampson,28.0,2013,2017
37,North Carolina,37165,Scotland,38.12,2013,2017
37,North Carolina,37167,Stanly,28.02,2013,2017
37,North Carolina,37169,Stokes,26.160000000000004,2013,2017
37,North Carolina,37171,Surry,22.52,2013,2017
37,North Carolina,37173,Swain,25.18,2013,2017
37,North Carolina,37175,Transylvania,22.68,2013,2017
37,North Carolina,37177,Tyrrell,14.919999999999998,2013,2017
37,North Carolina,37179,Union,21.28,2013,2017
37,North Carolina,37181,Vance,26.48,2013,2017
37,North Carolina,37183,Wake,24.119999999999997,2013,2017
37,North Carolina,37185,Warren,30.04,2013,2017
37,North Carolina,37187,Washington,13.819999999999999,2013,2017
37,North Carolina,37189,Watauga,22.98,2013,2017
37,North Carolina,37191,Wayne,24.84,2013,2017
37,North Carolina,37193,Wilkes,23.78,2013,2017
37,North Carolina,37195,Wilson,29.4,2013,2017
37,North Carolina,37197,Yadkin,23.759999999999998,2013,2017
37,North Carolina,37199,Yancey,26.82,2013,2017
41,Oregon,41001,Baker,6.08,2013,2017
41,Oregon,41003,Benton,25.119999999999997,2013,2017
41,Oregon,41005,Clackamas,23.880000000000003,2013,2017
41,Oregon,41007,Clatsop,23.22,2013,2017
41,Oregon,41009,Columbia,24.36,2013,2017
41,Oregon,41011,Coos,36.62,2013,2017
41,Oregon,41013,Crook,20.52,2013,2017
41,Oregon,41015,Curry,34.04,2013,2017
41,Oregon,41017,Deschutes,25.0,2013,2017
41,Oregon,41019,Douglas,29.1,2013,2017
41,Oregon,41021,Gilliam,16.34,2013,2017
41,Oregon,41023,Grant,8.219999999999999,2013,2017
41,Oregon,41025,Harney,17.86,2013,2017
41,Oregon,41027,Hood River,22.84,2013,2017
41,Oregon,41029,Jackson,27.2,2013,2017
41,Oregon,41031,Jefferson,24.66,2013,2017
41,Oregon,41033,Josephine,26.96,2013,2017
41,Oregon,41035,Klamath,24.58,2013,2017
41,Oregon,41037,Lake,20.259999999999998,2013,2017
41,Oregon,41039,Lane,25.1,2013,2017
41,Oregon,41041,Lincoln,24.16,2013,2017
41,Oregon,41043,Linn,24.34,2013,2017
41,Oregon,41045,Malheur,8.28,2013,2017
41,Oregon,41047,Marion,25.18,2013,2017
41,Oregon,41049,Morrow,16.919999999999998,2013,2017
41,Oregon,41051,Multnomah,23.3,2013,2017
41,Oregon,41053,Polk,25.560000000000002,2013,2017
41,Oregon,41055,Sherman,18.38,2013,2017
41,Oregon,41057,Tillamook,24.36,2013,2017
41,Oregon,41059,Umatilla,18.36,2013,2017
41,Oregon,41061,Union,5.08,2013,2017
41,Oregon,41063,Wallowa,5.54,2013,2017
41,Oregon,41065,Wasco,23.42,2013,2017
41,Oregon,41067,Washington,23.8,2013,2017
41,Oregon,41069,Wheeler,23.84,2013,2017
41,Oregon,41071,Yamhill,23.8,2013,2017
42,Pennsylvania,42001,Adams,29.28,2013,2017
42,Pennsylvania,42003,Allegheny,31.740000000000002,2013,2017
42,Pennsylvania,42005,Armstrong,31.7,2013,2017
42,Pennsylvania,42007,Beaver,31.080000000000002,2013,2017
42,Pennsylvania,42009,Bedford,39.839999999999996,2013,2017
42,Pennsylvania,42011,Berks,26.68,2013,2017
42,Pennsylvania,42013,Blair,36.86,2013,2017
42,Pennsylvania,42015,Bradford,32.7,2013,2017
42,Pennsylvania,42017,Bucks,29.939999999999998,2013,2017
42,Pennsylvania,42019,Butler,30.160000000000004,2013,2017
42,Pennsylvania,42021,Cambria,38.1,2013,2017
42,Pennsylvania,42023,Cameron,28.9,2013,2017
42,Pennsylvania,42025,Carbon,31.02,2013,2017
42,Pennsylvania,42027,Centre,36.64,2013,2017
42,Pennsylvania,42029,Chester,25.98,2013,2017
42,Pennsylvania,42031,Clarion,29.98,2013,2017
42,Pennsylvania,42033,Clearfield,37.78,2013,2017
42,Pennsylvania,42035,Clinton,34.22,2013,2017
42,Pennsylvania,42037,Columbia,36.42,2013,2017
42,Pennsylvania,42039,Crawford,29.419999999999998,2013,2017
42,Pennsylvania,42041,Cumberland,31.02,2013,2017
42,Pennsylvania,42043,Dauphin,31.380000000000003,2013,2017
42,Pennsylvania,42045,Delaware,28.860000000000003,2013,2017
42,Pennsylvania,42047,Elk,28.080000000000002,2013,2017
42,Pennsylvania,42049,Erie,25.880000000000003,2013,2017
42,Pennsylvania,42051,Fayette,36.88,2013,2017
42,Pennsylvania,42053,Forest,26.360000000000003,2013,2017
42,Pennsylvania,42055,Franklin,29.580000000000002,2013,2017
42,Pennsylvania,42057,Fulton,35.22,2013,2017
42,Pennsylvania,42059,Greene,39.82,2013,2017
42,Pennsylvania,42061,Huntingdon,37.02,2013,2017
42,Pennsylvania,42063,Indiana,36.3,2013,2017
42,Pennsylvania,42065,Jefferson,33.56,2013,2017
42,Pennsylvania,42067,Juniata,35.08,2013,2017
42,Pennsylvania,42069,Lackawanna,30.860000000000003,2013,2017
42,Pennsylvania,42071,Lancaster,28.439999999999998,2013,2017
42,Pennsylvania,42073,Lawrence,30.660000000000004,2013,2017
42,Pennsylvania,42075,Lebanon,30.68,2013,2017
42,Pennsylvania,42077,Lehigh,27.439999999999998,2013,2017
42,Pennsylvania,42079,Luzerne,33.12,2013,2017
42,Pennsylvania,42081,Lycoming,36.9,2013,2017
42,Pennsylvania,42083,McKean,27.380000000000003,2013,2017
42,Pennsylvania,42085,Mercer,29.68,2013,2017
42,Pennsylvania,42087,Mifflin,30.580000000000002,2013,2017
42,Pennsylvania,42089,Monroe,31.04,2013,2017
42,Pennsylvania,42091,Montgomery,28.139999999999997,2013,2017
42,Pennsylvania,42093,Montour,40.48,2013,2017
42,Pennsylvania,42095,Northampton,28.860000000000003,2013,2017
42,Pennsylvania,42097,Northumberland,35.4,2013,2017
42,Pennsylvania,42099,Perry,33.18,2013,2017
42,Pennsylvania,42101,Philadelphia,31.060000000000002,2013,2017
42,Pennsylvania,42103,Pike,33.56,2013,2017
42,Pennsylvania,42105,Potter,31.880000000000003,2013,2017
42,Pennsylvania,42107,Schuylkill,31.6,2013,2017
42,Pennsylvania,42109,Snyder,37.239999999999995,2013,2017
42,Pennsylvania,42111,Somerset,37.22,2013,2017
42,Pennsylvania,42113,Sullivan,34.94,2013,2017
42,Pennsylvania,42115,Susquehanna,31.02,2013,2017
42,Pennsylvania,42117,Tioga,35.18,2013,2017
42,Pennsylvania,42119,Union,36.24,2013,2017
42,Pennsylvania,42121,Venango,27.76,2013,2017
42,Pennsylvania,42123,Warren,26.580000000000002,2013,2017
42,Pennsylvania,42125,Washington,33.08,2013,2017
42,Pennsylvania,42127,Wayne,31.580000000000002,2013,2017
42,Pennsylvania,42129,Westmoreland,33.8,2013,2017
42,Pennsylvania,42131,Wyoming,31.3,2013,2017
42,Pennsylvania,42133,York,29.98,2013,2017
44,Rhode Island,44001,Bristol,32.36,2013,2017
44,Rhode Island,44003,Kent,30.060000000000002,2013,2017
44,Rhode Island,44005,Newport,29.619999999999997,2013,2017
44,Rhode Island,44007,Providence,29.139999999999997,2013,2017
44,Rhode Island,44009,Washington,26.839999999999996,2013,2017
45,South Carolina,45001,Abbeville,28.675,2013,2017
45,South Carolina,45003,Aiken,26.625,2013,2017
45,South Carolina,45005,Allendale,28.05,2013,2017
45,South Carolina,45007,Anderson,28.3,2013,2017
45,South Carolina,45009,Bamberg,30.775,2013,2017
45,South Carolina,45011,Barnwell,22.075,2013,2017
45,South Carolina,45013,Beaufort,18.6,2013,2017
45,South Carolina,45015,Berkeley,25.9,2013,2017
45,South Carolina,45017,Calhoun,32.5,2013,2017
45,South Carolina,45019,Charleston,24.525,2013,2017
45,South Carolina,45021,Cherokee,27.675,2013,2017
45,South Carolina,45023,Chester,26.35,2013,2017
45,South Carolina,45025,Chesterfield,31.599999999999998,2013,2017
45,South Carolina,45027,Clarendon,35.175,2013,2017
45,South Carolina,45029,Colleton,22.85,2013,2017
45,South Carolina,45031,Darlington,44.475,2013,2017
45,South Carolina,45033,Dillon,39.125,2013,2017
45,South Carolina,45035,Dorchester,25.0,2013,2017
45,South Carolina,45037,Edgefield,21.825000000000003,2013,2017
45,South Carolina,45039,Fairfield,31.674999999999997,2013,2017
45,South Carolina,45041,Florence,45.5,2013,2017
45,South Carolina,45043,Georgetown,27.225,2013,2017
45,South Carolina,45045,Greenville,26.975,2013,2017
45,South Carolina,45047,Greenwood,33.425,2013,2017
45,South Carolina,45049,Hampton,18.9,2013,2017
45,South Carolina,45051,Horry,32.55,2013,2017
45,South Carolina,45053,Jasper,15.925,2013,2017
45,South Carolina,45055,Kershaw,33.075,2013,2017
45,South Carolina,45057,Lancaster,21.7,2013,2017
45,South Carolina,45059,Laurens,30.325,2013,2017
45,South Carolina,45061,Lee,45.425,2013,2017
45,South Carolina,45063,Lexington,28.45,2013,2017
45,South Carolina,45065,McCormick,30.35,2013,2017
45,South Carolina,45067,Marion,38.2,2013,2017
45,South Carolina,45069,Marlboro,45.8,2013,2017
45,South Carolina,45071,Newberry,33.1,2013,2017
45,South Carolina,45073,Oconee,24.15,2013,2017
45,South Carolina,45075,Orangeburg,27.875,2013,2017
45,South Carolina,45077,Pickens,26.5,2013,2017
45,South Carolina,45079,Richland,33.175,2013,2017
45,South Carolina,45081,Saluda,28.25,2013,2017
45,South Carolina,45083,Spartanburg,28.0,2013,2017
45,South Carolina,45085,Sumter,36.7,2013,2017
45,South Carolina,45087,Union,30.95,2013,2017
45,South Carolina,45089,Williamsburg,36.475,2013,2017
45,South Carolina,45091,York,23.475,2013,2017
47,Tennessee,47001,Anderson,32.519999999999996,2013,2017
47,Tennessee,47003,Bedford,41.239999999999995,2013,2017
47,Tennessee,47005,Benton,57.36,2013,2017
47,Tennessee,47007,Bledsoe,35.44,2013,2017
47,Tennessee,47009,Blount,30.880000000000003,2013,2017
47,Tennessee,47011,Bradley,37.14,2013,2017
47,Tennessee,47013,Campbell,45.58,2013,2017
47,Tennessee,47015,Cannon,41.660000000000004,2013,2017
47,Tennessee,47017,Carroll,57.48,2013,2017
47,Tennessee,47019,Carter,46.22,2013,2017
47,Tennessee,47021,Cheatham,32.56,2013,2017
47,Tennessee,47023,Chester,52.14,2013,2017
47,Tennessee,47025,Claiborne,43.7,2013,2017
47,Tennessee,47027,Clay,48.239999999999995,2013,2017
47,Tennessee,47029,Cocke,36.72,2013,2017
47,Tennessee,47031,Coffee,46.519999999999996,2013,2017
47,Tennessee,47033,Crockett,60.220000000000006,2013,2017
47,Tennessee,47035,Cumberland,39.12,2013,2017
47,Tennessee,47037,Davidson,33.4,2013,2017
47,Tennessee,47039,Decatur,57.6,2013,2017
47,Tennessee,47041,DeKalb,40.96,2013,2017
47,Tennessee,47043,Dickson,33.660000000000004,2013,2017
47,Tennessee,47045,Dyer,63.42,2013,2017
47,Tennessee,47047,Fayette,34.2,2013,2017
47,Tennessee,47049,Fentress,40.28,2013,2017
47,Tennessee,47051,Franklin,49.46,2013,2017
47,Tennessee,47053,Gibson,59.56,2013,2017
47,Tennessee,47055,Giles,34.760000000000005,2013,2017
47,Tennessee,47057,Grainger,34.54,2013,2017
47,Tennessee,47059,Greene,46.019999999999996,2013,2017
47,Tennessee,47061,Grundy,54.839999999999996,2013,2017
47,Tennessee,47063,Hamblen,44.46,2013,2017
47,Tennessee,47065,Hamilton,37.42,2013,2017
47,Tennessee,47067,Hancock,33.7,2013,2017
47,Tennessee,47069,Hardeman,47.5,2013,2017
47,Tennessee,47071,Hardin,53.92,2013,2017
47,Tennessee,47073,Hawkins,42.54,2013,2017
47,Tennessee,47075,Haywood,49.44,2013,2017
47,Tennessee,47077,Henderson,54.9,2013,2017
47,Tennessee,47079,Henry,52.48,2013,2017
47,Tennessee,47081,Hickman,32.760000000000005,2013,2017
47,Tennessee,47083,Houston,41.6,2013,2017
47,Tennessee,47085,Humphreys,52.02,2013,2017
47,Tennessee,47087,Jackson,44.08,2013,2017
47,Tennessee,47089,Jefferson,33.36,2013,2017
47,Tennessee,47091,Johnson,35.86,2013,2017
47,Tennessee,47093,Knox,32.04,2013,2017
47,Tennessee,47095,Lake,60.739999999999995,2013,2017
47,Tennessee,47097,Lauderdale,64.97999999999999,2013,2017
47,Tennessee,47099,Lawrence,35.96,2013,2017
47,Tennessee,47101,Lewis,38.12,2013,2017
47,Tennessee,47103,Lincoln,43.04,2013,2017
47,Tennessee,47105,Loudon,32.56,2013,2017
47,Tennessee,47107,McMinn,40.32000000000001,2013,2017
47,Tennessee,47109,McNairy,50.480000000000004,2013,2017
47,Tennessee,47111,Macon,43.2,2013,2017
47,Tennessee,47113,Madison,55.82000000000001,2013,2017
47,Tennessee,47115,Marion,38.04,2013,2017
47,Tennessee,47117,Marshall,33.220000000000006,2013,2017
47,Tennessee,47119,Maury,31.160000000000004,2013,2017
47,Tennessee,47121,Meigs,36.82,2013,2017
47,Tennessee,47123,Monroe,34.46,2013,2017
47,Tennessee,47125,Montgomery,37.339999999999996,2013,2017
47,Tennessee,47127,Moore,47.34,2013,2017
47,Tennessee,47129,Morgan,37.2,2013,2017
47,Tennessee,47131,Obion,64.86,2013,2017
47,Tennessee,47133,Overton,42.160000000000004,2013,2017
47,Tennessee,47135,Perry,51.779999999999994,2013,2017
47,Tennessee,47137,Pickett,46.32,2013,2017
47,Tennessee,47139,Polk,39.5,2013,2017
47,Tennessee,47141,Putnam,41.72,2013,2017
47,Tennessee,47143,Rhea,35.019999999999996,2013,2017
47,Tennessee,47145,Roane,32.86,2013,2017
47,Tennessee,47147,Robertson,35.22,2013,2017
47,Tennessee,47149,Rutherford,34.239999999999995,2013,2017
47,Tennessee,47151,Scott,42.62,2013,2017
47,Tennessee,47153,Sequatchie,38.54,2013,2017
47,Tennessee,47155,Sevier,31.28,2013,2017
47,Tennessee,47157,Shelby,33.18,2013,2017
47,Tennessee,47159,Smith,39.22,2013,2017
47,Tennessee,47161,Stewart,38.4,2013,2017
47,Tennessee,47163,Sullivan,41.480000000000004,2013,2017
47,Tennessee,47165,Sumner,35.4,2013,2017
47,Tennessee,47167,Tipton,34.42,2013,2017
47,Tennessee,47169,Trousdale,37.480000000000004,2013,2017
47,Tennessee,47171,Unicoi,46.42,2013,2017
47,Tennessee,47173,Union,32.379999999999995,2013,2017
47,Tennessee,47175,Van Buren,44.64,2013,2017
47,Tennessee,47177,Warren,53.4,2013,2017
47,Tennessee,47179,Washington,47.82,2013,2017
47,Tennessee,47181,Wayne,45.940000000000005,2013,2017
47,Tennessee,47183,Weakley,54.779999999999994,2013,2017
47,Tennessee,47185,White,42.38,2013,2017
47,Tennessee,47187,Williamson,33.68,2013,2017
47,Tennessee,47189,Wilson,35.6,2013,2017
49,Utah,49001,Beaver,28.419999999999998,2013,2017
49,Utah,49003,Box Elder,19.759999999999998,2013,2017
49,Utah,49005,Cache,20.119999999999997,2013,2017
49,Utah,49007,Carbon,25.080000000000002,2013,2017
49,Utah,49009,Daggett,24.14,2013,2017
49,Utah,49011,Davis,20.46,2013,2017
49,Utah,49013,Duchesne,23.96,2013,2017
49,Utah,49015,Emery,24.28,2013,2017
49,Utah,49017,Garfield,23.54,2013,2017
49,Utah,49019,Grand,21.1,2013,2017
49,Utah,49021,Iron,22.44,2013,2017
49,Utah,49023,Juab,24.740000000000002,2013,2017
49,Utah,49025,Kane,25.76,2013,2017
49,Utah,49027,Millard,28.46,2013,2017
49,Utah,49029,Morgan,19.98,2013,2017
49,Utah,49031,Piute,30.160000000000004,2013,2017
49,Utah,49033,Rich,19.259999999999998,2013,2017
49,Utah,49035,Salt Lake,21.16,2013,2017
49,Utah,49037,San Juan,23.48,2013,2017
49,Utah,49039,Sanpete,24.880000000000003,2013,2017
49,Utah,49041,Sevier,28.26,2013,2017
49,Utah,49043,Summit,20.98,2013,2017
49,Utah,49045,Tooele,21.119999999999997,2013,2017
49,Utah,49047,Uintah,23.3,2013,2017
49,Utah,49049,Utah,22.44,2013,2017
49,Utah,49051,Wasatch,21.759999999999998,2013,2017
49,Utah,49053,Washington,28.02,2013,2017
49,Utah,49055,Wayne,20.419999999999998,2013,2017
49,Utah,49057,Weber,19.68,2013,2017
50,Vermont,50001,Addison,27.02,2013,2017
50,Vermont,50003,Bennington,25.8,2013,2017
50,Vermont,50005,Caledonia,27.98,2013,2017
50,Vermont,50007,Chittenden,31.04,2013,2017
50,Vermont,50009,Essex,27.880000000000003,2013,2017
50,Vermont,50011,Franklin,30.639999999999997,2013,2017
50,Vermont,50013,Grand Isle,32.839999999999996,2013,2017
50,Vermont,50015,Lamoille,30.8,2013,2017
50,Vermont,50017,Orange,25.98,2013,2017
50,Vermont,50019,Orleans,31.339999999999996,2013,2017
50,Vermont,50021,Rutland,25.04,2013,2017
50,Vermont,50023,Washington,28.580000000000002,2013,2017
50,Vermont,50025,Windham,25.4,2013,2017
50,Vermont,50027,Windsor,25.32,2013,2017
51,Virginia,51001,Accomack,25.9,2013,2017
51,Virginia,51003,Albemarle,27.8,2013,2017
51,Virginia,51005,Alleghany,33.620000000000005,2013,2017
51,Virginia,51007,Amelia,27.439999999999998,2013,2017
51,Virginia,51009,Amherst,36.660000000000004,2013,2017
51,Virginia,51011,Appomattox,37.92,2013,2017
51,Virginia,51013,Arlington,14.8,2013,2017
51,Virginia,51015,Augusta,29.419999999999998,2013,2017
51,Virginia,51017,Bath,26.82,2013,2017
51,Virginia,51019,Bedford,31.939999999999998,2013,2017
51,Virginia,51021,Bland,40.58,2013,2017
51,Virginia,51023,Botetourt,28.380000000000003,2013,2017
51,Virginia,51025,Brunswick,28.9,2013,2017
51,Virginia,51027,Buchanan,36.38,2013,2017
51,Virginia,51029,Buckingham,28.28,2013,2017
51,Virginia,51031,Campbell,35.3,2013,2017
51,Virginia,51033,Caroline,28.26,2013,2017
51,Virginia,51035,Carroll,26.839999999999996,2013,2017
51,Virginia,51036,Charles City,25.6,2013,2017
51,Virginia,51037,Charlotte,34.86,2013,2017
51,Virginia,51041,Chesterfield,29.060000000000002,2013,2017
51,Virginia,51043,Clarke,24.22,2013,2017
51,Virginia,51045,Craig,30.839999999999996,2013,2017
51,Virginia,51047,Culpeper,29.919999999999998,2013,2017
51,Virginia,51049,Cumberland,28.22,2013,2017
51,Virginia,51051,Dickenson,33.06,2013,2017
51,Virginia,51053,Dinwiddie,31.18,2013,2017
51,Virginia,51057,Essex,32.68,2013,2017
51,Virginia,51059,Fairfax,16.18,2013,2017
51,Virginia,51061,Fauquier,23.759999999999998,2013,2017
51,Virginia,51063,Floyd,27.839999999999996,2013,2017
51,Virginia,51065,Fluvanna,23.46,2013,2017
51,Virginia,51067,Franklin,26.8,2013,2017
51,Virginia,51069,Frederick,26.119999999999997,2013,2017
51,Virginia,51071,Giles,39.0,2013,2017
51,Virginia,51073,Gloucester,25.639999999999997,2013,2017
51,Virginia,51075,Goochland,25.76,2013,2017
51,Virginia,51077,Grayson,25.119999999999997,2013,2017
51,Virginia,51079,Greene,27.660000000000004,2013,2017
51,Virginia,51081,Greensville,32.08,2013,2017
51,Virginia,51083,Halifax,27.76,2013,2017
51,Virginia,51085,Hanover,27.080000000000002,2013,2017
51,Virginia,51087,Henrico,26.28,2013,2017
51,Virginia,51089,Henry,28.660000000000004,2013,2017
51,Virginia,51091,Highland,26.380000000000003,2013,2017
51,Virginia,51093,Isle of Wight,28.52,2013,2017
51,Virginia,51095,James City,26.74,2013,2017
51,Virginia,51097,King and Queen,31.1,2013,2017
51,Virginia,51099,King George,22.619999999999997,2013,2017
51,Virginia,51101,King William,29.360000000000003,2013,2017
51,Virginia,51103,Lancaster,27.5,2013,2017
51,Virginia,51105,Lee,30.580000000000002,2013,2017
51,Virginia,51107,Loudoun,17.9,2013,2017
51,Virginia,51109,Louisa,26.02,2013,2017
51,Virginia,51111,Lunenburg,37.0,2013,2017
51,Virginia,51113,Madison,35.239999999999995,2013,2017
51,Virginia,51115,Mathews,23.72,2013,2017
51,Virginia,51117,Mecklenburg,29.52,2013,2017
51,Virginia,51119,Middlesex,30.080000000000002,2013,2017
51,Virginia,51121,Montgomery,34.160000000000004,2013,2017
51,Virginia,51125,Nelson,26.7,2013,2017
51,Virginia,51127,New Kent,26.439999999999998,2013,2017
51,Virginia,51131,Northampton,24.06,2013,2017
51,Virginia,51133,Northumberland,22.419999999999998,2013,2017
51,Virginia,51135,Nottoway,34.7,2013,2017
51,Virginia,51137,Orange,28.48,2013,2017
51,Virginia,51139,Page,32.0,2013,2017
51,Virginia,51141,Patrick,23.48,2013,2017
51,Virginia,51143,Pittsylvania,29.860000000000003,2013,2017
51,Virginia,51145,Powhatan,25.4,2013,2017
51,Virginia,51147,Prince Edward,37.239999999999995,2013,2017
51,Virginia,51149,Prince George,31.52,2013,2017
51,Virginia,51153,Prince William,17.660000000000004,2013,2017
51,Virginia,51155,Pulaski,34.36,2013,2017
51,Virginia,51157,Rappahannock,33.379999999999995,2013,2017
51,Virginia,51159,Richmond,33.660000000000004,2013,2017
51,Virginia,51161,Roanoke,33.44,2013,2017
51,Virginia,51163,Rockbridge,32.36,2013,2017
51,Virginia,51165,Rockingham,27.339999999999996,2013,2017
51,Virginia,51167,Russell,23.6,2013,2017
51,Virginia,51169,Scott,33.660000000000004,2013,2017
51,Virginia,51171,Shenandoah,29.360000000000003,2013,2017
51,Virginia,51173,Smyth,28.839999999999996,2013,2017
51,Virginia,51175,Southampton,25.639999999999997,2013,2017
51,Virginia,51177,Spotsylvania,29.3,2013,2017
51,Virginia,51179,Stafford,23.6,2013,2017
51,Virginia,51181,Surry,27.9,2013,2017
51,Virginia,51183,Sussex,29.3,2013,2017
51,Virginia,51185,Tazewell,35.36,2013,2017
51,Virginia,51187,Warren,30.2,2013,2017
51,Virginia,51191,Washington,31.52,2013,2017
51,Virginia,51193,Westmoreland,19.66,2013,2017
51,Virginia,51195,Wise,35.260000000000005,2013,2017
51,Virginia,51197,Wythe,30.580000000000002,2013,2017
51,Virginia,51199,York,26.380000000000003,2013,2017
51,Virginia,51510,Alexandria,15.440000000000001,2013,2017
51,Virginia,51520,Bristol,35.12,2013,2017
51,Virginia,51530,Buena Vista,26.9,2013,2017
51,Virginia,51540,Charlottesville,21.919999999999998,2013,2017
51,Virginia,51550,Chesapeake,26.619999999999997,2013,2017
51,Virginia,51570,Colonial Heights,32.46,2013,2017
51,Virginia,51580,Covington,55.660000000000004,2013,2017
51,Virginia,51590,Danville,30.639999999999997,2013,2017
51,Virginia,51595,Emporia,59.120000000000005,2013,2017
51,Virginia,51600,Fairfax City,15.16,2013,2017
51,Virginia,51610,Falls Church,14.36,2013,2017
51,Virginia,51620,Franklin City,32.72,2013,2017
51,Virginia,51630,Fredericksburg,27.48,2013,2017
51,Virginia,51640,Galax,11.52,2013,2017
51,Virginia,51650,Hampton,25.96,2013,2017
51,Virginia,51660,Harrisonburg,34.44,2013,2017
51,Virginia,51670,Hopewell,27.48,2013,2017
51,Virginia,51678,Lexington,32.1,2013,2017
51,Virginia,51680,Lynchburg,37.660000000000004,2013,2017
51,Virginia,51683,Manassas,20.86,2013,2017
51,Virginia,51685,Manassas Park,20.86,2013,2017
51,Virginia,51690,Martinsville,32.019999999999996,2013,2017
51,Virginia,51700,Newport News,27.24,2013,2017
51,Virginia,51710,Norfolk,27.080000000000002,2013,2017
51,Virginia,51720,Norton,23.580000000000002,2013,2017
51,Virginia,51730,Petersburg,31.26,2013,2017
51,Virginia,51735,Poquoson,23.4,2013,2017
51,Virginia,51740,Portsmouth,29.360000000000003,2013,2017
51,Virginia,51750,Radford,37.78,2013,2017
51,Virginia,51760,Richmond City,26.459999999999997,2013,2017
51,Virginia,51770,Roanoke City,37.6,2013,2017
51,Virginia,51775,Salem,37.6,2013,2017
51,Virginia,51790,Staunton,33.7,2013,2017
51,Virginia,51800,Suffolk,30.02,2013,2017
51,Virginia,51810,Virginia Beach,25.82,2013,2017
51,Virginia,51820,Waynesboro,33.739999999999995,2013,2017
51,Virginia,51830,Williamsburg,20.1,2013,2017
51,Virginia,51840,Winchester,27.76,2013,2017
53,Washington,53001,Adams,28.939999999999998,2013,2017
53,Washington,53003,Asotin,14.14,2013,2017
53,Washington,53005,Benton,24.64,2013,2017
53,Washington,53007,Chelan,22.94,2013,2017
53,Washington,53009,Clallam,24.6,2013,2017
53,Washington,53011,Clark,24.64,2013,2017
53,Washington,53013,Columbia,18.8,2013,2017
53,Washington,53015,Cowlitz,26.76,2013,2017
53,Washington,53017,Douglas,28.919999999999998,2013,2017
53,Washington,53019,Ferry,28.6,2013,2017
53,Washington,53021,Franklin,27.060000000000002,2013,2017
53,Washington,53023,Garfield,15.8,2013,2017
53,Washington,53025,Grant,28.02,2013,2017
53,Washington,53027,Grays Harbor,29.139999999999997,2013,2017
53,Washington,53029,Island,25.48,2013,2017
53,Washington,53031,Jefferson,25.22,2013,2017
53,Washington,53033,King,23.64,2013,2017
53,Washington,53035,Kitsap,23.28,2013,2017
53,Washington,53037,Kittitas,23.5,2013,2017
53,Washington,53039,Klickitat,25.28,2013,2017
53,Washington,53041,Lewis,28.7,2013,2017
53,Washington,53043,Lincoln,28.74,2013,2017
53,Washington,53045,Mason,26.74,2013,2017
53,Washington,53047,Okanogan,28.8,2013,2017
53,Washington,53049,Pacific,31.360000000000003,2013,2017
53,Washington,53051,Pend Oreille,28.28,2013,2017
53,Washington,53053,Pierce,23.740000000000002,2013,2017
53,Washington,53055,San Juan,26.360000000000003,2013,2017
53,Washington,53057,Skagit,26.82,2013,2017
53,Washington,53059,Skamania,25.76,2013,2017
53,Washington,53061,Snohomish,22.72,2013,2017
53,Washington,53063,Spokane,28.119999999999997,2013,2017
53,Washington,53065,Stevens,28.160000000000004,2013,2017
53,Washington,53067,Thurston,28.52,2013,2017
53,Washington,53069,Wahkiakum,30.02,2013,2017
53,Washington,53071,Walla Walla,21.3,2013,2017
53,Washington,53073,Whatcom,27.76,2013,2017
53,Washington,53075,Whitman,26.839999999999996,2013,2017
53,Washington,53077,Yakima,23.54,2013,2017
54,West Virginia,54001,Barbour,47.85,2013,2017
54,West Virginia,54003,Berkeley,26.225,2013,2017
54,West Virginia,54005,Boone,51.475,2013,2017
54,West Virginia,54007,Braxton,55.625,2013,2017
54,West Virginia,54009,Brooke,36.4,2013,2017
54,West Virginia,54011,Cabell,47.525,2013,2017
54,West Virginia,54013,Calhoun,49.724999999999994,2013,2017
54,West Virginia,54015,Clay,49.525,2013,2017
54,West Virginia,54017,Doddridge,58.2,2013,2017
54,West Virginia,54019,Fayette,47.65,2013,2017
54,West Virginia,54021,Gilmer,53.1,2013,2017
54,West Virginia,54023,Grant,20.85,2013,2017
54,West Virginia,54025,Greenbrier,42.25,2013,2017
54,West Virginia,54027,Hampshire,22.175,2013,2017
54,West Virginia,54029,Hancock,32.925,2013,2017
54,West Virginia,54031,Hardy,21.025,2013,2017
54,West Virginia,54033,Harrison,56.875,2013,2017
54,West Virginia,54035,Jackson,45.45,2013,2017
54,West Virginia,54037,Jefferson,24.45,2013,2017
54,West Virginia,54039,Kanawha,49.475,2013,2017
54,West Virginia,54041,Lewis,56.15,2013,2017
54,West Virginia,54043,Lincoln,50.225,2013,2017
54,West Virginia,54045,Logan,54.825,2013,2017
54,West Virginia,54047,McDowell,40.825,2013,2017
54,West Virginia,54049,Marion,51.9,2013,2017
54,West Virginia,54051,Marshall,40.375,2013,2017
54,West Virginia,54053,Mason,45.425,2013,2017
54,West Virginia,54055,Mercer,44.125,2013,2017
54,West Virginia,54057,Mineral,21.7,2013,2017
54,West Virginia,54059,Mingo,50.575,2013,2017
54,West Virginia,54061,Monongalia,44.725,2013,2017
54,West Virginia,54063,Monroe,34.7,2013,2017
54,West Virginia,54065,Morgan,28.925,2013,2017
54,West Virginia,54067,Nicholas,48.975,2013,2017
54,West Virginia,54069,Ohio,38.4,2013,2017
54,West Virginia,54071,Pendleton,26.2,2013,2017
54,West Virginia,54073,Pleasants,42.275,2013,2017
54,West Virginia,54075,Pocahontas,36.275,2013,2017
54,West Virginia,54077,Preston,37.45,2013,2017
54,West Virginia,54079,Putnam,48.0,2013,2017
54,West Virginia,54081,Raleigh,49.8,2013,2017
54,West Virginia,54083,Randolph,36.525,2013,2017
54,West Virginia,54085,Ritchie,42.075,2013,2017
54,West Virginia,54087,Roane,50.175,2013,2017
54,West Virginia,54089,Summers,45.375,2013,2017
54,West Virginia,54091,Taylor,49.375,2013,2017
54,West Virginia,54093,Tucker,38.05,2013,2017
54,West Virginia,54095,Tyler,45.0,2013,2017
54,West Virginia,54097,Upshur,55.7,2013,2017
54,West Virginia,54099,Wayne,53.225,2013,2017
54,West Virginia,54101,Webster,45.525,2013,2017
54,West Virginia,54103,Wetzel,50.05,2013,2017
54,West Virginia,54105,Wirt,45.575,2013,2017
54,West Virginia,54107,Wood,44.875,2013,2017
54,West Virginia,54109,Wyoming,50.275,2013,2017
55,Wisconsin,55001,Adams,33.86,2013,2017
55,Wisconsin,55003,Ashland,28.860000000000003,2013,2017
55,Wisconsin,55005,Barron,31.28,2013,2017
55,Wisconsin,55007,Bayfield,37.58,2013,2017
55,Wisconsin,55009,Brown,26.96,2013,2017
55,Wisconsin,55011,Buffalo,24.36,2013,2017
55,Wisconsin,55013,Burnett,34.62,2013,2017
55,Wisconsin,55015,Calumet,26.26,2013,2017
55,Wisconsin,55017,Chippewa,31.22,2013,2017
55,Wisconsin,55019,Clark,30.48,2013,2017
55,Wisconsin,55021,Columbia,28.04,2013,2017
55,Wisconsin,55023,Crawford,26.360000000000003,2013,2017
55,Wisconsin,55025,Dane,28.48,2013,2017
55,Wisconsin,55027,Dodge,25.16,2013,2017
55,Wisconsin,55029,Door,31.3,2013,2017
55,Wisconsin,55031,Douglas,32.82,2013,2017
55,Wisconsin,55033,Dunn,29.78,2013,2017
55,Wisconsin,55035,Eau Claire,30.96,2013,2017
55,Wisconsin,55037,Florence,35.64,2013,2017
55,Wisconsin,55039,Fond du Lac,26.360000000000003,2013,2017
55,Wisconsin,55041,Forest,35.2,2013,2017
55,Wisconsin,55043,Grant,30.28,2013,2017
55,Wisconsin,55045,Green,27.68,2013,2017
55,Wisconsin,55047,Green Lake,28.580000000000002,2013,2017
55,Wisconsin,55049,Iowa,26.880000000000003,2013,2017
55,Wisconsin,55051,Iron,33.22,2013,2017
55,Wisconsin,55053,Jackson,31.080000000000002,2013,2017
55,Wisconsin,55055,Jefferson,25.78,2013,2017
55,Wisconsin,55057,Juneau,32.36,2013,2017
55,Wisconsin,55059,Kenosha,26.560000000000002,2013,2017
55,Wisconsin,55061,Kewaunee,30.060000000000002,2013,2017
55,Wisconsin,55063,La Crosse,21.28,2013,2017
55,Wisconsin,55065,Lafayette,29.48,2013,2017
55,Wisconsin,55067,Langlade,29.18,2013,2017
55,Wisconsin,55069,Lincoln,27.68,2013,2017
55,Wisconsin,55071,Manitowoc,28.639999999999997,2013,2017
55,Wisconsin,55073,Marathon,31.5,2013,2017
55,Wisconsin,55075,Marinette,31.759999999999998,2013,2017
55,Wisconsin,55077,Marquette,29.419999999999998,2013,2017
55,Wisconsin,55078,Menominee,30.74,2013,2017
55,Wisconsin,55079,Milwaukee,25.880000000000003,2013,2017
55,Wisconsin,55081,Monroe,26.24,2013,2017
55,Wisconsin,55083,Oconto,31.3,2013,2017
55,Wisconsin,55085,Oneida,35.14,2013,2017
55,Wisconsin,55087,Outagamie,25.619999999999997,2013,2017
55,Wisconsin,55089,Ozaukee,26.54,2013,2017
55,Wisconsin,55091,Pepin,27.18,2013,2017
55,Wisconsin,55093,Pierce,25.0,2013,2017
55,Wisconsin,55095,Polk,27.419999999999998,2013,2017
55,Wisconsin,55097,Portage,30.4,2013,2017
55,Wisconsin,55099,Price,34.040000000000006,2013,2017
55,Wisconsin,55101,Racine,25.939999999999998,2013,2017
55,Wisconsin,55103,Richland,29.28,2013,2017
55,Wisconsin,55105,Rock,27.24,2013,2017
55,Wisconsin,55107,Rusk,32.879999999999995,2013,2017
55,Wisconsin,55109,St. Croix,26.860000000000003,2013,2017
55,Wisconsin,55111,Sauk,26.8,2013,2017
55,Wisconsin,55113,Sawyer,37.0,2013,2017
55,Wisconsin,55115,Shawano,27.639999999999997,2013,2017
55,Wisconsin,55117,Sheboygan,26.24,2013,2017
55,Wisconsin,55119,Taylor,29.1,2013,2017
55,Wisconsin,55121,Trempealeau,23.86,2013,2017
55,Wisconsin,55123,Vernon,24.759999999999998,2013,2017
55,Wisconsin,55125,Vilas,31.82,2013,2017
55,Wisconsin,55127,Walworth,24.96,2013,2017
55,Wisconsin,55129,Washburn,35.339999999999996,2013,2017
55,Wisconsin,55131,Washington,26.68,2013,2017
55,Wisconsin,55133,Waukesha,26.3,2013,2017
55,Wisconsin,55135,Waupaca,26.26,2013,2017
55,Wisconsin,55137,Waushara,26.939999999999998,2013,2017
55,Wisconsin,55139,Winnebago,25.419999999999998,2013,2017
55,Wisconsin,55141,Wood,31.76,2013,2017
4,Arizona,4001,Apache,28.7,2014,2018
4,Arizona,4003,Cochise,26.860000000000003,2014,2018
4,Arizona,4005,Coconino,29.52,2014,2018
4,Arizona,4007,Gila,25.76,2014,2018
4,Arizona,4009,Graham,27.5,2014,2018
4,Arizona,4011,Greenlee,32.839999999999996,2014,2018
4,Arizona,4012,La Paz,28.580000000000002,2014,2018
4,Arizona,4013,Maricopa,25.78,2014,2018
4,Arizona,4015,Mohave,31.060000000000002,2014,2018
4,Arizona,4017,Navajo,27.74,2014,2018
4,Arizona,4019,Pima,25.880000000000003,2014,2018
4,Arizona,4021,Pinal,25.44,2014,2018
4,Arizona,4023,Santa Cruz,26.32,2014,2018
4,Arizona,4025,Yavapai,25.880000000000003,2014,2018
4,Arizona,4027,Yuma,25.56,2014,2018
6,California,6001,Alameda,21.419999999999998,2014,2018
6,California,6003,Alpine,22.419999999999998,2014,2018
6,California,6005,Amador,31.26,2014,2018
6,California,6007,Butte,28.96,2014,2018
6,California,6009,Calaveras,30.860000000000003,2014,2018
6,California,6011,Colusa,28.98,2014,2018
6,California,6013,Contra Costa,24.119999999999997,2014,2018
6,California,6015,Del Norte,28.5,2014,2018
6,California,6017,El Dorado,29.860000000000003,2014,2018
6,California,6019,Fresno,27.9,2014,2018
6,California,6021,Glenn,27.959999999999997,2014,2018
6,California,6023,Humboldt,25.5,2014,2018
6,California,6025,Imperial,24.64,2014,2018
6,California,6027,Inyo,32.06,2014,2018
6,California,6029,Kern,27.6,2014,2018
6,California,6031,Kings,27.68,2014,2018
6,California,6033,Lake,23.080000000000002,2014,2018
6,California,6035,Lassen,25.580000000000002,2014,2018
6,California,6037,Los Angeles,26.6,2014,2018
6,California,6039,Madera,28.72,2014,2018
6,California,6041,Marin,20.54,2014,2018
6,California,6043,Mariposa,30.74,2014,2018
6,California,6045,Mendocino,24.02,2014,2018
6,California,6047,Merced,24.22,2014,2018
6,California,6049,Modoc,25.28,2014,2018
6,California,6051,Mono,27.3,2014,2018
6,California,6053,Monterey,23.259999999999998,2014,2018
6,California,6055,Napa,24.18,2014,2018
6,California,6057,Nevada,24.8,2014,2018
6,California,6059,Orange,25.82,2014,2018
6,California,6061,Placer,29.52,2014,2018
6,California,6063,Plumas,28.48,2014,2018
6,California,6065,Riverside,24.8,2014,2018
6,California,6067,Sacramento,27.96,2014,2018
6,California,6069,San Benito,21.839999999999996,2014,2018
6,California,6071,San Bernardino,27.3,2014,2018
6,California,6073,San Diego,22.94,2014,2018
6,California,6075,San Francisco,19.520000000000003,2014,2018
6,California,6077,San Joaquin,26.78,2014,2018
6,California,6079,San Luis Obispo,24.0,2014,2018
6,California,6081,San Mateo,18.86,2014,2018
6,California,6083,Santa Barbara,23.66,2014,2018
6,California,6085,Santa Clara,21.02,2014,2018
6,California,6087,Santa Cruz,18.56,2014,2018
6,California,6089,Shasta,24.1,2014,2018
6,California,6091,Sierra,21.119999999999997,2014,2018
6,California,6093,Siskiyou,27.560000000000002,2014,2018
6,California,6095,Solano,25.78,2014,2018
6,California,6097,Sonoma,22.28,2014,2018
6,California,6099,Stanislaus,23.3,2014,2018
6,California,6101,Sutter,30.72,2014,2018
6,California,6103,Tehama,27.96,2014,2018
6,California,6105,Trinity,28.02,2014,2018
6,California,6107,Tulare,31.22,2014,2018
6,California,6109,Tuolumne,29.060000000000002,2014,2018
6,California,6111,Ventura,26.72,2014,2018
6,California,6113,Yolo,30.54,2014,2018
6,California,6115,Yuba,26.18,2014,2018
8,Colorado,8001,Adams,20.580000000000002,2014,2018
8,Colorado,8003,Alamosa,28.939999999999998,2014,2018
8,Colorado,8005,Arapahoe,19.419999999999998,2014,2018
8,Colorado,8007,Archuleta,26.0,2014,2018
8,Colorado,8009,Baca,26.68,2014,2018
8,Colorado,8011,Bent,28.8,2014,2018
8,Colorado,8013,Boulder,19.56,2014,2018
8,Colorado,8014,Broomfield,20.94,2014,2018
8,Colorado,8015,Chaffee,19.72,2014,2018
8,Colorado,8017,Cheyenne,19.66,2014,2018
8,Colorado,8019,Clear Creek,18.46,2014,2018
8,Colorado,8021,Conejos,27.72,2014,2018
8,Colorado,8023,Costilla,26.9,2014,2018
8,Colorado,8025,Crowley,23.06,2014,2018
8,Colorado,8027,Custer,25.72,2014,2018
8,Colorado,8029,Delta,23.36,2014,2018
8,Colorado,8031,Denver,20.020000000000003,2014,2018
8,Colorado,8033,Dolores,14.02,2014,2018
8,Colorado,8035,Douglas,19.080000000000002,2014,2018
8,Colorado,8037,Eagle,12.66,2014,2018
8,Colorado,8039,Elbert,19.0,2014,2018
8,Colorado,8041,El Paso,20.86,2014,2018
8,Colorado,8043,Fremont,22.6,2014,2018
8,Colorado,8045,Garfield,19.46,2014,2018
8,Colorado,8047,Gilpin,17.44,2014,2018
8,Colorado,8049,Grand,16.84,2014,2018
8,Colorado,8051,Gunnison,21.64,2014,2018
8,Colorado,8053,Hinsdale,16.02,2014,2018
8,Colorado,8055,Huerfano,26.02,2014,2018
8,Colorado,8057,Jackson,19.919999999999998,2014,2018
8,Colorado,8059,Jefferson,18.919999999999998,2014,2018
8,Colorado,8061,Kiowa,26.839999999999996,2014,2018
8,Colorado,8063,Kit Carson,20.46,2014,2018
8,Colorado,8065,Lake,12.6,2014,2018
8,Colorado,8067,La Plata,22.619999999999997,2014,2018
8,Colorado,8069,Larimer,19.880000000000003,2014,2018
8,Colorado,8071,Las Animas,26.580000000000002,2014,2018
8,Colorado,8073,Lincoln,20.740000000000002,2014,2018
8,Colorado,8075,Logan,24.22,2014,2018
8,Colorado,8077,Mesa,20.6,2014,2018
8,Colorado,8079,Mineral,22.16,2014,2018
8,Colorado,8081,Moffat,21.7,2014,2018
8,Colorado,8083,Montezuma,21.96,2014,2018
8,Colorado,8085,Montrose,21.48,2014,2018
8,Colorado,8087,Morgan,25.880000000000003,2014,2018
8,Colorado,8089,Otero,26.78,2014,2018
8,Colorado,8091,Ouray,19.04,2014,2018
8,Colorado,8093,Park,19.32,2014,2018
8,Colorado,8095,Phillips,25.82,2014,2018
8,Colorado,8097,Pitkin,19.44,2014,2018
8,Colorado,8099,Prowers,25.54,2014,2018
8,Colorado,8101,Pueblo,23.46,2014,2018
8,Colorado,8103,Rio Blanco,19.98,2014,2018
8,Colorado,8105,Rio Grande,26.72,2014,2018
8,Colorado,8107,Routt,14.959999999999999,2014,2018
8,Colorado,8109,Saguache,25.04,2014,2018
8,Colorado,8111,San Juan,14.540000000000001,2014,2018
8,Colorado,8113,San Miguel,17.46,2014,2018
8,Colorado,8115,Sedgwick,19.880000000000003,2014,2018
8,Colorado,8117,Summit,12.940000000000001,2014,2018
8,Colorado,8119,Teller,19.68,2014,2018
8,Colorado,8121,Washington,21.66,2014,2018
8,Colorado,8123,Weld,21.919999999999998,2014,2018
8,Colorado,8125,Yuma,24.02,2014,2018
9,Connecticut,9001,Fairfield,24.119999999999997,2014,2018
9,Connecticut,9003,Hartford,25.839999999999996,2014,2018
9,Connecticut,9005,Litchfield,25.02,2014,2018
9,Connecticut,9007,Middlesex,25.619999999999997,2014,2018
9,Connecticut,9009,New Haven,24.7,2014,2018
9,Connecticut,9011,New London,26.0,2014,2018
9,Connecticut,9013,Tolland,26.6,2014,2018
9,Connecticut,9015,Windham,30.080000000000002,2014,2018
12,Florida,12001,Alachua,37.6,2014,2018
12,Florida,12003,Baker,33.36,2014,2018
12,Florida,12005,Bay,29.639999999999997,2014,2018
12,Florida,12007,Bradford,33.239999999999995,2014,2018
12,Florida,12009,Brevard,29.439999999999998,2014,2018
12,Florida,12011,Broward,26.74,2014,2018
12,Florida,12013,Calhoun,31.98,2014,2018
12,Florida,12015,Charlotte,26.6,2014,2018
12,Florida,12017,Citrus,40.339999999999996,2014,2018
12,Florida,12019,Clay,31.7,2014,2018
12,Florida,12021,Collier,27.419999999999998,2014,2018
12,Florida,12023,Columbia,35.980000000000004,2014,2018
12,Florida,12027,DeSoto,29.26,2014,2018
12,Florida,12029,Dixie,38.3,2014,2018
12,Florida,12031,Duval,30.839999999999996,2014,2018
12,Florida,12033,Escambia,34.86,2014,2018
12,Florida,12035,Flagler,30.72,2014,2018
12,Florida,12037,Franklin,39.06,2014,2018
12,Florida,12039,Gadsden,30.339999999999996,2014,2018
12,Florida,12041,Gilchrist,35.120000000000005,2014,2018
12,Florida,12043,Glades,24.919999999999998,2014,2018
12,Florida,12045,Gulf,35.019999999999996,2014,2018
12,Florida,12047,Hamilton,44.18,2014,2018
12,Florida,12049,Hardee,33.980000000000004,2014,2018
12,Florida,12051,Hendry,24.72,2014,2018
12,Florida,12053,Hernando,39.66,2014,2018
12,Florida,12055,Highlands,38.0,2014,2018
12,Florida,12057,Hillsborough,33.8,2014,2018
12,Florida,12059,Holmes,23.52,2014,2018
12,Florida,12061,Indian River,32.88,2014,2018
12,Florida,12063,Jackson,31.419999999999998,2014,2018
12,Florida,12065,Jefferson,34.2,2014,2018
12,Florida,12067,Lafayette,41.38,2014,2018
12,Florida,12069,Lake,33.26,2014,2018
12,Florida,12071,Lee,24.080000000000002,2014,2018
12,Florida,12073,Leon,33.92,2014,2018
12,Florida,12075,Levy,38.239999999999995,2014,2018
12,Florida,12077,Liberty,31.380000000000003,2014,2018
12,Florida,12079,Madison,41.94,2014,2018
12,Florida,12081,Manatee,31.759999999999998,2014,2018
12,Florida,12083,Marion,36.2,2014,2018
12,Florida,12085,Martin,25.619999999999997,2014,2018
12,Florida,12086,Miami-Dade,28.24,2014,2018
12,Florida,12087,Monroe,28.7,2014,2018
12,Florida,12089,Nassau,32.32,2014,2018
12,Florida,12091,Okaloosa,32.88,2014,2018
12,Florida,12093,Okeechobee,29.9,2014,2018
12,Florida,12095,Orange,31.96,2014,2018
12,Florida,12097,Osceola,33.3,2014,2018
12,Florida,12099,Palm Beach,25.36,2014,2018
12,Florida,12101,Pasco,34.480000000000004,2014,2018
12,Florida,12103,Pinellas,32.94,2014,2018
12,Florida,12105,Polk,34.08,2014,2018
12,Florida,12107,Putnam,32.58,2014,2018
12,Florida,12109,St. Johns,30.72,2014,2018
12,Florida,12111,St. Lucie,32.1,2014,2018
12,Florida,12113,Santa Rosa,33.980000000000004,2014,2018
12,Florida,12115,Sarasota,27.919999999999998,2014,2018
12,Florida,12117,Seminole,29.78,2014,2018
12,Florida,12119,Sumter,39.279999999999994,2014,2018
12,Florida,12121,Suwannee,42.8,2014,2018
12,Florida,12123,Taylor,38.160000000000004,2014,2018
12,Florida,12125,Union,34.480000000000004,2014,2018
12,Florida,12127,Volusia,30.860000000000003,2014,2018
12,Florida,12129,Wakulla,33.72,2014,2018
12,Florida,12131,Walton,31.639999999999997,2014,2018
12,Florida,12133,Washington,29.28,2014,2018
18,Indiana,18001,Adams,30.7,2014,2018
18,Indiana,18003,Allen,30.4,2014,2018
18,Indiana,18005,Bartholomew,33.4,2014,2018
18,Indiana,18007,Benton,31.2,2014,2018
18,Indiana,18009,Blackford,43.0,2014,2018
18,Indiana,18011,Boone,28.3,2014,2018
18,Indiana,18013,Brown,30.0,2014,2018
18,Indiana,18015,Carroll,33.8,2014,2018
18,Indiana,18017,Cass,38.0,2014,2018
18,Indiana,18019,Clark,33.1,2014,2018
18,Indiana,18021,Clay,34.9,2014,2018
18,Indiana,18023,Clinton,27.4,2014,2018
18,Indiana,18025,Crawford,36.7,2014,2018
18,Indiana,18027,Daviess,38.1,2014,2018
18,Indiana,18029,Dearborn,20.2,2014,2018
18,Indiana,18031,Decatur,31.8,2014,2018
18,Indiana,18033,DeKalb,30.0,2014,2018
18,Indiana,18035,Delaware,42.4,2014,2018
18,Indiana,18037,Dubois,38.1,2014,2018
18,Indiana,18039,Elkhart,30.2,2014,2018
18,Indiana,18041,Fayette,45.6,2014,2018
18,Indiana,18043,Floyd,34.4,2014,2018
18,Indiana,18045,Fountain,31.1,2014,2018
18,Indiana,18047,Franklin,26.1,2014,2018
18,Indiana,18049,Fulton,35.8,2014,2018
18,Indiana,18051,Gibson,39.1,2014,2018
18,Indiana,18053,Grant,39.3,2014,2018
18,Indiana,18055,Greene,29.8,2014,2018
18,Indiana,18057,Hamilton,29.1,2014,2018
18,Indiana,18059,Hancock,29.3,2014,2018
18,Indiana,18061,Harrison,32.9,2014,2018
18,Indiana,18063,Hendricks,31.1,2014,2018
18,Indiana,18065,Henry,41.4,2014,2018
18,Indiana,18067,Howard,40.7,2014,2018
18,Indiana,18069,Huntington,32.7,2014,2018
18,Indiana,18071,Jackson,31.7,2014,2018
18,Indiana,18073,Jasper,30.7,2014,2018
18,Indiana,18075,Jay,39.4,2014,2018
18,Indiana,18077,Jefferson,31.8,2014,2018
18,Indiana,18079,Jennings,32.2,2014,2018
18,Indiana,18081,Johnson,31.2,2014,2018
18,Indiana,18083,Knox,35.9,2014,2018
18,Indiana,18085,Kosciusko,29.2,2014,2018
18,Indiana,18087,LaGrange,31.7,2014,2018
18,Indiana,18089,Lake,27.9,2014,2018
18,Indiana,18091,LaPorte,31.5,2014,2018
18,Indiana,18093,Lawrence,32.8,2014,2018
18,Indiana,18095,Madison,31.0,2014,2018
18,Indiana,18097,Marion,28.2,2014,2018
18,Indiana,18099,Marshall,29.5,2014,2018
18,Indiana,18101,Martin,36.4,2014,2018
18,Indiana,18103,Miami,39.8,2014,2018
18,Indiana,18105,Monroe,29.7,2014,2018
18,Indiana,18107,Montgomery,30.5,2014,2018
18,Indiana,18109,Morgan,29.3,2014,2018
18,Indiana,18111,Newton,27.4,2014,2018
18,Indiana,18113,Noble,29.4,2014,2018
18,Indiana,18115,Ohio,19.9,2014,2018
18,Indiana,18117,Orange,39.4,2014,2018
18,Indiana,18119,Owen,28.4,2014,2018
18,Indiana,18121,Parke,36.5,2014,2018
18,Indiana,18123,Perry,37.5,2014,2018
18,Indiana,18125,Pike,36.1,2014,2018
18,Indiana,18127,Porter,29.5,2014,2018
18,Indiana,18129,Posey,33.9,2014,2018
18,Indiana,18131,Pulaski,37.7,2014,2018
18,Indiana,18133,Putnam,31.2,2014,2018
18,Indiana,18135,Randolph,46.9,2014,2018
18,Indiana,18137,Ripley,20.0,2014,2018
18,Indiana,18139,Rush,35.4,2014,2018
18,Indiana,18141,St. Joseph,29.3,2014,2018
18,Indiana,18143,Scott,37.4,2014,2018
18,Indiana,18145,Shelby,31.2,2014,2018
18,Indiana,18147,Spencer,38.1,2014,2018
18,Indiana,18149,Starke,33.0,2014,2018
18,Indiana,18151,Steuben,36.9,2014,2018
18,Indiana,18153,Sullivan,36.6,2014,2018
18,Indiana,18155,Switzerland,21.6,2014,2018
18,Indiana,18157,Tippecanoe,32.6,2014,2018
18,Indiana,18159,Tipton,30.2,2014,2018
18,Indiana,18161,Union,46.5,2014,2018
18,Indiana,18163,Vanderburgh,35.4,2014,2018
18,Indiana,18165,Vermillion,36.3,2014,2018
18,Indiana,18167,Vigo,35.8,2014,2018
18,Indiana,18169,Wabash,37.7,2014,2018
18,Indiana,18171,Warren,29.0,2014,2018
18,Indiana,18173,Warrick,35.5,2014,2018
18,Indiana,18175,Washington,39.2,2014,2018
18,Indiana,18177,Wayne,51.2,2014,2018
18,Indiana,18179,Wells,33.3,2014,2018
18,Indiana,18181,White,32.6,2014,2018
18,Indiana,18183,Whitley,31.2,2014,2018
19,Iowa,19001,Adair,20.78,2014,2018
19,Iowa,19003,Adams,19.94,2014,2018
19,Iowa,19005,Allamakee,16.880000000000003,2014,2018
19,Iowa,19007,Appanoose,41.14,2014,2018
19,Iowa,19009,Audubon,17.779999999999998,2014,2018
19,Iowa,19011,Benton,29.28,2014,2018
19,Iowa,19013,Black Hawk,29.24,2014,2018
19,Iowa,19015,Boone,26.76,2014,2018
19,Iowa,19017,Bremer,28.9,2014,2018
19,Iowa,19019,Buchanan,30.380000000000003,2014,2018
19,Iowa,19021,Buena Vista,20.84,2014,2018
19,Iowa,19023,Butler,29.0,2014,2018
19,Iowa,19025,Calhoun,28.1,2014,2018
19,Iowa,19027,Carroll,22.96,2014,2018
19,Iowa,19029,Cass,24.439999999999998,2014,2018
19,Iowa,19031,Cedar,30.24,2014,2018
19,Iowa,19033,Cerro Gordo,26.98,2014,2018
19,Iowa,19035,Cherokee,22.36,2014,2018
19,Iowa,19037,Chickasaw,22.119999999999997,2014,2018
19,Iowa,19039,Clarke,29.5,2014,2018
19,Iowa,19041,Clay,13.66,2014,2018
19,Iowa,19043,Clayton,26.98,2014,2018
19,Iowa,19045,Clinton,33.14,2014,2018
19,Iowa,19047,Crawford,23.119999999999997,2014,2018
19,Iowa,19049,Dallas,25.32,2014,2018
19,Iowa,19051,Davis,39.12,2014,2018
19,Iowa,19053,Decatur,33.980000000000004,2014,2018
19,Iowa,19055,Delaware,31.580000000000002,2014,2018
19,Iowa,19057,Des Moines,39.7,2014,2018
19,Iowa,19059,Dickinson,10.78,2014,2018
19,Iowa,19061,Dubuque,31.5,2014,2018
19,Iowa,19063,Emmet,16.66,2014,2018
19,Iowa,19065,Fayette,25.240000000000002,2014,2018
19,Iowa,19067,Floyd,26.0,2014,2018
19,Iowa,19069,Franklin,29.82,2014,2018
19,Iowa,19071,Fremont,20.56,2014,2018
19,Iowa,19073,Greene,25.16,2014,2018
19,Iowa,19075,Grundy,29.8,2014,2018
19,Iowa,19077,Guthrie,20.06,2014,2018
19,Iowa,19079,Hamilton,32.14,2014,2018
19,Iowa,19081,Hancock,26.78,2014,2018
19,Iowa,19083,Hardin,30.860000000000003,2014,2018
19,Iowa,19085,Harrison,22.54,2014,2018
19,Iowa,19087,Henry,36.8,2014,2018
19,Iowa,19089,Howard,18.380000000000003,2014,2018
19,Iowa,19091,Humboldt,28.5,2014,2018
19,Iowa,19093,Ida,25.259999999999998,2014,2018
19,Iowa,19095,Iowa,29.22,2014,2018
19,Iowa,19097,Jackson,35.08,2014,2018
19,Iowa,19099,Jasper,27.32,2014,2018
19,Iowa,19101,Jefferson,37.62,2014,2018
19,Iowa,19103,Johnson,28.26,2014,2018
19,Iowa,19105,Jones,32.980000000000004,2014,2018
19,Iowa,19107,Keokuk,34.4,2014,2018
19,Iowa,19109,Kossuth,24.8,2014,2018
19,Iowa,19111,Lee,38.519999999999996,2014,2018
19,Iowa,19113,Linn,28.96,2014,2018
19,Iowa,19115,Louisa,27.68,2014,2018
19,Iowa,19117,Lucas,29.8,2014,2018
19,Iowa,19119,Lyon,11.459999999999999,2014,2018
19,Iowa,19121,Madison,25.119999999999997,2014,2018
19,Iowa,19123,Mahaska,34.12,2014,2018
19,Iowa,19125,Marion,26.8,2014,2018
19,Iowa,19127,Marshall,30.3,2014,2018
19,Iowa,19129,Mills,26.22,2014,2018
19,Iowa,19131,Mitchell,23.44,2014,2018
19,Iowa,19133,Monona,23.46,2014,2018
19,Iowa,19135,Monroe,36.36,2014,2018
19,Iowa,19137,Montgomery,22.28,2014,2018
19,Iowa,19139,Muscatine,26.78,2014,2018
19,Iowa,19141,O'Brien,13.080000000000002,2014,2018
19,Iowa,19143,Osceola,10.540000000000001,2014,2018
19,Iowa,19145,Page,17.78,2014,2018
19,Iowa,19147,Palo Alto,17.360000000000003,2014,2018
19,Iowa,19149,Plymouth,22.919999999999998,2014,2018
19,Iowa,19151,Pocahontas,25.660000000000004,2014,2018
19,Iowa,19153,Polk,25.98,2014,2018
19,Iowa,19155,Pottawattamie,24.6,2014,2018
19,Iowa,19157,Poweshiek,30.2,2014,2018
19,Iowa,19159,Ringgold,31.059999999999995,2014,2018
19,Iowa,19161,Sac,22.48,2014,2018
19,Iowa,19163,Scott,31.580000000000002,2014,2018
19,Iowa,19165,Shelby,21.22,2014,2018
19,Iowa,19167,Sioux,14.280000000000001,2014,2018
19,Iowa,19169,Story,28.1,2014,2018
19,Iowa,19171,Tama,29.080000000000002,2014,2018
19,Iowa,19173,Taylor,23.18,2014,2018
19,Iowa,19175,Union,27.040000000000003,2014,2018
19,Iowa,19177,Van Buren,37.5,2014,2018
19,Iowa,19179,Wapello,38.760000000000005,2014,2018
19,Iowa,19181,Warren,25.04,2014,2018
19,Iowa,19183,Washington,25.939999999999998,2014,2018
19,Iowa,19185,Wayne,34.42,2014,2018
19,Iowa,19187,Webster,32.339999999999996,2014,2018
19,Iowa,19189,Winnebago,25.46,2014,2018
19,Iowa,19191,Winneshiek,14.419999999999998,2014,2018
19,Iowa,19193,Woodbury,22.28,2014,2018
19,Iowa,19195,Worth,24.28,2014,2018
19,Iowa,19197,Wright,30.22,2014,2018
20,Kansas,20001,Allen,24.76,2014,2018
20,Kansas,20003,Anderson,30.02,2014,2018
20,Kansas,20005,Atchison,31.360000000000003,2014,2018
20,Kansas,20007,Barber,13.52,2014,2018
20,Kansas,20009,Barton,24.98,2014,2018
20,Kansas,20011,Bourbon,29.060000000000002,2014,2018
20,Kansas,20013,Brown,29.9,2014,2018
20,Kansas,20015,Butler,28.52,2014,2018
20,Kansas,20017,Chase,21.86,2014,2018
20,Kansas,20019,Chautauqua,17.34,2014,2018
20,Kansas,20021,Cherokee,33.5,2014,2018
20,Kansas,20023,Cheyenne,20.580000000000002,2014,2018
20,Kansas,20025,Clark,23.759999999999998,2014,2018
20,Kansas,20027,Clay,27.860000000000003,2014,2018
20,Kansas,20029,Cloud,19.34,2014,2018
20,Kansas,20031,Coffey,32.019999999999996,2014,2018
20,Kansas,20033,Comanche,14.34,2014,2018
20,Kansas,20035,Cowley,28.48,2014,2018
20,Kansas,20037,Crawford,33.06,2014,2018
20,Kansas,20039,Decatur,22.2,2014,2018
20,Kansas,20041,Dickinson,26.380000000000003,2014,2018
20,Kansas,20043,Doniphan,36.5,2014,2018
20,Kansas,20045,Douglas,23.56,2014,2018
20,Kansas,20047,Edwards,22.04,2014,2018
20,Kansas,20049,Elk,16.9,2014,2018
20,Kansas,20051,Ellis,24.54,2014,2018
20,Kansas,20053,Ellsworth,24.88,2014,2018
20,Kansas,20055,Finney,21.84,2014,2018
20,Kansas,20057,Ford,23.939999999999998,2014,2018
20,Kansas,20059,Franklin,22.1,2014,2018
20,Kansas,20061,Geary,29.419999999999998,2014,2018
20,Kansas,20063,Gove,25.639999999999997,2014,2018
20,Kansas,20065,Graham,22.3,2014,2018
20,Kansas,20067,Grant,20.16,2014,2018
20,Kansas,20069,Gray,22.94,2014,2018
20,Kansas,20071,Greeley,24.919999999999998,2014,2018
20,Kansas,20073,Greenwood,21.580000000000002,2014,2018
20,Kansas,20075,Hamilton,23.86,2014,2018
20,Kansas,20077,Harper,20.88,2014,2018
20,Kansas,20079,Harvey,28.619999999999997,2014,2018
20,Kansas,20081,Haskell,17.56,2014,2018
20,Kansas,20083,Hodgeman,24.240000000000002,2014,2018
20,Kansas,20085,Jackson,28.419999999999998,2014,2018
20,Kansas,20087,Jefferson,27.939999999999998,2014,2018
20,Kansas,20089,Jewell,21.94,2014,2018
20,Kansas,20091,Johnson,27.240000000000002,2014,2018
20,Kansas,20093,Kearny,21.72,2014,2018
20,Kansas,20095,Kingman,29.68,2014,2018
20,Kansas,20097,Kiowa,20.619999999999997,2014,2018
20,Kansas,20099,Labette,23.32,2014,2018
20,Kansas,20101,Lane,23.32,2014,2018
20,Kansas,20103,Leavenworth,24.36,2014,2018
20,Kansas,20105,Lincoln,24.72,2014,2018
20,Kansas,20107,Linn,33.04,2014,2018
20,Kansas,20109,Logan,24.32,2014,2018
20,Kansas,20111,Lyon,31.339999999999996,2014,2018
20,Kansas,20113,McPherson,27.639999999999997,2014,2018
20,Kansas,20115,Marion,22.839999999999996,2014,2018
20,Kansas,20117,Marshall,23.32,2014,2018
20,Kansas,20119,Meade,21.6,2014,2018
20,Kansas,20121,Miami,23.32,2014,2018
20,Kansas,20123,Mitchell,22.14,2014,2018
20,Kansas,20125,Montgomery,14.9,2014,2018
20,Kansas,20127,Morris,30.639999999999997,2014,2018
20,Kansas,20129,Morton,14.280000000000001,2014,2018
20,Kansas,20131,Nemaha,25.82,2014,2018
20,Kansas,20133,Neosho,20.28,2014,2018
20,Kansas,20135,Ness,23.16,2014,2018
20,Kansas,20137,Norton,18.860000000000003,2014,2018
20,Kansas,20139,Osage,28.46,2014,2018
20,Kansas,20141,Osborne,21.3,2014,2018
20,Kansas,20143,Ottawa,25.3,2014,2018
20,Kansas,20145,Pawnee,21.759999999999998,2014,2018
20,Kansas,20147,Phillips,18.380000000000003,2014,2018
20,Kansas,20149,Pottawatomie,26.839999999999996,2014,2018
20,Kansas,20151,Pratt,24.02,2014,2018
20,Kansas,20153,Rawlins,20.9,2014,2018
20,Kansas,20155,Reno,29.76,2014,2018
20,Kansas,20157,Republic,21.54,2014,2018
20,Kansas,20159,Rice,26.839999999999996,2014,2018
20,Kansas,20161,Riley,25.82,2014,2018
20,Kansas,20163,Rooks,21.36,2014,2018
20,Kansas,20165,Rush,22.02,2014,2018
20,Kansas,20167,Russell,22.36,2014,2018
20,Kansas,20169,Saline,24.9,2014,2018
20,Kansas,20171,Scott,23.32,2014,2018
20,Kansas,20173,Sedgwick,28.580000000000002,2014,2018
20,Kansas,20175,Seward,13.36,2014,2018
20,Kansas,20177,Shawnee,27.080000000000002,2014,2018
20,Kansas,20179,Sheridan,18.32,2014,2018
20,Kansas,20181,Sherman,19.3,2014,2018
20,Kansas,20183,Smith,21.9,2014,2018
20,Kansas,20185,Stafford,26.2,2014,2018
20,Kansas,20187,Stanton,19.84,2014,2018
20,Kansas,20189,Stevens,13.9,2014,2018
20,Kansas,20191,Sumner,28.360000000000003,2014,2018
20,Kansas,20193,Thomas,20.02,2014,2018
20,Kansas,20195,Trego,23.4,2014,2018
20,Kansas,20197,Wabaunsee,28.98,2014,2018
20,Kansas,20199,Wallace,22.48,2014,2018
20,Kansas,20201,Washington,23.06,2014,2018
20,Kansas,20203,Wichita,26.3,2014,2018
20,Kansas,20205,Wilson,13.8,2014,2018
20,Kansas,20207,Woodson,21.68,2014,2018
20,Kansas,20209,Wyandotte,26.96,2014,2018
21,Kentucky,21001,Adair,54.04,2014,2018
21,Kentucky,21003,Allen,47.660000000000004,2014,2018
21,Kentucky,21005,Anderson,37.46,2014,2018
21,Kentucky,21007,Ballard,31.52,2014,2018
21,Kentucky,21009,Barren,56.839999999999996,2014,2018
21,Kentucky,21011,Bath,53.58,2014,2018
21,Kentucky,21013,Bell,50.480000000000004,2014,2018
21,Kentucky,21015,Boone,27.439999999999998,2014,2018
21,Kentucky,21017,Bourbon,33.12,2014,2018
21,Kentucky,21019,Boyd,57.06,2014,2018
21,Kentucky,21021,Boyle,46.42,2014,2018
21,Kentucky,21023,Bracken,49.2,2014,2018
21,Kentucky,21025,Breathitt,61.4,2014,2018
21,Kentucky,21027,Breckinridge,40.58,2014,2018
21,Kentucky,21029,Bullitt,34.88,2014,2018
21,Kentucky,21031,Butler,54.260000000000005,2014,2018
21,Kentucky,21033,Caldwell,37.879999999999995,2014,2018
21,Kentucky,21035,Calloway,42.019999999999996,2014,2018
21,Kentucky,21037,Campbell,25.48,2014,2018
21,Kentucky,21039,Carlisle,34.18,2014,2018
21,Kentucky,21041,Carroll,38.4,2014,2018
21,Kentucky,21043,Carter,53.3,2014,2018
21,Kentucky,21045,Casey,51.2,2014,2018
21,Kentucky,21047,Christian,38.019999999999996,2014,2018
21,Kentucky,21049,Clark,32.46,2014,2018
21,Kentucky,21051,Clay,51.279999999999994,2014,2018
21,Kentucky,21053,Clinton,47.2,2014,2018
21,Kentucky,21055,Crittenden,33.08,2014,2018
21,Kentucky,21057,Cumberland,49.92,2014,2018
21,Kentucky,21059,Daviess,34.42,2014,2018
21,Kentucky,21061,Edmonson,55.739999999999995,2014,2018
21,Kentucky,21063,Elliott,54.879999999999995,2014,2018
21,Kentucky,21065,Estill,43.04,2014,2018
21,Kentucky,21067,Fayette,30.48,2014,2018
21,Kentucky,21069,Fleming,55.260000000000005,2014,2018
21,Kentucky,21071,Floyd,59.02,2014,2018
21,Kentucky,21073,Franklin,36.08,2014,2018
21,Kentucky,21075,Fulton,44.72,2014,2018
21,Kentucky,21077,Gallatin,31.660000000000004,2014,2018
21,Kentucky,21079,Garrard,39.9,2014,2018
21,Kentucky,21081,Grant,31.080000000000002,2014,2018
21,Kentucky,21083,Graves,42.6,2014,2018
21,Kentucky,21085,Grayson,44.56,2014,2018
21,Kentucky,21087,Green,54.5,2014,2018
21,Kentucky,21089,Greenup,52.879999999999995,2014,2018
21,Kentucky,21091,Hancock,41.5,2014,2018
21,Kentucky,21093,Hardin,35.92,2014,2018
21,Kentucky,21095,Harlan,45.5,2014,2018
21,Kentucky,21097,Harrison,43.28,2014,2018
21,Kentucky,21099,Hart,47.2,2014,2018
21,Kentucky,21101,Henderson,31.82,2014,2018
21,Kentucky,21103,Henry,33.64,2014,2018
21,Kentucky,21105,Hickman,48.42,2014,2018
21,Kentucky,21107,Hopkins,44.019999999999996,2014,2018
21,Kentucky,21109,Jackson,44.36,2014,2018
21,Kentucky,21111,Jefferson,34.059999999999995,2014,2018
21,Kentucky,21113,Jessamine,29.68,2014,2018
21,Kentucky,21115,Johnson,64.03999999999999,2014,2018
21,Kentucky,21117,Kenton,26.860000000000003,2014,2018
21,Kentucky,21119,Knott,60.17999999999999,2014,2018
21,Kentucky,21121,Knox,51.160000000000004,2014,2018
21,Kentucky,21123,Larue,43.260000000000005,2014,2018
21,Kentucky,21125,Laurel,52.92,2014,2018
21,Kentucky,21127,Lawrence,59.1,2014,2018
21,Kentucky,21129,Lee,58.120000000000005,2014,2018
21,Kentucky,21131,Leslie,60.260000000000005,2014,2018
21,Kentucky,21133,Letcher,52.32000000000001,2014,2018
21,Kentucky,21135,Lewis,54.04,2014,2018
21,Kentucky,21137,Lincoln,49.32,2014,2018
21,Kentucky,21139,Livingston,33.92,2014,2018
21,Kentucky,21141,Logan,50.44,2014,2018
21,Kentucky,21143,Lyon,34.72,2014,2018
21,Kentucky,21145,McCracken,35.339999999999996,2014,2018
21,Kentucky,21147,McCreary,51.1,2014,2018
21,Kentucky,21149,McLean,39.78,2014,2018
21,Kentucky,21151,Madison,31.919999999999998,2014,2018
21,Kentucky,21153,Magoffin,63.0,2014,2018
21,Kentucky,21155,Marion,45.36,2014,2018
21,Kentucky,21157,Marshall,34.4,2014,2018
21,Kentucky,21159,Martin,57.56,2014,2018
21,Kentucky,21161,Mason,52.0,2014,2018
21,Kentucky,21163,Meade,36.620000000000005,2014,2018
21,Kentucky,21165,Menifee,56.67999999999999,2014,2018
21,Kentucky,21167,Mercer,36.36,2014,2018
21,Kentucky,21169,Metcalfe,56.67999999999999,2014,2018
21,Kentucky,21171,Monroe,58.339999999999996,2014,2018
21,Kentucky,21173,Montgomery,48.1,2014,2018
21,Kentucky,21175,Morgan,62.98,2014,2018
21,Kentucky,21177,Muhlenberg,46.12,2014,2018
21,Kentucky,21179,Nelson,36.54,2014,2018
21,Kentucky,21181,Nicholas,51.86,2014,2018
21,Kentucky,21183,Ohio,46.2,2014,2018
21,Kentucky,21185,Oldham,34.0,2014,2018
21,Kentucky,21187,Owen,41.42,2014,2018
21,Kentucky,21189,Owsley,61.379999999999995,2014,2018
21,Kentucky,21191,Pendleton,29.419999999999998,2014,2018
21,Kentucky,21193,Perry,66.5,2014,2018
21,Kentucky,21195,Pike,44.78,2014,2018
21,Kentucky,21197,Powell,50.519999999999996,2014,2018
21,Kentucky,21199,Pulaski,48.72,2014,2018
21,Kentucky,21201,Robertson,57.36,2014,2018
21,Kentucky,21203,Rockcastle,45.1,2014,2018
21,Kentucky,21205,Rowan,54.04,2014,2018
21,Kentucky,21207,Russell,49.14,2014,2018
21,Kentucky,21209,Scott,31.639999999999997,2014,2018
21,Kentucky,21211,Shelby,34.12,2014,2018
21,Kentucky,21213,Simpson,45.42,2014,2018
21,Kentucky,21215,Spencer,34.620000000000005,2014,2018
21,Kentucky,21217,Taylor,49.239999999999995,2014,2018
21,Kentucky,21219,Todd,38.96,2014,2018
21,Kentucky,21221,Trigg,34.18,2014,2018
21,Kentucky,21223,Trimble,31.360000000000003,2014,2018
21,Kentucky,21225,Union,20.619999999999997,2014,2018
21,Kentucky,21227,Warren,56.36,2014,2018
21,Kentucky,21229,Washington,42.0,2014,2018
21,Kentucky,21231,Wayne,49.660000000000004,2014,2018
21,Kentucky,21233,Webster,33.1,2014,2018
21,Kentucky,21235,Whitley,48.06,2014,2018
21,Kentucky,21237,Wolfe,61.52,2014,2018
21,Kentucky,21239,Woodford,30.2,2014,2018
22,Louisiana,22001,Acadia,29.419999999999998,2014,2018
22,Louisiana,22003,Allen,34.160000000000004,2014,2018
22,Louisiana,22005,Ascension,29.96,2014,2018
22,Louisiana,22007,Assumption,33.12,2014,2018
22,Louisiana,22009,Avoyelles,33.3,2014,2018
22,Louisiana,22011,Beauregard,31.419999999999998,2014,2018
22,Louisiana,22013,Bienville,32.980000000000004,2014,2018
22,Louisiana,22015,Bossier,32.660000000000004,2014,2018
22,Louisiana,22017,Caddo,32.160000000000004,2014,2018
22,Louisiana,22019,Calcasieu,29.98,2014,2018
22,Louisiana,22021,Caldwell,41.36,2014,2018
22,Louisiana,22023,Cameron,29.24,2014,2018
22,Louisiana,22025,Catahoula,41.660000000000004,2014,2018
22,Louisiana,22027,Claiborne,33.58,2014,2018
22,Louisiana,22029,Concordia,35.04,2014,2018
22,Louisiana,22031,De Soto,34.9,2014,2018
22,Louisiana,22033,East Baton Rouge,29.939999999999998,2014,2018
22,Louisiana,22035,East Carroll,40.62,2014,2018
22,Louisiana,22037,East Feliciana,29.72,2014,2018
22,Louisiana,22039,Evangeline,32.32,2014,2018
22,Louisiana,22041,Franklin,46.36,2014,2018
22,Louisiana,22043,Grant,33.58,2014,2018
22,Louisiana,22045,Iberia,29.880000000000003,2014,2018
22,Louisiana,22047,Iberville,28.82,2014,2018
22,Louisiana,22049,Jackson,37.480000000000004,2014,2018
22,Louisiana,22051,Jefferson,32.82,2014,2018
22,Louisiana,22053,Jefferson Davis,31.52,2014,2018
22,Louisiana,22055,Lafayette,29.119999999999997,2014,2018
22,Louisiana,22057,Lafourche,33.88,2014,2018
22,Louisiana,22059,La Salle,34.32,2014,2018
22,Louisiana,22061,Lincoln,35.160000000000004,2014,2018
22,Louisiana,22063,Livingston,31.639999999999997,2014,2018
22,Louisiana,22065,Madison,44.82,2014,2018
22,Louisiana,22067,Morehouse,37.68,2014,2018
22,Louisiana,22069,Natchitoches,34.239999999999995,2014,2018
22,Louisiana,22071,Orleans,31.74,2014,2018
22,Louisiana,22073,Ouachita,37.620000000000005,2014,2018
22,Louisiana,22075,Plaquemines,31.080000000000002,2014,2018
22,Louisiana,22077,Pointe Coupee,31.880000000000003,2014,2018
22,Louisiana,22079,Rapides,34.68,2014,2018
22,Louisiana,22081,Red River,32.779999999999994,2014,2018
22,Louisiana,22083,Richland,39.760000000000005,2014,2018
22,Louisiana,22085,Sabine,37.96,2014,2018
22,Louisiana,22087,St. Bernard,31.18,2014,2018
22,Louisiana,22089,St. Charles,34.32,2014,2018
22,Louisiana,22091,St. Helena,32.7,2014,2018
22,Louisiana,22093,St. James,30.98,2014,2018
22,Louisiana,22095,St. John the Baptist,33.64,2014,2018
22,Louisiana,22097,St. Landry,29.72,2014,2018
22,Louisiana,22099,St. Martin,29.98,2014,2018
22,Louisiana,22101,St. Mary,35.739999999999995,2014,2018
22,Louisiana,22103,St. Tammany,33.06,2014,2018
22,Louisiana,22105,Tangipahoa,35.239999999999995,2014,2018
22,Louisiana,22107,Tensas,41.18,2014,2018
22,Louisiana,22109,Terrebonne,36.98,2014,2018
22,Louisiana,22111,Union,34.88,2014,2018
22,Louisiana,22113,Vermilion,28.52,2014,2018
22,Louisiana,22115,Vernon,34.86,2014,2018
22,Louisiana,22117,Washington,37.660000000000004,2014,2018
22,Louisiana,22119,Webster,30.04,2014,2018
22,Louisiana,22121,West Baton Rouge,29.46,2014,2018
22,Louisiana,22123,West Carroll,41.660000000000004,2014,2018
22,Louisiana,22125,West Feliciana,33.68,2014,2018
22,Louisiana,22127,Winn,39.7,2014,2018
23,Maine,23001,Androscoggin,35.3,2014,2018
23,Maine,23003,Aroostook,53.2,2014,2018
23,Maine,23005,Cumberland,30.839999999999996,2014,2018
23,Maine,23007,Franklin,44.1,2014,2018
23,Maine,23009,Hancock,48.44,2014,2018
23,Maine,23011,Kennebec,43.72,2014,2018
23,Maine,23013,Knox,40.480000000000004,2014,2018
23,Maine,23015,Lincoln,39.980000000000004,2014,2018
23,Maine,23017,Oxford,31.1,2014,2018
23,Maine,23019,Penobscot,52.260000000000005,2014,2018
23,Maine,23021,Piscataquis,50.92,2014,2018
23,Maine,23023,Sagadahoc,35.12,2014,2018
23,Maine,23025,Somerset,48.1,2014,2018
23,Maine,23027,Waldo,45.82,2014,2018
23,Maine,23029,Washington,52.720000000000006,2014,2018
23,Maine,23031,York,28.8,2014,2018
24,Maryland,24001,Allegany,29.18,2014,2018
24,Maryland,24003,Anne Arundel,26.18,2014,2018
24,Maryland,24005,Baltimore,29.48,2014,2018
24,Maryland,24009,Calvert,19.7,2014,2018
24,Maryland,24011,Caroline,26.0,2014,2018
24,Maryland,24013,Carroll,27.839999999999996,2014,2018
24,Maryland,24015,Cecil,26.54,2014,2018
24,Maryland,24017,Charles,17.2,2014,2018
24,Maryland,24019,Dorchester,23.580000000000002,2014,2018
24,Maryland,24021,Frederick,20.54,2014,2018
24,Maryland,24023,Garrett,36.8,2014,2018
24,Maryland,24025,Harford,30.72,2014,2018
24,Maryland,24027,Howard,21.66,2014,2018
24,Maryland,24029,Kent,28.6,2014,2018
24,Maryland,24031,Montgomery,16.4,2014,2018
24,Maryland,24033,Prince George's,16.8,2014,2018
24,Maryland,24035,Queen Anne's,24.04,2014,2018
24,Maryland,24037,St. Mary's,19.080000000000002,2014,2018
24,Maryland,24039,Somerset,23.82,2014,2018
24,Maryland,24041,Talbot,23.66,2014,2018
24,Maryland,24043,Washington,27.580000000000002,2014,2018
24,Maryland,24045,Wicomico,27.74,2014,2018
24,Maryland,24047,Worcester,25.48,2014,2018
24,Maryland,24510,Baltimore City,31.6,2014,2018
25,Massachusetts,25001,Barnstable,30.2,2014,2018
25,Massachusetts,25003,Berkshire,27.080000000000002,2014,2018
25,Massachusetts,25005,Bristol,28.46,2014,2018
25,Massachusetts,25007,Dukes,30.72,2014,2018
25,Massachusetts,25009,Essex,24.86,2014,2018
25,Massachusetts,25011,Franklin,26.560000000000002,2014,2018
25,Massachusetts,25013,Hampden,26.380000000000003,2014,2018
25,Massachusetts,25015,Hampshire,28.080000000000002,2014,2018
25,Massachusetts,25017,Middlesex,24.56,2014,2018
25,Massachusetts,25019,Nantucket,27.919999999999998,2014,2018
25,Massachusetts,25021,Norfolk,26.68,2014,2018
25,Massachusetts,25023,Plymouth,26.560000000000002,2014,2018
25,Massachusetts,25025,Suffolk,24.0,2014,2018
25,Massachusetts,25027,Worcester,26.560000000000002,2014,2018
26,Michigan,26001,Alcona,50.519999999999996,2014,2018
26,Michigan,26003,Alger,38.44,2014,2018
26,Michigan,26005,Allegan,25.380000000000003,2014,2018
26,Michigan,26007,Alpena,45.2,2014,2018
26,Michigan,26009,Antrim,37.1,2014,2018
26,Michigan,26011,Arenac,56.17999999999999,2014,2018
26,Michigan,26013,Baraga,36.42,2014,2018
26,Michigan,26015,Barry,27.52,2014,2018
26,Michigan,26017,Bay,47.02,2014,2018
26,Michigan,26019,Benzie,36.18,2014,2018
26,Michigan,26021,Berrien,33.46,2014,2018
26,Michigan,26023,Branch,36.4,2014,2018
26,Michigan,26025,Calhoun,36.38,2014,2018
26,Michigan,26027,Cass,31.919999999999998,2014,2018
26,Michigan,26029,Charlevoix,31.5,2014,2018
26,Michigan,26031,Cheboygan,30.939999999999998,2014,2018
26,Michigan,26033,Chippewa,35.5,2014,2018
26,Michigan,26035,Clare,46.4,2014,2018
26,Michigan,26037,Clinton,30.439999999999998,2014,2018
26,Michigan,26039,Crawford,48.46,2014,2018
26,Michigan,26041,Delta,32.92,2014,2018
26,Michigan,26043,Dickinson,32.480000000000004,2014,2018
26,Michigan,26045,Eaton,33.9,2014,2018
26,Michigan,26047,Emmet,27.02,2014,2018
26,Michigan,26049,Genesee,38.019999999999996,2014,2018
26,Michigan,26051,Gladwin,53.02,2014,2018
26,Michigan,26053,Gogebic,29.939999999999998,2014,2018
26,Michigan,26055,Grand Traverse,40.2,2014,2018
26,Michigan,26057,Gratiot,36.38,2014,2018
26,Michigan,26059,Hillsdale,40.88,2014,2018
26,Michigan,26061,Houghton,34.760000000000005,2014,2018
26,Michigan,26063,Huron,54.379999999999995,2014,2018
26,Michigan,26065,Ingham,32.14,2014,2018
26,Michigan,26067,Ionia,25.76,2014,2018
26,Michigan,26069,Iosco,51.4,2014,2018
26,Michigan,26071,Iron,31.18,2014,2018
26,Michigan,26073,Isabella,43.54,2014,2018
26,Michigan,26075,Jackson,32.339999999999996,2014,2018
26,Michigan,26077,Kalamazoo,34.339999999999996,2014,2018
26,Michigan,26079,Kalkaska,42.56,2014,2018
26,Michigan,26081,Kent,25.660000000000004,2014,2018
26,Michigan,26083,Keweenaw,34.46,2014,2018
26,Michigan,26085,Lake,36.68,2014,2018
26,Michigan,26087,Lapeer,40.019999999999996,2014,2018
26,Michigan,26089,Leelanau,35.7,2014,2018
26,Michigan,26091,Lenawee,34.42,2014,2018
26,Michigan,26093,Livingston,34.9,2014,2018
26,Michigan,26095,Luce,37.12,2014,2018
26,Michigan,26097,Mackinac,30.96,2014,2018
26,Michigan,26099,Macomb,42.660000000000004,2014,2018
26,Michigan,26101,Manistee,35.82,2014,2018
26,Michigan,26103,Marquette,33.22,2014,2018
26,Michigan,26105,Mason,32.14,2014,2018
26,Michigan,26107,Mecosta,40.36,2014,2018
26,Michigan,26109,Menominee,34.2,2014,2018
26,Michigan,26111,Midland,47.64,2014,2018
26,Michigan,26113,Missaukee,45.260000000000005,2014,2018
26,Michigan,26115,Monroe,43.14,2014,2018
26,Michigan,26117,Montcalm,27.360000000000003,2014,2018
26,Michigan,26119,Montmorency,40.980000000000004,2014,2018
26,Michigan,26121,Muskegon,26.139999999999997,2014,2018
26,Michigan,26123,Newaygo,26.72,2014,2018
26,Michigan,26125,Oakland,40.72,2014,2018
26,Michigan,26127,Oceana,29.160000000000004,2014,2018
26,Michigan,26129,Ogemaw,52.04,2014,2018
26,Michigan,26131,Ontonagon,31.2,2014,2018
26,Michigan,26133,Osceola,43.2,2014,2018
26,Michigan,26135,Oscoda,49.04,2014,2018
26,Michigan,26137,Otsego,39.58,2014,2018
26,Michigan,26139,Ottawa,26.78,2014,2018
26,Michigan,26141,Presque Isle,37.8,2014,2018
26,Michigan,26143,Roscommon,54.58,2014,2018
26,Michigan,26145,Saginaw,43.08,2014,2018
26,Michigan,26147,St. Clair,43.62,2014,2018
26,Michigan,26149,St. Joseph,34.620000000000005,2014,2018
26,Michigan,26151,Sanilac,53.58,2014,2018
26,Michigan,26153,Schoolcraft,34.6,2014,2018
26,Michigan,26155,Shiawassee,35.8,2014,2018
26,Michigan,26157,Tuscola,47.260000000000005,2014,2018
26,Michigan,26159,Van Buren,32.32,2014,2018
26,Michigan,26161,Washtenaw,40.06,2014,2018
26,Michigan,26163,Wayne,40.5,2014,2018
26,Michigan,26165,Wexford,41.4,2014,2018
27,Minnesota,27001,Aitkin,29.96,2014,2018
27,Minnesota,27003,Anoka,22.2,2014,2018
27,Minnesota,27005,Becker,32.2,2014,2018
27,Minnesota,27007,Beltrami,32.72,2014,2018
27,Minnesota,27009,Benton,21.240000000000002,2014,2018
27,Minnesota,27011,Big Stone,23.68,2014,2018
27,Minnesota,27013,Blue Earth,21.84,2014,2018
27,Minnesota,27015,Brown,21.52,2014,2018
27,Minnesota,27017,Carlton,30.3,2014,2018
27,Minnesota,27019,Carver,22.3,2014,2018
27,Minnesota,27021,Cass,28.18,2014,2018
27,Minnesota,27023,Chippewa,21.06,2014,2018
27,Minnesota,27025,Chisago,24.259999999999998,2014,2018
27,Minnesota,27027,Clay,33.96,2014,2018
27,Minnesota,27029,Clearwater,30.22,2014,2018
27,Minnesota,27031,Cook,31.72,2014,2018
27,Minnesota,27033,Cottonwood,19.0,2014,2018
27,Minnesota,27035,Crow Wing,27.1,2014,2018
27,Minnesota,27037,Dakota,22.32,2014,2018
27,Minnesota,27039,Dodge,22.880000000000003,2014,2018
27,Minnesota,27041,Douglas,21.96,2014,2018
27,Minnesota,27043,Faribault,24.56,2014,2018
27,Minnesota,27045,Fillmore,16.36,2014,2018
27,Minnesota,27047,Freeborn,23.5,2014,2018
27,Minnesota,27049,Goodhue,22.86,2014,2018
27,Minnesota,27051,Grant,26.639999999999997,2014,2018
27,Minnesota,27053,Hennepin,22.32,2014,2018
27,Minnesota,27055,Houston,15.719999999999999,2014,2018
27,Minnesota,27057,Hubbard,32.2,2014,2018
27,Minnesota,27059,Isanti,24.06,2014,2018
27,Minnesota,27061,Itasca,32.38,2014,2018
27,Minnesota,27063,Jackson,15.88,2014,2018
27,Minnesota,27065,Kanabec,26.979999999999997,2014,2018
27,Minnesota,27067,Kandiyohi,19.9,2014,2018
27,Minnesota,27069,Kittson,24.98,2014,2018
27,Minnesota,27071,Koochiching,32.440000000000005,2014,2018
27,Minnesota,27073,Lac qui Parle,19.98,2014,2018
27,Minnesota,27075,Lake,32.32,2014,2018
27,Minnesota,27077,Lake of the Woods,32.6,2014,2018
27,Minnesota,27079,Le Sueur,23.6,2014,2018
27,Minnesota,27081,Lincoln,17.36,2014,2018
27,Minnesota,27083,Lyon,17.66,2014,2018
27,Minnesota,27085,McLeod,24.119999999999997,2014,2018
27,Minnesota,27087,Mahnomen,32.62,2014,2018
27,Minnesota,27089,Marshall,27.02,2014,2018
27,Minnesota,27091,Martin,23.259999999999998,2014,2018
27,Minnesota,27093,Meeker,21.860000000000003,2014,2018
27,Minnesota,27095,Mille Lacs,24.34,2014,2018
27,Minnesota,27097,Morrison,22.939999999999998,2014,2018
27,Minnesota,27099,Mower,21.740000000000002,2014,2018
27,Minnesota,27101,Murray,16.68,2014,2018
27,Minnesota,27103,Nicollet,22.32,2014,2018
27,Minnesota,27105,Nobles,13.86,2014,2018
27,Minnesota,27107,Norman,32.839999999999996,2014,2018
27,Minnesota,27109,Olmsted,19.54,2014,2018
27,Minnesota,27111,Otter Tail,28.619999999999997,2014,2018
27,Minnesota,27113,Pennington,27.52,2014,2018
27,Minnesota,27115,Pine,28.74,2014,2018
27,Minnesota,27117,Pipestone,25.133333333333336,2014,2018
27,Minnesota,27119,Polk,27.560000000000002,2014,2018
27,Minnesota,27121,Pope,19.380000000000003,2014,2018
27,Minnesota,27123,Ramsey,22.080000000000002,2014,2018
27,Minnesota,27125,Red Lake,23.919999999999998,2014,2018
27,Minnesota,27127,Redwood,19.66,2014,2018
27,Minnesota,27129,Renville,21.78,2014,2018
27,Minnesota,27131,Rice,23.34,2014,2018
27,Minnesota,27133,Rock,21.566666666666666,2014,2018
27,Minnesota,27135,Roseau,28.68,2014,2018
27,Minnesota,27137,St. Louis,31.8,2014,2018
27,Minnesota,27139,Scott,22.240000000000002,2014,2018
27,Minnesota,27141,Sherburne,22.0,2014,2018
27,Minnesota,27143,Sibley,23.259999999999998,2014,2018
27,Minnesota,27145,Stearns,21.2,2014,2018
27,Minnesota,27147,Steele,23.880000000000003,2014,2018
27,Minnesota,27149,Stevens,20.9,2014,2018
27,Minnesota,27151,Swift,20.14,2014,2018
27,Minnesota,27153,Todd,23.46,2014,2018
27,Minnesota,27155,Traverse,28.32,2014,2018
27,Minnesota,27157,Wabasha,20.3,2014,2018
27,Minnesota,27159,Wadena,30.060000000000002,2014,2018
27,Minnesota,27161,Waseca,24.1,2014,2018
27,Minnesota,27163,Washington,23.22,2014,2018
27,Minnesota,27165,Watonwan,22.7,2014,2018
27,Minnesota,27167,Wilkin,32.12,2014,2018
27,Minnesota,27169,Winona,19.56,2014,2018
27,Minnesota,27171,Wright,21.84,2014,2018
27,Minnesota,27173,Yellow Medicine,19.880000000000003,2014,2018
29,Missouri,29001,Adair,36.14,2014,2018
29,Missouri,29003,Andrew,36.78,2014,2018
29,Missouri,29005,Atchison,19.759999999999998,2014,2018
29,Missouri,29007,Audrain,29.439999999999998,2014,2018
29,Missouri,29009,Barry,32.44,2014,2018
29,Missouri,29011,Barton,34.7,2014,2018
29,Missouri,29013,Bates,33.74,2014,2018
29,Missouri,29015,Benton,37.22,2014,2018
29,Missouri,29017,Bollinger,27.22,2014,2018
29,Missouri,29019,Boone,28.98,2014,2018
29,Missouri,29021,Buchanan,32.64,2014,2018
29,Missouri,29023,Butler,41.04,2014,2018
29,Missouri,29025,Caldwell,39.18,2014,2018
29,Missouri,29027,Callaway,28.28,2014,2018
29,Missouri,29029,Camden,38.18,2014,2018
29,Missouri,29031,Cape Girardeau,24.740000000000002,2014,2018
29,Missouri,29033,Carroll,37.62,2014,2018
29,Missouri,29035,Carter,43.620000000000005,2014,2018
29,Missouri,29037,Cass,26.860000000000003,2014,2018
29,Missouri,29039,Cedar,35.28,2014,2018
29,Missouri,29041,Chariton,37.36,2014,2018
29,Missouri,29043,Christian,34.32,2014,2018
29,Missouri,29045,Clark,31.04,2014,2018
29,Missouri,29047,Clay,30.46,2014,2018
29,Missouri,29049,Clinton,31.04,2014,2018
29,Missouri,29051,Cole,28.160000000000004,2014,2018
29,Missouri,29053,Cooper,30.339999999999996,2014,2018
29,Missouri,29055,Crawford,42.54,2014,2018
29,Missouri,29057,Dade,34.96,2014,2018
29,Missouri,29059,Dallas,35.48,2014,2018
29,Missouri,29061,Daviess,40.86,2014,2018
29,Missouri,29063,DeKalb,39.3,2014,2018
29,Missouri,29065,Dent,47.660000000000004,2014,2018
29,Missouri,29067,Douglas,37.8,2014,2018
29,Missouri,29069,Dunklin,37.78,2014,2018
29,Missouri,29071,Franklin,30.76,2014,2018
29,Missouri,29073,Gasconade,37.46,2014,2018
29,Missouri,29075,Gentry,34.46,2014,2018
29,Missouri,29077,Greene,34.4,2014,2018
29,Missouri,29079,Grundy,39.32,2014,2018
29,Missouri,29081,Harrison,35.260000000000005,2014,2018
29,Missouri,29083,Henry,36.86,2014,2018
29,Missouri,29085,Hickory,34.58,2014,2018
29,Missouri,29087,Holt,26.139999999999997,2014,2018
29,Missouri,29089,Howard,27.8,2014,2018
29,Missouri,29091,Howell,40.54,2014,2018
29,Missouri,29093,Iron,49.260000000000005,2014,2018
29,Missouri,29095,Jackson,27.76,2014,2018
29,Missouri,29097,Jasper,34.2,2014,2018
29,Missouri,29099,Jefferson,31.98,2014,2018
29,Missouri,29101,Johnson,31.919999999999998,2014,2018
29,Missouri,29103,Knox,28.080000000000002,2014,2018
29,Missouri,29105,Laclede,39.760000000000005,2014,2018
29,Missouri,29107,Lafayette,32.2,2014,2018
29,Missouri,29109,Lawrence,33.88,2014,2018
29,Missouri,29111,Lewis,26.7,2014,2018
29,Missouri,29113,Lincoln,30.96,2014,2018
29,Missouri,29115,Linn,37.64,2014,2018
29,Missouri,29117,Livingston,39.12,2014,2018
29,Missouri,29119,McDonald,32.38,2014,2018
29,Missouri,29121,Macon,35.68,2014,2018
29,Missouri,29123,Madison,44.0,2014,2018
29,Missouri,29125,Maries,42.2,2014,2018
29,Missouri,29127,Marion,28.04,2014,2018
29,Missouri,29129,Mercer,35.14,2014,2018
29,Missouri,29131,Miller,33.92,2014,2018
29,Missouri,29133,Mississippi,30.139999999999997,2014,2018
29,Missouri,29135,Moniteau,28.339999999999996,2014,2018
29,Missouri,29137,Monroe,33.82,2014,2018
29,Missouri,29139,Montgomery,35.980000000000004,2014,2018
29,Missouri,29141,Morgan,35.92,2014,2018
29,Missouri,29143,New Madrid,35.38,2014,2018
29,Missouri,29145,Newton,34.3,2014,2018
29,Missouri,29147,Nodaway,22.5,2014,2018
29,Missouri,29149,Oregon,46.92,2014,2018
29,Missouri,29151,Osage,32.17999999999999,2014,2018
29,Missouri,29153,Ozark,40.86,2014,2018
29,Missouri,29155,Pemiscot,55.96,2014,2018
29,Missouri,29157,Perry,34.04,2014,2018
29,Missouri,29159,Pettis,39.58,2014,2018
29,Missouri,29161,Phelps,44.7,2014,2018
29,Missouri,29163,Pike,36.879999999999995,2014,2018
29,Missouri,29165,Platte,32.1,2014,2018
29,Missouri,29167,Polk,34.7,2014,2018
29,Missouri,29169,Pulaski,41.36,2014,2018
29,Missouri,29171,Putnam,37.18,2014,2018
29,Missouri,29173,Ralls,34.64,2014,2018
29,Missouri,29175,Randolph,27.4,2014,2018
29,Missouri,29177,Ray,30.6,2014,2018
29,Missouri,29179,Reynolds,47.9,2014,2018
29,Missouri,29181,Ripley,44.92,2014,2018
29,Missouri,29183,St. Charles,29.860000000000003,2014,2018
29,Missouri,29185,St. Clair,38.260000000000005,2014,2018
29,Missouri,29186,Ste. Genevieve,37.68,2014,2018
29,Missouri,29187,St. Francois,39.8,2014,2018
29,Missouri,29189,St. Louis,31.339999999999996,2014,2018
29,Missouri,29195,Saline,36.86,2014,2018
29,Missouri,29197,Schuyler,36.14,2014,2018
29,Missouri,29199,Scotland,34.019999999999996,2014,2018
29,Missouri,29201,Scott,25.560000000000002,2014,2018
29,Missouri,29203,Shannon,45.96,2014,2018
29,Missouri,29205,Shelby,30.24,2014,2018
29,Missouri,29207,Stoddard,30.860000000000003,2014,2018
29,Missouri,29209,Stone,34.0,2014,2018
29,Missouri,29211,Sullivan,38.260000000000005,2014,2018
29,Missouri,29213,Taney,32.839999999999996,2014,2018
29,Missouri,29215,Texas,46.72,2014,2018
29,Missouri,29217,Vernon,35.94,2014,2018
29,Missouri,29219,Warren,30.98,2014,2018
29,Missouri,29221,Washington,38.64,2014,2018
29,Missouri,29223,Wayne,41.86,2014,2018
29,Missouri,29225,Webster,35.82,2014,2018
29,Missouri,29227,Worth,28.919999999999998,2014,2018
29,Missouri,29229,Wright,40.38,2014,2018
29,Missouri,29510,St. Louis City,31.419999999999998,2014,2018
31,Nebraska,31001,Adams,26.4,2014,2018
31,Nebraska,31003,Antelope,24.72,2014,2018
31,Nebraska,31005,Arthur,26.68,2014,2018
31,Nebraska,31007,Banner,11.860000000000001,2014,2018
31,Nebraska,31009,Blaine,28.68,2014,2018
31,Nebraska,31011,Boone,27.339999999999996,2014,2018
31,Nebraska,31013,Box Butte,11.120000000000001,2014,2018
31,Nebraska,31015,Boyd,21.32,2014,2018
31,Nebraska,31017,Brown,24.3,2014,2018
31,Nebraska,31019,Buffalo,26.880000000000003,2014,2018
31,Nebraska,31021,Burt,20.060000000000002,2014,2018
31,Nebraska,31023,Butler,21.56,2014,2018
31,Nebraska,31025,Cass,22.9,2014,2018
31,Nebraska,31027,Cedar,14.36,2014,2018
31,Nebraska,31029,Chase,24.560000000000002,2014,2018
31,Nebraska,31031,Cherry,18.439999999999998,2014,2018
31,Nebraska,31033,Cheyenne,17.04,2014,2018
31,Nebraska,31035,Clay,25.580000000000002,2014,2018
31,Nebraska,31037,Colfax,24.1,2014,2018
31,Nebraska,31039,Cuming,20.080000000000002,2014,2018
31,Nebraska,31041,Custer,30.28,2014,2018
31,Nebraska,31043,Dakota,22.520000000000003,2014,2018
31,Nebraska,31045,Dawes,6.0,2014,2018
31,Nebraska,31047,Dawson,29.959999999999997,2014,2018
31,Nebraska,31049,Deuel,16.9,2014,2018
31,Nebraska,31051,Dixon,8.125,2014,2018
31,Nebraska,31053,Dodge,23.919999999999998,2014,2018
31,Nebraska,31055,Douglas,25.22,2014,2018
31,Nebraska,31057,Dundy,21.48,2014,2018
31,Nebraska,31059,Fillmore,24.54,2014,2018
31,Nebraska,31061,Franklin,22.56,2014,2018
31,Nebraska,31063,Frontier,32.28,2014,2018
31,Nebraska,31065,Furnas,24.44,2014,2018
31,Nebraska,31067,Gage,20.18,2014,2018
31,Nebraska,31069,Garden,12.48,2014,2018
31,Nebraska,31071,Garfield,28.48,2014,2018
31,Nebraska,31073,Gosper,28.439999999999998,2014,2018
31,Nebraska,31075,Grant,18.06,2014,2018
31,Nebraska,31077,Greeley,21.34,2014,2018
31,Nebraska,31079,Hall,26.24,2014,2018
31,Nebraska,31081,Hamilton,26.78,2014,2018
31,Nebraska,31083,Harlan,22.48,2014,2018
31,Nebraska,31085,Hayes,31.52,2014,2018
31,Nebraska,31087,Hitchcock,25.74,2014,2018
31,Nebraska,31089,Holt,22.02,2014,2018
31,Nebraska,31091,Hooker,23.025000000000002,2014,2018
31,Nebraska,31093,Howard,26.02,2014,2018
31,Nebraska,31095,Jefferson,23.3,2014,2018
31,Nebraska,31097,Johnson,20.6,2014,2018
31,Nebraska,31099,Kearney,25.5,2014,2018
31,Nebraska,31101,Keith,31.4,2014,2018
31,Nebraska,31103,Keya Paha,24.7,2014,2018
31,Nebraska,31105,Kimball,24.06,2014,2018
31,Nebraska,31107,Knox,19.36,2014,2018
31,Nebraska,31109,Lancaster,21.220000000000002,2014,2018
31,Nebraska,31111,Lincoln,31.560000000000002,2014,2018
31,Nebraska,31113,Logan,35.22,2014,2018
31,Nebraska,31115,Loup,29.520000000000003,2014,2018
31,Nebraska,31117,McPherson,33.68,2014,2018
31,Nebraska,31119,Madison,26.080000000000002,2014,2018
31,Nebraska,31121,Merrick,27.639999999999997,2014,2018
31,Nebraska,31123,Morrill,12.0,2014,2018
31,Nebraska,31125,Nance,26.619999999999997,2014,2018
31,Nebraska,31127,Nemaha,24.5,2014,2018
31,Nebraska,31129,Nuckolls,23.880000000000003,2014,2018
31,Nebraska,31131,Otoe,20.8,2014,2018
31,Nebraska,31133,Pawnee,23.160000000000004,2014,2018
31,Nebraska,31135,Perkins,30.3,2014,2018
31,Nebraska,31137,Phelps,26.28,2014,2018
31,Nebraska,31139,Pierce,21.32,2014,2018
31,Nebraska,31141,Platte,26.96,2014,2018
31,Nebraska,31143,Polk,25.919999999999998,2014,2018
31,Nebraska,31145,Red Willow,24.0,2014,2018
31,Nebraska,31147,Richardson,28.4,2014,2018
31,Nebraska,31149,Rock,25.32,2014,2018
31,Nebraska,31151,Saline,20.919999999999998,2014,2018
31,Nebraska,31153,Sarpy,25.380000000000003,2014,2018
31,Nebraska,31155,Saunders,23.68,2014,2018
31,Nebraska,31157,Scotts Bluff,13.02,2014,2018
31,Nebraska,31159,Seward,20.68,2014,2018
31,Nebraska,31161,Sheridan,9.84,2014,2018
31,Nebraska,31163,Sherman,25.919999999999998,2014,2018
31,Nebraska,31165,Sioux,12.22,2014,2018
31,Nebraska,31167,Stanton,25.419999999999998,2014,2018
31,Nebraska,31169,Thayer,23.04,2014,2018
31,Nebraska,31171,Thomas,27.459999999999997,2014,2018
31,Nebraska,31173,Thurston,21.860000000000003,2014,2018
31,Nebraska,31175,Valley,27.839999999999996,2014,2018
31,Nebraska,31177,Washington,24.259999999999998,2014,2018
31,Nebraska,31179,Wayne,19.52,2014,2018
31,Nebraska,31181,Webster,23.32,2014,2018
31,Nebraska,31183,Wheeler,24.14,2014,2018
31,Nebraska,31185,York,24.259999999999998,2014,2018
33,New Hampshire,33001,Belknap,30.339999999999996,2014,2018
33,New Hampshire,33003,Carroll,30.54,2014,2018
33,New Hampshire,33005,Cheshire,28.339999999999996,2014,2018
33,New Hampshire,33007,Coos,31.419999999999998,2014,2018
33,New Hampshire,33009,Grafton,28.560000000000002,2014,2018
33,New Hampshire,33011,Hillsborough,26.0,2014,2018
33,New Hampshire,33013,Merrimack,30.060000000000002,2014,2018
33,New Hampshire,33015,Rockingham,27.360000000000003,2014,2018
33,New Hampshire,33017,Strafford,29.28,2014,2018
33,New Hampshire,33019,Sullivan,28.32,2014,2018
34,New Jersey,34001,Atlantic,38.3,2014,2018
34,New Jersey,34003,Bergen,23.78,2014,2018
34,New Jersey,34005,Burlington,34.56,2014,2018
34,New Jersey,34007,Camden,34.08,2014,2018
34,New Jersey,34009,Cape May,40.54,2014,2018
34,New Jersey,34011,Cumberland,37.72,2014,2018
34,New Jersey,34013,Essex,28.0,2014,2018
34,New Jersey,34015,Gloucester,34.239999999999995,2014,2018
34,New Jersey,34017,Hudson,24.52,2014,2018
34,New Jersey,34019,Hunterdon,27.02,2014,2018
34,New Jersey,34021,Mercer,30.880000000000003,2014,2018
34,New Jersey,34023,Middlesex,30.0,2014,2018
34,New Jersey,34025,Monmouth,29.880000000000003,2014,2018
34,New Jersey,34027,Morris,27.8,2014,2018
34,New Jersey,34029,Ocean,36.739999999999995,2014,2018
34,New Jersey,34031,Passaic,27.919999999999998,2014,2018
34,New Jersey,34033,Salem,41.38,2014,2018
34,New Jersey,34035,Somerset,27.919999999999998,2014,2018
34,New Jersey,34037,Sussex,29.580000000000002,2014,2018
34,New Jersey,34039,Union,29.04,2014,2018
34,New Jersey,34041,Warren,27.560000000000002,2014,2018
35,New Mexico,35001,Bernalillo,24.86,2014,2018
35,New Mexico,35003,Catron,27.439999999999998,2014,2018
35,New Mexico,35005,Chaves,42.12,2014,2018
35,New Mexico,35006,Cibola,25.98,2014,2018
35,New Mexico,35007,Colfax,25.939999999999998,2014,2018
35,New Mexico,35009,Curry,43.68,2014,2018
35,New Mexico,35011,De Baca,46.0,2014,2018
35,New Mexico,35013,Dona Ana,29.74,2014,2018
35,New Mexico,35015,Eddy,43.239999999999995,2014,2018
35,New Mexico,35017,Grant,33.78,2014,2018
35,New Mexico,35019,Guadalupe,29.360000000000003,2014,2018
35,New Mexico,35021,Harding,28.9,2014,2018
35,New Mexico,35023,Hidalgo,36.7,2014,2018
35,New Mexico,35025,Lea,48.660000000000004,2014,2018
35,New Mexico,35027,Lincoln,38.08,2014,2018
35,New Mexico,35028,Los Alamos,23.660000000000004,2014,2018
35,New Mexico,35029,Luna,29.0,2014,2018
35,New Mexico,35031,McKinley,27.3,2014,2018
35,New Mexico,35033,Mora,23.6,2014,2018
35,New Mexico,35035,Otero,34.12,2014,2018
35,New Mexico,35037,Quay,38.58,2014,2018
35,New Mexico,35039,Rio Arriba,24.740000000000002,2014,2018
35,New Mexico,35041,Roosevelt,48.06,2014,2018
35,New Mexico,35043,Sandoval,25.7,2014,2018
35,New Mexico,35045,San Juan,24.68,2014,2018
35,New Mexico,35047,San Miguel,23.06,2014,2018
35,New Mexico,35049,Santa Fe,24.82,2014,2018
35,New Mexico,35051,Sierra,29.22,2014,2018
35,New Mexico,35053,Socorro,29.02,2014,2018
35,New Mexico,35055,Taos,27.080000000000002,2014,2018
35,New Mexico,35057,Torrance,25.06,2014,2018
35,New Mexico,35059,Union,28.660000000000004,2014,2018
35,New Mexico,35061,Valencia,25.98,2014,2018
36,New York,36001,Albany,25.5,2014,2018
36,New York,36003,Allegany,29.02,2014,2018
36,New York,36005,Bronx,21.880000000000003,2014,2018
36,New York,36007,Broome,31.26,2014,2018
36,New York,36009,Cattaraugus,27.860000000000003,2014,2018
36,New York,36011,Cayuga,27.02,2014,2018
36,New York,36013,Chautauqua,29.119999999999997,2014,2018
36,New York,36015,Chemung,28.54,2014,2018
36,New York,36017,Chenango,33.480000000000004,2014,2018
36,New York,36019,Clinton,30.96,2014,2018
36,New York,36021,Columbia,26.580000000000002,2014,2018
36,New York,36023,Cortland,26.160000000000004,2014,2018
36,New York,36025,Delaware,34.0,2014,2018
36,New York,36027,Dutchess,25.7,2014,2018
36,New York,36029,Erie,31.3,2014,2018
36,New York,36031,Essex,28.52,2014,2018
36,New York,36033,Franklin,35.660000000000004,2014,2018
36,New York,36035,Fulton,28.7,2014,2018
36,New York,36037,Genesee,29.52,2014,2018
36,New York,36039,Greene,26.7,2014,2018
36,New York,36041,Hamilton,28.54,2014,2018
36,New York,36043,Herkimer,33.339999999999996,2014,2018
36,New York,36045,Jefferson,33.64,2014,2018
36,New York,36047,Kings,23.32,2014,2018
36,New York,36049,Lewis,31.76,2014,2018
36,New York,36051,Livingston,25.72,2014,2018
36,New York,36053,Madison,27.639999999999997,2014,2018
36,New York,36055,Monroe,26.22,2014,2018
36,New York,36057,Montgomery,30.339999999999996,2014,2018
36,New York,36059,Nassau,23.380000000000003,2014,2018
36,New York,36061,New York,23.16,2014,2018
36,New York,36063,Niagara,32.839999999999996,2014,2018
36,New York,36065,Oneida,30.0,2014,2018
36,New York,36067,Onondaga,25.78,2014,2018
36,New York,36069,Ontario,25.619999999999997,2014,2018
36,New York,36071,Orange,29.619999999999997,2014,2018
36,New York,36073,Orleans,28.98,2014,2018
36,New York,36075,Oswego,26.5,2014,2018
36,New York,36077,Otsego,31.52,2014,2018
36,New York,36079,Putnam,23.48,2014,2018
36,New York,36081,Queens,23.619999999999997,2014,2018
36,New York,36083,Rensselaer,24.64,2014,2018
36,New York,36085,Richmond,26.68,2014,2018
36,New York,36087,Rockland,24.72,2014,2018
36,New York,36089,St. Lawrence,32.82,2014,2018
36,New York,36091,Saratoga,27.1,2014,2018
36,New York,36093,Schenectady,26.98,2014,2018
36,New York,36095,Schoharie,29.660000000000004,2014,2018
36,New York,36097,Schuyler,29.98,2014,2018
36,New York,36099,Seneca,27.18,2014,2018
36,New York,36101,Steuben,28.360000000000003,2014,2018
36,New York,36103,Suffolk,24.740000000000002,2014,2018
36,New York,36105,Sullivan,32.059999999999995,2014,2018
36,New York,36107,Tioga,30.359999999999996,2014,2018
36,New York,36109,Tompkins,27.96,2014,2018
36,New York,36111,Ulster,30.9,2014,2018
36,New York,36113,Warren,23.42,2014,2018
36,New York,36115,Washington,24.32,2014,2018
36,New York,36117,Wayne,25.380000000000003,2014,2018
36,New York,36119,Westchester,22.86,2014,2018
36,New York,36121,Wyoming,31.0,2014,2018
36,New York,36123,Yates,27.52,2014,2018
37,North Carolina,37001,Alamance,27.18,2014,2018
37,North Carolina,37003,Alexander,26.339999999999996,2014,2018
37,North Carolina,37005,Alleghany,20.060000000000002,2014,2018
37,North Carolina,37007,Anson,29.26,2014,2018
37,North Carolina,37009,Ashe,20.1,2014,2018
37,North Carolina,37011,Avery,29.439999999999998,2014,2018
37,North Carolina,37013,Beaufort,29.1,2014,2018
37,North Carolina,37015,Bertie,18.619999999999997,2014,2018
37,North Carolina,37017,Bladen,34.46,2014,2018
37,North Carolina,37019,Brunswick,22.7,2014,2018
37,North Carolina,37021,Buncombe,22.86,2014,2018
37,North Carolina,37023,Burke,25.46,2014,2018
37,North Carolina,37025,Cabarrus,21.86,2014,2018
37,North Carolina,37027,Caldwell,25.580000000000002,2014,2018
37,North Carolina,37029,Camden,27.560000000000002,2014,2018
37,North Carolina,37031,Carteret,30.02,2014,2018
37,North Carolina,37033,Caswell,30.2,2014,2018
37,North Carolina,37035,Catawba,26.580000000000002,2014,2018
37,North Carolina,37037,Chatham,24.34,2014,2018
37,North Carolina,37039,Cherokee,23.259999999999998,2014,2018
37,North Carolina,37041,Chowan,10.64,2014,2018
37,North Carolina,37043,Clay,6.34,2014,2018
37,North Carolina,37045,Cleveland,26.74,2014,2018
37,North Carolina,37047,Columbus,29.6,2014,2018
37,North Carolina,37049,Craven,33.18,2014,2018
37,North Carolina,37051,Cumberland,34.22,2014,2018
37,North Carolina,37053,Currituck,24.72,2014,2018
37,North Carolina,37055,Dare,5.96,2014,2018
37,North Carolina,37057,Davidson,26.5,2014,2018
37,North Carolina,37059,Davie,24.98,2014,2018
37,North Carolina,37061,Duplin,23.22,2014,2018
37,North Carolina,37063,Durham,22.4,2014,2018
37,North Carolina,37065,Edgecombe,33.56,2014,2018
37,North Carolina,37067,Forsyth,26.22,2014,2018
37,North Carolina,37069,Franklin,25.34,2014,2018
37,North Carolina,37071,Gaston,21.860000000000003,2014,2018
37,North Carolina,37073,Gates,21.68,2014,2018
37,North Carolina,37075,Graham,27.22,2014,2018
37,North Carolina,37077,Granville,23.82,2014,2018
37,North Carolina,37079,Greene,30.939999999999998,2014,2018
37,North Carolina,37081,Guilford,27.32,2014,2018
37,North Carolina,37083,Halifax,28.6,2014,2018
37,North Carolina,37085,Harnett,25.6,2014,2018
37,North Carolina,37087,Haywood,26.160000000000004,2014,2018
37,North Carolina,37089,Henderson,22.84,2014,2018
37,North Carolina,37091,Hertford,14.780000000000001,2014,2018
37,North Carolina,37093,Hoke,38.739999999999995,2014,2018
37,North Carolina,37095,Hyde,20.04,2014,2018
37,North Carolina,37097,Iredell,22.56,2014,2018
37,North Carolina,37099,Jackson,18.04,2014,2018
37,North Carolina,37101,Johnston,24.560000000000002,2014,2018
37,North Carolina,37103,Jones,29.82,2014,2018
37,North Carolina,37105,Lee,23.96,2014,2018
37,North Carolina,37107,Lenoir,29.860000000000003,2014,2018
37,North Carolina,37109,Lincoln,23.119999999999997,2014,2018
37,North Carolina,37111,McDowell,22.380000000000003,2014,2018
37,North Carolina,37113,Macon,15.080000000000002,2014,2018
37,North Carolina,37115,Madison,32.660000000000004,2014,2018
37,North Carolina,37117,Martin,27.48,2014,2018
37,North Carolina,37119,Mecklenburg,22.22,2014,2018
37,North Carolina,37121,Mitchell,36.22,2014,2018
37,North Carolina,37123,Montgomery,28.98,2014,2018
37,North Carolina,37125,Moore,30.8,2014,2018
37,North Carolina,37127,Nash,25.54,2014,2018
37,North Carolina,37129,New Hanover,17.86,2014,2018
37,North Carolina,37131,Northampton,24.119999999999997,2014,2018
37,North Carolina,37133,Onslow,24.5,2014,2018
37,North Carolina,37135,Orange,24.720000000000002,2014,2018
37,North Carolina,37137,Pamlico,28.839999999999996,2014,2018
37,North Carolina,37139,Pasquotank,18.34,2014,2018
37,North Carolina,37141,Pender,19.5,2014,2018
37,North Carolina,37143,Perquimans,16.02,2014,2018
37,North Carolina,37145,Person,23.56,2014,2018
37,North Carolina,37147,Pitt,31.560000000000002,2014,2018
37,North Carolina,37149,Polk,23.5,2014,2018
37,North Carolina,37151,Randolph,26.72,2014,2018
37,North Carolina,37153,Richmond,33.260000000000005,2014,2018
37,North Carolina,37155,Robeson,36.739999999999995,2014,2018
37,North Carolina,37157,Rockingham,27.5,2014,2018
37,North Carolina,37159,Rowan,26.919999999999998,2014,2018
37,North Carolina,37161,Rutherford,25.46,2014,2018
37,North Carolina,37163,Sampson,27.7,2014,2018
37,North Carolina,37165,Scotland,38.019999999999996,2014,2018
37,North Carolina,37167,Stanly,28.119999999999997,2014,2018
37,North Carolina,37169,Stokes,26.22,2014,2018
37,North Carolina,37171,Surry,22.78,2014,2018
37,North Carolina,37173,Swain,25.98,2014,2018
37,North Carolina,37175,Transylvania,23.48,2014,2018
37,North Carolina,37177,Tyrrell,13.059999999999999,2014,2018
37,North Carolina,37179,Union,21.16,2014,2018
37,North Carolina,37181,Vance,27.26,2014,2018
37,North Carolina,37183,Wake,24.1,2014,2018
37,North Carolina,37185,Warren,31.54,2014,2018
37,North Carolina,37187,Washington,13.719999999999999,2014,2018
37,North Carolina,37189,Watauga,22.919999999999998,2014,2018
37,North Carolina,37191,Wayne,25.32,2014,2018
37,North Carolina,37193,Wilkes,23.740000000000002,2014,2018
37,North Carolina,37195,Wilson,30.139999999999997,2014,2018
37,North Carolina,37197,Yadkin,23.919999999999998,2014,2018
37,North Carolina,37199,Yancey,26.619999999999997,2014,2018
41,Oregon,41001,Baker,6.2,2014,2018
41,Oregon,41003,Benton,25.56,2014,2018
41,Oregon,41005,Clackamas,23.98,2014,2018
41,Oregon,41007,Clatsop,23.06,2014,2018
41,Oregon,41009,Columbia,24.02,2014,2018
41,Oregon,41011,Coos,35.88,2014,2018
41,Oregon,41013,Crook,21.46,2014,2018
41,Oregon,41015,Curry,33.78,2014,2018
41,Oregon,41017,Deschutes,25.839999999999996,2014,2018
41,Oregon,41019,Douglas,29.02,2014,2018
41,Oregon,41021,Gilliam,16.259999999999998,2014,2018
41,Oregon,41023,Grant,8.58,2014,2018
41,Oregon,41025,Harney,18.919999999999998,2014,2018
41,Oregon,41027,Hood River,23.06,2014,2018
41,Oregon,41029,Jackson,26.72,2014,2018
41,Oregon,41031,Jefferson,24.94,2014,2018
41,Oregon,41033,Josephine,26.580000000000002,2014,2018
41,Oregon,41035,Klamath,24.639999999999997,2014,2018
41,Oregon,41037,Lake,20.96,2014,2018
41,Oregon,41039,Lane,25.32,2014,2018
41,Oregon,41041,Lincoln,24.48,2014,2018
41,Oregon,41043,Linn,24.619999999999997,2014,2018
41,Oregon,41045,Malheur,8.52,2014,2018
41,Oregon,41047,Marion,25.639999999999997,2014,2018
41,Oregon,41049,Morrow,17.439999999999998,2014,2018
41,Oregon,41051,Multnomah,23.259999999999998,2014,2018
41,Oregon,41053,Polk,25.72,2014,2018
41,Oregon,41055,Sherman,18.6,2014,2018
41,Oregon,41057,Tillamook,24.56,2014,2018
41,Oregon,41059,Umatilla,18.96,2014,2018
41,Oregon,41061,Union,5.0200000000000005,2014,2018
41,Oregon,41063,Wallowa,5.720000000000001,2014,2018
41,Oregon,41065,Wasco,23.64,2014,2018
41,Oregon,41067,Washington,23.98,2014,2018
41,Oregon,41069,Wheeler,24.5,2014,2018
41,Oregon,41071,Yamhill,23.96,2014,2018
42,Pennsylvania,42001,Adams,28.48,2014,2018
42,Pennsylvania,42003,Allegheny,30.82,2014,2018
42,Pennsylvania,42005,Armstrong,30.619999999999997,2014,2018
42,Pennsylvania,42007,Beaver,30.560000000000002,2014,2018
42,Pennsylvania,42009,Bedford,38.64,2014,2018
42,Pennsylvania,42011,Berks,26.04,2014,2018
42,Pennsylvania,42013,Blair,35.12,2014,2018
42,Pennsylvania,42015,Bradford,32.28,2014,2018
42,Pennsylvania,42017,Bucks,29.24,2014,2018
42,Pennsylvania,42019,Butler,29.139999999999997,2014,2018
42,Pennsylvania,42021,Cambria,36.22,2014,2018
42,Pennsylvania,42023,Cameron,25.1,2014,2018
42,Pennsylvania,42025,Carbon,29.860000000000003,2014,2018
42,Pennsylvania,42027,Centre,35.06,2014,2018
42,Pennsylvania,42029,Chester,25.6,2014,2018
42,Pennsylvania,42031,Clarion,27.939999999999998,2014,2018
42,Pennsylvania,42033,Clearfield,35.88,2014,2018
42,Pennsylvania,42035,Clinton,33.06,2014,2018
42,Pennsylvania,42037,Columbia,35.44,2014,2018
42,Pennsylvania,42039,Crawford,27.46,2014,2018
42,Pennsylvania,42041,Cumberland,30.119999999999997,2014,2018
42,Pennsylvania,42043,Dauphin,30.46,2014,2018
42,Pennsylvania,42045,Delaware,28.28,2014,2018
42,Pennsylvania,42047,Elk,23.660000000000004,2014,2018
42,Pennsylvania,42049,Erie,24.84,2014,2018
42,Pennsylvania,42051,Fayette,35.5,2014,2018
42,Pennsylvania,42053,Forest,22.380000000000003,2014,2018
42,Pennsylvania,42055,Franklin,28.54,2014,2018
42,Pennsylvania,42057,Fulton,33.9,2014,2018
42,Pennsylvania,42059,Greene,38.44,2014,2018
42,Pennsylvania,42061,Huntingdon,35.36,2014,2018
42,Pennsylvania,42063,Indiana,33.96,2014,2018
42,Pennsylvania,42065,Jefferson,30.2,2014,2018
42,Pennsylvania,42067,Juniata,33.22,2014,2018
42,Pennsylvania,42069,Lackawanna,30.24,2014,2018
42,Pennsylvania,42071,Lancaster,27.98,2014,2018
42,Pennsylvania,42073,Lawrence,29.46,2014,2018
42,Pennsylvania,42075,Lebanon,29.76,2014,2018
42,Pennsylvania,42077,Lehigh,26.52,2014,2018
42,Pennsylvania,42079,Luzerne,31.72,2014,2018
42,Pennsylvania,42081,Lycoming,35.86,2014,2018
42,Pennsylvania,42083,McKean,24.8,2014,2018
42,Pennsylvania,42085,Mercer,28.2,2014,2018
42,Pennsylvania,42087,Mifflin,29.060000000000002,2014,2018
42,Pennsylvania,42089,Monroe,30.139999999999997,2014,2018
42,Pennsylvania,42091,Montgomery,27.68,2014,2018
42,Pennsylvania,42093,Montour,40.62,2014,2018
42,Pennsylvania,42095,Northampton,27.919999999999998,2014,2018
42,Pennsylvania,42097,Northumberland,33.86,2014,2018
42,Pennsylvania,42099,Perry,31.54,2014,2018
42,Pennsylvania,42101,Philadelphia,30.28,2014,2018
42,Pennsylvania,42103,Pike,33.339999999999996,2014,2018
42,Pennsylvania,42105,Potter,30.939999999999998,2014,2018
42,Pennsylvania,42107,Schuylkill,30.32,2014,2018
42,Pennsylvania,42109,Snyder,35.28,2014,2018
42,Pennsylvania,42111,Somerset,35.64,2014,2018
42,Pennsylvania,42113,Sullivan,34.660000000000004,2014,2018
42,Pennsylvania,42115,Susquehanna,29.939999999999998,2014,2018
42,Pennsylvania,42117,Tioga,34.8,2014,2018
42,Pennsylvania,42119,Union,35.64,2014,2018
42,Pennsylvania,42121,Venango,25.46,2014,2018
42,Pennsylvania,42123,Warren,25.16,2014,2018
42,Pennsylvania,42125,Washington,32.06,2014,2018
42,Pennsylvania,42127,Wayne,31.339999999999996,2014,2018
42,Pennsylvania,42129,Westmoreland,32.72,2014,2018
42,Pennsylvania,42131,Wyoming,30.3,2014,2018
42,Pennsylvania,42133,York,29.68,2014,2018
44,Rhode Island,44001,Bristol,32.72,2014,2018
44,Rhode Island,44003,Kent,30.04,2014,2018
44,Rhode Island,44005,Newport,29.72,2014,2018
44,Rhode Island,44007,Providence,29.080000000000002,2014,2018
44,Rhode Island,44009,Washington,26.360000000000003,2014,2018
45,South Carolina,45001,Abbeville,28.325,2014,2018
45,South Carolina,45003,Aiken,26.2,2014,2018
45,South Carolina,45005,Allendale,29.5,2014,2018
45,South Carolina,45007,Anderson,28.3,2014,2018
45,South Carolina,45009,Bamberg,31.75,2014,2018
45,South Carolina,45011,Barnwell,22.75,2014,2018
45,South Carolina,45013,Beaufort,19.275,2014,2018
45,South Carolina,45015,Berkeley,25.4,2014,2018
45,South Carolina,45017,Calhoun,32.3,2014,2018
45,South Carolina,45019,Charleston,24.15,2014,2018
45,South Carolina,45021,Cherokee,28.025,2014,2018
45,South Carolina,45023,Chester,26.125,2014,2018
45,South Carolina,45025,Chesterfield,31.299999999999997,2014,2018
45,South Carolina,45027,Clarendon,34.675,2014,2018
45,South Carolina,45029,Colleton,22.375,2014,2018
45,South Carolina,45031,Darlington,43.45,2014,2018
45,South Carolina,45033,Dillon,38.175,2014,2018
45,South Carolina,45035,Dorchester,24.575,2014,2018
45,South Carolina,45037,Edgefield,22.075000000000003,2014,2018
45,South Carolina,45039,Fairfield,31.95,2014,2018
45,South Carolina,45041,Florence,43.975,2014,2018
45,South Carolina,45043,Georgetown,26.875,2014,2018
45,South Carolina,45045,Greenville,27.425,2014,2018
45,South Carolina,45047,Greenwood,32.85,2014,2018
45,South Carolina,45049,Hampton,19.6,2014,2018
45,South Carolina,45051,Horry,31.95,2014,2018
45,South Carolina,45053,Jasper,16.25,2014,2018
45,South Carolina,45055,Kershaw,33.375,2014,2018
45,South Carolina,45057,Lancaster,21.4,2014,2018
45,South Carolina,45059,Laurens,30.025,2014,2018
45,South Carolina,45061,Lee,44.55,2014,2018
45,South Carolina,45063,Lexington,28.4,2014,2018
45,South Carolina,45065,McCormick,30.225,2014,2018
45,South Carolina,45067,Marion,37.6,2014,2018
45,South Carolina,45069,Marlboro,44.8,2014,2018
45,South Carolina,45071,Newberry,32.85,2014,2018
45,South Carolina,45073,Oconee,24.5,2014,2018
45,South Carolina,45075,Orangeburg,27.799999999999997,2014,2018
45,South Carolina,45077,Pickens,26.55,2014,2018
45,South Carolina,45079,Richland,32.875,2014,2018
45,South Carolina,45081,Saluda,27.45,2014,2018
45,South Carolina,45083,Spartanburg,27.925,2014,2018
45,South Carolina,45085,Sumter,36.675,2014,2018
45,South Carolina,45087,Union,30.85,2014,2018
45,South Carolina,45089,Williamsburg,35.5,2014,2018
45,South Carolina,45091,York,23.125,2014,2018
47,Tennessee,47001,Anderson,31.839999999999996,2014,2018
47,Tennessee,47003,Bedford,41.78,2014,2018
47,Tennessee,47005,Benton,57.339999999999996,2014,2018
47,Tennessee,47007,Bledsoe,36.339999999999996,2014,2018
47,Tennessee,47009,Blount,30.52,2014,2018
47,Tennessee,47011,Bradley,37.9,2014,2018
47,Tennessee,47013,Campbell,45.38,2014,2018
47,Tennessee,47015,Cannon,41.32,2014,2018
47,Tennessee,47017,Carroll,57.6,2014,2018
47,Tennessee,47019,Carter,45.54,2014,2018
47,Tennessee,47021,Cheatham,32.8,2014,2018
47,Tennessee,47023,Chester,50.660000000000004,2014,2018
47,Tennessee,47025,Claiborne,43.88,2014,2018
47,Tennessee,47027,Clay,48.019999999999996,2014,2018
47,Tennessee,47029,Cocke,37.6,2014,2018
47,Tennessee,47031,Coffee,46.980000000000004,2014,2018
47,Tennessee,47033,Crockett,59.44,2014,2018
47,Tennessee,47035,Cumberland,39.04,2014,2018
47,Tennessee,47037,Davidson,33.46,2014,2018
47,Tennessee,47039,Decatur,56.220000000000006,2014,2018
47,Tennessee,47041,DeKalb,40.1,2014,2018
47,Tennessee,47043,Dickson,34.06,2014,2018
47,Tennessee,47045,Dyer,62.86,2014,2018
47,Tennessee,47047,Fayette,33.56,2014,2018
47,Tennessee,47049,Fentress,40.0,2014,2018
47,Tennessee,47051,Franklin,51.98,2014,2018
47,Tennessee,47053,Gibson,59.580000000000005,2014,2018
47,Tennessee,47055,Giles,34.56,2014,2018
47,Tennessee,47057,Grainger,33.839999999999996,2014,2018
47,Tennessee,47059,Greene,46.559999999999995,2014,2018
47,Tennessee,47061,Grundy,56.239999999999995,2014,2018
47,Tennessee,47063,Hamblen,44.54,2014,2018
47,Tennessee,47065,Hamilton,38.4,2014,2018
47,Tennessee,47067,Hancock,33.16,2014,2018
47,Tennessee,47069,Hardeman,46.44,2014,2018
47,Tennessee,47071,Hardin,51.260000000000005,2014,2018
47,Tennessee,47073,Hawkins,42.160000000000004,2014,2018
47,Tennessee,47075,Haywood,48.86,2014,2018
47,Tennessee,47077,Henderson,54.14,2014,2018
47,Tennessee,47079,Henry,52.44,2014,2018
47,Tennessee,47081,Hickman,32.2,2014,2018
47,Tennessee,47083,Houston,42.519999999999996,2014,2018
47,Tennessee,47085,Humphreys,52.260000000000005,2014,2018
47,Tennessee,47087,Jackson,44.22,2014,2018
47,Tennessee,47089,Jefferson,33.04,2014,2018
47,Tennessee,47091,Johnson,35.760000000000005,2014,2018
47,Tennessee,47093,Knox,31.659999999999997,2014,2018
47,Tennessee,47095,Lake,58.56,2014,2018
47,Tennessee,47097,Lauderdale,62.760000000000005,2014,2018
47,Tennessee,47099,Lawrence,35.12,2014,2018
47,Tennessee,47101,Lewis,37.5,2014,2018
47,Tennessee,47103,Lincoln,43.88,2014,2018
47,Tennessee,47105,Loudon,32.06,2014,2018
47,Tennessee,47107,McMinn,40.08,2014,2018
47,Tennessee,47109,McNairy,48.06,2014,2018
47,Tennessee,47111,Macon,43.12,2014,2018
47,Tennessee,47113,Madison,56.160000000000004,2014,2018
47,Tennessee,47115,Marion,39.4,2014,2018
47,Tennessee,47117,Marshall,33.14,2014,2018
47,Tennessee,47119,Maury,30.5,2014,2018
47,Tennessee,47121,Meigs,37.44,2014,2018
47,Tennessee,47123,Monroe,34.239999999999995,2014,2018
47,Tennessee,47125,Montgomery,38.22,2014,2018
47,Tennessee,47127,Moore,49.120000000000005,2014,2018
47,Tennessee,47129,Morgan,36.62,2014,2018
47,Tennessee,47131,Obion,64.38,2014,2018
47,Tennessee,47133,Overton,41.6,2014,2018
47,Tennessee,47135,Perry,51.720000000000006,2014,2018
47,Tennessee,47137,Pickett,45.8,2014,2018
47,Tennessee,47139,Polk,39.38,2014,2018
47,Tennessee,47141,Putnam,41.339999999999996,2014,2018
47,Tennessee,47143,Rhea,35.660000000000004,2014,2018
47,Tennessee,47145,Roane,32.28,2014,2018
47,Tennessee,47147,Robertson,35.44,2014,2018
47,Tennessee,47149,Rutherford,34.239999999999995,2014,2018
47,Tennessee,47151,Scott,42.260000000000005,2014,2018
47,Tennessee,47153,Sequatchie,39.660000000000004,2014,2018
47,Tennessee,47155,Sevier,31.560000000000002,2014,2018
47,Tennessee,47157,Shelby,32.56,2014,2018
47,Tennessee,47159,Smith,38.58,2014,2018
47,Tennessee,47161,Stewart,39.04,2014,2018
47,Tennessee,47163,Sullivan,41.56,2014,2018
47,Tennessee,47165,Sumner,35.480000000000004,2014,2018
47,Tennessee,47167,Tipton,33.68,2014,2018
47,Tennessee,47169,Trousdale,37.32,2014,2018
47,Tennessee,47171,Unicoi,46.28,2014,2018
47,Tennessee,47173,Union,31.759999999999998,2014,2018
47,Tennessee,47175,Van Buren,44.6,2014,2018
47,Tennessee,47177,Warren,53.760000000000005,2014,2018
47,Tennessee,47179,Washington,47.839999999999996,2014,2018
47,Tennessee,47181,Wayne,44.260000000000005,2014,2018
47,Tennessee,47183,Weakley,55.36,2014,2018
47,Tennessee,47185,White,42.06,2014,2018
47,Tennessee,47187,Williamson,33.62,2014,2018
47,Tennessee,47189,Wilson,35.5,2014,2018
49,Utah,49001,Beaver,28.2,2014,2018
49,Utah,49003,Box Elder,20.0,2014,2018
49,Utah,49005,Cache,20.380000000000003,2014,2018
49,Utah,49007,Carbon,25.5,2014,2018
49,Utah,49009,Daggett,24.52,2014,2018
49,Utah,49011,Davis,20.759999999999998,2014,2018
49,Utah,49013,Duchesne,24.22,2014,2018
49,Utah,49015,Emery,25.02,2014,2018
49,Utah,49017,Garfield,22.68,2014,2018
49,Utah,49019,Grand,22.240000000000002,2014,2018
49,Utah,49021,Iron,22.22,2014,2018
49,Utah,49023,Juab,25.240000000000002,2014,2018
49,Utah,49025,Kane,26.48,2014,2018
49,Utah,49027,Millard,29.2,2014,2018
49,Utah,49029,Morgan,20.28,2014,2018
49,Utah,49031,Piute,29.72,2014,2018
49,Utah,49033,Rich,19.6,2014,2018
49,Utah,49035,Salt Lake,21.4,2014,2018
49,Utah,49037,San Juan,23.72,2014,2018
49,Utah,49039,Sanpete,25.3,2014,2018
49,Utah,49041,Sevier,28.4,2014,2018
49,Utah,49043,Summit,21.16,2014,2018
49,Utah,49045,Tooele,21.48,2014,2018
49,Utah,49047,Uintah,23.580000000000002,2014,2018
49,Utah,49049,Utah,22.740000000000002,2014,2018
49,Utah,49051,Wasatch,22.04,2014,2018
49,Utah,49053,Washington,28.860000000000003,2014,2018
49,Utah,49055,Wayne,20.46,2014,2018
49,Utah,49057,Weber,19.86,2014,2018
50,Vermont,50001,Addison,25.880000000000003,2014,2018
50,Vermont,50003,Bennington,24.22,2014,2018
50,Vermont,50005,Caledonia,27.639999999999997,2014,2018
50,Vermont,50007,Chittenden,30.919999999999998,2014,2018
50,Vermont,50009,Essex,27.360000000000003,2014,2018
50,Vermont,50011,Franklin,29.78,2014,2018
50,Vermont,50013,Grand Isle,32.62,2014,2018
50,Vermont,50015,Lamoille,29.98,2014,2018
50,Vermont,50017,Orange,25.119999999999997,2014,2018
50,Vermont,50019,Orleans,29.02,2014,2018
50,Vermont,50021,Rutland,22.5,2014,2018
50,Vermont,50023,Washington,27.860000000000003,2014,2018
50,Vermont,50025,Windham,23.759999999999998,2014,2018
50,Vermont,50027,Windsor,23.54,2014,2018
51,Virginia,51001,Accomack,25.639999999999997,2014,2018
51,Virginia,51003,Albemarle,27.68,2014,2018
51,Virginia,51005,Alleghany,33.6,2014,2018
51,Virginia,51007,Amelia,27.8,2014,2018
51,Virginia,51009,Amherst,35.64,2014,2018
51,Virginia,51011,Appomattox,37.04,2014,2018
51,Virginia,51013,Arlington,14.7,2014,2018
51,Virginia,51015,Augusta,29.619999999999997,2014,2018
51,Virginia,51017,Bath,26.5,2014,2018
51,Virginia,51019,Bedford,31.24,2014,2018
51,Virginia,51021,Bland,40.08,2014,2018
51,Virginia,51023,Botetourt,27.82,2014,2018
51,Virginia,51025,Brunswick,29.78,2014,2018
51,Virginia,51027,Buchanan,37.06,2014,2018
51,Virginia,51029,Buckingham,27.52,2014,2018
51,Virginia,51031,Campbell,34.58,2014,2018
51,Virginia,51033,Caroline,28.1,2014,2018
51,Virginia,51035,Carroll,26.660000000000004,2014,2018
51,Virginia,51036,Charles City,25.82,2014,2018
51,Virginia,51037,Charlotte,34.52,2014,2018
51,Virginia,51041,Chesterfield,29.060000000000002,2014,2018
51,Virginia,51043,Clarke,23.84,2014,2018
51,Virginia,51045,Craig,30.139999999999997,2014,2018
51,Virginia,51047,Culpeper,29.4,2014,2018
51,Virginia,51049,Cumberland,28.639999999999997,2014,2018
51,Virginia,51051,Dickenson,33.9,2014,2018
51,Virginia,51053,Dinwiddie,31.28,2014,2018
51,Virginia,51057,Essex,31.639999999999997,2014,2018
51,Virginia,51059,Fairfax,16.22,2014,2018
51,Virginia,51061,Fauquier,23.44,2014,2018
51,Virginia,51063,Floyd,27.18,2014,2018
51,Virginia,51065,Fluvanna,22.72,2014,2018
51,Virginia,51067,Franklin,26.619999999999997,2014,2018
51,Virginia,51069,Frederick,27.52,2014,2018
51,Virginia,51071,Giles,37.86,2014,2018
51,Virginia,51073,Gloucester,26.24,2014,2018
51,Virginia,51075,Goochland,25.98,2014,2018
51,Virginia,51077,Grayson,26.060000000000002,2014,2018
51,Virginia,51079,Greene,27.68,2014,2018
51,Virginia,51081,Greensville,34.019999999999996,2014,2018
51,Virginia,51083,Halifax,27.26,2014,2018
51,Virginia,51085,Hanover,27.52,2014,2018
51,Virginia,51087,Henrico,26.439999999999998,2014,2018
51,Virginia,51089,Henry,29.360000000000003,2014,2018
51,Virginia,51091,Highland,26.96,2014,2018
51,Virginia,51093,Isle of Wight,29.22,2014,2018
51,Virginia,51095,James City,27.24,2014,2018
51,Virginia,51097,King and Queen,31.46,2014,2018
51,Virginia,51099,King George,21.98,2014,2018
51,Virginia,51101,King William,30.119999999999997,2014,2018
51,Virginia,51103,Lancaster,26.880000000000003,2014,2018
51,Virginia,51105,Lee,30.82,2014,2018
51,Virginia,51107,Loudoun,17.740000000000002,2014,2018
51,Virginia,51109,Louisa,26.1,2014,2018
51,Virginia,51111,Lunenburg,38.44,2014,2018
51,Virginia,51113,Madison,35.519999999999996,2014,2018
51,Virginia,51115,Mathews,24.48,2014,2018
51,Virginia,51117,Mecklenburg,30.139999999999997,2014,2018
51,Virginia,51119,Middlesex,29.78,2014,2018
51,Virginia,51121,Montgomery,33.42,2014,2018
51,Virginia,51125,Nelson,26.0,2014,2018
51,Virginia,51127,New Kent,27.060000000000002,2014,2018
51,Virginia,51131,Northampton,25.1,2014,2018
51,Virginia,51133,Northumberland,22.06,2014,2018
51,Virginia,51135,Nottoway,37.06,2014,2018
51,Virginia,51137,Orange,28.2,2014,2018
51,Virginia,51139,Page,32.44,2014,2018
51,Virginia,51141,Patrick,23.619999999999997,2014,2018
51,Virginia,51143,Pittsylvania,29.68,2014,2018
51,Virginia,51145,Powhatan,25.619999999999997,2014,2018
51,Virginia,51147,Prince Edward,37.72,2014,2018
51,Virginia,51149,Prince George,31.3,2014,2018
51,Virginia,51153,Prince William,17.44,2014,2018
51,Virginia,51155,Pulaski,33.660000000000004,2014,2018
51,Virginia,51157,Rappahannock,33.379999999999995,2014,2018
51,Virginia,51159,Richmond,33.02,2014,2018
51,Virginia,51161,Roanoke,32.96,2014,2018
51,Virginia,51163,Rockbridge,31.660000000000004,2014,2018
51,Virginia,51165,Rockingham,27.619999999999997,2014,2018
51,Virginia,51167,Russell,24.52,2014,2018
51,Virginia,51169,Scott,33.239999999999995,2014,2018
51,Virginia,51171,Shenandoah,29.98,2014,2018
51,Virginia,51173,Smyth,30.2,2014,2018
51,Virginia,51175,Southampton,25.8,2014,2018
51,Virginia,51177,Spotsylvania,29.22,2014,2018
51,Virginia,51179,Stafford,23.380000000000003,2014,2018
51,Virginia,51181,Surry,28.360000000000003,2014,2018
51,Virginia,51183,Sussex,28.339999999999996,2014,2018
51,Virginia,51185,Tazewell,35.62,2014,2018
51,Virginia,51187,Warren,30.339999999999996,2014,2018
51,Virginia,51191,Washington,32.08,2014,2018
51,Virginia,51193,Westmoreland,19.3,2014,2018
51,Virginia,51195,Wise,36.12,2014,2018
51,Virginia,51197,Wythe,30.839999999999996,2014,2018
51,Virginia,51199,York,27.080000000000002,2014,2018
51,Virginia,51510,Alexandria,15.580000000000002,2014,2018
51,Virginia,51520,Bristol,34.92,2014,2018
51,Virginia,51530,Buena Vista,26.1,2014,2018
51,Virginia,51540,Charlottesville,21.22,2014,2018
51,Virginia,51550,Chesapeake,27.880000000000003,2014,2018
51,Virginia,51570,Colonial Heights,32.58,2014,2018
51,Virginia,51580,Covington,56.120000000000005,2014,2018
51,Virginia,51590,Danville,31.160000000000004,2014,2018
51,Virginia,51595,Emporia,62.379999999999995,2014,2018
51,Virginia,51600,Fairfax City,15.040000000000001,2014,2018
51,Virginia,51610,Falls Church,14.3,2014,2018
51,Virginia,51620,Franklin City,32.6,2014,2018
51,Virginia,51630,Fredericksburg,27.02,2014,2018
51,Virginia,51640,Galax,12.540000000000001,2014,2018
51,Virginia,51650,Hampton,27.139999999999997,2014,2018
51,Virginia,51660,Harrisonburg,34.480000000000004,2014,2018
51,Virginia,51670,Hopewell,27.080000000000002,2014,2018
51,Virginia,51678,Lexington,30.160000000000004,2014,2018
51,Virginia,51680,Lynchburg,36.760000000000005,2014,2018
51,Virginia,51683,Manassas,20.72,2014,2018
51,Virginia,51685,Manassas Park,20.72,2014,2018
51,Virginia,51690,Martinsville,35.3,2014,2018
51,Virginia,51700,Newport News,28.28,2014,2018
51,Virginia,51710,Norfolk,28.380000000000003,2014,2018
51,Virginia,51720,Norton,20.259999999999998,2014,2018
51,Virginia,51730,Petersburg,31.359999999999996,2014,2018
51,Virginia,51735,Poquoson,24.2,2014,2018
51,Virginia,51740,Portsmouth,30.74,2014,2018
51,Virginia,51750,Radford,37.54,2014,2018
51,Virginia,51760,Richmond City,26.459999999999997,2014,2018
51,Virginia,51770,Roanoke City,37.22,2014,2018
51,Virginia,51775,Salem,37.22,2014,2018
51,Virginia,51790,Staunton,34.86,2014,2018
51,Virginia,51800,Suffolk,31.1,2014,2018
51,Virginia,51810,Virginia Beach,26.98,2014,2018
51,Virginia,51820,Waynesboro,34.260000000000005,2014,2018
51,Virginia,51830,Williamsburg,21.04,2014,2018
51,Virginia,51840,Winchester,28.3,2014,2018
53,Washington,53001,Adams,29.24,2014,2018
53,Washington,53003,Asotin,14.48,2014,2018
53,Washington,53005,Benton,24.46,2014,2018
53,Washington,53007,Chelan,23.28,2014,2018
53,Washington,53009,Clallam,25.4,2014,2018
53,Washington,53011,Clark,24.259999999999998,2014,2018
53,Washington,53013,Columbia,19.18,2014,2018
53,Washington,53015,Cowlitz,26.3,2014,2018
53,Washington,53017,Douglas,29.24,2014,2018
53,Washington,53019,Ferry,29.4,2014,2018
53,Washington,53021,Franklin,27.76,2014,2018
53,Washington,53023,Garfield,16.34,2014,2018
53,Washington,53025,Grant,27.82,2014,2018
53,Washington,53027,Grays Harbor,30.080000000000002,2014,2018
53,Washington,53029,Island,25.6,2014,2018
53,Washington,53031,Jefferson,25.56,2014,2018
53,Washington,53033,King,23.72,2014,2018
53,Washington,53035,Kitsap,23.5,2014,2018
53,Washington,53037,Kittitas,23.580000000000002,2014,2018
53,Washington,53039,Klickitat,25.0,2014,2018
53,Washington,53041,Lewis,28.619999999999997,2014,2018
53,Washington,53043,Lincoln,29.919999999999998,2014,2018
53,Washington,53045,Mason,26.919999999999998,2014,2018
53,Washington,53047,Okanogan,29.160000000000004,2014,2018
53,Washington,53049,Pacific,32.14,2014,2018
53,Washington,53051,Pend Oreille,29.6,2014,2018
53,Washington,53053,Pierce,23.880000000000003,2014,2018
53,Washington,53055,San Juan,26.8,2014,2018
53,Washington,53057,Skagit,27.22,2014,2018
53,Washington,53059,Skamania,25.3,2014,2018
53,Washington,53061,Snohomish,23.0,2014,2018
53,Washington,53063,Spokane,29.3,2014,2018
53,Washington,53065,Stevens,29.439999999999998,2014,2018
53,Washington,53067,Thurston,28.860000000000003,2014,2018
53,Washington,53069,Wahkiakum,29.8,2014,2018
53,Washington,53071,Walla Walla,22.0,2014,2018
53,Washington,53073,Whatcom,28.28,2014,2018
53,Washington,53075,Whitman,28.139999999999997,2014,2018
53,Washington,53077,Yakima,23.7,2014,2018
54,West Virginia,54001,Barbour,45.23333333333333,2014,2018
54,West Virginia,54003,Berkeley,25.96666666666667,2014,2018
54,West Virginia,54005,Boone,52.56666666666666,2014,2018
54,West Virginia,54007,Braxton,54.6,2014,2018
54,West Virginia,54009,Brooke,36.4,2014,2018
54,West Virginia,54011,Cabell,48.800000000000004,2014,2018
54,West Virginia,54013,Calhoun,50.53333333333333,2014,2018
54,West Virginia,54015,Clay,50.73333333333333,2014,2018
54,West Virginia,54017,Doddridge,55.699999999999996,2014,2018
54,West Virginia,54019,Fayette,48.13333333333333,2014,2018
54,West Virginia,54021,Gilmer,52.666666666666664,2014,2018
54,West Virginia,54023,Grant,19.8,2014,2018
54,West Virginia,54025,Greenbrier,41.23333333333333,2014,2018
54,West Virginia,54027,Hampshire,22.133333333333336,2014,2018
54,West Virginia,54029,Hancock,32.93333333333333,2014,2018
54,West Virginia,54031,Hardy,21.033333333333335,2014,2018
54,West Virginia,54033,Harrison,54.6,2014,2018
54,West Virginia,54035,Jackson,46.23333333333333,2014,2018
54,West Virginia,54037,Jefferson,24.3,2014,2018
54,West Virginia,54039,Kanawha,50.166666666666664,2014,2018
54,West Virginia,54041,Lewis,53.46666666666667,2014,2018
54,West Virginia,54043,Lincoln,51.6,2014,2018
54,West Virginia,54045,Logan,55.26666666666667,2014,2018
54,West Virginia,54047,McDowell,41.56666666666667,2014,2018
54,West Virginia,54049,Marion,50.56666666666666,2014,2018
54,West Virginia,54051,Marshall,39.233333333333334,2014,2018
54,West Virginia,54053,Mason,46.6,2014,2018
54,West Virginia,54055,Mercer,44.333333333333336,2014,2018
54,West Virginia,54057,Mineral,21.633333333333336,2014,2018
54,West Virginia,54059,Mingo,52.199999999999996,2014,2018
54,West Virginia,54061,Monongalia,44.1,2014,2018
54,West Virginia,54063,Monroe,33.53333333333333,2014,2018
54,West Virginia,54065,Morgan,28.733333333333334,2014,2018
54,West Virginia,54067,Nicholas,49.699999999999996,2014,2018
54,West Virginia,54069,Ohio,37.56666666666666,2014,2018
54,West Virginia,54071,Pendleton,25.7,2014,2018
54,West Virginia,54073,Pleasants,41.93333333333334,2014,2018
54,West Virginia,54075,Pocahontas,34.36666666666667,2014,2018
54,West Virginia,54077,Preston,37.0,2014,2018
54,West Virginia,54079,Putnam,49.43333333333334,2014,2018
54,West Virginia,54081,Raleigh,50.6,2014,2018
54,West Virginia,54083,Randolph,34.23333333333333,2014,2018
54,West Virginia,54085,Ritchie,41.63333333333333,2014,2018
54,West Virginia,54087,Roane,51.73333333333333,2014,2018
54,West Virginia,54089,Summers,45.166666666666664,2014,2018
54,West Virginia,54091,Taylor,48.36666666666667,2014,2018
54,West Virginia,54093,Tucker,36.36666666666667,2014,2018
54,West Virginia,54095,Tyler,44.26666666666667,2014,2018
54,West Virginia,54097,Upshur,52.43333333333334,2014,2018
54,West Virginia,54099,Wayne,54.6,2014,2018
54,West Virginia,54101,Webster,43.23333333333333,2014,2018
54,West Virginia,54103,Wetzel,48.46666666666667,2014,2018
54,West Virginia,54105,Wirt,45.9,2014,2018
54,West Virginia,54107,Wood,45.1,2014,2018
54,West Virginia,54109,Wyoming,50.73333333333333,2014,2018
55,Wisconsin,55001,Adams,33.96,2014,2018
55,Wisconsin,55003,Ashland,28.880000000000003,2014,2018
55,Wisconsin,55005,Barron,31.32,2014,2018
55,Wisconsin,55007,Bayfield,37.58,2014,2018
55,Wisconsin,55009,Brown,26.119999999999997,2014,2018
55,Wisconsin,55011,Buffalo,24.24,2014,2018
55,Wisconsin,55013,Burnett,33.239999999999995,2014,2018
55,Wisconsin,55015,Calumet,26.139999999999997,2014,2018
55,Wisconsin,55017,Chippewa,31.419999999999998,2014,2018
55,Wisconsin,55019,Clark,31.060000000000002,2014,2018
55,Wisconsin,55021,Columbia,28.419999999999998,2014,2018
55,Wisconsin,55023,Crawford,25.9,2014,2018
55,Wisconsin,55025,Dane,28.839999999999996,2014,2018
55,Wisconsin,55027,Dodge,25.240000000000002,2014,2018
55,Wisconsin,55029,Door,29.76,2014,2018
55,Wisconsin,55031,Douglas,31.18,2014,2018
55,Wisconsin,55033,Dunn,30.18,2014,2018
55,Wisconsin,55035,Eau Claire,31.560000000000002,2014,2018
55,Wisconsin,55037,Florence,34.18,2014,2018
55,Wisconsin,55039,Fond du Lac,26.8,2014,2018
55,Wisconsin,55041,Forest,33.94,2014,2018
55,Wisconsin,55043,Grant,30.3,2014,2018
55,Wisconsin,55045,Green,28.54,2014,2018
55,Wisconsin,55047,Green Lake,29.119999999999997,2014,2018
55,Wisconsin,55049,Iowa,27.080000000000002,2014,2018
55,Wisconsin,55051,Iron,33.12,2014,2018
55,Wisconsin,55053,Jackson,31.7,2014,2018
55,Wisconsin,55055,Jefferson,26.0,2014,2018
55,Wisconsin,55057,Juneau,32.5,2014,2018
55,Wisconsin,55059,Kenosha,26.96,2014,2018
55,Wisconsin,55061,Kewaunee,28.939999999999998,2014,2018
55,Wisconsin,55063,La Crosse,21.32,2014,2018
55,Wisconsin,55065,Lafayette,29.76,2014,2018
55,Wisconsin,55067,Langlade,28.78,2014,2018
55,Wisconsin,55069,Lincoln,27.580000000000002,2014,2018
55,Wisconsin,55071,Manitowoc,28.060000000000002,2014,2018
55,Wisconsin,55073,Marathon,31.68,2014,2018
55,Wisconsin,55075,Marinette,29.9,2014,2018
55,Wisconsin,55077,Marquette,29.68,2014,2018
55,Wisconsin,55078,Menominee,29.24,2014,2018
55,Wisconsin,55079,Milwaukee,25.860000000000003,2014,2018
55,Wisconsin,55081,Monroe,26.52,2014,2018
55,Wisconsin,55083,Oconto,29.52,2014,2018
55,Wisconsin,55085,Oneida,34.660000000000004,2014,2018
55,Wisconsin,55087,Outagamie,25.279999999999998,2014,2018
55,Wisconsin,55089,Ozaukee,26.619999999999997,2014,2018
55,Wisconsin,55091,Pepin,26.880000000000003,2014,2018
55,Wisconsin,55093,Pierce,23.28,2014,2018
55,Wisconsin,55095,Polk,26.160000000000004,2014,2018
55,Wisconsin,55097,Portage,30.939999999999998,2014,2018
55,Wisconsin,55099,Price,34.36,2014,2018
55,Wisconsin,55101,Racine,26.060000000000002,2014,2018
55,Wisconsin,55103,Richland,28.76,2014,2018
55,Wisconsin,55105,Rock,27.560000000000002,2014,2018
55,Wisconsin,55107,Rusk,32.779999999999994,2014,2018
55,Wisconsin,55109,St. Croix,26.04,2014,2018
55,Wisconsin,55111,Sauk,27.160000000000004,2014,2018
55,Wisconsin,55113,Sawyer,36.92,2014,2018
55,Wisconsin,55115,Shawano,27.24,2014,2018
55,Wisconsin,55117,Sheboygan,26.26,2014,2018
55,Wisconsin,55119,Taylor,29.080000000000002,2014,2018
55,Wisconsin,55121,Trempealeau,24.080000000000002,2014,2018
55,Wisconsin,55123,Vernon,24.32,2014,2018
55,Wisconsin,55125,Vilas,31.6,2014,2018
55,Wisconsin,55127,Walworth,25.080000000000002,2014,2018
55,Wisconsin,55129,Washburn,34.92,2014,2018
55,Wisconsin,55131,Washington,26.9,2014,2018
55,Wisconsin,55133,Waukesha,26.32,2014,2018
55,Wisconsin,55135,Waupaca,26.72,2014,2018
55,Wisconsin,55137,Waushara,27.559999999999995,2014,2018
55,Wisconsin,55139,Winnebago,26.0,2014,2018
55,Wisconsin,55141,Wood,32.38,2014,2018
4,Arizona,4001,Apache,28.78,2015,2019
4,Arizona,4003,Cochise,27.22,2015,2019
4,Arizona,4005,Coconino,30.22,2015,2019
4,Arizona,4007,Gila,25.74,2015,2019
4,Arizona,4009,Graham,27.880000000000003,2015,2019
4,Arizona,4011,Greenlee,33.260000000000005,2015,2019
4,Arizona,4012,La Paz,28.76,2015,2019
4,Arizona,4013,Maricopa,25.82,2015,2019
4,Arizona,4015,Mohave,31.8,2015,2019
4,Arizona,4017,Navajo,27.8,2015,2019
4,Arizona,4019,Pima,25.9,2015,2019
4,Arizona,4021,Pinal,25.52,2015,2019
4,Arizona,4023,Santa Cruz,26.68,2015,2019
4,Arizona,4025,Yavapai,25.919999999999998,2015,2019
4,Arizona,4027,Yuma,25.52,2015,2019
6,California,6001,Alameda,21.5,2015,2019
6,California,6003,Alpine,23.02,2015,2019
6,California,6005,Amador,31.18,2015,2019
6,California,6007,Butte,29.580000000000002,2015,2019
6,California,6009,Calaveras,31.0,2015,2019
6,California,6011,Colusa,29.380000000000003,2015,2019
6,California,6013,Contra Costa,24.1,2015,2019
6,California,6015,Del Norte,27.7,2015,2019
6,California,6017,El Dorado,29.6,2015,2019
6,California,6019,Fresno,28.160000000000004,2015,2019
6,California,6021,Glenn,29.059999999999995,2015,2019
6,California,6023,Humboldt,25.8,2015,2019
6,California,6025,Imperial,24.86,2015,2019
6,California,6027,Inyo,32.620000000000005,2015,2019
6,California,6029,Kern,27.98,2015,2019
6,California,6031,Kings,28.080000000000002,2015,2019
6,California,6033,Lake,23.36,2015,2019
6,California,6035,Lassen,26.9,2015,2019
6,California,6037,Los Angeles,26.919999999999998,2015,2019
6,California,6039,Madera,28.860000000000003,2015,2019
6,California,6041,Marin,20.419999999999998,2015,2019
6,California,6043,Mariposa,30.96,2015,2019
6,California,6045,Mendocino,24.6,2015,2019
6,California,6047,Merced,24.32,2015,2019
6,California,6049,Modoc,26.04,2015,2019
6,California,6051,Mono,27.139999999999997,2015,2019
6,California,6053,Monterey,23.46,2015,2019
6,California,6055,Napa,24.22,2015,2019
6,California,6057,Nevada,24.94,2015,2019
6,California,6059,Orange,26.119999999999997,2015,2019
6,California,6061,Placer,29.360000000000003,2015,2019
6,California,6063,Plumas,29.419999999999998,2015,2019
6,California,6065,Riverside,25.080000000000002,2015,2019
6,California,6067,Sacramento,27.8,2015,2019
6,California,6069,San Benito,22.08,2015,2019
6,California,6071,San Bernardino,27.639999999999997,2015,2019
6,California,6073,San Diego,23.14,2015,2019
6,California,6075,San Francisco,19.580000000000002,2015,2019
6,California,6077,San Joaquin,26.78,2015,2019
6,California,6079,San Luis Obispo,24.759999999999998,2015,2019
6,California,6081,San Mateo,19.02,2015,2019
6,California,6083,Santa Barbara,24.1,2015,2019
6,California,6085,Santa Clara,21.28,2015,2019
6,California,6087,Santa Cruz,18.8,2015,2019
6,California,6089,Shasta,25.419999999999998,2015,2019
6,California,6091,Sierra,21.66,2015,2019
6,California,6093,Siskiyou,27.6,2015,2019
6,California,6095,Solano,25.56,2015,2019
6,California,6097,Sonoma,22.28,2015,2019
6,California,6099,Stanislaus,23.619999999999997,2015,2019
6,California,6101,Sutter,30.5,2015,2019
6,California,6103,Tehama,29.22,2015,2019
6,California,6105,Trinity,29.080000000000002,2015,2019
6,California,6107,Tulare,31.5,2015,2019
6,California,6109,Tuolumne,29.04,2015,2019
6,California,6111,Ventura,27.04,2015,2019
6,California,6113,Yolo,30.339999999999996,2015,2019
6,California,6115,Yuba,26.339999999999996,2015,2019
8,Colorado,8001,Adams,20.839999999999996,2015,2019
8,Colorado,8003,Alamosa,28.98,2015,2019
8,Colorado,8005,Arapahoe,19.619999999999997,2015,2019
8,Colorado,8007,Archuleta,26.6,2015,2019
8,Colorado,8009,Baca,25.4,2015,2019
8,Colorado,8011,Bent,28.18,2015,2019
8,Colorado,8013,Boulder,19.86,2015,2019
8,Colorado,8014,Broomfield,21.28,2015,2019
8,Colorado,8015,Chaffee,20.419999999999998,2015,2019
8,Colorado,8017,Cheyenne,17.46,2015,2019
8,Colorado,8019,Clear Creek,18.78,2015,2019
8,Colorado,8021,Conejos,28.580000000000002,2015,2019
8,Colorado,8023,Costilla,27.18,2015,2019
8,Colorado,8025,Crowley,23.1,2015,2019
8,Colorado,8027,Custer,26.560000000000002,2015,2019
8,Colorado,8029,Delta,24.36,2015,2019
8,Colorado,8031,Denver,20.240000000000002,2015,2019
8,Colorado,8033,Dolores,14.62,2015,2019
8,Colorado,8035,Douglas,19.28,2015,2019
8,Colorado,8037,Eagle,12.68,2015,2019
8,Colorado,8039,Elbert,19.1,2015,2019
8,Colorado,8041,El Paso,21.04,2015,2019
8,Colorado,8043,Fremont,22.759999999999998,2015,2019
8,Colorado,8045,Garfield,20.52,2015,2019
8,Colorado,8047,Gilpin,17.7,2015,2019
8,Colorado,8049,Grand,17.04,2015,2019
8,Colorado,8051,Gunnison,22.44,2015,2019
8,Colorado,8053,Hinsdale,16.86,2015,2019
8,Colorado,8055,Huerfano,26.560000000000002,2015,2019
8,Colorado,8057,Jackson,20.4,2015,2019
8,Colorado,8059,Jefferson,19.16,2015,2019
8,Colorado,8061,Kiowa,25.939999999999998,2015,2019
8,Colorado,8063,Kit Carson,19.44,2015,2019
8,Colorado,8065,Lake,12.36,2015,2019
8,Colorado,8067,La Plata,23.080000000000002,2015,2019
8,Colorado,8069,Larimer,20.080000000000002,2015,2019
8,Colorado,8071,Las Animas,27.02,2015,2019
8,Colorado,8073,Lincoln,20.880000000000003,2015,2019
8,Colorado,8075,Logan,24.32,2015,2019
8,Colorado,8077,Mesa,21.4,2015,2019
8,Colorado,8079,Mineral,22.64,2015,2019
8,Colorado,8081,Moffat,23.080000000000002,2015,2019
8,Colorado,8083,Montezuma,22.6,2015,2019
8,Colorado,8085,Montrose,22.259999999999998,2015,2019
8,Colorado,8087,Morgan,26.160000000000004,2015,2019
8,Colorado,8089,Otero,27.32,2015,2019
8,Colorado,8091,Ouray,18.46,2015,2019
8,Colorado,8093,Park,19.72,2015,2019
8,Colorado,8095,Phillips,25.96,2015,2019
8,Colorado,8097,Pitkin,20.22,2015,2019
8,Colorado,8099,Prowers,23.8,2015,2019
8,Colorado,8101,Pueblo,23.56,2015,2019
8,Colorado,8103,Rio Blanco,20.98,2015,2019
8,Colorado,8105,Rio Grande,26.9,2015,2019
8,Colorado,8107,Routt,15.360000000000003,2015,2019
8,Colorado,8109,Saguache,25.22,2015,2019
8,Colorado,8111,San Juan,15.1,2015,2019
8,Colorado,8113,San Miguel,16.72,2015,2019
8,Colorado,8115,Sedgwick,19.82,2015,2019
8,Colorado,8117,Summit,12.559999999999999,2015,2019
8,Colorado,8119,Teller,19.9,2015,2019
8,Colorado,8121,Washington,21.98,2015,2019
8,Colorado,8123,Weld,22.240000000000002,2015,2019
8,Colorado,8125,Yuma,23.660000000000004,2015,2019
9,Connecticut,9001,Fairfield,23.82,2015,2019
9,Connecticut,9003,Hartford,25.54,2015,2019
9,Connecticut,9005,Litchfield,24.52,2015,2019
9,Connecticut,9007,Middlesex,25.34,2015,2019
9,Connecticut,9009,New Haven,24.18,2015,2019
9,Connecticut,9011,New London,25.7,2015,2019
9,Connecticut,9013,Tolland,26.32,2015,2019
9,Connecticut,9015,Windham,29.939999999999998,2015,2019
12,Florida,12001,Alachua,37.94,2015,2019
12,Florida,12003,Baker,33.519999999999996,2015,2019
12,Florida,12005,Bay,29.419999999999998,2015,2019
12,Florida,12007,Bradford,34.12,2015,2019
12,Florida,12009,Brevard,29.68,2015,2019
12,Florida,12011,Broward,26.82,2015,2019
12,Florida,12013,Calhoun,32.22,2015,2019
12,Florida,12015,Charlotte,27.02,2015,2019
12,Florida,12017,Citrus,41.36,2015,2019
12,Florida,12019,Clay,31.880000000000003,2015,2019
12,Florida,12021,Collier,27.5,2015,2019
12,Florida,12023,Columbia,36.18,2015,2019
12,Florida,12027,DeSoto,29.6,2015,2019
12,Florida,12029,Dixie,39.7,2015,2019
12,Florida,12031,Duval,30.9,2015,2019
12,Florida,12033,Escambia,35.4,2015,2019
12,Florida,12035,Flagler,31.1,2015,2019
12,Florida,12037,Franklin,39.82,2015,2019
12,Florida,12039,Gadsden,30.46,2015,2019
12,Florida,12041,Gilchrist,35.620000000000005,2015,2019
12,Florida,12043,Glades,25.2,2015,2019
12,Florida,12045,Gulf,35.1,2015,2019
12,Florida,12047,Hamilton,43.56,2015,2019
12,Florida,12049,Hardee,34.339999999999996,2015,2019
12,Florida,12051,Hendry,24.82,2015,2019
12,Florida,12053,Hernando,40.459999999999994,2015,2019
12,Florida,12055,Highlands,38.38,2015,2019
12,Florida,12057,Hillsborough,33.839999999999996,2015,2019
12,Florida,12059,Holmes,22.7,2015,2019
12,Florida,12061,Indian River,32.1,2015,2019
12,Florida,12063,Jackson,31.18,2015,2019
12,Florida,12065,Jefferson,34.42,2015,2019
12,Florida,12067,Lafayette,42.0,2015,2019
12,Florida,12069,Lake,33.66,2015,2019
12,Florida,12071,Lee,24.54,2015,2019
12,Florida,12073,Leon,33.9,2015,2019
12,Florida,12075,Levy,39.1,2015,2019
12,Florida,12077,Liberty,31.560000000000002,2015,2019
12,Florida,12079,Madison,42.68,2015,2019
12,Florida,12081,Manatee,32.1,2015,2019
12,Florida,12083,Marion,36.92,2015,2019
12,Florida,12085,Martin,25.44,2015,2019
12,Florida,12086,Miami-Dade,28.26,2015,2019
12,Florida,12087,Monroe,28.9,2015,2019
12,Florida,12089,Nassau,32.4,2015,2019
12,Florida,12091,Okaloosa,32.36,2015,2019
12,Florida,12093,Okeechobee,29.919999999999998,2015,2019
12,Florida,12095,Orange,32.32,2015,2019
12,Florida,12097,Osceola,33.5,2015,2019
12,Florida,12099,Palm Beach,25.28,2015,2019
12,Florida,12101,Pasco,34.68,2015,2019
12,Florida,12103,Pinellas,32.839999999999996,2015,2019
12,Florida,12105,Polk,34.28,2015,2019
12,Florida,12107,Putnam,33.019999999999996,2015,2019
12,Florida,12109,St. Johns,30.919999999999998,2015,2019
12,Florida,12111,St. Lucie,31.18,2015,2019
12,Florida,12113,Santa Rosa,34.1,2015,2019
12,Florida,12115,Sarasota,28.24,2015,2019
12,Florida,12117,Seminole,30.18,2015,2019
12,Florida,12119,Sumter,39.94,2015,2019
12,Florida,12121,Suwannee,42.339999999999996,2015,2019
12,Florida,12123,Taylor,39.739999999999995,2015,2019
12,Florida,12125,Union,34.980000000000004,2015,2019
12,Florida,12127,Volusia,31.18,2015,2019
12,Florida,12129,Wakulla,33.660000000000004,2015,2019
12,Florida,12131,Walton,30.8,2015,2019
12,Florida,12133,Washington,28.72,2015,2019
18,Indiana,18001,Adams,30.7,2015,2019
18,Indiana,18003,Allen,30.95,2015,2019
18,Indiana,18005,Bartholomew,33.9,2015,2019
18,Indiana,18007,Benton,32.5,2015,2019
18,Indiana,18009,Blackford,41.35,2015,2019
18,Indiana,18011,Boone,28.05,2015,2019
18,Indiana,18013,Brown,30.05,2015,2019
18,Indiana,18015,Carroll,35.05,2015,2019
18,Indiana,18017,Cass,39.7,2015,2019
18,Indiana,18019,Clark,32.0,2015,2019
18,Indiana,18021,Clay,35.95,2015,2019
18,Indiana,18023,Clinton,27.85,2015,2019
18,Indiana,18025,Crawford,36.150000000000006,2015,2019
18,Indiana,18027,Daviess,36.900000000000006,2015,2019
18,Indiana,18029,Dearborn,19.799999999999997,2015,2019
18,Indiana,18031,Decatur,30.9,2015,2019
18,Indiana,18033,DeKalb,30.05,2015,2019
18,Indiana,18035,Delaware,41.0,2015,2019
18,Indiana,18037,Dubois,36.8,2015,2019
18,Indiana,18039,Elkhart,29.95,2015,2019
18,Indiana,18041,Fayette,44.2,2015,2019
18,Indiana,18043,Floyd,33.349999999999994,2015,2019
18,Indiana,18045,Fountain,32.5,2015,2019
18,Indiana,18047,Franklin,25.6,2015,2019
18,Indiana,18049,Fulton,37.25,2015,2019
18,Indiana,18051,Gibson,38.1,2015,2019
18,Indiana,18053,Grant,39.099999999999994,2015,2019
18,Indiana,18055,Greene,30.55,2015,2019
18,Indiana,18057,Hamilton,28.700000000000003,2015,2019
18,Indiana,18059,Hancock,29.05,2015,2019
18,Indiana,18061,Harrison,32.1,2015,2019
18,Indiana,18063,Hendricks,31.1,2015,2019
18,Indiana,18065,Henry,40.25,2015,2019
18,Indiana,18067,Howard,41.0,2015,2019
18,Indiana,18069,Huntington,33.0,2015,2019
18,Indiana,18071,Jackson,31.7,2015,2019
18,Indiana,18073,Jasper,31.4,2015,2019
18,Indiana,18075,Jay,38.349999999999994,2015,2019
18,Indiana,18077,Jefferson,31.6,2015,2019
18,Indiana,18079,Jennings,31.400000000000002,2015,2019
18,Indiana,18081,Johnson,31.049999999999997,2015,2019
18,Indiana,18083,Knox,36.349999999999994,2015,2019
18,Indiana,18085,Kosciusko,29.95,2015,2019
18,Indiana,18087,LaGrange,31.5,2015,2019
18,Indiana,18089,Lake,29.049999999999997,2015,2019
18,Indiana,18091,LaPorte,31.4,2015,2019
18,Indiana,18093,Lawrence,32.9,2015,2019
18,Indiana,18095,Madison,30.2,2015,2019
18,Indiana,18097,Marion,28.15,2015,2019
18,Indiana,18099,Marshall,29.35,2015,2019
18,Indiana,18101,Martin,36.0,2015,2019
18,Indiana,18103,Miami,40.65,2015,2019
18,Indiana,18105,Monroe,30.45,2015,2019
18,Indiana,18107,Montgomery,31.1,2015,2019
18,Indiana,18109,Morgan,29.55,2015,2019
18,Indiana,18111,Newton,28.7,2015,2019
18,Indiana,18113,Noble,29.5,2015,2019
18,Indiana,18115,Ohio,19.75,2015,2019
18,Indiana,18117,Orange,39.2,2015,2019
18,Indiana,18119,Owen,29.7,2015,2019
18,Indiana,18121,Parke,37.95,2015,2019
18,Indiana,18123,Perry,36.3,2015,2019
18,Indiana,18125,Pike,35.900000000000006,2015,2019
18,Indiana,18127,Porter,30.45,2015,2019
18,Indiana,18129,Posey,32.2,2015,2019
18,Indiana,18131,Pulaski,39.05,2015,2019
18,Indiana,18133,Putnam,32.2,2015,2019
18,Indiana,18135,Randolph,44.55,2015,2019
18,Indiana,18137,Ripley,19.05,2015,2019
18,Indiana,18139,Rush,35.3,2015,2019
18,Indiana,18141,St. Joseph,29.5,2015,2019
18,Indiana,18143,Scott,37.45,2015,2019
18,Indiana,18145,Shelby,31.1,2015,2019
18,Indiana,18147,Spencer,36.75,2015,2019
18,Indiana,18149,Starke,32.6,2015,2019
18,Indiana,18151,Steuben,37.9,2015,2019
18,Indiana,18153,Sullivan,36.95,2015,2019
18,Indiana,18155,Switzerland,22.6,2015,2019
18,Indiana,18157,Tippecanoe,34.0,2015,2019
18,Indiana,18159,Tipton,29.75,2015,2019
18,Indiana,18161,Union,45.1,2015,2019
18,Indiana,18163,Vanderburgh,33.849999999999994,2015,2019
18,Indiana,18165,Vermillion,35.9,2015,2019
18,Indiana,18167,Vigo,36.3,2015,2019
18,Indiana,18169,Wabash,38.35,2015,2019
18,Indiana,18171,Warren,30.95,2015,2019
18,Indiana,18173,Warrick,34.85,2015,2019
18,Indiana,18175,Washington,39.05,2015,2019
18,Indiana,18177,Wayne,49.25,2015,2019
18,Indiana,18179,Wells,33.15,2015,2019
18,Indiana,18181,White,34.1,2015,2019
18,Indiana,18183,Whitley,31.65,2015,2019
19,Iowa,19001,Adair,21.380000000000003,2015,2019
19,Iowa,19003,Adams,20.6,2015,2019
19,Iowa,19005,Allamakee,16.16,2015,2019
19,Iowa,19007,Appanoose,39.480000000000004,2015,2019
19,Iowa,19009,Audubon,18.56,2015,2019
19,Iowa,19011,Benton,28.839999999999996,2015,2019
19,Iowa,19013,Black Hawk,28.880000000000003,2015,2019
19,Iowa,19015,Boone,27.660000000000004,2015,2019
19,Iowa,19017,Bremer,28.48,2015,2019
19,Iowa,19019,Buchanan,29.9,2015,2019
19,Iowa,19021,Buena Vista,21.78,2015,2019
19,Iowa,19023,Butler,29.0,2015,2019
19,Iowa,19025,Calhoun,29.26,2015,2019
19,Iowa,19027,Carroll,23.32,2015,2019
19,Iowa,19029,Cass,24.5,2015,2019
19,Iowa,19031,Cedar,29.419999999999998,2015,2019
19,Iowa,19033,Cerro Gordo,27.380000000000003,2015,2019
19,Iowa,19035,Cherokee,22.28,2015,2019
19,Iowa,19037,Chickasaw,21.68,2015,2019
19,Iowa,19039,Clarke,30.639999999999997,2015,2019
19,Iowa,19041,Clay,14.1,2015,2019
19,Iowa,19043,Clayton,26.26,2015,2019
19,Iowa,19045,Clinton,32.08,2015,2019
19,Iowa,19047,Crawford,22.86,2015,2019
19,Iowa,19049,Dallas,26.24,2015,2019
19,Iowa,19051,Davis,36.9,2015,2019
19,Iowa,19053,Decatur,34.28,2015,2019
19,Iowa,19055,Delaware,30.939999999999998,2015,2019
19,Iowa,19057,Des Moines,40.019999999999996,2015,2019
19,Iowa,19059,Dickinson,9.66,2015,2019
19,Iowa,19061,Dubuque,31.0,2015,2019
19,Iowa,19063,Emmet,15.24,2015,2019
19,Iowa,19065,Fayette,24.419999999999998,2015,2019
19,Iowa,19067,Floyd,25.8,2015,2019
19,Iowa,19069,Franklin,30.46,2015,2019
19,Iowa,19071,Fremont,20.6,2015,2019
19,Iowa,19073,Greene,25.34,2015,2019
19,Iowa,19075,Grundy,30.080000000000002,2015,2019
19,Iowa,19077,Guthrie,20.740000000000002,2015,2019
19,Iowa,19079,Hamilton,33.06,2015,2019
19,Iowa,19081,Hancock,27.060000000000002,2015,2019
19,Iowa,19083,Hardin,31.639999999999997,2015,2019
19,Iowa,19085,Harrison,22.24,2015,2019
19,Iowa,19087,Henry,37.04,2015,2019
19,Iowa,19089,Howard,17.44,2015,2019
19,Iowa,19091,Humboldt,29.080000000000002,2015,2019
19,Iowa,19093,Ida,25.419999999999998,2015,2019
19,Iowa,19095,Iowa,28.72,2015,2019
19,Iowa,19097,Jackson,34.94,2015,2019
19,Iowa,19099,Jasper,27.96,2015,2019
19,Iowa,19101,Jefferson,35.760000000000005,2015,2019
19,Iowa,19103,Johnson,27.839999999999996,2015,2019
19,Iowa,19105,Jones,32.68,2015,2019
19,Iowa,19107,Keokuk,32.260000000000005,2015,2019
19,Iowa,19109,Kossuth,23.740000000000002,2015,2019
19,Iowa,19111,Lee,38.839999999999996,2015,2019
19,Iowa,19113,Linn,28.2,2015,2019
19,Iowa,19115,Louisa,27.48,2015,2019
19,Iowa,19117,Lucas,30.78,2015,2019
19,Iowa,19119,Lyon,11.18,2015,2019
19,Iowa,19121,Madison,26.1,2015,2019
19,Iowa,19123,Mahaska,32.6,2015,2019
19,Iowa,19125,Marion,27.76,2015,2019
19,Iowa,19127,Marshall,30.360000000000003,2015,2019
19,Iowa,19129,Mills,26.119999999999997,2015,2019
19,Iowa,19131,Mitchell,23.02,2015,2019
19,Iowa,19133,Monona,22.82,2015,2019
19,Iowa,19135,Monroe,34.9,2015,2019
19,Iowa,19137,Montgomery,21.94,2015,2019
19,Iowa,19139,Muscatine,25.639999999999997,2015,2019
19,Iowa,19141,O'Brien,13.16,2015,2019
19,Iowa,19143,Osceola,9.540000000000001,2015,2019
19,Iowa,19145,Page,17.52,2015,2019
19,Iowa,19147,Palo Alto,17.26,2015,2019
19,Iowa,19149,Plymouth,22.64,2015,2019
19,Iowa,19151,Pocahontas,26.22,2015,2019
19,Iowa,19153,Polk,26.74,2015,2019
19,Iowa,19155,Pottawattamie,24.740000000000002,2015,2019
19,Iowa,19157,Poweshiek,29.98,2015,2019
19,Iowa,19159,Ringgold,31.48,2015,2019
19,Iowa,19161,Sac,23.759999999999998,2015,2019
19,Iowa,19163,Scott,30.4,2015,2019
19,Iowa,19165,Shelby,21.419999999999998,2015,2019
19,Iowa,19167,Sioux,14.440000000000001,2015,2019
19,Iowa,19169,Story,28.96,2015,2019
19,Iowa,19171,Tama,29.22,2015,2019
19,Iowa,19173,Taylor,23.72,2015,2019
19,Iowa,19175,Union,27.98,2015,2019
19,Iowa,19177,Van Buren,35.7,2015,2019
19,Iowa,19179,Wapello,36.519999999999996,2015,2019
19,Iowa,19181,Warren,26.0,2015,2019
19,Iowa,19183,Washington,25.58,2015,2019
19,Iowa,19185,Wayne,36.04,2015,2019
19,Iowa,19187,Webster,33.82,2015,2019
19,Iowa,19189,Winnebago,25.06,2015,2019
19,Iowa,19191,Winneshiek,13.76,2015,2019
19,Iowa,19193,Woodbury,22.080000000000002,2015,2019
19,Iowa,19195,Worth,24.04,2015,2019
19,Iowa,19197,Wright,30.939999999999998,2015,2019
20,Kansas,20001,Allen,25.080000000000002,2015,2019
20,Kansas,20003,Anderson,31.18,2015,2019
20,Kansas,20005,Atchison,31.660000000000004,2015,2019
20,Kansas,20007,Barber,14.459999999999999,2015,2019
20,Kansas,20009,Barton,27.119999999999997,2015,2019
20,Kansas,20011,Bourbon,28.860000000000003,2015,2019
20,Kansas,20013,Brown,31.54,2015,2019
20,Kansas,20015,Butler,28.660000000000004,2015,2019
20,Kansas,20017,Chase,21.880000000000003,2015,2019
20,Kansas,20019,Chautauqua,16.740000000000002,2015,2019
20,Kansas,20021,Cherokee,33.38,2015,2019
20,Kansas,20023,Cheyenne,19.72,2015,2019
20,Kansas,20025,Clark,23.919999999999998,2015,2019
20,Kansas,20027,Clay,28.8,2015,2019
20,Kansas,20029,Cloud,20.18,2015,2019
20,Kansas,20031,Coffey,32.660000000000004,2015,2019
20,Kansas,20033,Comanche,15.16,2015,2019
20,Kansas,20035,Cowley,28.619999999999997,2015,2019
20,Kansas,20037,Crawford,32.72,2015,2019
20,Kansas,20039,Decatur,23.380000000000003,2015,2019
20,Kansas,20041,Dickinson,26.3,2015,2019
20,Kansas,20043,Doniphan,36.56,2015,2019
20,Kansas,20045,Douglas,24.080000000000002,2015,2019
20,Kansas,20047,Edwards,22.82,2015,2019
20,Kansas,20049,Elk,16.619999999999997,2015,2019
20,Kansas,20051,Ellis,24.06,2015,2019
20,Kansas,20053,Ellsworth,25.18,2015,2019
20,Kansas,20055,Finney,21.64,2015,2019
20,Kansas,20057,Ford,24.32,2015,2019
20,Kansas,20059,Franklin,22.5,2015,2019
20,Kansas,20061,Geary,31.119999999999997,2015,2019
20,Kansas,20063,Gove,25.02,2015,2019
20,Kansas,20065,Graham,21.240000000000002,2015,2019
20,Kansas,20067,Grant,19.14,2015,2019
20,Kansas,20069,Gray,22.380000000000003,2015,2019
20,Kansas,20071,Greeley,22.919999999999998,2015,2019
20,Kansas,20073,Greenwood,21.759999999999998,2015,2019
20,Kansas,20075,Hamilton,22.3,2015,2019
20,Kansas,20077,Harper,22.3,2015,2019
20,Kansas,20079,Harvey,29.02,2015,2019
20,Kansas,20081,Haskell,17.98,2015,2019
20,Kansas,20083,Hodgeman,24.22,2015,2019
20,Kansas,20085,Jackson,29.360000000000003,2015,2019
20,Kansas,20087,Jefferson,28.560000000000002,2015,2019
20,Kansas,20089,Jewell,21.32,2015,2019
20,Kansas,20091,Johnson,27.26,2015,2019
20,Kansas,20093,Kearny,20.98,2015,2019
20,Kansas,20095,Kingman,30.2,2015,2019
20,Kansas,20097,Kiowa,21.18,2015,2019
20,Kansas,20099,Labette,23.5,2015,2019
20,Kansas,20101,Lane,22.54,2015,2019
20,Kansas,20103,Leavenworth,24.86,2015,2019
20,Kansas,20105,Lincoln,23.96,2015,2019
20,Kansas,20107,Linn,33.7,2015,2019
20,Kansas,20109,Logan,24.080000000000002,2015,2019
20,Kansas,20111,Lyon,31.76,2015,2019
20,Kansas,20113,McPherson,28.2,2015,2019
20,Kansas,20115,Marion,22.9,2015,2019
20,Kansas,20117,Marshall,24.68,2015,2019
20,Kansas,20119,Meade,22.32,2015,2019
20,Kansas,20121,Miami,23.64,2015,2019
20,Kansas,20123,Mitchell,20.860000000000003,2015,2019
20,Kansas,20125,Montgomery,15.040000000000001,2015,2019
20,Kansas,20127,Morris,30.580000000000002,2015,2019
20,Kansas,20129,Morton,14.12,2015,2019
20,Kansas,20131,Nemaha,27.380000000000003,2015,2019
20,Kansas,20133,Neosho,21.14,2015,2019
20,Kansas,20135,Ness,22.380000000000003,2015,2019
20,Kansas,20137,Norton,19.64,2015,2019
20,Kansas,20139,Osage,29.32,2015,2019
20,Kansas,20141,Osborne,20.7,2015,2019
20,Kansas,20143,Ottawa,25.48,2015,2019
20,Kansas,20145,Pawnee,23.94,2015,2019
20,Kansas,20147,Phillips,19.7,2015,2019
20,Kansas,20149,Pottawatomie,28.080000000000002,2015,2019
20,Kansas,20151,Pratt,26.119999999999997,2015,2019
20,Kansas,20153,Rawlins,21.919999999999998,2015,2019
20,Kansas,20155,Reno,30.26,2015,2019
20,Kansas,20157,Republic,21.84,2015,2019
20,Kansas,20159,Rice,28.619999999999997,2015,2019
20,Kansas,20161,Riley,27.380000000000003,2015,2019
20,Kansas,20163,Rooks,20.5,2015,2019
20,Kansas,20165,Rush,23.06,2015,2019
20,Kansas,20167,Russell,23.0,2015,2019
20,Kansas,20169,Saline,24.5,2015,2019
20,Kansas,20171,Scott,22.56,2015,2019
20,Kansas,20173,Sedgwick,29.0,2015,2019
20,Kansas,20175,Seward,14.360000000000003,2015,2019
20,Kansas,20177,Shawnee,27.939999999999998,2015,2019
20,Kansas,20179,Sheridan,16.94,2015,2019
20,Kansas,20181,Sherman,18.5,2015,2019
20,Kansas,20183,Smith,21.0,2015,2019
20,Kansas,20185,Stafford,28.339999999999996,2015,2019
20,Kansas,20187,Stanton,19.56,2015,2019
20,Kansas,20189,Stevens,14.76,2015,2019
20,Kansas,20191,Sumner,28.560000000000002,2015,2019
20,Kansas,20193,Thomas,18.880000000000003,2015,2019
20,Kansas,20195,Trego,22.759999999999998,2015,2019
20,Kansas,20197,Wabaunsee,29.78,2015,2019
20,Kansas,20199,Wallace,20.56,2015,2019
20,Kansas,20201,Washington,24.68,2015,2019
20,Kansas,20203,Wichita,25.880000000000003,2015,2019
20,Kansas,20205,Wilson,14.02,2015,2019
20,Kansas,20207,Woodson,21.759999999999998,2015,2019
20,Kansas,20209,Wyandotte,26.860000000000003,2015,2019
21,Kentucky,21001,Adair,53.92,2015,2019
21,Kentucky,21003,Allen,46.52,2015,2019
21,Kentucky,21005,Anderson,36.52,2015,2019
21,Kentucky,21007,Ballard,32.839999999999996,2015,2019
21,Kentucky,21009,Barren,53.64,2015,2019
21,Kentucky,21011,Bath,52.9,2015,2019
21,Kentucky,21013,Bell,50.339999999999996,2015,2019
21,Kentucky,21015,Boone,27.380000000000003,2015,2019
21,Kentucky,21017,Bourbon,31.839999999999996,2015,2019
21,Kentucky,21019,Boyd,57.260000000000005,2015,2019
21,Kentucky,21021,Boyle,45.480000000000004,2015,2019
21,Kentucky,21023,Bracken,50.9,2015,2019
21,Kentucky,21025,Breathitt,63.14,2015,2019
21,Kentucky,21027,Breckinridge,39.6,2015,2019
21,Kentucky,21029,Bullitt,33.82,2015,2019
21,Kentucky,21031,Butler,51.720000000000006,2015,2019
21,Kentucky,21033,Caldwell,35.22,2015,2019
21,Kentucky,21035,Calloway,41.78,2015,2019
21,Kentucky,21037,Campbell,26.18,2015,2019
21,Kentucky,21039,Carlisle,35.42,2015,2019
21,Kentucky,21041,Carroll,35.56,2015,2019
21,Kentucky,21043,Carter,53.54,2015,2019
21,Kentucky,21045,Casey,51.64,2015,2019
21,Kentucky,21047,Christian,36.62,2015,2019
21,Kentucky,21049,Clark,31.18,2015,2019
21,Kentucky,21051,Clay,51.48,2015,2019
21,Kentucky,21053,Clinton,48.260000000000005,2015,2019
21,Kentucky,21055,Crittenden,31.1,2015,2019
21,Kentucky,21057,Cumberland,50.660000000000004,2015,2019
21,Kentucky,21059,Daviess,34.82,2015,2019
21,Kentucky,21061,Edmonson,52.720000000000006,2015,2019
21,Kentucky,21063,Elliott,55.48,2015,2019
21,Kentucky,21065,Estill,42.04,2015,2019
21,Kentucky,21067,Fayette,29.52,2015,2019
21,Kentucky,21069,Fleming,56.46,2015,2019
21,Kentucky,21071,Floyd,60.0,2015,2019
21,Kentucky,21073,Franklin,35.58,2015,2019
21,Kentucky,21075,Fulton,46.56,2015,2019
21,Kentucky,21077,Gallatin,31.880000000000003,2015,2019
21,Kentucky,21079,Garrard,39.44,2015,2019
21,Kentucky,21081,Grant,31.76,2015,2019
21,Kentucky,21083,Graves,43.18,2015,2019
21,Kentucky,21085,Grayson,43.04,2015,2019
21,Kentucky,21087,Green,52.779999999999994,2015,2019
21,Kentucky,21089,Greenup,53.32000000000001,2015,2019
21,Kentucky,21091,Hancock,41.46,2015,2019
21,Kentucky,21093,Hardin,34.779999999999994,2015,2019
21,Kentucky,21095,Harlan,46.58,2015,2019
21,Kentucky,21097,Harrison,43.88,2015,2019
21,Kentucky,21099,Hart,45.519999999999996,2015,2019
21,Kentucky,21101,Henderson,32.459999999999994,2015,2019
21,Kentucky,21103,Henry,32.940000000000005,2015,2019
21,Kentucky,21105,Hickman,50.08,2015,2019
21,Kentucky,21107,Hopkins,41.160000000000004,2015,2019
21,Kentucky,21109,Jackson,44.14,2015,2019
21,Kentucky,21111,Jefferson,33.26,2015,2019
21,Kentucky,21113,Jessamine,28.639999999999997,2015,2019
21,Kentucky,21115,Johnson,64.1,2015,2019
21,Kentucky,21117,Kenton,27.46,2015,2019
21,Kentucky,21119,Knott,62.2,2015,2019
21,Kentucky,21121,Knox,51.279999999999994,2015,2019
21,Kentucky,21123,Larue,41.1,2015,2019
21,Kentucky,21125,Laurel,53.67999999999999,2015,2019
21,Kentucky,21127,Lawrence,59.52,2015,2019
21,Kentucky,21129,Lee,56.64,2015,2019
21,Kentucky,21131,Leslie,61.98,2015,2019
21,Kentucky,21133,Letcher,54.36,2015,2019
21,Kentucky,21135,Lewis,54.94,2015,2019
21,Kentucky,21137,Lincoln,50.019999999999996,2015,2019
21,Kentucky,21139,Livingston,34.1,2015,2019
21,Kentucky,21141,Logan,47.980000000000004,2015,2019
21,Kentucky,21143,Lyon,34.54,2015,2019
21,Kentucky,21145,McCracken,36.22,2015,2019
21,Kentucky,21147,McCreary,52.5,2015,2019
21,Kentucky,21149,McLean,38.4,2015,2019
21,Kentucky,21151,Madison,30.72,2015,2019
21,Kentucky,21153,Magoffin,63.56,2015,2019
21,Kentucky,21155,Marion,44.28,2015,2019
21,Kentucky,21157,Marshall,35.1,2015,2019
21,Kentucky,21159,Martin,58.46,2015,2019
21,Kentucky,21161,Mason,52.86,2015,2019
21,Kentucky,21163,Meade,34.36,2015,2019
21,Kentucky,21165,Menifee,55.92,2015,2019
21,Kentucky,21167,Mercer,35.4,2015,2019
21,Kentucky,21169,Metcalfe,55.86,2015,2019
21,Kentucky,21171,Monroe,58.160000000000004,2015,2019
21,Kentucky,21173,Montgomery,46.36,2015,2019
21,Kentucky,21175,Morgan,62.379999999999995,2015,2019
21,Kentucky,21177,Muhlenberg,43.96,2015,2019
21,Kentucky,21179,Nelson,34.78,2015,2019
21,Kentucky,21181,Nicholas,51.1,2015,2019
21,Kentucky,21183,Ohio,46.32,2015,2019
21,Kentucky,21185,Oldham,33.38,2015,2019
21,Kentucky,21187,Owen,41.760000000000005,2015,2019
21,Kentucky,21189,Owsley,62.06,2015,2019
21,Kentucky,21191,Pendleton,30.160000000000004,2015,2019
21,Kentucky,21193,Perry,68.92,2015,2019
21,Kentucky,21195,Pike,45.3,2015,2019
21,Kentucky,21197,Powell,47.8,2015,2019
21,Kentucky,21199,Pulaski,50.18,2015,2019
21,Kentucky,21201,Robertson,58.0,2015,2019
21,Kentucky,21203,Rockcastle,45.78,2015,2019
21,Kentucky,21205,Rowan,54.239999999999995,2015,2019
21,Kentucky,21207,Russell,50.660000000000004,2015,2019
21,Kentucky,21209,Scott,30.919999999999998,2015,2019
21,Kentucky,21211,Shelby,33.3,2015,2019
21,Kentucky,21213,Simpson,44.160000000000004,2015,2019
21,Kentucky,21215,Spencer,33.720000000000006,2015,2019
21,Kentucky,21217,Taylor,48.339999999999996,2015,2019
21,Kentucky,21219,Todd,38.38,2015,2019
21,Kentucky,21221,Trigg,33.64,2015,2019
21,Kentucky,21223,Trimble,31.439999999999998,2015,2019
21,Kentucky,21225,Union,19.1,2015,2019
21,Kentucky,21227,Warren,53.239999999999995,2015,2019
21,Kentucky,21229,Washington,41.14,2015,2019
21,Kentucky,21231,Wayne,51.739999999999995,2015,2019
21,Kentucky,21233,Webster,30.419999999999998,2015,2019
21,Kentucky,21235,Whitley,48.38,2015,2019
21,Kentucky,21237,Wolfe,60.620000000000005,2015,2019
21,Kentucky,21239,Woodford,29.2,2015,2019
22,Louisiana,22001,Acadia,30.160000000000004,2015,2019
22,Louisiana,22003,Allen,35.480000000000004,2015,2019
22,Louisiana,22005,Ascension,29.5,2015,2019
22,Louisiana,22007,Assumption,32.760000000000005,2015,2019
22,Louisiana,22009,Avoyelles,33.46,2015,2019
22,Louisiana,22011,Beauregard,32.36,2015,2019
22,Louisiana,22013,Bienville,31.76,2015,2019
22,Louisiana,22015,Bossier,31.72,2015,2019
22,Louisiana,22017,Caddo,31.46,2015,2019
22,Louisiana,22019,Calcasieu,30.24,2015,2019
22,Louisiana,22021,Caldwell,42.3,2015,2019
22,Louisiana,22023,Cameron,29.52,2015,2019
22,Louisiana,22025,Catahoula,41.68,2015,2019
22,Louisiana,22027,Claiborne,32.56,2015,2019
22,Louisiana,22029,Concordia,34.42,2015,2019
22,Louisiana,22031,De Soto,34.38,2015,2019
22,Louisiana,22033,East Baton Rouge,29.439999999999998,2015,2019
22,Louisiana,22035,East Carroll,40.72,2015,2019
22,Louisiana,22037,East Feliciana,29.28,2015,2019
22,Louisiana,22039,Evangeline,33.06,2015,2019
22,Louisiana,22041,Franklin,46.64,2015,2019
22,Louisiana,22043,Grant,34.0,2015,2019
22,Louisiana,22045,Iberia,30.3,2015,2019
22,Louisiana,22047,Iberville,28.639999999999997,2015,2019
22,Louisiana,22049,Jackson,38.0,2015,2019
22,Louisiana,22051,Jefferson,32.98,2015,2019
22,Louisiana,22053,Jefferson Davis,32.2,2015,2019
22,Louisiana,22055,Lafayette,29.72,2015,2019
22,Louisiana,22057,Lafourche,34.0,2015,2019
22,Louisiana,22059,La Salle,34.760000000000005,2015,2019
22,Louisiana,22061,Lincoln,35.760000000000005,2015,2019
22,Louisiana,22063,Livingston,31.2,2015,2019
22,Louisiana,22065,Madison,45.5,2015,2019
22,Louisiana,22067,Morehouse,39.160000000000004,2015,2019
22,Louisiana,22069,Natchitoches,34.739999999999995,2015,2019
22,Louisiana,22071,Orleans,31.9,2015,2019
22,Louisiana,22073,Ouachita,38.8,2015,2019
22,Louisiana,22075,Plaquemines,31.360000000000003,2015,2019
22,Louisiana,22077,Pointe Coupee,31.7,2015,2019
22,Louisiana,22079,Rapides,35.760000000000005,2015,2019
22,Louisiana,22081,Red River,31.939999999999998,2015,2019
22,Louisiana,22083,Richland,41.040000000000006,2015,2019
22,Louisiana,22085,Sabine,38.58,2015,2019
22,Louisiana,22087,St. Bernard,31.24,2015,2019
22,Louisiana,22089,St. Charles,34.67999999999999,2015,2019
22,Louisiana,22091,St. Helena,32.239999999999995,2015,2019
22,Louisiana,22093,St. James,30.78,2015,2019
22,Louisiana,22095,St. John the Baptist,33.7,2015,2019
22,Louisiana,22097,St. Landry,30.240000000000002,2015,2019
22,Louisiana,22099,St. Martin,30.24,2015,2019
22,Louisiana,22101,St. Mary,35.04,2015,2019
22,Louisiana,22103,St. Tammany,33.3,2015,2019
22,Louisiana,22105,Tangipahoa,35.239999999999995,2015,2019
22,Louisiana,22107,Tensas,41.04,2015,2019
22,Louisiana,22109,Terrebonne,36.32,2015,2019
22,Louisiana,22111,Union,35.94,2015,2019
22,Louisiana,22113,Vermilion,29.46,2015,2019
22,Louisiana,22115,Vernon,35.78,2015,2019
22,Louisiana,22117,Washington,37.6,2015,2019
22,Louisiana,22119,Webster,28.54,2015,2019
22,Louisiana,22121,West Baton Rouge,29.119999999999997,2015,2019
22,Louisiana,22123,West Carroll,43.58,2015,2019
22,Louisiana,22125,West Feliciana,33.32,2015,2019
22,Louisiana,22127,Winn,39.8,2015,2019
23,Maine,23001,Androscoggin,35.06,2015,2019
23,Maine,23003,Aroostook,53.720000000000006,2015,2019
23,Maine,23005,Cumberland,30.54,2015,2019
23,Maine,23007,Franklin,44.18,2015,2019
23,Maine,23009,Hancock,49.08,2015,2019
23,Maine,23011,Kennebec,43.5,2015,2019
23,Maine,23013,Knox,40.18,2015,2019
23,Maine,23015,Lincoln,39.64,2015,2019
23,Maine,23017,Oxford,30.72,2015,2019
23,Maine,23019,Penobscot,52.46,2015,2019
23,Maine,23021,Piscataquis,51.379999999999995,2015,2019
23,Maine,23023,Sagadahoc,34.76,2015,2019
23,Maine,23025,Somerset,48.18,2015,2019
23,Maine,23027,Waldo,46.08,2015,2019
23,Maine,23029,Washington,53.14,2015,2019
23,Maine,23031,York,28.619999999999997,2015,2019
24,Maryland,24001,Allegany,29.0,2015,2019
24,Maryland,24003,Anne Arundel,26.26,2015,2019
24,Maryland,24005,Baltimore,29.48,2015,2019
24,Maryland,24009,Calvert,19.94,2015,2019
24,Maryland,24011,Caroline,26.360000000000003,2015,2019
24,Maryland,24013,Carroll,27.7,2015,2019
24,Maryland,24015,Cecil,26.339999999999996,2015,2019
24,Maryland,24017,Charles,17.22,2015,2019
24,Maryland,24019,Dorchester,24.16,2015,2019
24,Maryland,24021,Frederick,20.259999999999998,2015,2019
24,Maryland,24023,Garrett,35.56,2015,2019
24,Maryland,24025,Harford,30.78,2015,2019
24,Maryland,24027,Howard,21.639999999999997,2015,2019
24,Maryland,24029,Kent,28.9,2015,2019
24,Maryland,24031,Montgomery,16.240000000000002,2015,2019
24,Maryland,24033,Prince George's,16.78,2015,2019
24,Maryland,24035,Queen Anne's,24.68,2015,2019
24,Maryland,24037,St. Mary's,19.9,2015,2019
24,Maryland,24039,Somerset,24.419999999999998,2015,2019
24,Maryland,24041,Talbot,24.14,2015,2019
24,Maryland,24043,Washington,27.1,2015,2019
24,Maryland,24045,Wicomico,27.619999999999997,2015,2019
24,Maryland,24047,Worcester,25.6,2015,2019
24,Maryland,24510,Baltimore City,31.82,2015,2019
25,Massachusetts,25001,Barnstable,30.119999999999997,2015,2019
25,Massachusetts,25003,Berkshire,27.04,2015,2019
25,Massachusetts,25005,Bristol,28.54,2015,2019
25,Massachusetts,25007,Dukes,30.919999999999998,2015,2019
25,Massachusetts,25009,Essex,24.94,2015,2019
25,Massachusetts,25011,Franklin,26.3,2015,2019
25,Massachusetts,25013,Hampden,26.18,2015,2019
25,Massachusetts,25015,Hampshire,28.24,2015,2019
25,Massachusetts,25017,Middlesex,24.54,2015,2019
25,Massachusetts,25019,Nantucket,28.1,2015,2019
25,Massachusetts,25021,Norfolk,26.639999999999997,2015,2019
25,Massachusetts,25023,Plymouth,26.46,2015,2019
25,Massachusetts,25025,Suffolk,24.0,2015,2019
25,Massachusetts,25027,Worcester,26.619999999999997,2015,2019
26,Michigan,26001,Alcona,50.12,2015,2019
26,Michigan,26003,Alger,39.88,2015,2019
26,Michigan,26005,Allegan,25.78,2015,2019
26,Michigan,26007,Alpena,44.9,2015,2019
26,Michigan,26009,Antrim,36.32,2015,2019
26,Michigan,26011,Arenac,58.160000000000004,2015,2019
26,Michigan,26013,Baraga,37.519999999999996,2015,2019
26,Michigan,26015,Barry,28.26,2015,2019
26,Michigan,26017,Bay,47.980000000000004,2015,2019
26,Michigan,26019,Benzie,35.68,2015,2019
26,Michigan,26021,Berrien,32.519999999999996,2015,2019
26,Michigan,26023,Branch,37.260000000000005,2015,2019
26,Michigan,26025,Calhoun,37.94,2015,2019
26,Michigan,26027,Cass,31.4,2015,2019
26,Michigan,26029,Charlevoix,29.98,2015,2019
26,Michigan,26031,Cheboygan,29.560000000000002,2015,2019
26,Michigan,26033,Chippewa,35.96,2015,2019
26,Michigan,26035,Clare,47.239999999999995,2015,2019
26,Michigan,26037,Clinton,31.160000000000004,2015,2019
26,Michigan,26039,Crawford,47.12,2015,2019
26,Michigan,26041,Delta,33.28,2015,2019
26,Michigan,26043,Dickinson,31.6,2015,2019
26,Michigan,26045,Eaton,35.239999999999995,2015,2019
26,Michigan,26047,Emmet,25.48,2015,2019
26,Michigan,26049,Genesee,37.9,2015,2019
26,Michigan,26051,Gladwin,55.04,2015,2019
26,Michigan,26053,Gogebic,30.52,2015,2019
26,Michigan,26055,Grand Traverse,39.2,2015,2019
26,Michigan,26057,Gratiot,37.019999999999996,2015,2019
26,Michigan,26059,Hillsdale,41.519999999999996,2015,2019
26,Michigan,26061,Houghton,35.760000000000005,2015,2019
26,Michigan,26063,Huron,56.44,2015,2019
26,Michigan,26065,Ingham,33.22,2015,2019
26,Michigan,26067,Ionia,26.32,2015,2019
26,Michigan,26069,Iosco,52.54,2015,2019
26,Michigan,26071,Iron,31.6,2015,2019
26,Michigan,26073,Isabella,44.58,2015,2019
26,Michigan,26075,Jackson,32.94,2015,2019
26,Michigan,26077,Kalamazoo,35.06,2015,2019
26,Michigan,26079,Kalkaska,41.839999999999996,2015,2019
26,Michigan,26081,Kent,26.080000000000002,2015,2019
26,Michigan,26083,Keweenaw,34.86,2015,2019
26,Michigan,26085,Lake,36.78,2015,2019
26,Michigan,26087,Lapeer,39.9,2015,2019
26,Michigan,26089,Leelanau,35.22,2015,2019
26,Michigan,26091,Lenawee,33.62,2015,2019
26,Michigan,26093,Livingston,35.260000000000005,2015,2019
26,Michigan,26095,Luce,37.08,2015,2019
26,Michigan,26097,Mackinac,30.5,2015,2019
26,Michigan,26099,Macomb,42.44,2015,2019
26,Michigan,26101,Manistee,35.5,2015,2019
26,Michigan,26103,Marquette,33.28,2015,2019
26,Michigan,26105,Mason,32.260000000000005,2015,2019
26,Michigan,26107,Mecosta,41.480000000000004,2015,2019
26,Michigan,26109,Menominee,33.7,2015,2019
26,Michigan,26111,Midland,48.82,2015,2019
26,Michigan,26113,Missaukee,45.32,2015,2019
26,Michigan,26115,Monroe,42.6,2015,2019
26,Michigan,26117,Montcalm,27.939999999999998,2015,2019
26,Michigan,26119,Montmorency,40.46,2015,2019
26,Michigan,26121,Muskegon,26.3,2015,2019
26,Michigan,26123,Newaygo,27.04,2015,2019
26,Michigan,26125,Oakland,40.68,2015,2019
26,Michigan,26127,Oceana,29.439999999999998,2015,2019
26,Michigan,26129,Ogemaw,51.720000000000006,2015,2019
26,Michigan,26131,Ontonagon,30.6,2015,2019
26,Michigan,26133,Osceola,44.18,2015,2019
26,Michigan,26135,Oscoda,48.5,2015,2019
26,Michigan,26137,Otsego,38.04,2015,2019
26,Michigan,26139,Ottawa,27.080000000000002,2015,2019
26,Michigan,26141,Presque Isle,37.6,2015,2019
26,Michigan,26143,Roscommon,54.120000000000005,2015,2019
26,Michigan,26145,Saginaw,44.260000000000005,2015,2019
26,Michigan,26147,St. Clair,43.239999999999995,2015,2019
26,Michigan,26149,St. Joseph,34.64,2015,2019
26,Michigan,26151,Sanilac,53.06,2015,2019
26,Michigan,26153,Schoolcraft,34.3,2015,2019
26,Michigan,26155,Shiawassee,36.44,2015,2019
26,Michigan,26157,Tuscola,48.04,2015,2019
26,Michigan,26159,Van Buren,32.46,2015,2019
26,Michigan,26161,Washtenaw,39.760000000000005,2015,2019
26,Michigan,26163,Wayne,40.160000000000004,2015,2019
26,Michigan,26165,Wexford,40.94,2015,2019
27,Minnesota,27001,Aitkin,27.46,2015,2019
27,Minnesota,27003,Anoka,21.560000000000002,2015,2019
27,Minnesota,27005,Becker,29.32,2015,2019
27,Minnesota,27007,Beltrami,29.72,2015,2019
27,Minnesota,27009,Benton,19.06,2015,2019
27,Minnesota,27011,Big Stone,22.279999999999998,2015,2019
27,Minnesota,27013,Blue Earth,18.7,2015,2019
27,Minnesota,27015,Brown,18.52,2015,2019
27,Minnesota,27017,Carlton,28.32,2015,2019
27,Minnesota,27019,Carver,21.619999999999997,2015,2019
27,Minnesota,27021,Cass,25.080000000000002,2015,2019
27,Minnesota,27023,Chippewa,18.919999999999998,2015,2019
27,Minnesota,27025,Chisago,23.28,2015,2019
27,Minnesota,27027,Clay,32.260000000000005,2015,2019
27,Minnesota,27029,Clearwater,25.9,2015,2019
27,Minnesota,27031,Cook,30.8,2015,2019
27,Minnesota,27033,Cottonwood,14.88,2015,2019
27,Minnesota,27035,Crow Wing,23.66,2015,2019
27,Minnesota,27037,Dakota,21.740000000000002,2015,2019
27,Minnesota,27039,Dodge,22.14,2015,2019
27,Minnesota,27041,Douglas,20.880000000000003,2015,2019
27,Minnesota,27043,Faribault,23.2,2015,2019
27,Minnesota,27045,Fillmore,16.02,2015,2019
27,Minnesota,27047,Freeborn,21.94,2015,2019
27,Minnesota,27049,Goodhue,22.18,2015,2019
27,Minnesota,27051,Grant,25.660000000000004,2015,2019
27,Minnesota,27053,Hennepin,21.68,2015,2019
27,Minnesota,27055,Houston,15.080000000000002,2015,2019
27,Minnesota,27057,Hubbard,27.919999999999998,2015,2019
27,Minnesota,27059,Isanti,22.44,2015,2019
27,Minnesota,27061,Itasca,30.439999999999998,2015,2019
27,Minnesota,27063,Jackson,13.559999999999999,2015,2019
27,Minnesota,27065,Kanabec,23.979999999999997,2015,2019
27,Minnesota,27067,Kandiyohi,18.419999999999998,2015,2019
27,Minnesota,27069,Kittson,24.94,2015,2019
27,Minnesota,27071,Koochiching,30.660000000000004,2015,2019
27,Minnesota,27073,Lac qui Parle,17.02,2015,2019
27,Minnesota,27075,Lake,31.060000000000002,2015,2019
27,Minnesota,27077,Lake of the Woods,30.98,2015,2019
27,Minnesota,27079,Le Sueur,22.02,2015,2019
27,Minnesota,27081,Lincoln,14.0,2015,2019
27,Minnesota,27083,Lyon,14.14,2015,2019
27,Minnesota,27085,McLeod,22.18,2015,2019
27,Minnesota,27087,Mahnomen,28.6,2015,2019
27,Minnesota,27089,Marshall,24.78,2015,2019
27,Minnesota,27091,Martin,21.080000000000002,2015,2019
27,Minnesota,27093,Meeker,20.28,2015,2019
27,Minnesota,27095,Mille Lacs,21.22,2015,2019
27,Minnesota,27097,Morrison,20.7,2015,2019
27,Minnesota,27099,Mower,21.580000000000002,2015,2019
27,Minnesota,27101,Murray,13.879999999999999,2015,2019
27,Minnesota,27103,Nicollet,19.5,2015,2019
27,Minnesota,27105,Nobles,12.2,2015,2019
27,Minnesota,27107,Norman,30.24,2015,2019
27,Minnesota,27109,Olmsted,18.919999999999998,2015,2019
27,Minnesota,27111,Otter Tail,26.639999999999997,2015,2019
27,Minnesota,27113,Pennington,24.119999999999997,2015,2019
27,Minnesota,27115,Pine,26.360000000000003,2015,2019
27,Minnesota,27117,Pipestone,21.033333333333335,2015,2019
27,Minnesota,27119,Polk,23.7,2015,2019
27,Minnesota,27121,Pope,18.3,2015,2019
27,Minnesota,27123,Ramsey,21.54,2015,2019
27,Minnesota,27125,Red Lake,20.5,2015,2019
27,Minnesota,27127,Redwood,15.5,2015,2019
27,Minnesota,27129,Renville,18.82,2015,2019
27,Minnesota,27131,Rice,21.9,2015,2019
27,Minnesota,27133,Rock,18.333333333333332,2015,2019
27,Minnesota,27135,Roseau,26.96,2015,2019
27,Minnesota,27137,St. Louis,29.98,2015,2019
27,Minnesota,27139,Scott,21.52,2015,2019
27,Minnesota,27141,Sherburne,21.22,2015,2019
27,Minnesota,27143,Sibley,21.56,2015,2019
27,Minnesota,27145,Stearns,19.36,2015,2019
27,Minnesota,27147,Steele,22.259999999999998,2015,2019
27,Minnesota,27149,Stevens,18.96,2015,2019
27,Minnesota,27151,Swift,18.380000000000003,2015,2019
27,Minnesota,27153,Todd,21.919999999999998,2015,2019
27,Minnesota,27155,Traverse,28.28,2015,2019
27,Minnesota,27157,Wabasha,20.2,2015,2019
27,Minnesota,27159,Wadena,27.22,2015,2019
27,Minnesota,27161,Waseca,22.18,2015,2019
27,Minnesota,27163,Washington,22.740000000000002,2015,2019
27,Minnesota,27165,Watonwan,19.78,2015,2019
27,Minnesota,27167,Wilkin,31.48,2015,2019
27,Minnesota,27169,Winona,19.54,2015,2019
27,Minnesota,27171,Wright,21.0,2015,2019
27,Minnesota,27173,Yellow Medicine,16.44,2015,2019
29,Missouri,29001,Adair,35.46,2015,2019
29,Missouri,29003,Andrew,36.88,2015,2019
29,Missouri,29005,Atchison,20.14,2015,2019
29,Missouri,29007,Audrain,30.660000000000004,2015,2019
29,Missouri,29009,Barry,32.519999999999996,2015,2019
29,Missouri,29011,Barton,34.480000000000004,2015,2019
29,Missouri,29013,Bates,33.36,2015,2019
29,Missouri,29015,Benton,36.660000000000004,2015,2019
29,Missouri,29017,Bollinger,26.639999999999997,2015,2019
29,Missouri,29019,Boone,30.3,2015,2019
29,Missouri,29021,Buchanan,32.739999999999995,2015,2019
29,Missouri,29023,Butler,42.94,2015,2019
29,Missouri,29025,Caldwell,39.42,2015,2019
29,Missouri,29027,Callaway,29.26,2015,2019
29,Missouri,29029,Camden,37.1,2015,2019
29,Missouri,29031,Cape Girardeau,24.34,2015,2019
29,Missouri,29033,Carroll,37.260000000000005,2015,2019
29,Missouri,29035,Carter,46.52,2015,2019
29,Missouri,29037,Cass,26.6,2015,2019
29,Missouri,29039,Cedar,35.72,2015,2019
29,Missouri,29041,Chariton,37.18,2015,2019
29,Missouri,29043,Christian,34.86,2015,2019
29,Missouri,29045,Clark,30.060000000000002,2015,2019
29,Missouri,29047,Clay,30.18,2015,2019
29,Missouri,29049,Clinton,30.8,2015,2019
29,Missouri,29051,Cole,29.060000000000002,2015,2019
29,Missouri,29053,Cooper,30.9,2015,2019
29,Missouri,29055,Crawford,42.1,2015,2019
29,Missouri,29057,Dade,35.040000000000006,2015,2019
29,Missouri,29059,Dallas,35.059999999999995,2015,2019
29,Missouri,29061,Daviess,40.62,2015,2019
29,Missouri,29063,DeKalb,39.04,2015,2019
29,Missouri,29065,Dent,46.62,2015,2019
29,Missouri,29067,Douglas,37.4,2015,2019
29,Missouri,29069,Dunklin,38.8,2015,2019
29,Missouri,29071,Franklin,30.419999999999998,2015,2019
29,Missouri,29073,Gasconade,37.56,2015,2019
29,Missouri,29075,Gentry,35.32000000000001,2015,2019
29,Missouri,29077,Greene,34.42,2015,2019
29,Missouri,29079,Grundy,38.4,2015,2019
29,Missouri,29081,Harrison,35.18,2015,2019
29,Missouri,29083,Henry,37.04,2015,2019
29,Missouri,29085,Hickory,34.4,2015,2019
29,Missouri,29087,Holt,26.6,2015,2019
29,Missouri,29089,Howard,28.860000000000003,2015,2019
29,Missouri,29091,Howell,38.44,2015,2019
29,Missouri,29093,Iron,48.3,2015,2019
29,Missouri,29095,Jackson,27.619999999999997,2015,2019
29,Missouri,29097,Jasper,34.12,2015,2019
29,Missouri,29099,Jefferson,31.54,2015,2019
29,Missouri,29101,Johnson,31.419999999999998,2015,2019
29,Missouri,29103,Knox,26.860000000000003,2015,2019
29,Missouri,29105,Laclede,38.58,2015,2019
29,Missouri,29107,Lafayette,31.7,2015,2019
29,Missouri,29109,Lawrence,33.88,2015,2019
29,Missouri,29111,Lewis,24.7,2015,2019
29,Missouri,29113,Lincoln,30.560000000000002,2015,2019
29,Missouri,29115,Linn,36.44,2015,2019
29,Missouri,29117,Livingston,38.019999999999996,2015,2019
29,Missouri,29119,McDonald,31.5,2015,2019
29,Missouri,29121,Macon,35.339999999999996,2015,2019
29,Missouri,29123,Madison,42.88,2015,2019
29,Missouri,29125,Maries,41.88,2015,2019
29,Missouri,29127,Marion,27.439999999999998,2015,2019
29,Missouri,29129,Mercer,35.760000000000005,2015,2019
29,Missouri,29131,Miller,33.620000000000005,2015,2019
29,Missouri,29133,Mississippi,31.7,2015,2019
29,Missouri,29135,Moniteau,28.98,2015,2019
29,Missouri,29137,Monroe,34.839999999999996,2015,2019
29,Missouri,29139,Montgomery,36.38,2015,2019
29,Missouri,29141,Morgan,35.379999999999995,2015,2019
29,Missouri,29143,New Madrid,35.160000000000004,2015,2019
29,Missouri,29145,Newton,33.62,2015,2019
29,Missouri,29147,Nodaway,22.96,2015,2019
29,Missouri,29149,Oregon,44.64,2015,2019
29,Missouri,29151,Osage,32.839999999999996,2015,2019
29,Missouri,29153,Ozark,40.339999999999996,2015,2019
29,Missouri,29155,Pemiscot,55.32000000000001,2015,2019
29,Missouri,29157,Perry,32.739999999999995,2015,2019
29,Missouri,29159,Pettis,39.46,2015,2019
29,Missouri,29161,Phelps,44.4,2015,2019
29,Missouri,29163,Pike,37.26,2015,2019
29,Missouri,29165,Platte,32.239999999999995,2015,2019
29,Missouri,29167,Polk,35.28,2015,2019
29,Missouri,29169,Pulaski,40.04,2015,2019
29,Missouri,29171,Putnam,38.019999999999996,2015,2019
29,Missouri,29173,Ralls,34.660000000000004,2015,2019
29,Missouri,29175,Randolph,28.880000000000003,2015,2019
29,Missouri,29177,Ray,30.0,2015,2019
29,Missouri,29179,Reynolds,47.1,2015,2019
29,Missouri,29181,Ripley,48.26,2015,2019
29,Missouri,29183,St. Charles,29.4,2015,2019
29,Missouri,29185,St. Clair,38.8,2015,2019
29,Missouri,29186,Ste. Genevieve,37.519999999999996,2015,2019
29,Missouri,29187,St. Francois,39.480000000000004,2015,2019
29,Missouri,29189,St. Louis,30.82,2015,2019
29,Missouri,29195,Saline,37.12,2015,2019
29,Missouri,29197,Schuyler,36.62,2015,2019
29,Missouri,29199,Scotland,32.8,2015,2019
29,Missouri,29201,Scott,25.560000000000002,2015,2019
29,Missouri,29203,Shannon,43.6,2015,2019
29,Missouri,29205,Shelby,28.68,2015,2019
29,Missouri,29207,Stoddard,31.439999999999998,2015,2019
29,Missouri,29209,Stone,34.8,2015,2019
29,Missouri,29211,Sullivan,37.239999999999995,2015,2019
29,Missouri,29213,Taney,33.96,2015,2019
29,Missouri,29215,Texas,44.58,2015,2019
29,Missouri,29217,Vernon,36.22,2015,2019
29,Missouri,29219,Warren,30.839999999999996,2015,2019
29,Missouri,29221,Washington,38.760000000000005,2015,2019
29,Missouri,29223,Wayne,42.9,2015,2019
29,Missouri,29225,Webster,35.38,2015,2019
29,Missouri,29227,Worth,28.9,2015,2019
29,Missouri,29229,Wright,39.54,2015,2019
29,Missouri,29510,St. Louis City,30.660000000000004,2015,2019
31,Nebraska,31001,Adams,27.0,2015,2019
31,Nebraska,31003,Antelope,27.919999999999998,2015,2019
31,Nebraska,31005,Arthur,28.419999999999998,2015,2019
31,Nebraska,31007,Banner,11.4,2015,2019
31,Nebraska,31009,Blaine,31.02,2015,2019
31,Nebraska,31011,Boone,29.080000000000002,2015,2019
31,Nebraska,31013,Box Butte,10.9,2015,2019
31,Nebraska,31015,Boyd,24.36,2015,2019
31,Nebraska,31017,Brown,25.639999999999997,2015,2019
31,Nebraska,31019,Buffalo,27.439999999999998,2015,2019
31,Nebraska,31021,Burt,19.98,2015,2019
31,Nebraska,31023,Butler,22.34,2015,2019
31,Nebraska,31025,Cass,23.52,2015,2019
31,Nebraska,31027,Cedar,16.44,2015,2019
31,Nebraska,31029,Chase,25.1,2015,2019
31,Nebraska,31031,Cherry,18.54,2015,2019
31,Nebraska,31033,Cheyenne,17.56,2015,2019
31,Nebraska,31035,Clay,25.78,2015,2019
31,Nebraska,31037,Colfax,24.919999999999998,2015,2019
31,Nebraska,31039,Cuming,20.72,2015,2019
31,Nebraska,31041,Custer,30.74,2015,2019
31,Nebraska,31043,Dakota,21.92,2015,2019
31,Nebraska,31045,Dawes,6.466666666666666,2015,2019
31,Nebraska,31047,Dawson,30.4,2015,2019
31,Nebraska,31049,Deuel,18.3,2015,2019
31,Nebraska,31051,Dixon,9.175,2015,2019
31,Nebraska,31053,Dodge,24.240000000000002,2015,2019
31,Nebraska,31055,Douglas,25.5,2015,2019
31,Nebraska,31057,Dundy,22.3,2015,2019
31,Nebraska,31059,Fillmore,25.18,2015,2019
31,Nebraska,31061,Franklin,23.18,2015,2019
31,Nebraska,31063,Frontier,32.5,2015,2019
31,Nebraska,31065,Furnas,26.48,2015,2019
31,Nebraska,31067,Gage,20.880000000000003,2015,2019
31,Nebraska,31069,Garden,13.219999999999999,2015,2019
31,Nebraska,31071,Garfield,30.939999999999998,2015,2019
31,Nebraska,31073,Gosper,28.060000000000002,2015,2019
31,Nebraska,31075,Grant,19.3,2015,2019
31,Nebraska,31077,Greeley,21.44,2015,2019
31,Nebraska,31079,Hall,27.119999999999997,2015,2019
31,Nebraska,31081,Hamilton,27.380000000000003,2015,2019
31,Nebraska,31083,Harlan,23.84,2015,2019
31,Nebraska,31085,Hayes,31.580000000000002,2015,2019
31,Nebraska,31087,Hitchcock,28.28,2015,2019
31,Nebraska,31089,Holt,24.82,2015,2019
31,Nebraska,31091,Hooker,24.975,2015,2019
31,Nebraska,31093,Howard,27.32,2015,2019
31,Nebraska,31095,Jefferson,23.5,2015,2019
31,Nebraska,31097,Johnson,21.3,2015,2019
31,Nebraska,31099,Kearney,26.52,2015,2019
31,Nebraska,31101,Keith,31.880000000000003,2015,2019
31,Nebraska,31103,Keya Paha,27.46,2015,2019
31,Nebraska,31105,Kimball,24.04,2015,2019
31,Nebraska,31107,Knox,22.48,2015,2019
31,Nebraska,31109,Lancaster,22.0,2015,2019
31,Nebraska,31111,Lincoln,31.74,2015,2019
31,Nebraska,31113,Logan,35.9,2015,2019
31,Nebraska,31115,Loup,32.3,2015,2019
31,Nebraska,31117,McPherson,33.82,2015,2019
31,Nebraska,31119,Madison,28.080000000000002,2015,2019
31,Nebraska,31121,Merrick,28.119999999999997,2015,2019
31,Nebraska,31123,Morrill,11.82,2015,2019
31,Nebraska,31125,Nance,27.48,2015,2019
31,Nebraska,31127,Nemaha,24.259999999999998,2015,2019
31,Nebraska,31129,Nuckolls,23.84,2015,2019
31,Nebraska,31131,Otoe,21.54,2015,2019
31,Nebraska,31133,Pawnee,23.4,2015,2019
31,Nebraska,31135,Perkins,30.839999999999996,2015,2019
31,Nebraska,31137,Phelps,27.439999999999998,2015,2019
31,Nebraska,31139,Pierce,23.880000000000003,2015,2019
31,Nebraska,31141,Platte,28.22,2015,2019
31,Nebraska,31143,Polk,26.48,2015,2019
31,Nebraska,31145,Red Willow,26.639999999999997,2015,2019
31,Nebraska,31147,Richardson,29.060000000000002,2015,2019
31,Nebraska,31149,Rock,28.080000000000002,2015,2019
31,Nebraska,31151,Saline,21.66,2015,2019
31,Nebraska,31153,Sarpy,25.56,2015,2019
31,Nebraska,31155,Saunders,24.3,2015,2019
31,Nebraska,31157,Scotts Bluff,12.7,2015,2019
31,Nebraska,31159,Seward,21.3,2015,2019
31,Nebraska,31161,Sheridan,10.82,2015,2019
31,Nebraska,31163,Sherman,27.26,2015,2019
31,Nebraska,31165,Sioux,12.040000000000001,2015,2019
31,Nebraska,31167,Stanton,26.619999999999997,2015,2019
31,Nebraska,31169,Thayer,23.259999999999998,2015,2019
31,Nebraska,31171,Thomas,29.74,2015,2019
31,Nebraska,31173,Thurston,21.2,2015,2019
31,Nebraska,31175,Valley,29.139999999999997,2015,2019
31,Nebraska,31177,Washington,24.380000000000003,2015,2019
31,Nebraska,31179,Wayne,21.380000000000003,2015,2019
31,Nebraska,31181,Webster,23.2,2015,2019
31,Nebraska,31183,Wheeler,26.98,2015,2019
31,Nebraska,31185,York,24.04,2015,2019
33,New Hampshire,33001,Belknap,31.26,2015,2019
33,New Hampshire,33003,Carroll,30.639999999999997,2015,2019
33,New Hampshire,33005,Cheshire,28.0,2015,2019
33,New Hampshire,33007,Coos,32.12,2015,2019
33,New Hampshire,33009,Grafton,28.419999999999998,2015,2019
33,New Hampshire,33011,Hillsborough,26.160000000000004,2015,2019
33,New Hampshire,33013,Merrimack,30.560000000000002,2015,2019
33,New Hampshire,33015,Rockingham,27.54,2015,2019
33,New Hampshire,33017,Strafford,29.52,2015,2019
33,New Hampshire,33019,Sullivan,28.4,2015,2019
34,New Jersey,34001,Atlantic,37.3,2015,2019
34,New Jersey,34003,Bergen,23.52,2015,2019
34,New Jersey,34005,Burlington,33.58,2015,2019
34,New Jersey,34007,Camden,32.82,2015,2019
34,New Jersey,34009,Cape May,40.660000000000004,2015,2019
34,New Jersey,34011,Cumberland,37.0,2015,2019
34,New Jersey,34013,Essex,27.32,2015,2019
34,New Jersey,34015,Gloucester,33.279999999999994,2015,2019
34,New Jersey,34017,Hudson,24.1,2015,2019
34,New Jersey,34019,Hunterdon,25.98,2015,2019
34,New Jersey,34021,Mercer,29.78,2015,2019
34,New Jersey,34023,Middlesex,29.060000000000002,2015,2019
34,New Jersey,34025,Monmouth,29.360000000000003,2015,2019
34,New Jersey,34027,Morris,26.9,2015,2019
34,New Jersey,34029,Ocean,35.86,2015,2019
34,New Jersey,34031,Passaic,27.339999999999996,2015,2019
34,New Jersey,34033,Salem,40.5,2015,2019
34,New Jersey,34035,Somerset,26.8,2015,2019
34,New Jersey,34037,Sussex,29.060000000000002,2015,2019
34,New Jersey,34039,Union,28.04,2015,2019
34,New Jersey,34041,Warren,26.68,2015,2019
35,New Mexico,35001,Bernalillo,25.1,2015,2019
35,New Mexico,35003,Catron,28.9,2015,2019
35,New Mexico,35005,Chaves,42.18,2015,2019
35,New Mexico,35006,Cibola,26.139999999999997,2015,2019
35,New Mexico,35007,Colfax,26.360000000000003,2015,2019
35,New Mexico,35009,Curry,43.62,2015,2019
35,New Mexico,35011,De Baca,47.04,2015,2019
35,New Mexico,35013,Dona Ana,31.360000000000003,2015,2019
35,New Mexico,35015,Eddy,43.32,2015,2019
35,New Mexico,35017,Grant,36.160000000000004,2015,2019
35,New Mexico,35019,Guadalupe,30.6,2015,2019
35,New Mexico,35021,Harding,29.74,2015,2019
35,New Mexico,35023,Hidalgo,37.38,2015,2019
35,New Mexico,35025,Lea,49.3,2015,2019
35,New Mexico,35027,Lincoln,38.28,2015,2019
35,New Mexico,35028,Los Alamos,24.42,2015,2019
35,New Mexico,35029,Luna,31.639999999999997,2015,2019
35,New Mexico,35031,McKinley,27.639999999999997,2015,2019
35,New Mexico,35033,Mora,24.419999999999998,2015,2019
35,New Mexico,35035,Otero,35.36,2015,2019
35,New Mexico,35037,Quay,39.019999999999996,2015,2019
35,New Mexico,35039,Rio Arriba,25.419999999999998,2015,2019
35,New Mexico,35041,Roosevelt,49.160000000000004,2015,2019
35,New Mexico,35043,Sandoval,25.9,2015,2019
35,New Mexico,35045,San Juan,25.18,2015,2019
35,New Mexico,35047,San Miguel,23.78,2015,2019
35,New Mexico,35049,Santa Fe,25.14,2015,2019
35,New Mexico,35051,Sierra,30.879999999999995,2015,2019
35,New Mexico,35053,Socorro,29.78,2015,2019
35,New Mexico,35055,Taos,28.04,2015,2019
35,New Mexico,35057,Torrance,25.3,2015,2019
35,New Mexico,35059,Union,28.939999999999998,2015,2019
35,New Mexico,35061,Valencia,26.080000000000002,2015,2019
36,New York,36001,Albany,25.76,2015,2019
36,New York,36003,Allegany,28.3,2015,2019
36,New York,36005,Bronx,21.919999999999998,2015,2019
36,New York,36007,Broome,31.419999999999998,2015,2019
36,New York,36009,Cattaraugus,27.02,2015,2019
36,New York,36011,Cayuga,27.139999999999997,2015,2019
36,New York,36013,Chautauqua,28.3,2015,2019
36,New York,36015,Chemung,26.72,2015,2019
36,New York,36017,Chenango,33.46,2015,2019
36,New York,36019,Clinton,29.78,2015,2019
36,New York,36021,Columbia,26.5,2015,2019
36,New York,36023,Cortland,26.22,2015,2019
36,New York,36025,Delaware,33.660000000000004,2015,2019
36,New York,36027,Dutchess,24.9,2015,2019
36,New York,36029,Erie,30.5,2015,2019
36,New York,36031,Essex,27.839999999999996,2015,2019
36,New York,36033,Franklin,35.019999999999996,2015,2019
36,New York,36035,Fulton,29.02,2015,2019
36,New York,36037,Genesee,29.26,2015,2019
36,New York,36039,Greene,26.7,2015,2019
36,New York,36041,Hamilton,28.639999999999997,2015,2019
36,New York,36043,Herkimer,34.12,2015,2019
36,New York,36045,Jefferson,34.54,2015,2019
36,New York,36047,Kings,23.16,2015,2019
36,New York,36049,Lewis,32.739999999999995,2015,2019
36,New York,36051,Livingston,26.4,2015,2019
36,New York,36053,Madison,27.9,2015,2019
36,New York,36055,Monroe,26.76,2015,2019
36,New York,36057,Montgomery,30.419999999999998,2015,2019
36,New York,36059,Nassau,23.3,2015,2019
36,New York,36061,New York,23.080000000000002,2015,2019
36,New York,36063,Niagara,31.98,2015,2019
36,New York,36065,Oneida,30.28,2015,2019
36,New York,36067,Onondaga,26.080000000000002,2015,2019
36,New York,36069,Ontario,26.26,2015,2019
36,New York,36071,Orange,29.22,2015,2019
36,New York,36073,Orleans,29.04,2015,2019
36,New York,36075,Oswego,26.98,2015,2019
36,New York,36077,Otsego,31.8,2015,2019
36,New York,36079,Putnam,22.84,2015,2019
36,New York,36081,Queens,23.52,2015,2019
36,New York,36083,Rensselaer,24.8,2015,2019
36,New York,36085,Richmond,26.26,2015,2019
36,New York,36087,Rockland,24.5,2015,2019
36,New York,36089,St. Lawrence,33.56,2015,2019
36,New York,36091,Saratoga,27.32,2015,2019
36,New York,36093,Schenectady,27.339999999999996,2015,2019
36,New York,36095,Schoharie,29.9,2015,2019
36,New York,36097,Schuyler,29.119999999999997,2015,2019
36,New York,36099,Seneca,27.080000000000002,2015,2019
36,New York,36101,Steuben,27.9,2015,2019
36,New York,36103,Suffolk,24.44,2015,2019
36,New York,36105,Sullivan,31.639999999999997,2015,2019
36,New York,36107,Tioga,29.639999999999997,2015,2019
36,New York,36109,Tompkins,27.339999999999996,2015,2019
36,New York,36111,Ulster,30.48,2015,2019
36,New York,36113,Warren,23.360000000000003,2015,2019
36,New York,36115,Washington,23.880000000000003,2015,2019
36,New York,36117,Wayne,26.0,2015,2019
36,New York,36119,Westchester,22.619999999999997,2015,2019
36,New York,36121,Wyoming,30.380000000000003,2015,2019
36,New York,36123,Yates,28.04,2015,2019
37,North Carolina,37001,Alamance,26.78,2015,2019
37,North Carolina,37003,Alexander,26.9,2015,2019
37,North Carolina,37005,Alleghany,19.3,2015,2019
37,North Carolina,37007,Anson,29.6,2015,2019
37,North Carolina,37009,Ashe,18.9,2015,2019
37,North Carolina,37011,Avery,28.860000000000003,2015,2019
37,North Carolina,37013,Beaufort,28.8,2015,2019
37,North Carolina,37015,Bertie,20.16,2015,2019
37,North Carolina,37017,Bladen,32.38,2015,2019
37,North Carolina,37019,Brunswick,23.02,2015,2019
37,North Carolina,37021,Buncombe,23.32,2015,2019
37,North Carolina,37023,Burke,26.28,2015,2019
37,North Carolina,37025,Cabarrus,22.02,2015,2019
37,North Carolina,37027,Caldwell,25.619999999999997,2015,2019
37,North Carolina,37029,Camden,27.0,2015,2019
37,North Carolina,37031,Carteret,30.02,2015,2019
37,North Carolina,37033,Caswell,29.360000000000003,2015,2019
37,North Carolina,37035,Catawba,27.04,2015,2019
37,North Carolina,37037,Chatham,23.98,2015,2019
37,North Carolina,37039,Cherokee,23.6,2015,2019
37,North Carolina,37041,Chowan,10.4,2015,2019
37,North Carolina,37043,Clay,5.5200000000000005,2015,2019
37,North Carolina,37045,Cleveland,27.360000000000003,2015,2019
37,North Carolina,37047,Columbus,29.4,2015,2019
37,North Carolina,37049,Craven,32.760000000000005,2015,2019
37,North Carolina,37051,Cumberland,32.5,2015,2019
37,North Carolina,37053,Currituck,24.64,2015,2019
37,North Carolina,37055,Dare,5.42,2015,2019
37,North Carolina,37057,Davidson,26.24,2015,2019
37,North Carolina,37059,Davie,24.6,2015,2019
37,North Carolina,37061,Duplin,24.1,2015,2019
37,North Carolina,37063,Durham,22.04,2015,2019
37,North Carolina,37065,Edgecombe,33.739999999999995,2015,2019
37,North Carolina,37067,Forsyth,25.9,2015,2019
37,North Carolina,37069,Franklin,25.52,2015,2019
37,North Carolina,37071,Gaston,22.34,2015,2019
37,North Carolina,37073,Gates,20.46,2015,2019
37,North Carolina,37075,Graham,28.339999999999996,2015,2019
37,North Carolina,37077,Granville,23.64,2015,2019
37,North Carolina,37079,Greene,31.72,2015,2019
37,North Carolina,37081,Guilford,26.96,2015,2019
37,North Carolina,37083,Halifax,29.380000000000003,2015,2019
37,North Carolina,37085,Harnett,24.880000000000003,2015,2019
37,North Carolina,37087,Haywood,26.580000000000002,2015,2019
37,North Carolina,37089,Henderson,23.14,2015,2019
37,North Carolina,37091,Hertford,15.36,2015,2019
37,North Carolina,37093,Hoke,36.88,2015,2019
37,North Carolina,37095,Hyde,20.02,2015,2019
37,North Carolina,37097,Iredell,22.72,2015,2019
37,North Carolina,37099,Jackson,18.6,2015,2019
37,North Carolina,37101,Johnston,24.78,2015,2019
37,North Carolina,37103,Jones,29.560000000000002,2015,2019
37,North Carolina,37105,Lee,23.66,2015,2019
37,North Carolina,37107,Lenoir,30.119999999999997,2015,2019
37,North Carolina,37109,Lincoln,23.619999999999997,2015,2019
37,North Carolina,37111,McDowell,22.44,2015,2019
37,North Carolina,37113,Macon,15.459999999999999,2015,2019
37,North Carolina,37115,Madison,33.06,2015,2019
37,North Carolina,37117,Martin,28.119999999999997,2015,2019
37,North Carolina,37119,Mecklenburg,22.48,2015,2019
37,North Carolina,37121,Mitchell,35.7,2015,2019
37,North Carolina,37123,Montgomery,28.8,2015,2019
37,North Carolina,37125,Moore,29.52,2015,2019
37,North Carolina,37127,Nash,25.619999999999997,2015,2019
37,North Carolina,37129,New Hanover,17.839999999999996,2015,2019
37,North Carolina,37131,Northampton,25.060000000000002,2015,2019
37,North Carolina,37133,Onslow,24.580000000000002,2015,2019
37,North Carolina,37135,Orange,23.880000000000003,2015,2019
37,North Carolina,37137,Pamlico,28.54,2015,2019
37,North Carolina,37139,Pasquotank,15.919999999999998,2015,2019
37,North Carolina,37141,Pender,19.34,2015,2019
37,North Carolina,37143,Perquimans,14.280000000000001,2015,2019
37,North Carolina,37145,Person,22.759999999999998,2015,2019
37,North Carolina,37147,Pitt,31.439999999999998,2015,2019
37,North Carolina,37149,Polk,24.02,2015,2019
37,North Carolina,37151,Randolph,26.4,2015,2019
37,North Carolina,37153,Richmond,33.42,2015,2019
37,North Carolina,37155,Robeson,35.56,2015,2019
37,North Carolina,37157,Rockingham,27.2,2015,2019
37,North Carolina,37159,Rowan,26.8,2015,2019
37,North Carolina,37161,Rutherford,26.22,2015,2019
37,North Carolina,37163,Sampson,27.0,2015,2019
37,North Carolina,37165,Scotland,37.56,2015,2019
37,North Carolina,37167,Stanly,28.1,2015,2019
37,North Carolina,37169,Stokes,26.080000000000002,2015,2019
37,North Carolina,37171,Surry,22.259999999999998,2015,2019
37,North Carolina,37173,Swain,26.76,2015,2019
37,North Carolina,37175,Transylvania,23.78,2015,2019
37,North Carolina,37177,Tyrrell,11.5,2015,2019
37,North Carolina,37179,Union,21.3,2015,2019
37,North Carolina,37181,Vance,28.32,2015,2019
37,North Carolina,37183,Wake,23.919999999999998,2015,2019
37,North Carolina,37185,Warren,32.54,2015,2019
37,North Carolina,37187,Washington,13.86,2015,2019
37,North Carolina,37189,Watauga,22.4,2015,2019
37,North Carolina,37191,Wayne,26.1,2015,2019
37,North Carolina,37193,Wilkes,23.619999999999997,2015,2019
37,North Carolina,37195,Wilson,30.72,2015,2019
37,North Carolina,37197,Yadkin,23.580000000000002,2015,2019
37,North Carolina,37199,Yancey,26.78,2015,2019
41,Oregon,41001,Baker,5.9399999999999995,2015,2019
41,Oregon,41003,Benton,26.8,2015,2019
41,Oregon,41005,Clackamas,24.36,2015,2019
41,Oregon,41007,Clatsop,23.240000000000002,2015,2019
41,Oregon,41009,Columbia,24.22,2015,2019
41,Oregon,41011,Coos,36.92,2015,2019
41,Oregon,41013,Crook,20.939999999999998,2015,2019
41,Oregon,41015,Curry,33.96,2015,2019
41,Oregon,41017,Deschutes,26.24,2015,2019
41,Oregon,41019,Douglas,29.4,2015,2019
41,Oregon,41021,Gilliam,15.180000000000001,2015,2019
41,Oregon,41023,Grant,8.419999999999998,2015,2019
41,Oregon,41025,Harney,18.14,2015,2019
41,Oregon,41027,Hood River,23.279999999999998,2015,2019
41,Oregon,41029,Jackson,26.560000000000002,2015,2019
41,Oregon,41031,Jefferson,25.160000000000004,2015,2019
41,Oregon,41033,Josephine,26.46,2015,2019
41,Oregon,41035,Klamath,24.839999999999996,2015,2019
41,Oregon,41037,Lake,19.96,2015,2019
41,Oregon,41039,Lane,25.939999999999998,2015,2019
41,Oregon,41041,Lincoln,25.78,2015,2019
41,Oregon,41043,Linn,25.32,2015,2019
41,Oregon,41045,Malheur,8.38,2015,2019
41,Oregon,41047,Marion,26.48,2015,2019
41,Oregon,41049,Morrow,17.7,2015,2019
41,Oregon,41051,Multnomah,23.5,2015,2019
41,Oregon,41053,Polk,26.98,2015,2019
41,Oregon,41055,Sherman,17.28,2015,2019
41,Oregon,41057,Tillamook,25.119999999999997,2015,2019
41,Oregon,41059,Umatilla,19.24,2015,2019
41,Oregon,41061,Union,4.92,2015,2019
41,Oregon,41063,Wallowa,5.5200000000000005,2015,2019
41,Oregon,41065,Wasco,24.14,2015,2019
41,Oregon,41067,Washington,24.36,2015,2019
41,Oregon,41069,Wheeler,24.14,2015,2019
41,Oregon,41071,Yamhill,24.64,2015,2019
42,Pennsylvania,42001,Adams,27.619999999999997,2015,2019
42,Pennsylvania,42003,Allegheny,29.82,2015,2019
42,Pennsylvania,42005,Armstrong,29.439999999999998,2015,2019
42,Pennsylvania,42007,Beaver,29.639999999999997,2015,2019
42,Pennsylvania,42009,Bedford,37.3,2015,2019
42,Pennsylvania,42011,Berks,25.36,2015,2019
42,Pennsylvania,42013,Blair,34.0,2015,2019
42,Pennsylvania,42015,Bradford,30.7,2015,2019
42,Pennsylvania,42017,Bucks,28.28,2015,2019
42,Pennsylvania,42019,Butler,27.919999999999998,2015,2019
42,Pennsylvania,42021,Cambria,34.42,2015,2019
42,Pennsylvania,42023,Cameron,22.1,2015,2019
42,Pennsylvania,42025,Carbon,28.3,2015,2019
42,Pennsylvania,42027,Centre,34.0,2015,2019
42,Pennsylvania,42029,Chester,25.18,2015,2019
42,Pennsylvania,42031,Clarion,26.32,2015,2019
42,Pennsylvania,42033,Clearfield,34.18,2015,2019
42,Pennsylvania,42035,Clinton,31.619999999999997,2015,2019
42,Pennsylvania,42037,Columbia,33.7,2015,2019
42,Pennsylvania,42039,Crawford,25.44,2015,2019
42,Pennsylvania,42041,Cumberland,29.080000000000002,2015,2019
42,Pennsylvania,42043,Dauphin,29.52,2015,2019
42,Pennsylvania,42045,Delaware,27.32,2015,2019
42,Pennsylvania,42047,Elk,20.06,2015,2019
42,Pennsylvania,42049,Erie,23.8,2015,2019
42,Pennsylvania,42051,Fayette,33.8,2015,2019
42,Pennsylvania,42053,Forest,17.94,2015,2019
42,Pennsylvania,42055,Franklin,27.76,2015,2019
42,Pennsylvania,42057,Fulton,33.04,2015,2019
42,Pennsylvania,42059,Greene,36.739999999999995,2015,2019
42,Pennsylvania,42061,Huntingdon,34.34,2015,2019
42,Pennsylvania,42063,Indiana,32.14,2015,2019
42,Pennsylvania,42065,Jefferson,27.32,2015,2019
42,Pennsylvania,42067,Juniata,31.98,2015,2019
42,Pennsylvania,42069,Lackawanna,29.339999999999996,2015,2019
42,Pennsylvania,42071,Lancaster,27.6,2015,2019
42,Pennsylvania,42073,Lawrence,28.22,2015,2019
42,Pennsylvania,42075,Lebanon,28.939999999999998,2015,2019
42,Pennsylvania,42077,Lehigh,25.54,2015,2019
42,Pennsylvania,42079,Luzerne,29.880000000000003,2015,2019
42,Pennsylvania,42081,Lycoming,33.9,2015,2019
42,Pennsylvania,42083,McKean,21.919999999999998,2015,2019
42,Pennsylvania,42085,Mercer,26.339999999999996,2015,2019
42,Pennsylvania,42087,Mifflin,28.74,2015,2019
42,Pennsylvania,42089,Monroe,29.2,2015,2019
42,Pennsylvania,42091,Montgomery,26.939999999999998,2015,2019
42,Pennsylvania,42093,Montour,39.9,2015,2019
42,Pennsylvania,42095,Northampton,27.04,2015,2019
42,Pennsylvania,42097,Northumberland,32.04,2015,2019
42,Pennsylvania,42099,Perry,30.0,2015,2019
42,Pennsylvania,42101,Philadelphia,29.24,2015,2019
42,Pennsylvania,42103,Pike,33.0,2015,2019
42,Pennsylvania,42105,Potter,29.619999999999997,2015,2019
42,Pennsylvania,42107,Schuylkill,28.96,2015,2019
42,Pennsylvania,42109,Snyder,34.339999999999996,2015,2019
42,Pennsylvania,42111,Somerset,33.839999999999996,2015,2019
42,Pennsylvania,42113,Sullivan,33.22,2015,2019
42,Pennsylvania,42115,Susquehanna,29.54,2015,2019
42,Pennsylvania,42117,Tioga,33.0,2015,2019
42,Pennsylvania,42119,Union,34.82000000000001,2015,2019
42,Pennsylvania,42121,Venango,23.3,2015,2019
42,Pennsylvania,42123,Warren,23.380000000000003,2015,2019
42,Pennsylvania,42125,Washington,30.74,2015,2019
42,Pennsylvania,42127,Wayne,31.28,2015,2019
42,Pennsylvania,42129,Westmoreland,31.419999999999998,2015,2019
42,Pennsylvania,42131,Wyoming,29.139999999999997,2015,2019
42,Pennsylvania,42133,York,29.339999999999996,2015,2019
44,Rhode Island,44001,Bristol,32.980000000000004,2015,2019
44,Rhode Island,44003,Kent,30.080000000000002,2015,2019
44,Rhode Island,44005,Newport,29.839999999999996,2015,2019
44,Rhode Island,44007,Providence,29.060000000000002,2015,2019
44,Rhode Island,44009,Washington,26.339999999999996,2015,2019
45,South Carolina,45001,Abbeville,28.0,2015,2019
45,South Carolina,45003,Aiken,26.2,2015,2019
45,South Carolina,45005,Allendale,30.775,2015,2019
45,South Carolina,45007,Anderson,28.25,2015,2019
45,South Carolina,45009,Bamberg,33.45,2015,2019
45,South Carolina,45011,Barnwell,23.35,2015,2019
45,South Carolina,45013,Beaufort,19.95,2015,2019
45,South Carolina,45015,Berkeley,25.875,2015,2019
45,South Carolina,45017,Calhoun,32.1,2015,2019
45,South Carolina,45019,Charleston,24.475,2015,2019
45,South Carolina,45021,Cherokee,28.95,2015,2019
45,South Carolina,45023,Chester,25.925,2015,2019
45,South Carolina,45025,Chesterfield,31.075,2015,2019
45,South Carolina,45027,Clarendon,34.35,2015,2019
45,South Carolina,45029,Colleton,22.775,2015,2019
45,South Carolina,45031,Darlington,41.425,2015,2019
45,South Carolina,45033,Dillon,37.25,2015,2019
45,South Carolina,45035,Dorchester,24.925,2015,2019
45,South Carolina,45037,Edgefield,21.5,2015,2019
45,South Carolina,45039,Fairfield,31.55,2015,2019
45,South Carolina,45041,Florence,42.75,2015,2019
45,South Carolina,45043,Georgetown,27.4,2015,2019
45,South Carolina,45045,Greenville,27.625,2015,2019
45,South Carolina,45047,Greenwood,32.15,2015,2019
45,South Carolina,45049,Hampton,20.25,2015,2019
45,South Carolina,45051,Horry,31.925,2015,2019
45,South Carolina,45053,Jasper,17.15,2015,2019
45,South Carolina,45055,Kershaw,33.125,2015,2019
45,South Carolina,45057,Lancaster,21.475,2015,2019
45,South Carolina,45059,Laurens,30.025,2015,2019
45,South Carolina,45061,Lee,43.2,2015,2019
45,South Carolina,45063,Lexington,28.075,2015,2019
45,South Carolina,45065,McCormick,29.8,2015,2019
45,South Carolina,45067,Marion,37.2,2015,2019
45,South Carolina,45069,Marlboro,43.45,2015,2019
45,South Carolina,45071,Newberry,32.225,2015,2019
45,South Carolina,45073,Oconee,24.375,2015,2019
45,South Carolina,45075,Orangeburg,28.049999999999997,2015,2019
45,South Carolina,45077,Pickens,26.55,2015,2019
45,South Carolina,45079,Richland,32.4,2015,2019
45,South Carolina,45081,Saluda,26.75,2015,2019
45,South Carolina,45083,Spartanburg,28.4,2015,2019
45,South Carolina,45085,Sumter,35.625,2015,2019
45,South Carolina,45087,Union,31.275,2015,2019
45,South Carolina,45089,Williamsburg,34.85,2015,2019
45,South Carolina,45091,York,23.575,2015,2019
47,Tennessee,47001,Anderson,31.82,2015,2019
47,Tennessee,47003,Bedford,41.4,2015,2019
47,Tennessee,47005,Benton,57.3,2015,2019
47,Tennessee,47007,Bledsoe,36.06,2015,2019
47,Tennessee,47009,Blount,31.02,2015,2019
47,Tennessee,47011,Bradley,37.68,2015,2019
47,Tennessee,47013,Campbell,46.1,2015,2019
47,Tennessee,47015,Cannon,40.94,2015,2019
47,Tennessee,47017,Carroll,58.04,2015,2019
47,Tennessee,47019,Carter,44.98,2015,2019
47,Tennessee,47021,Cheatham,33.0,2015,2019
47,Tennessee,47023,Chester,49.78,2015,2019
47,Tennessee,47025,Claiborne,43.36,2015,2019
47,Tennessee,47027,Clay,48.98,2015,2019
47,Tennessee,47029,Cocke,37.980000000000004,2015,2019
47,Tennessee,47031,Coffee,46.839999999999996,2015,2019
47,Tennessee,47033,Crockett,60.02,2015,2019
47,Tennessee,47035,Cumberland,38.760000000000005,2015,2019
47,Tennessee,47037,Davidson,33.58,2015,2019
47,Tennessee,47039,Decatur,56.64,2015,2019
47,Tennessee,47041,DeKalb,39.96,2015,2019
47,Tennessee,47043,Dickson,33.9,2015,2019
47,Tennessee,47045,Dyer,63.7,2015,2019
47,Tennessee,47047,Fayette,32.8,2015,2019
47,Tennessee,47049,Fentress,39.660000000000004,2015,2019
47,Tennessee,47051,Franklin,52.02,2015,2019
47,Tennessee,47053,Gibson,60.28000000000001,2015,2019
47,Tennessee,47055,Giles,33.9,2015,2019
47,Tennessee,47057,Grainger,33.46,2015,2019
47,Tennessee,47059,Greene,45.92,2015,2019
47,Tennessee,47061,Grundy,56.58,2015,2019
47,Tennessee,47063,Hamblen,44.32,2015,2019
47,Tennessee,47065,Hamilton,38.22,2015,2019
47,Tennessee,47067,Hancock,31.919999999999998,2015,2019
47,Tennessee,47069,Hardeman,45.160000000000004,2015,2019
47,Tennessee,47071,Hardin,50.019999999999996,2015,2019
47,Tennessee,47073,Hawkins,41.480000000000004,2015,2019
47,Tennessee,47075,Haywood,48.160000000000004,2015,2019
47,Tennessee,47077,Henderson,54.379999999999995,2015,2019
47,Tennessee,47079,Henry,52.839999999999996,2015,2019
47,Tennessee,47081,Hickman,31.6,2015,2019
47,Tennessee,47083,Houston,42.36,2015,2019
47,Tennessee,47085,Humphreys,52.14,2015,2019
47,Tennessee,47087,Jackson,43.9,2015,2019
47,Tennessee,47089,Jefferson,33.04,2015,2019
47,Tennessee,47091,Johnson,35.06,2015,2019
47,Tennessee,47093,Knox,32.019999999999996,2015,2019
47,Tennessee,47095,Lake,59.2,2015,2019
47,Tennessee,47097,Lauderdale,62.160000000000004,2015,2019
47,Tennessee,47099,Lawrence,34.160000000000004,2015,2019
47,Tennessee,47101,Lewis,36.62,2015,2019
47,Tennessee,47103,Lincoln,43.56,2015,2019
47,Tennessee,47105,Loudon,32.480000000000004,2015,2019
47,Tennessee,47107,McMinn,40.22,2015,2019
47,Tennessee,47109,McNairy,46.04,2015,2019
47,Tennessee,47111,Macon,42.980000000000004,2015,2019
47,Tennessee,47113,Madison,56.0,2015,2019
47,Tennessee,47115,Marion,39.32,2015,2019
47,Tennessee,47117,Marshall,32.8,2015,2019
47,Tennessee,47119,Maury,29.939999999999998,2015,2019
47,Tennessee,47121,Meigs,37.260000000000005,2015,2019
47,Tennessee,47123,Monroe,35.2,2015,2019
47,Tennessee,47125,Montgomery,37.92,2015,2019
47,Tennessee,47127,Moore,48.9,2015,2019
47,Tennessee,47129,Morgan,36.64,2015,2019
47,Tennessee,47131,Obion,65.5,2015,2019
47,Tennessee,47133,Overton,41.2,2015,2019
47,Tennessee,47135,Perry,52.02,2015,2019
47,Tennessee,47137,Pickett,46.82,2015,2019
47,Tennessee,47139,Polk,39.760000000000005,2015,2019
47,Tennessee,47141,Putnam,40.78,2015,2019
47,Tennessee,47143,Rhea,35.239999999999995,2015,2019
47,Tennessee,47145,Roane,32.239999999999995,2015,2019
47,Tennessee,47147,Robertson,35.739999999999995,2015,2019
47,Tennessee,47149,Rutherford,34.22,2015,2019
47,Tennessee,47151,Scott,43.18,2015,2019
47,Tennessee,47153,Sequatchie,39.760000000000005,2015,2019
47,Tennessee,47155,Sevier,32.12,2015,2019
47,Tennessee,47157,Shelby,31.919999999999998,2015,2019
47,Tennessee,47159,Smith,38.1,2015,2019
47,Tennessee,47161,Stewart,38.980000000000004,2015,2019
47,Tennessee,47163,Sullivan,40.9,2015,2019
47,Tennessee,47165,Sumner,35.8,2015,2019
47,Tennessee,47167,Tipton,33.1,2015,2019
47,Tennessee,47169,Trousdale,37.3,2015,2019
47,Tennessee,47171,Unicoi,45.760000000000005,2015,2019
47,Tennessee,47173,Union,31.74,2015,2019
47,Tennessee,47175,Van Buren,44.56,2015,2019
47,Tennessee,47177,Warren,54.760000000000005,2015,2019
47,Tennessee,47179,Washington,47.28,2015,2019
47,Tennessee,47181,Wayne,43.78,2015,2019
47,Tennessee,47183,Weakley,56.1,2015,2019
47,Tennessee,47185,White,41.980000000000004,2015,2019
47,Tennessee,47187,Williamson,33.56,2015,2019
47,Tennessee,47189,Wilson,35.6,2015,2019
49,Utah,49001,Beaver,27.919999999999998,2015,2019
49,Utah,49003,Box Elder,20.119999999999997,2015,2019
49,Utah,49005,Cache,20.78,2015,2019
49,Utah,49007,Carbon,25.44,2015,2019
49,Utah,49009,Daggett,25.46,2015,2019
49,Utah,49011,Davis,21.1,2015,2019
49,Utah,49013,Duchesne,24.2,2015,2019
49,Utah,49015,Emery,25.919999999999998,2015,2019
49,Utah,49017,Garfield,22.919999999999998,2015,2019
49,Utah,49019,Grand,23.14,2015,2019
49,Utah,49021,Iron,22.24,2015,2019
49,Utah,49023,Juab,24.619999999999997,2015,2019
49,Utah,49025,Kane,27.24,2015,2019
49,Utah,49027,Millard,28.360000000000003,2015,2019
49,Utah,49029,Morgan,20.64,2015,2019
49,Utah,49031,Piute,30.02,2015,2019
49,Utah,49033,Rich,19.86,2015,2019
49,Utah,49035,Salt Lake,21.48,2015,2019
49,Utah,49037,San Juan,24.14,2015,2019
49,Utah,49039,Sanpete,25.0,2015,2019
49,Utah,49041,Sevier,27.839999999999996,2015,2019
49,Utah,49043,Summit,21.5,2015,2019
49,Utah,49045,Tooele,21.68,2015,2019
49,Utah,49047,Uintah,24.62,2015,2019
49,Utah,49049,Utah,22.84,2015,2019
49,Utah,49051,Wasatch,22.2,2015,2019
49,Utah,49053,Washington,29.78,2015,2019
49,Utah,49055,Wayne,20.86,2015,2019
49,Utah,49057,Weber,19.96,2015,2019
50,Vermont,50001,Addison,25.1,2015,2019
50,Vermont,50003,Bennington,23.240000000000002,2015,2019
50,Vermont,50005,Caledonia,27.119999999999997,2015,2019
50,Vermont,50007,Chittenden,30.9,2015,2019
50,Vermont,50009,Essex,26.96,2015,2019
50,Vermont,50011,Franklin,30.380000000000003,2015,2019
50,Vermont,50013,Grand Isle,32.8,2015,2019
50,Vermont,50015,Lamoille,29.96,2015,2019
50,Vermont,50017,Orange,24.1,2015,2019
50,Vermont,50019,Orleans,28.339999999999996,2015,2019
50,Vermont,50021,Rutland,20.880000000000003,2015,2019
50,Vermont,50023,Washington,27.22,2015,2019
50,Vermont,50025,Windham,22.259999999999998,2015,2019
50,Vermont,50027,Windsor,22.32,2015,2019
51,Virginia,51001,Accomack,26.380000000000003,2015,2019
51,Virginia,51003,Albemarle,27.639999999999997,2015,2019
51,Virginia,51005,Alleghany,33.38,2015,2019
51,Virginia,51007,Amelia,27.6,2015,2019
51,Virginia,51009,Amherst,34.7,2015,2019
51,Virginia,51011,Appomattox,35.839999999999996,2015,2019
51,Virginia,51013,Arlington,14.559999999999999,2015,2019
51,Virginia,51015,Augusta,29.1,2015,2019
51,Virginia,51017,Bath,26.02,2015,2019
51,Virginia,51019,Bedford,30.48,2015,2019
51,Virginia,51021,Bland,38.760000000000005,2015,2019
51,Virginia,51023,Botetourt,27.339999999999996,2015,2019
51,Virginia,51025,Brunswick,29.660000000000004,2015,2019
51,Virginia,51027,Buchanan,36.64,2015,2019
51,Virginia,51029,Buckingham,27.3,2015,2019
51,Virginia,51031,Campbell,33.64,2015,2019
51,Virginia,51033,Caroline,28.619999999999997,2015,2019
51,Virginia,51035,Carroll,26.119999999999997,2015,2019
51,Virginia,51036,Charles City,25.8,2015,2019
51,Virginia,51037,Charlotte,33.32,2015,2019
51,Virginia,51041,Chesterfield,29.18,2015,2019
51,Virginia,51043,Clarke,23.64,2015,2019
51,Virginia,51045,Craig,29.04,2015,2019
51,Virginia,51047,Culpeper,29.439999999999998,2015,2019
51,Virginia,51049,Cumberland,28.9,2015,2019
51,Virginia,51051,Dickenson,33.78,2015,2019
51,Virginia,51053,Dinwiddie,31.02,2015,2019
51,Virginia,51057,Essex,32.82,2015,2019
51,Virginia,51059,Fairfax,16.16,2015,2019
51,Virginia,51061,Fauquier,23.44,2015,2019
51,Virginia,51063,Floyd,26.32,2015,2019
51,Virginia,51065,Fluvanna,23.6,2015,2019
51,Virginia,51067,Franklin,26.48,2015,2019
51,Virginia,51069,Frederick,29.3,2015,2019
51,Virginia,51071,Giles,35.64,2015,2019
51,Virginia,51073,Gloucester,26.5,2015,2019
51,Virginia,51075,Goochland,26.04,2015,2019
51,Virginia,51077,Grayson,25.380000000000003,2015,2019
51,Virginia,51079,Greene,27.360000000000003,2015,2019
51,Virginia,51081,Greensville,33.519999999999996,2015,2019
51,Virginia,51083,Halifax,26.4,2015,2019
51,Virginia,51085,Hanover,27.839999999999996,2015,2019
51,Virginia,51087,Henrico,26.52,2015,2019
51,Virginia,51089,Henry,29.52,2015,2019
51,Virginia,51091,Highland,27.160000000000004,2015,2019
51,Virginia,51093,Isle of Wight,29.5,2015,2019
51,Virginia,51095,James City,27.72,2015,2019
51,Virginia,51097,King and Queen,31.76,2015,2019
51,Virginia,51099,King George,22.64,2015,2019
51,Virginia,51101,King William,30.72,2015,2019
51,Virginia,51103,Lancaster,27.7,2015,2019
51,Virginia,51105,Lee,30.580000000000002,2015,2019
51,Virginia,51107,Loudoun,17.66,2015,2019
51,Virginia,51109,Louisa,26.660000000000004,2015,2019
51,Virginia,51111,Lunenburg,38.46,2015,2019
51,Virginia,51113,Madison,35.44,2015,2019
51,Virginia,51115,Mathews,25.06,2015,2019
51,Virginia,51117,Mecklenburg,30.860000000000003,2015,2019
51,Virginia,51119,Middlesex,30.82,2015,2019
51,Virginia,51121,Montgomery,32.32,2015,2019
51,Virginia,51125,Nelson,26.0,2015,2019
51,Virginia,51127,New Kent,27.119999999999997,2015,2019
51,Virginia,51131,Northampton,25.4,2015,2019
51,Virginia,51133,Northumberland,23.48,2015,2019
51,Virginia,51135,Nottoway,36.88,2015,2019
51,Virginia,51137,Orange,28.560000000000002,2015,2019
51,Virginia,51139,Page,32.480000000000004,2015,2019
51,Virginia,51141,Patrick,23.52,2015,2019
51,Virginia,51143,Pittsylvania,29.2,2015,2019
51,Virginia,51145,Powhatan,25.580000000000002,2015,2019
51,Virginia,51147,Prince Edward,37.739999999999995,2015,2019
51,Virginia,51149,Prince George,31.28,2015,2019
51,Virginia,51153,Prince William,17.42,2015,2019
51,Virginia,51155,Pulaski,32.339999999999996,2015,2019
51,Virginia,51157,Rappahannock,33.54,2015,2019
51,Virginia,51159,Richmond,33.720000000000006,2015,2019
51,Virginia,51161,Roanoke,31.660000000000004,2015,2019
51,Virginia,51163,Rockbridge,31.3,2015,2019
51,Virginia,51165,Rockingham,28.04,2015,2019
51,Virginia,51167,Russell,24.2,2015,2019
51,Virginia,51169,Scott,32.62,2015,2019
51,Virginia,51171,Shenandoah,30.4,2015,2019
51,Virginia,51173,Smyth,30.080000000000002,2015,2019
51,Virginia,51175,Southampton,25.14,2015,2019
51,Virginia,51177,Spotsylvania,29.619999999999997,2015,2019
51,Virginia,51179,Stafford,23.8,2015,2019
51,Virginia,51181,Surry,28.939999999999998,2015,2019
51,Virginia,51183,Sussex,27.0,2015,2019
51,Virginia,51185,Tazewell,33.36,2015,2019
51,Virginia,51187,Warren,30.8,2015,2019
51,Virginia,51191,Washington,31.860000000000003,2015,2019
51,Virginia,51193,Westmoreland,20.34,2015,2019
51,Virginia,51195,Wise,36.42,2015,2019
51,Virginia,51197,Wythe,30.0,2015,2019
51,Virginia,51199,York,27.76,2015,2019
51,Virginia,51510,Alexandria,15.34,2015,2019
51,Virginia,51520,Bristol,34.88,2015,2019
51,Virginia,51530,Buena Vista,25.639999999999997,2015,2019
51,Virginia,51540,Charlottesville,21.82,2015,2019
51,Virginia,51550,Chesapeake,27.839999999999996,2015,2019
51,Virginia,51570,Colonial Heights,32.64,2015,2019
51,Virginia,51580,Covington,56.760000000000005,2015,2019
51,Virginia,51590,Danville,29.82,2015,2019
51,Virginia,51595,Emporia,59.46,2015,2019
51,Virginia,51600,Fairfax City,14.76,2015,2019
51,Virginia,51610,Falls Church,14.12,2015,2019
51,Virginia,51620,Franklin City,32.5,2015,2019
51,Virginia,51630,Fredericksburg,27.360000000000003,2015,2019
51,Virginia,51640,Galax,11.52,2015,2019
51,Virginia,51650,Hampton,27.52,2015,2019
51,Virginia,51660,Harrisonburg,33.1,2015,2019
51,Virginia,51670,Hopewell,26.919999999999998,2015,2019
51,Virginia,51678,Lexington,29.78,2015,2019
51,Virginia,51680,Lynchburg,36.0,2015,2019
51,Virginia,51683,Manassas,20.9,2015,2019
51,Virginia,51685,Manassas Park,20.9,2015,2019
51,Virginia,51690,Martinsville,36.739999999999995,2015,2019
51,Virginia,51700,Newport News,28.68,2015,2019
51,Virginia,51710,Norfolk,28.7,2015,2019
51,Virginia,51720,Norton,19.1,2015,2019
51,Virginia,51730,Petersburg,31.4,2015,2019
51,Virginia,51735,Poquoson,24.86,2015,2019
51,Virginia,51740,Portsmouth,31.2,2015,2019
51,Virginia,51750,Radford,35.760000000000005,2015,2019
51,Virginia,51760,Richmond City,26.48,2015,2019
51,Virginia,51770,Roanoke City,35.239999999999995,2015,2019
51,Virginia,51775,Salem,35.239999999999995,2015,2019
51,Virginia,51790,Staunton,34.28,2015,2019
51,Virginia,51800,Suffolk,31.2,2015,2019
51,Virginia,51810,Virginia Beach,27.26,2015,2019
51,Virginia,51820,Waynesboro,33.839999999999996,2015,2019
51,Virginia,51830,Williamsburg,21.240000000000002,2015,2019
51,Virginia,51840,Winchester,29.02,2015,2019
53,Washington,53001,Adams,29.98,2015,2019
53,Washington,53003,Asotin,14.960000000000003,2015,2019
53,Washington,53005,Benton,24.18,2015,2019
53,Washington,53007,Chelan,23.259999999999998,2015,2019
53,Washington,53009,Clallam,26.339999999999996,2015,2019
53,Washington,53011,Clark,24.48,2015,2019
53,Washington,53013,Columbia,19.72,2015,2019
53,Washington,53015,Cowlitz,26.639999999999997,2015,2019
53,Washington,53017,Douglas,29.52,2015,2019
53,Washington,53019,Ferry,29.419999999999998,2015,2019
53,Washington,53021,Franklin,28.419999999999998,2015,2019
53,Washington,53023,Garfield,16.580000000000002,2015,2019
53,Washington,53025,Grant,27.6,2015,2019
53,Washington,53027,Grays Harbor,29.78,2015,2019
53,Washington,53029,Island,25.639999999999997,2015,2019
53,Washington,53031,Jefferson,25.98,2015,2019
53,Washington,53033,King,23.64,2015,2019
53,Washington,53035,Kitsap,23.52,2015,2019
53,Washington,53037,Kittitas,23.52,2015,2019
53,Washington,53039,Klickitat,24.14,2015,2019
53,Washington,53041,Lewis,28.560000000000002,2015,2019
53,Washington,53043,Lincoln,30.119999999999997,2015,2019
53,Washington,53045,Mason,26.98,2015,2019
53,Washington,53047,Okanogan,29.360000000000003,2015,2019
53,Washington,53049,Pacific,32.160000000000004,2015,2019
53,Washington,53051,Pend Oreille,29.6,2015,2019
53,Washington,53053,Pierce,23.84,2015,2019
53,Washington,53055,San Juan,27.32,2015,2019
53,Washington,53057,Skagit,27.26,2015,2019
53,Washington,53059,Skamania,25.2,2015,2019
53,Washington,53061,Snohomish,23.02,2015,2019
53,Washington,53063,Spokane,29.339999999999996,2015,2019
53,Washington,53065,Stevens,29.419999999999998,2015,2019
53,Washington,53067,Thurston,28.9,2015,2019
53,Washington,53069,Wahkiakum,30.060000000000002,2015,2019
53,Washington,53071,Walla Walla,22.5,2015,2019
53,Washington,53073,Whatcom,28.76,2015,2019
53,Washington,53075,Whitman,28.380000000000003,2015,2019
53,Washington,53077,Yakima,23.72,2015,2019
54,West Virginia,54001,Barbour,43.95,2015,2019
54,West Virginia,54003,Berkeley,25.700000000000003,2015,2019
54,West Virginia,54005,Boone,52.6,2015,2019
54,West Virginia,54007,Braxton,48.95,2015,2019
54,West Virginia,54009,Brooke,36.3,2015,2019
54,West Virginia,54011,Cabell,48.65,2015,2019
54,West Virginia,54013,Calhoun,46.099999999999994,2015,2019
54,West Virginia,54015,Clay,51.3,2015,2019
54,West Virginia,54017,Doddridge,52.0,2015,2019
54,West Virginia,54019,Fayette,49.2,2015,2019
54,West Virginia,54021,Gilmer,46.7,2015,2019
54,West Virginia,54023,Grant,19.6,2015,2019
54,West Virginia,54025,Greenbrier,41.55,2015,2019
54,West Virginia,54027,Hampshire,21.45,2015,2019
54,West Virginia,54029,Hancock,32.75,2015,2019
54,West Virginia,54031,Hardy,21.25,2015,2019
54,West Virginia,54033,Harrison,51.45,2015,2019
54,West Virginia,54035,Jackson,46.3,2015,2019
54,West Virginia,54037,Jefferson,24.6,2015,2019
54,West Virginia,54039,Kanawha,50.5,2015,2019
54,West Virginia,54041,Lewis,49.0,2015,2019
54,West Virginia,54043,Lincoln,51.95,2015,2019
54,West Virginia,54045,Logan,52.150000000000006,2015,2019
54,West Virginia,54047,McDowell,39.0,2015,2019
54,West Virginia,54049,Marion,49.099999999999994,2015,2019
54,West Virginia,54051,Marshall,38.5,2015,2019
54,West Virginia,54053,Mason,46.4,2015,2019
54,West Virginia,54055,Mercer,42.900000000000006,2015,2019
54,West Virginia,54057,Mineral,20.6,2015,2019
54,West Virginia,54059,Mingo,51.2,2015,2019
54,West Virginia,54061,Monongalia,43.0,2015,2019
54,West Virginia,54063,Monroe,34.85,2015,2019
54,West Virginia,54065,Morgan,28.25,2015,2019
54,West Virginia,54067,Nicholas,50.05,2015,2019
54,West Virginia,54069,Ohio,37.15,2015,2019
54,West Virginia,54071,Pendleton,25.25,2015,2019
54,West Virginia,54073,Pleasants,39.8,2015,2019
54,West Virginia,54075,Pocahontas,32.45,2015,2019
54,West Virginia,54077,Preston,36.75,2015,2019
54,West Virginia,54079,Putnam,50.400000000000006,2015,2019
54,West Virginia,54081,Raleigh,50.6,2015,2019
54,West Virginia,54083,Randolph,32.349999999999994,2015,2019
54,West Virginia,54085,Ritchie,39.8,2015,2019
54,West Virginia,54087,Roane,52.75,2015,2019
54,West Virginia,54089,Summers,44.5,2015,2019
54,West Virginia,54091,Taylor,47.35,2015,2019
54,West Virginia,54093,Tucker,35.55,2015,2019
54,West Virginia,54095,Tyler,42.0,2015,2019
54,West Virginia,54097,Upshur,48.4,2015,2019
54,West Virginia,54099,Wayne,54.55,2015,2019
54,West Virginia,54101,Webster,39.8,2015,2019
54,West Virginia,54103,Wetzel,46.6,2015,2019
54,West Virginia,54105,Wirt,44.2,2015,2019
54,West Virginia,54107,Wood,43.5,2015,2019
54,West Virginia,54109,Wyoming,47.5,2015,2019
55,Wisconsin,55001,Adams,33.96,2015,2019
55,Wisconsin,55003,Ashland,29.24,2015,2019
55,Wisconsin,55005,Barron,32.72,2015,2019
55,Wisconsin,55007,Bayfield,37.3,2015,2019
55,Wisconsin,55009,Brown,25.919999999999998,2015,2019
55,Wisconsin,55011,Buffalo,24.06,2015,2019
55,Wisconsin,55013,Burnett,32.46,2015,2019
55,Wisconsin,55015,Calumet,26.560000000000002,2015,2019
55,Wisconsin,55017,Chippewa,32.46,2015,2019
55,Wisconsin,55019,Clark,31.48,2015,2019
55,Wisconsin,55021,Columbia,28.939999999999998,2015,2019
55,Wisconsin,55023,Crawford,25.34,2015,2019
55,Wisconsin,55025,Dane,29.139999999999997,2015,2019
55,Wisconsin,55027,Dodge,25.619999999999997,2015,2019
55,Wisconsin,55029,Door,28.82,2015,2019
55,Wisconsin,55031,Douglas,29.82,2015,2019
55,Wisconsin,55033,Dunn,31.32,2015,2019
55,Wisconsin,55035,Eau Claire,32.12,2015,2019
55,Wisconsin,55037,Florence,31.839999999999996,2015,2019
55,Wisconsin,55039,Fond du Lac,27.660000000000004,2015,2019
55,Wisconsin,55041,Forest,34.18,2015,2019
55,Wisconsin,55043,Grant,30.139999999999997,2015,2019
55,Wisconsin,55045,Green,28.7,2015,2019
55,Wisconsin,55047,Green Lake,30.26,2015,2019
55,Wisconsin,55049,Iowa,27.28,2015,2019
55,Wisconsin,55051,Iron,34.160000000000004,2015,2019
55,Wisconsin,55053,Jackson,31.72,2015,2019
55,Wisconsin,55055,Jefferson,26.26,2015,2019
55,Wisconsin,55057,Juneau,32.660000000000004,2015,2019
55,Wisconsin,55059,Kenosha,27.32,2015,2019
55,Wisconsin,55061,Kewaunee,28.060000000000002,2015,2019
55,Wisconsin,55063,La Crosse,20.86,2015,2019
55,Wisconsin,55065,Lafayette,29.619999999999997,2015,2019
55,Wisconsin,55067,Langlade,29.5,2015,2019
55,Wisconsin,55069,Lincoln,28.6,2015,2019
55,Wisconsin,55071,Manitowoc,27.8,2015,2019
55,Wisconsin,55073,Marathon,31.98,2015,2019
55,Wisconsin,55075,Marinette,28.6,2015,2019
55,Wisconsin,55077,Marquette,30.76,2015,2019
55,Wisconsin,55078,Menominee,29.82,2015,2019
55,Wisconsin,55079,Milwaukee,26.060000000000002,2015,2019
55,Wisconsin,55081,Monroe,26.32,2015,2019
55,Wisconsin,55083,Oconto,28.68,2015,2019
55,Wisconsin,55085,Oneida,35.92,2015,2019
55,Wisconsin,55087,Outagamie,25.82,2015,2019
55,Wisconsin,55089,Ozaukee,26.82,2015,2019
55,Wisconsin,55091,Pepin,27.32,2015,2019
55,Wisconsin,55093,Pierce,22.66,2015,2019
55,Wisconsin,55095,Polk,25.919999999999998,2015,2019
55,Wisconsin,55097,Portage,31.360000000000003,2015,2019
55,Wisconsin,55099,Price,36.08,2015,2019
55,Wisconsin,55101,Racine,26.360000000000003,2015,2019
55,Wisconsin,55103,Richland,28.54,2015,2019
55,Wisconsin,55105,Rock,27.660000000000004,2015,2019
55,Wisconsin,55107,Rusk,34.16,2015,2019
55,Wisconsin,55109,St. Croix,26.160000000000004,2015,2019
55,Wisconsin,55111,Sauk,27.5,2015,2019
55,Wisconsin,55113,Sawyer,37.620000000000005,2015,2019
55,Wisconsin,55115,Shawano,27.26,2015,2019
55,Wisconsin,55117,Sheboygan,26.24,2015,2019
55,Wisconsin,55119,Taylor,29.880000000000003,2015,2019
55,Wisconsin,55121,Trempealeau,24.1,2015,2019
55,Wisconsin,55123,Vernon,24.24,2015,2019
55,Wisconsin,55125,Vilas,32.92,2015,2019
55,Wisconsin,55127,Walworth,25.36,2015,2019
55,Wisconsin,55129,Washburn,35.660000000000004,2015,2019
55,Wisconsin,55131,Washington,27.139999999999997,2015,2019
55,Wisconsin,55133,Waukesha,26.419999999999998,2015,2019
55,Wisconsin,55135,Waupaca,27.439999999999998,2015,2019
55,Wisconsin,55137,Waushara,28.9,2015,2019
55,Wisconsin,55139,Winnebago,27.2,2015,2019
55,Wisconsin,55141,Wood,32.4,2015,2019
4,Arizona,4001,Apache,28.32,2016,2020
4,Arizona,4003,Cochise,26.22,2016,2020
4,Arizona,4005,Coconino,30.119999999999997,2016,2020
4,Arizona,4007,Gila,24.82,2016,2020
4,Arizona,4009,Graham,26.98,2016,2020
4,Arizona,4011,Greenlee,32.12,2016,2020
4,Arizona,4012,La Paz,27.880000000000003,2016,2020
4,Arizona,4013,Maricopa,24.86,2016,2020
4,Arizona,4015,Mohave,31.540000000000003,2016,2020
4,Arizona,4017,Navajo,27.4,2016,2020
4,Arizona,4019,Pima,24.9,2016,2020
4,Arizona,4021,Pinal,24.54,2016,2020
4,Arizona,4023,Santa Cruz,25.68,2016,2020
4,Arizona,4025,Yavapai,25.080000000000002,2016,2020
4,Arizona,4027,Yuma,24.52,2016,2020
6,California,6001,Alameda,20.86,2016,2020
6,California,6003,Alpine,22.96,2016,2020
6,California,6005,Amador,29.639999999999997,2016,2020
6,California,6007,Butte,29.02,2016,2020
6,California,6009,Calaveras,29.96,2016,2020
6,California,6011,Colusa,28.919999999999998,2016,2020
6,California,6013,Contra Costa,23.18,2016,2020
6,California,6015,Del Norte,25.839999999999996,2016,2020
6,California,6017,El Dorado,28.139999999999997,2016,2020
6,California,6019,Fresno,27.360000000000003,2016,2020
6,California,6021,Glenn,28.72,2016,2020
6,California,6023,Humboldt,24.54,2016,2020
6,California,6025,Imperial,24.14,2016,2020
6,California,6027,Inyo,32.08,2016,2020
6,California,6029,Kern,27.1,2016,2020
6,California,6031,Kings,27.419999999999998,2016,2020
6,California,6033,Lake,22.8,2016,2020
6,California,6035,Lassen,26.7,2016,2020
6,California,6037,Los Angeles,25.98,2016,2020
6,California,6039,Madera,28.360000000000003,2016,2020
6,California,6041,Marin,19.7,2016,2020
6,California,6043,Mariposa,30.560000000000002,2016,2020
6,California,6045,Mendocino,23.9,2016,2020
6,California,6047,Merced,23.72,2016,2020
6,California,6049,Modoc,25.919999999999998,2016,2020
6,California,6051,Mono,26.419999999999998,2016,2020
6,California,6053,Monterey,22.78,2016,2020
6,California,6055,Napa,23.380000000000003,2016,2020
6,California,6057,Nevada,24.2,2016,2020
6,California,6059,Orange,25.22,2016,2020
6,California,6061,Placer,28.0,2016,2020
6,California,6063,Plumas,29.0,2016,2020
6,California,6065,Riverside,24.32,2016,2020
6,California,6067,Sacramento,26.5,2016,2020
6,California,6069,San Benito,21.54,2016,2020
6,California,6071,San Bernardino,26.7,2016,2020
6,California,6073,San Diego,22.3,2016,2020
6,California,6075,San Francisco,19.02,2016,2020
6,California,6077,San Joaquin,25.7,2016,2020
6,California,6079,San Luis Obispo,24.46,2016,2020
6,California,6081,San Mateo,18.54,2016,2020
6,California,6083,Santa Barbara,23.68,2016,2020
6,California,6085,Santa Clara,20.78,2016,2020
6,California,6087,Santa Cruz,18.259999999999998,2016,2020
6,California,6089,Shasta,25.08,2016,2020
6,California,6091,Sierra,21.32,2016,2020
6,California,6093,Siskiyou,26.2,2016,2020
6,California,6095,Solano,24.4,2016,2020
6,California,6097,Sonoma,21.46,2016,2020
6,California,6099,Stanislaus,23.080000000000002,2016,2020
6,California,6101,Sutter,29.1,2016,2020
6,California,6103,Tehama,28.74,2016,2020
6,California,6105,Trinity,28.28,2016,2020
6,California,6107,Tulare,30.74,2016,2020
6,California,6109,Tuolumne,28.439999999999998,2016,2020
6,California,6111,Ventura,26.080000000000002,2016,2020
6,California,6113,Yolo,28.82,2016,2020
6,California,6115,Yuba,25.639999999999997,2016,2020
8,Colorado,8001,Adams,20.419999999999998,2016,2020
8,Colorado,8003,Alamosa,31.139999999999997,2016,2020
8,Colorado,8005,Arapahoe,19.18,2016,2020
8,Colorado,8007,Archuleta,27.360000000000003,2016,2020
8,Colorado,8009,Baca,25.32,2016,2020
8,Colorado,8011,Bent,28.46,2016,2020
8,Colorado,8013,Boulder,19.54,2016,2020
8,Colorado,8014,Broomfield,20.880000000000003,2016,2020
8,Colorado,8015,Chaffee,20.6,2016,2020
8,Colorado,8017,Cheyenne,18.4,2016,2020
8,Colorado,8019,Clear Creek,18.84,2016,2020
8,Colorado,8021,Conejos,29.580000000000002,2016,2020
8,Colorado,8023,Costilla,27.52,2016,2020
8,Colorado,8025,Crowley,22.880000000000003,2016,2020
8,Colorado,8027,Custer,26.8,2016,2020
8,Colorado,8029,Delta,24.8,2016,2020
8,Colorado,8031,Denver,19.82,2016,2020
8,Colorado,8033,Dolores,15.180000000000001,2016,2020
8,Colorado,8035,Douglas,18.94,2016,2020
8,Colorado,8037,Eagle,14.040000000000001,2016,2020
8,Colorado,8039,Elbert,18.720000000000002,2016,2020
8,Colorado,8041,El Paso,20.740000000000002,2016,2020
8,Colorado,8043,Fremont,22.6,2016,2020
8,Colorado,8045,Garfield,21.380000000000003,2016,2020
8,Colorado,8047,Gilpin,17.44,2016,2020
8,Colorado,8049,Grand,16.98,2016,2020
8,Colorado,8051,Gunnison,22.919999999999998,2016,2020
8,Colorado,8053,Hinsdale,18.479999999999997,2016,2020
8,Colorado,8055,Huerfano,26.860000000000003,2016,2020
8,Colorado,8057,Jackson,20.4,2016,2020
8,Colorado,8059,Jefferson,18.72,2016,2020
8,Colorado,8061,Kiowa,27.360000000000003,2016,2020
8,Colorado,8063,Kit Carson,18.84,2016,2020
8,Colorado,8065,Lake,13.219999999999999,2016,2020
8,Colorado,8067,La Plata,23.66,2016,2020
8,Colorado,8069,Larimer,19.759999999999998,2016,2020
8,Colorado,8071,Las Animas,27.28,2016,2020
8,Colorado,8073,Lincoln,20.619999999999997,2016,2020
8,Colorado,8075,Logan,24.119999999999997,2016,2020
8,Colorado,8077,Mesa,21.740000000000002,2016,2020
8,Colorado,8079,Mineral,24.2,2016,2020
8,Colorado,8081,Moffat,24.119999999999997,2016,2020
8,Colorado,8083,Montezuma,22.64,2016,2020
8,Colorado,8085,Montrose,22.619999999999997,2016,2020
8,Colorado,8087,Morgan,25.8,2016,2020
8,Colorado,8089,Otero,27.339999999999996,2016,2020
8,Colorado,8091,Ouray,18.419999999999998,2016,2020
8,Colorado,8093,Park,19.68,2016,2020
8,Colorado,8095,Phillips,27.0,2016,2020
8,Colorado,8097,Pitkin,20.84,2016,2020
8,Colorado,8099,Prowers,25.16,2016,2020
8,Colorado,8101,Pueblo,23.34,2016,2020
8,Colorado,8103,Rio Blanco,21.84,2016,2020
8,Colorado,8105,Rio Grande,29.160000000000004,2016,2020
8,Colorado,8107,Routt,16.5,2016,2020
8,Colorado,8109,Saguache,25.54,2016,2020
8,Colorado,8111,San Juan,16.04,2016,2020
8,Colorado,8113,San Miguel,16.6,2016,2020
8,Colorado,8115,Sedgwick,21.419999999999998,2016,2020
8,Colorado,8117,Summit,14.52,2016,2020
8,Colorado,8119,Teller,19.6,2016,2020
8,Colorado,8121,Washington,21.660000000000004,2016,2020
8,Colorado,8123,Weld,21.84,2016,2020
8,Colorado,8125,Yuma,24.32,2016,2020
9,Connecticut,9001,Fairfield,23.925,2016,2020
9,Connecticut,9003,Hartford,25.3,2016,2020
9,Connecticut,9005,Litchfield,24.275,2016,2020
9,Connecticut,9007,Middlesex,25.425,2016,2020
9,Connecticut,9009,New Haven,24.175,2016,2020
9,Connecticut,9011,New London,25.825,2016,2020
9,Connecticut,9013,Tolland,26.075,2016,2020
9,Connecticut,9015,Windham,29.55,2016,2020
12,Florida,12001,Alachua,37.42,2016,2020
12,Florida,12003,Baker,32.72,2016,2020
12,Florida,12005,Bay,29.339999999999996,2016,2020
12,Florida,12007,Bradford,33.62,2016,2020
12,Florida,12009,Brevard,29.26,2016,2020
12,Florida,12011,Broward,26.02,2016,2020
12,Florida,12013,Calhoun,32.14,2016,2020
12,Florida,12015,Charlotte,26.839999999999996,2016,2020
12,Florida,12017,Citrus,41.58,2016,2020
12,Florida,12019,Clay,31.080000000000002,2016,2020
12,Florida,12021,Collier,26.74,2016,2020
12,Florida,12023,Columbia,34.839999999999996,2016,2020
12,Florida,12027,DeSoto,28.939999999999998,2016,2020
12,Florida,12029,Dixie,38.739999999999995,2016,2020
12,Florida,12031,Duval,30.18,2016,2020
12,Florida,12033,Escambia,35.8,2016,2020
12,Florida,12035,Flagler,30.919999999999998,2016,2020
12,Florida,12037,Franklin,38.2,2016,2020
12,Florida,12039,Gadsden,30.339999999999996,2016,2020
12,Florida,12041,Gilchrist,34.5,2016,2020
12,Florida,12043,Glades,24.8,2016,2020
12,Florida,12045,Gulf,34.92,2016,2020
12,Florida,12047,Hamilton,41.660000000000004,2016,2020
12,Florida,12049,Hardee,33.480000000000004,2016,2020
12,Florida,12051,Hendry,24.119999999999997,2016,2020
12,Florida,12053,Hernando,40.0,2016,2020
12,Florida,12055,Highlands,37.739999999999995,2016,2020
12,Florida,12057,Hillsborough,32.9,2016,2020
12,Florida,12059,Holmes,22.580000000000002,2016,2020
12,Florida,12061,Indian River,31.1,2016,2020
12,Florida,12063,Jackson,31.080000000000002,2016,2020
12,Florida,12065,Jefferson,33.839999999999996,2016,2020
12,Florida,12067,Lafayette,40.339999999999996,2016,2020
12,Florida,12069,Lake,33.3,2016,2020
12,Florida,12071,Lee,24.580000000000002,2016,2020
12,Florida,12073,Leon,33.36,2016,2020
12,Florida,12075,Levy,39.0,2016,2020
12,Florida,12077,Liberty,31.24,2016,2020
12,Florida,12079,Madison,41.12,2016,2020
12,Florida,12081,Manatee,31.339999999999996,2016,2020
12,Florida,12083,Marion,36.8,2016,2020
12,Florida,12085,Martin,24.72,2016,2020
12,Florida,12086,Miami-Dade,27.360000000000003,2016,2020
12,Florida,12087,Monroe,28.3,2016,2020
12,Florida,12089,Nassau,31.46,2016,2020
12,Florida,12091,Okaloosa,32.040000000000006,2016,2020
12,Florida,12093,Okeechobee,29.22,2016,2020
12,Florida,12095,Orange,31.919999999999998,2016,2020
12,Florida,12097,Osceola,32.839999999999996,2016,2020
12,Florida,12099,Palm Beach,24.28,2016,2020
12,Florida,12101,Pasco,33.92,2016,2020
12,Florida,12103,Pinellas,31.82,2016,2020
12,Florida,12105,Polk,33.44,2016,2020
12,Florida,12107,Putnam,32.92,2016,2020
12,Florida,12109,St. Johns,30.3,2016,2020
12,Florida,12111,St. Lucie,30.04,2016,2020
12,Florida,12113,Santa Rosa,34.3,2016,2020
12,Florida,12115,Sarasota,27.660000000000004,2016,2020
12,Florida,12117,Seminole,29.860000000000003,2016,2020
12,Florida,12119,Sumter,39.62,2016,2020
12,Florida,12121,Suwannee,40.58,2016,2020
12,Florida,12123,Taylor,38.519999999999996,2016,2020
12,Florida,12125,Union,33.86,2016,2020
12,Florida,12127,Volusia,30.9,2016,2020
12,Florida,12129,Wakulla,33.08,2016,2020
12,Florida,12131,Walton,30.54,2016,2020
12,Florida,12133,Washington,28.6,2016,2020
18,Indiana,18001,Adams,30.266666666666666,2016,2020
18,Indiana,18003,Allen,30.233333333333334,2016,2020
18,Indiana,18005,Bartholomew,31.599999999999998,2016,2020
18,Indiana,18007,Benton,32.86666666666667,2016,2020
18,Indiana,18009,Blackford,40.166666666666664,2016,2020
18,Indiana,18011,Boone,26.5,2016,2020
18,Indiana,18013,Brown,28.8,2016,2020
18,Indiana,18015,Carroll,34.06666666666666,2016,2020
18,Indiana,18017,Cass,37.36666666666667,2016,2020
18,Indiana,18019,Clark,29.633333333333336,2016,2020
18,Indiana,18021,Clay,35.46666666666667,2016,2020
18,Indiana,18023,Clinton,27.0,2016,2020
18,Indiana,18025,Crawford,32.666666666666664,2016,2020
18,Indiana,18027,Daviess,34.4,2016,2020
18,Indiana,18029,Dearborn,19.400000000000002,2016,2020
18,Indiana,18031,Decatur,29.366666666666664,2016,2020
18,Indiana,18033,DeKalb,29.166666666666668,2016,2020
18,Indiana,18035,Delaware,39.46666666666667,2016,2020
18,Indiana,18037,Dubois,33.1,2016,2020
18,Indiana,18039,Elkhart,27.866666666666664,2016,2020
18,Indiana,18041,Fayette,42.0,2016,2020
18,Indiana,18043,Floyd,30.866666666666664,2016,2020
18,Indiana,18045,Fountain,33.06666666666667,2016,2020
18,Indiana,18047,Franklin,24.433333333333337,2016,2020
18,Indiana,18049,Fulton,35.36666666666667,2016,2020
18,Indiana,18051,Gibson,35.9,2016,2020
18,Indiana,18053,Grant,38.0,2016,2020
18,Indiana,18055,Greene,30.233333333333334,2016,2020
18,Indiana,18057,Hamilton,27.099999999999998,2016,2020
18,Indiana,18059,Hancock,27.566666666666666,2016,2020
18,Indiana,18061,Harrison,29.866666666666664,2016,2020
18,Indiana,18063,Hendricks,29.333333333333332,2016,2020
18,Indiana,18065,Henry,38.03333333333333,2016,2020
18,Indiana,18067,Howard,39.733333333333334,2016,2020
18,Indiana,18069,Huntington,32.86666666666667,2016,2020
18,Indiana,18071,Jackson,29.96666666666667,2016,2020
18,Indiana,18073,Jasper,29.933333333333337,2016,2020
18,Indiana,18075,Jay,36.0,2016,2020
18,Indiana,18077,Jefferson,29.066666666666666,2016,2020
18,Indiana,18079,Jennings,28.733333333333334,2016,2020
18,Indiana,18081,Johnson,29.2,2016,2020
18,Indiana,18083,Knox,35.9,2016,2020
18,Indiana,18085,Kosciusko,28.2,2016,2020
18,Indiana,18087,LaGrange,29.333333333333332,2016,2020
18,Indiana,18089,Lake,27.733333333333334,2016,2020
18,Indiana,18091,LaPorte,29.5,2016,2020
18,Indiana,18093,Lawrence,31.633333333333336,2016,2020
18,Indiana,18095,Madison,29.2,2016,2020
18,Indiana,18097,Marion,26.633333333333336,2016,2020
18,Indiana,18099,Marshall,27.03333333333333,2016,2020
18,Indiana,18101,Martin,34.56666666666667,2016,2020
18,Indiana,18103,Miami,39.833333333333336,2016,2020
18,Indiana,18105,Monroe,29.666666666666668,2016,2020
18,Indiana,18107,Montgomery,30.566666666666666,2016,2020
18,Indiana,18109,Morgan,27.866666666666664,2016,2020
18,Indiana,18111,Newton,27.733333333333334,2016,2020
18,Indiana,18113,Noble,28.166666666666668,2016,2020
18,Indiana,18115,Ohio,19.533333333333335,2016,2020
18,Indiana,18117,Orange,36.03333333333333,2016,2020
18,Indiana,18119,Owen,29.733333333333334,2016,2020
18,Indiana,18121,Parke,37.666666666666664,2016,2020
18,Indiana,18123,Perry,32.766666666666666,2016,2020
18,Indiana,18125,Pike,33.5,2016,2020
18,Indiana,18127,Porter,29.03333333333333,2016,2020
18,Indiana,18129,Posey,30.866666666666664,2016,2020
18,Indiana,18131,Pulaski,36.833333333333336,2016,2020
18,Indiana,18133,Putnam,31.433333333333337,2016,2020
18,Indiana,18135,Randolph,41.300000000000004,2016,2020
18,Indiana,18137,Ripley,17.5,2016,2020
18,Indiana,18139,Rush,33.86666666666667,2016,2020
18,Indiana,18141,St. Joseph,27.46666666666667,2016,2020
18,Indiana,18143,Scott,33.699999999999996,2016,2020
18,Indiana,18145,Shelby,29.166666666666668,2016,2020
18,Indiana,18147,Spencer,33.5,2016,2020
18,Indiana,18149,Starke,30.3,2016,2020
18,Indiana,18151,Steuben,35.1,2016,2020
18,Indiana,18153,Sullivan,36.266666666666666,2016,2020
18,Indiana,18155,Switzerland,21.833333333333332,2016,2020
18,Indiana,18157,Tippecanoe,33.86666666666667,2016,2020
18,Indiana,18159,Tipton,29.066666666666666,2016,2020
18,Indiana,18161,Union,42.26666666666667,2016,2020
18,Indiana,18163,Vanderburgh,32.06666666666666,2016,2020
18,Indiana,18165,Vermillion,35.53333333333333,2016,2020
18,Indiana,18167,Vigo,36.36666666666667,2016,2020
18,Indiana,18169,Wabash,37.96666666666667,2016,2020
18,Indiana,18171,Warren,31.599999999999998,2016,2020
18,Indiana,18173,Warrick,32.666666666666664,2016,2020
18,Indiana,18175,Washington,35.53333333333333,2016,2020
18,Indiana,18177,Wayne,46.199999999999996,2016,2020
18,Indiana,18179,Wells,33.03333333333333,2016,2020
18,Indiana,18181,White,33.6,2016,2020
18,Indiana,18183,Whitley,30.86666666666667,2016,2020
19,Iowa,19001,Adair,20.8,2016,2020
19,Iowa,19003,Adams,20.16,2016,2020
19,Iowa,19005,Allamakee,15.419999999999998,2016,2020
19,Iowa,19007,Appanoose,36.92,2016,2020
19,Iowa,19009,Audubon,19.36,2016,2020
19,Iowa,19011,Benton,27.68,2016,2020
19,Iowa,19013,Black Hawk,27.8,2016,2020
19,Iowa,19015,Boone,27.160000000000004,2016,2020
19,Iowa,19017,Bremer,27.5,2016,2020
19,Iowa,19019,Buchanan,28.68,2016,2020
19,Iowa,19021,Buena Vista,20.46,2016,2020
19,Iowa,19023,Butler,28.24,2016,2020
19,Iowa,19025,Calhoun,27.68,2016,2020
19,Iowa,19027,Carroll,22.94,2016,2020
19,Iowa,19029,Cass,24.18,2016,2020
19,Iowa,19031,Cedar,27.919999999999998,2016,2020
19,Iowa,19033,Cerro Gordo,27.82,2016,2020
19,Iowa,19035,Cherokee,21.28,2016,2020
19,Iowa,19037,Chickasaw,21.06,2016,2020
19,Iowa,19039,Clarke,29.8,2016,2020
19,Iowa,19041,Clay,13.66,2016,2020
19,Iowa,19043,Clayton,25.56,2016,2020
19,Iowa,19045,Clinton,30.3,2016,2020
19,Iowa,19047,Crawford,22.82,2016,2020
19,Iowa,19049,Dallas,25.839999999999996,2016,2020
19,Iowa,19051,Davis,34.18,2016,2020
19,Iowa,19053,Decatur,32.88,2016,2020
19,Iowa,19055,Delaware,29.639999999999997,2016,2020
19,Iowa,19057,Des Moines,38.980000000000004,2016,2020
19,Iowa,19059,Dickinson,8.879999999999999,2016,2020
19,Iowa,19061,Dubuque,30.3,2016,2020
19,Iowa,19063,Emmet,14.319999999999999,2016,2020
19,Iowa,19065,Fayette,23.54,2016,2020
19,Iowa,19067,Floyd,25.78,2016,2020
19,Iowa,19069,Franklin,29.919999999999998,2016,2020
19,Iowa,19071,Fremont,19.880000000000003,2016,2020
19,Iowa,19073,Greene,24.080000000000002,2016,2020
19,Iowa,19075,Grundy,28.919999999999998,2016,2020
19,Iowa,19077,Guthrie,20.14,2016,2020
19,Iowa,19079,Hamilton,32.059999999999995,2016,2020
19,Iowa,19081,Hancock,27.860000000000003,2016,2020
19,Iowa,19083,Hardin,30.619999999999997,2016,2020
19,Iowa,19085,Harrison,22.02,2016,2020
19,Iowa,19087,Henry,36.019999999999996,2016,2020
19,Iowa,19089,Howard,15.940000000000001,2016,2020
19,Iowa,19091,Humboldt,28.660000000000004,2016,2020
19,Iowa,19093,Ida,24.98,2016,2020
19,Iowa,19095,Iowa,27.54,2016,2020
19,Iowa,19097,Jackson,33.9,2016,2020
19,Iowa,19099,Jasper,27.7,2016,2020
19,Iowa,19101,Jefferson,33.46,2016,2020
19,Iowa,19103,Johnson,26.919999999999998,2016,2020
19,Iowa,19105,Jones,31.52,2016,2020
19,Iowa,19107,Keokuk,30.9,2016,2020
19,Iowa,19109,Kossuth,23.2,2016,2020
19,Iowa,19111,Lee,38.12,2016,2020
19,Iowa,19113,Linn,27.02,2016,2020
19,Iowa,19115,Louisa,26.96,2016,2020
19,Iowa,19117,Lucas,30.080000000000002,2016,2020
19,Iowa,19119,Lyon,9.1,2016,2020
19,Iowa,19121,Madison,25.660000000000004,2016,2020
19,Iowa,19123,Mahaska,31.380000000000003,2016,2020
19,Iowa,19125,Marion,27.46,2016,2020
19,Iowa,19127,Marshall,29.560000000000002,2016,2020
19,Iowa,19129,Mills,25.1,2016,2020
19,Iowa,19131,Mitchell,22.64,2016,2020
19,Iowa,19133,Monona,22.52,2016,2020
19,Iowa,19135,Monroe,33.58,2016,2020
19,Iowa,19137,Montgomery,21.12,2016,2020
19,Iowa,19139,Muscatine,24.4,2016,2020
19,Iowa,19141,O'Brien,12.459999999999999,2016,2020
19,Iowa,19143,Osceola,7.8,2016,2020
19,Iowa,19145,Page,17.119999999999997,2016,2020
19,Iowa,19147,Palo Alto,16.82,2016,2020
19,Iowa,19149,Plymouth,22.02,2016,2020
19,Iowa,19151,Pocahontas,25.22,2016,2020
19,Iowa,19153,Polk,26.4,2016,2020
19,Iowa,19155,Pottawattamie,23.56,2016,2020
19,Iowa,19157,Poweshiek,29.419999999999998,2016,2020
19,Iowa,19159,Ringgold,29.5,2016,2020
19,Iowa,19161,Sac,22.580000000000002,2016,2020
19,Iowa,19163,Scott,28.9,2016,2020
19,Iowa,19165,Shelby,21.46,2016,2020
19,Iowa,19167,Sioux,13.66,2016,2020
19,Iowa,19169,Story,28.54,2016,2020
19,Iowa,19171,Tama,28.619999999999997,2016,2020
19,Iowa,19173,Taylor,22.98,2016,2020
19,Iowa,19175,Union,27.26,2016,2020
19,Iowa,19177,Van Buren,33.72,2016,2020
19,Iowa,19179,Wapello,33.760000000000005,2016,2020
19,Iowa,19181,Warren,25.660000000000004,2016,2020
19,Iowa,19183,Washington,24.52,2016,2020
19,Iowa,19185,Wayne,34.78,2016,2020
19,Iowa,19187,Webster,33.0,2016,2020
19,Iowa,19189,Winnebago,25.419999999999998,2016,2020
19,Iowa,19191,Winneshiek,12.76,2016,2020
19,Iowa,19193,Woodbury,21.619999999999997,2016,2020
19,Iowa,19195,Worth,24.04,2016,2020
19,Iowa,19197,Wright,30.580000000000002,2016,2020
20,Kansas,20001,Allen,25.28,2016,2020
20,Kansas,20003,Anderson,30.540000000000003,2016,2020
20,Kansas,20005,Atchison,31.28,2016,2020
20,Kansas,20007,Barber,13.940000000000001,2016,2020
20,Kansas,20009,Barton,25.96,2016,2020
20,Kansas,20011,Bourbon,28.919999999999998,2016,2020
20,Kansas,20013,Brown,31.78,2016,2020
20,Kansas,20015,Butler,28.5,2016,2020
20,Kansas,20017,Chase,22.1,2016,2020
20,Kansas,20019,Chautauqua,15.540000000000001,2016,2020
20,Kansas,20021,Cherokee,32.46,2016,2020
20,Kansas,20023,Cheyenne,18.28,2016,2020
20,Kansas,20025,Clark,24.5,2016,2020
20,Kansas,20027,Clay,28.22,2016,2020
20,Kansas,20029,Cloud,20.3,2016,2020
20,Kansas,20031,Coffey,31.6,2016,2020
20,Kansas,20033,Comanche,12.78,2016,2020
20,Kansas,20035,Cowley,28.5,2016,2020
20,Kansas,20037,Crawford,32.0,2016,2020
20,Kansas,20039,Decatur,23.02,2016,2020
20,Kansas,20041,Dickinson,26.119999999999997,2016,2020
20,Kansas,20043,Doniphan,36.760000000000005,2016,2020
20,Kansas,20045,Douglas,23.82,2016,2020
20,Kansas,20047,Edwards,22.14,2016,2020
20,Kansas,20049,Elk,16.32,2016,2020
20,Kansas,20051,Ellis,24.46,2016,2020
20,Kansas,20053,Ellsworth,24.36,2016,2020
20,Kansas,20055,Finney,20.94,2016,2020
20,Kansas,20057,Ford,24.34,2016,2020
20,Kansas,20059,Franklin,22.04,2016,2020
20,Kansas,20061,Geary,30.759999999999998,2016,2020
20,Kansas,20063,Gove,25.56,2016,2020
20,Kansas,20065,Graham,20.96,2016,2020
20,Kansas,20067,Grant,18.259999999999998,2016,2020
20,Kansas,20069,Gray,22.32,2016,2020
20,Kansas,20071,Greeley,24.96,2016,2020
20,Kansas,20073,Greenwood,21.6,2016,2020
20,Kansas,20075,Hamilton,23.34,2016,2020
20,Kansas,20077,Harper,23.7,2016,2020
20,Kansas,20079,Harvey,28.939999999999998,2016,2020
20,Kansas,20081,Haskell,17.6,2016,2020
20,Kansas,20083,Hodgeman,23.24,2016,2020
20,Kansas,20085,Jackson,29.880000000000003,2016,2020
20,Kansas,20087,Jefferson,28.839999999999996,2016,2020
20,Kansas,20089,Jewell,20.759999999999998,2016,2020
20,Kansas,20091,Johnson,26.119999999999997,2016,2020
20,Kansas,20093,Kearny,20.98,2016,2020
20,Kansas,20095,Kingman,30.18,2016,2020
20,Kansas,20097,Kiowa,20.94,2016,2020
20,Kansas,20099,Labette,24.16,2016,2020
20,Kansas,20101,Lane,21.5,2016,2020
20,Kansas,20103,Leavenworth,24.28,2016,2020
20,Kansas,20105,Lincoln,23.5,2016,2020
20,Kansas,20107,Linn,32.540000000000006,2016,2020
20,Kansas,20109,Logan,24.28,2016,2020
20,Kansas,20111,Lyon,31.54,2016,2020
20,Kansas,20113,McPherson,27.839999999999996,2016,2020
20,Kansas,20115,Marion,22.7,2016,2020
20,Kansas,20117,Marshall,23.46,2016,2020
20,Kansas,20119,Meade,23.04,2016,2020
20,Kansas,20121,Miami,22.880000000000003,2016,2020
20,Kansas,20123,Mitchell,21.220000000000002,2016,2020
20,Kansas,20125,Montgomery,15.84,2016,2020
20,Kansas,20127,Morris,30.380000000000003,2016,2020
20,Kansas,20129,Morton,14.319999999999999,2016,2020
20,Kansas,20131,Nemaha,26.380000000000003,2016,2020
20,Kansas,20133,Neosho,21.619999999999997,2016,2020
20,Kansas,20135,Ness,20.98,2016,2020
20,Kansas,20137,Norton,18.580000000000002,2016,2020
20,Kansas,20139,Osage,29.32,2016,2020
20,Kansas,20141,Osborne,20.98,2016,2020
20,Kansas,20143,Ottawa,24.96,2016,2020
20,Kansas,20145,Pawnee,22.34,2016,2020
20,Kansas,20147,Phillips,18.86,2016,2020
20,Kansas,20149,Pottawatomie,28.02,2016,2020
20,Kansas,20151,Pratt,26.5,2016,2020
20,Kansas,20153,Rawlins,20.759999999999998,2016,2020
20,Kansas,20155,Reno,30.040000000000003,2016,2020
20,Kansas,20157,Republic,21.1,2016,2020
20,Kansas,20159,Rice,28.419999999999998,2016,2020
20,Kansas,20161,Riley,26.9,2016,2020
20,Kansas,20163,Rooks,21.02,2016,2020
20,Kansas,20165,Rush,22.4,2016,2020
20,Kansas,20167,Russell,22.9,2016,2020
20,Kansas,20169,Saline,23.72,2016,2020
20,Kansas,20171,Scott,22.18,2016,2020
20,Kansas,20173,Sedgwick,28.96,2016,2020
20,Kansas,20175,Seward,14.9,2016,2020
20,Kansas,20177,Shawnee,28.32,2016,2020
20,Kansas,20179,Sheridan,15.76,2016,2020
20,Kansas,20181,Sherman,17.880000000000003,2016,2020
20,Kansas,20183,Smith,21.2,2016,2020
20,Kansas,20185,Stafford,28.26,2016,2020
20,Kansas,20187,Stanton,20.580000000000002,2016,2020
20,Kansas,20189,Stevens,14.84,2016,2020
20,Kansas,20191,Sumner,28.46,2016,2020
20,Kansas,20193,Thomas,17.18,2016,2020
20,Kansas,20195,Trego,23.06,2016,2020
20,Kansas,20197,Wabaunsee,30.080000000000002,2016,2020
20,Kansas,20199,Wallace,20.04,2016,2020
20,Kansas,20201,Washington,23.68,2016,2020
20,Kansas,20203,Wichita,28.68,2016,2020
20,Kansas,20205,Wilson,13.959999999999999,2016,2020
20,Kansas,20207,Woodson,21.54,2016,2020
20,Kansas,20209,Wyandotte,25.7,2016,2020
21,Kentucky,21001,Adair,52.7,2016,2020
21,Kentucky,21003,Allen,44.54,2016,2020
21,Kentucky,21005,Anderson,35.18,2016,2020
21,Kentucky,21007,Ballard,32.879999999999995,2016,2020
21,Kentucky,21009,Barren,50.019999999999996,2016,2020
21,Kentucky,21011,Bath,50.440000000000005,2016,2020
21,Kentucky,21013,Bell,49.44,2016,2020
21,Kentucky,21015,Boone,27.160000000000004,2016,2020
21,Kentucky,21017,Bourbon,30.02,2016,2020
21,Kentucky,21019,Boyd,55.760000000000005,2016,2020
21,Kentucky,21021,Boyle,43.46,2016,2020
21,Kentucky,21023,Bracken,49.36,2016,2020
21,Kentucky,21025,Breathitt,62.339999999999996,2016,2020
21,Kentucky,21027,Breckinridge,37.54,2016,2020
21,Kentucky,21029,Bullitt,32.06,2016,2020
21,Kentucky,21031,Butler,49.12,2016,2020
21,Kentucky,21033,Caldwell,31.7,2016,2020
21,Kentucky,21035,Calloway,40.62,2016,2020
21,Kentucky,21037,Campbell,26.639999999999997,2016,2020
21,Kentucky,21039,Carlisle,35.58,2016,2020
21,Kentucky,21041,Carroll,32.44,2016,2020
21,Kentucky,21043,Carter,52.44,2016,2020
21,Kentucky,21045,Casey,50.6,2016,2020
21,Kentucky,21047,Christian,35.46,2016,2020
21,Kentucky,21049,Clark,29.2,2016,2020
21,Kentucky,21051,Clay,50.3,2016,2020
21,Kentucky,21053,Clinton,46.82,2016,2020
21,Kentucky,21055,Crittenden,29.619999999999997,2016,2020
21,Kentucky,21057,Cumberland,50.06,2016,2020
21,Kentucky,21059,Daviess,33.78,2016,2020
21,Kentucky,21061,Edmonson,49.06,2016,2020
21,Kentucky,21063,Elliott,55.14,2016,2020
21,Kentucky,21065,Estill,39.8,2016,2020
21,Kentucky,21067,Fayette,27.660000000000004,2016,2020
21,Kentucky,21069,Fleming,53.44,2016,2020
21,Kentucky,21071,Floyd,58.2,2016,2020
21,Kentucky,21073,Franklin,33.78,2016,2020
21,Kentucky,21075,Fulton,46.68,2016,2020
21,Kentucky,21077,Gallatin,31.74,2016,2020
21,Kentucky,21079,Garrard,37.260000000000005,2016,2020
21,Kentucky,21081,Grant,31.580000000000002,2016,2020
21,Kentucky,21083,Graves,42.06,2016,2020
21,Kentucky,21085,Grayson,40.760000000000005,2016,2020
21,Kentucky,21087,Green,51.720000000000006,2016,2020
21,Kentucky,21089,Greenup,52.56,2016,2020
21,Kentucky,21091,Hancock,39.72,2016,2020
21,Kentucky,21093,Hardin,32.9,2016,2020
21,Kentucky,21095,Harlan,45.2,2016,2020
21,Kentucky,21097,Harrison,42.04,2016,2020
21,Kentucky,21099,Hart,42.32,2016,2020
21,Kentucky,21101,Henderson,32.18,2016,2020
21,Kentucky,21103,Henry,31.660000000000004,2016,2020
21,Kentucky,21105,Hickman,49.42,2016,2020
21,Kentucky,21107,Hopkins,37.88,2016,2020
21,Kentucky,21109,Jackson,42.46,2016,2020
21,Kentucky,21111,Jefferson,31.5,2016,2020
21,Kentucky,21113,Jessamine,26.78,2016,2020
21,Kentucky,21115,Johnson,62.160000000000004,2016,2020
21,Kentucky,21117,Kenton,27.939999999999998,2016,2020
21,Kentucky,21119,Knott,60.5,2016,2020
21,Kentucky,21121,Knox,50.1,2016,2020
21,Kentucky,21123,Larue,40.279999999999994,2016,2020
21,Kentucky,21125,Laurel,52.879999999999995,2016,2020
21,Kentucky,21127,Lawrence,57.82000000000001,2016,2020
21,Kentucky,21129,Lee,53.58,2016,2020
21,Kentucky,21131,Leslie,62.160000000000004,2016,2020
21,Kentucky,21133,Letcher,53.220000000000006,2016,2020
21,Kentucky,21135,Lewis,53.44,2016,2020
21,Kentucky,21137,Lincoln,48.480000000000004,2016,2020
21,Kentucky,21139,Livingston,33.08,2016,2020
21,Kentucky,21141,Logan,46.260000000000005,2016,2020
21,Kentucky,21143,Lyon,33.08,2016,2020
21,Kentucky,21145,McCracken,35.86,2016,2020
21,Kentucky,21147,McCreary,51.5,2016,2020
21,Kentucky,21149,McLean,36.260000000000005,2016,2020
21,Kentucky,21151,Madison,28.9,2016,2020
21,Kentucky,21153,Magoffin,61.9,2016,2020
21,Kentucky,21155,Marion,44.2,2016,2020
21,Kentucky,21157,Marshall,34.64,2016,2020
21,Kentucky,21159,Martin,56.1,2016,2020
21,Kentucky,21161,Mason,50.58,2016,2020
21,Kentucky,21163,Meade,32.480000000000004,2016,2020
21,Kentucky,21165,Menifee,54.58,2016,2020
21,Kentucky,21167,Mercer,33.9,2016,2020
21,Kentucky,21169,Metcalfe,52.5,2016,2020
21,Kentucky,21171,Monroe,55.120000000000005,2016,2020
21,Kentucky,21173,Montgomery,44.92,2016,2020
21,Kentucky,21175,Morgan,60.52,2016,2020
21,Kentucky,21177,Muhlenberg,41.72,2016,2020
21,Kentucky,21179,Nelson,33.8,2016,2020
21,Kentucky,21181,Nicholas,48.44,2016,2020
21,Kentucky,21183,Ohio,44.7,2016,2020
21,Kentucky,21185,Oldham,31.7,2016,2020
21,Kentucky,21187,Owen,40.17999999999999,2016,2020
21,Kentucky,21189,Owsley,61.379999999999995,2016,2020
21,Kentucky,21191,Pendleton,30.48,2016,2020
21,Kentucky,21193,Perry,68.48,2016,2020
21,Kentucky,21195,Pike,42.96,2016,2020
21,Kentucky,21197,Powell,46.160000000000004,2016,2020
21,Kentucky,21199,Pulaski,48.839999999999996,2016,2020
21,Kentucky,21201,Robertson,54.739999999999995,2016,2020
21,Kentucky,21203,Rockcastle,44.0,2016,2020
21,Kentucky,21205,Rowan,53.82000000000001,2016,2020
21,Kentucky,21207,Russell,50.04,2016,2020
21,Kentucky,21209,Scott,29.080000000000002,2016,2020
21,Kentucky,21211,Shelby,31.439999999999998,2016,2020
21,Kentucky,21213,Simpson,42.68,2016,2020
21,Kentucky,21215,Spencer,31.96,2016,2020
21,Kentucky,21217,Taylor,47.480000000000004,2016,2020
21,Kentucky,21219,Todd,38.06,2016,2020
21,Kentucky,21221,Trigg,31.96,2016,2020
21,Kentucky,21223,Trimble,30.660000000000004,2016,2020
21,Kentucky,21225,Union,17.78,2016,2020
21,Kentucky,21227,Warren,50.08,2016,2020
21,Kentucky,21229,Washington,40.76,2016,2020
21,Kentucky,21231,Wayne,50.92,2016,2020
21,Kentucky,21233,Webster,27.6,2016,2020
21,Kentucky,21235,Whitley,47.160000000000004,2016,2020
21,Kentucky,21237,Wolfe,59.739999999999995,2016,2020
21,Kentucky,21239,Woodford,27.419999999999998,2016,2020
22,Louisiana,22001,Acadia,30.7,2016,2020
22,Louisiana,22003,Allen,37.160000000000004,2016,2020
22,Louisiana,22005,Ascension,28.46,2016,2020
22,Louisiana,22007,Assumption,31.98,2016,2020
22,Louisiana,22009,Avoyelles,34.58,2016,2020
22,Louisiana,22011,Beauregard,32.9,2016,2020
22,Louisiana,22013,Bienville,30.98,2016,2020
22,Louisiana,22015,Bossier,31.04,2016,2020
22,Louisiana,22017,Caddo,30.68,2016,2020
22,Louisiana,22019,Calcasieu,30.360000000000003,2016,2020
22,Louisiana,22021,Caldwell,40.94,2016,2020
22,Louisiana,22023,Cameron,29.939999999999998,2016,2020
22,Louisiana,22025,Catahoula,40.72,2016,2020
22,Louisiana,22027,Claiborne,31.580000000000002,2016,2020
22,Louisiana,22029,Concordia,34.2,2016,2020
22,Louisiana,22031,De Soto,33.42,2016,2020
22,Louisiana,22033,East Baton Rouge,28.26,2016,2020
22,Louisiana,22035,East Carroll,39.0,2016,2020
22,Louisiana,22037,East Feliciana,27.9,2016,2020
22,Louisiana,22039,Evangeline,34.4,2016,2020
22,Louisiana,22041,Franklin,44.52,2016,2020
22,Louisiana,22043,Grant,35.839999999999996,2016,2020
22,Louisiana,22045,Iberia,30.48,2016,2020
22,Louisiana,22047,Iberville,27.74,2016,2020
22,Louisiana,22049,Jackson,36.46,2016,2020
22,Louisiana,22051,Jefferson,31.619999999999997,2016,2020
22,Louisiana,22053,Jefferson Davis,32.46,2016,2020
22,Louisiana,22055,Lafayette,30.24,2016,2020
22,Louisiana,22057,Lafourche,32.760000000000005,2016,2020
22,Louisiana,22059,La Salle,36.3,2016,2020
22,Louisiana,22061,Lincoln,34.6,2016,2020
22,Louisiana,22063,Livingston,30.0,2016,2020
22,Louisiana,22065,Madison,42.88,2016,2020
22,Louisiana,22067,Morehouse,38.82,2016,2020
22,Louisiana,22069,Natchitoches,36.3,2016,2020
22,Louisiana,22071,Orleans,30.48,2016,2020
22,Louisiana,22073,Ouachita,37.94,2016,2020
22,Louisiana,22075,Plaquemines,30.04,2016,2020
22,Louisiana,22077,Pointe Coupee,31.76,2016,2020
22,Louisiana,22079,Rapides,37.2,2016,2020
22,Louisiana,22081,Red River,31.080000000000002,2016,2020
22,Louisiana,22083,Richland,40.160000000000004,2016,2020
22,Louisiana,22085,Sabine,38.94,2016,2020
22,Louisiana,22087,St. Bernard,29.72,2016,2020
22,Louisiana,22089,St. Charles,33.58,2016,2020
22,Louisiana,22091,St. Helena,30.939999999999998,2016,2020
22,Louisiana,22093,St. James,30.26,2016,2020
22,Louisiana,22095,St. John the Baptist,32.62,2016,2020
22,Louisiana,22097,St. Landry,30.46,2016,2020
22,Louisiana,22099,St. Martin,30.46,2016,2020
22,Louisiana,22101,St. Mary,33.980000000000004,2016,2020
22,Louisiana,22103,St. Tammany,31.860000000000003,2016,2020
22,Louisiana,22105,Tangipahoa,33.9,2016,2020
22,Louisiana,22107,Tensas,40.519999999999996,2016,2020
22,Louisiana,22109,Terrebonne,34.879999999999995,2016,2020
22,Louisiana,22111,Union,35.4,2016,2020
22,Louisiana,22113,Vermilion,30.04,2016,2020
22,Louisiana,22115,Vernon,37.220000000000006,2016,2020
22,Louisiana,22117,Washington,36.019999999999996,2016,2020
22,Louisiana,22119,Webster,28.26,2016,2020
22,Louisiana,22121,West Baton Rouge,27.860000000000003,2016,2020
22,Louisiana,22123,West Carroll,44.379999999999995,2016,2020
22,Louisiana,22125,West Feliciana,32.519999999999996,2016,2020
22,Louisiana,22127,Winn,39.260000000000005,2016,2020
23,Maine,23001,Androscoggin,33.28,2016,2020
23,Maine,23003,Aroostook,51.779999999999994,2016,2020
23,Maine,23005,Cumberland,28.8,2016,2020
23,Maine,23007,Franklin,42.68,2016,2020
23,Maine,23009,Hancock,46.54,2016,2020
23,Maine,23011,Kennebec,41.82,2016,2020
23,Maine,23013,Knox,37.54,2016,2020
23,Maine,23015,Lincoln,38.3,2016,2020
23,Maine,23017,Oxford,29.139999999999997,2016,2020
23,Maine,23019,Penobscot,49.9,2016,2020
23,Maine,23021,Piscataquis,49.78,2016,2020
23,Maine,23023,Sagadahoc,32.86,2016,2020
23,Maine,23025,Somerset,46.56,2016,2020
23,Maine,23027,Waldo,44.12,2016,2020
23,Maine,23029,Washington,50.519999999999996,2016,2020
23,Maine,23031,York,27.26,2016,2020
24,Maryland,24001,Allegany,29.060000000000002,2016,2020
24,Maryland,24003,Anne Arundel,25.74,2016,2020
24,Maryland,24005,Baltimore,28.880000000000003,2016,2020
24,Maryland,24009,Calvert,19.619999999999997,2016,2020
24,Maryland,24011,Caroline,25.1,2016,2020
24,Maryland,24013,Carroll,27.119999999999997,2016,2020
24,Maryland,24015,Cecil,25.7,2016,2020
24,Maryland,24017,Charles,16.78,2016,2020
24,Maryland,24019,Dorchester,24.18,2016,2020
24,Maryland,24021,Frederick,19.759999999999998,2016,2020
24,Maryland,24023,Garrett,34.339999999999996,2016,2020
24,Maryland,24025,Harford,30.2,2016,2020
24,Maryland,24027,Howard,21.2,2016,2020
24,Maryland,24029,Kent,28.4,2016,2020
24,Maryland,24031,Montgomery,15.780000000000001,2016,2020
24,Maryland,24033,Prince George's,16.380000000000003,2016,2020
24,Maryland,24035,Queen Anne's,24.119999999999997,2016,2020
24,Maryland,24037,St. Mary's,20.3,2016,2020
24,Maryland,24039,Somerset,24.8,2016,2020
24,Maryland,24041,Talbot,23.5,2016,2020
24,Maryland,24043,Washington,26.139999999999997,2016,2020
24,Maryland,24045,Wicomico,27.72,2016,2020
24,Maryland,24047,Worcester,25.8,2016,2020
24,Maryland,24510,Baltimore City,31.22,2016,2020
25,Massachusetts,25001,Barnstable,28.52,2016,2020
25,Massachusetts,25003,Berkshire,26.04,2016,2020
25,Massachusetts,25005,Bristol,27.060000000000002,2016,2020
25,Massachusetts,25007,Dukes,29.060000000000002,2016,2020
25,Massachusetts,25009,Essex,24.06,2016,2020
25,Massachusetts,25011,Franklin,24.84,2016,2020
25,Massachusetts,25013,Hampden,25.240000000000002,2016,2020
25,Massachusetts,25015,Hampshire,27.22,2016,2020
25,Massachusetts,25017,Middlesex,23.58,2016,2020
25,Massachusetts,25019,Nantucket,24.68,2016,2020
25,Massachusetts,25021,Norfolk,25.28,2016,2020
25,Massachusetts,25023,Plymouth,25.18,2016,2020
25,Massachusetts,25025,Suffolk,22.96,2016,2020
25,Massachusetts,25027,Worcester,25.619999999999997,2016,2020
26,Michigan,26001,Alcona,49.22,2016,2020
26,Michigan,26003,Alger,39.36,2016,2020
26,Michigan,26005,Allegan,25.36,2016,2020
26,Michigan,26007,Alpena,44.660000000000004,2016,2020
26,Michigan,26009,Antrim,34.839999999999996,2016,2020
26,Michigan,26011,Arenac,57.5,2016,2020
26,Michigan,26013,Baraga,37.08,2016,2020
26,Michigan,26015,Barry,27.72,2016,2020
26,Michigan,26017,Bay,46.92,2016,2020
26,Michigan,26019,Benzie,34.22,2016,2020
26,Michigan,26021,Berrien,30.8,2016,2020
26,Michigan,26023,Branch,36.1,2016,2020
26,Michigan,26025,Calhoun,37.839999999999996,2016,2020
26,Michigan,26027,Cass,29.74,2016,2020
26,Michigan,26029,Charlevoix,29.639999999999997,2016,2020
26,Michigan,26031,Cheboygan,29.880000000000003,2016,2020
26,Michigan,26033,Chippewa,36.3,2016,2020
26,Michigan,26035,Clare,46.12,2016,2020
26,Michigan,26037,Clinton,30.7,2016,2020
26,Michigan,26039,Crawford,45.38,2016,2020
26,Michigan,26041,Delta,32.5,2016,2020
26,Michigan,26043,Dickinson,30.24,2016,2020
26,Michigan,26045,Eaton,35.239999999999995,2016,2020
26,Michigan,26047,Emmet,25.919999999999998,2016,2020
26,Michigan,26049,Genesee,36.36,2016,2020
26,Michigan,26051,Gladwin,53.82000000000001,2016,2020
26,Michigan,26053,Gogebic,30.080000000000002,2016,2020
26,Michigan,26055,Grand Traverse,37.42,2016,2020
26,Michigan,26057,Gratiot,36.3,2016,2020
26,Michigan,26059,Hillsdale,40.480000000000004,2016,2020
26,Michigan,26061,Houghton,35.44,2016,2020
26,Michigan,26063,Huron,54.8,2016,2020
26,Michigan,26065,Ingham,33.260000000000005,2016,2020
26,Michigan,26067,Ionia,26.04,2016,2020
26,Michigan,26069,Iosco,51.779999999999994,2016,2020
26,Michigan,26071,Iron,31.340000000000003,2016,2020
26,Michigan,26073,Isabella,43.739999999999995,2016,2020
26,Michigan,26075,Jackson,32.239999999999995,2016,2020
26,Michigan,26077,Kalamazoo,34.14,2016,2020
26,Michigan,26079,Kalkaska,39.8,2016,2020
26,Michigan,26081,Kent,25.660000000000004,2016,2020
26,Michigan,26083,Keweenaw,35.160000000000004,2016,2020
26,Michigan,26085,Lake,35.660000000000004,2016,2020
26,Michigan,26087,Lapeer,38.12,2016,2020
26,Michigan,26089,Leelanau,33.56,2016,2020
26,Michigan,26091,Lenawee,32.260000000000005,2016,2020
26,Michigan,26093,Livingston,34.2,2016,2020
26,Michigan,26095,Luce,37.519999999999996,2016,2020
26,Michigan,26097,Mackinac,31.1,2016,2020
26,Michigan,26099,Macomb,40.54,2016,2020
26,Michigan,26101,Manistee,33.86,2016,2020
26,Michigan,26103,Marquette,32.22,2016,2020
26,Michigan,26105,Mason,30.919999999999998,2016,2020
26,Michigan,26107,Mecosta,40.44,2016,2020
26,Michigan,26109,Menominee,32.0,2016,2020
26,Michigan,26111,Midland,47.88,2016,2020
26,Michigan,26113,Missaukee,43.480000000000004,2016,2020
26,Michigan,26115,Monroe,40.559999999999995,2016,2020
26,Michigan,26117,Montcalm,27.46,2016,2020
26,Michigan,26119,Montmorency,40.339999999999996,2016,2020
26,Michigan,26121,Muskegon,25.9,2016,2020
26,Michigan,26123,Newaygo,26.639999999999997,2016,2020
26,Michigan,26125,Oakland,38.94,2016,2020
26,Michigan,26127,Oceana,28.8,2016,2020
26,Michigan,26129,Ogemaw,50.8,2016,2020
26,Michigan,26131,Ontonagon,29.7,2016,2020
26,Michigan,26133,Osceola,42.88,2016,2020
26,Michigan,26135,Oscoda,47.36,2016,2020
26,Michigan,26137,Otsego,37.06,2016,2020
26,Michigan,26139,Ottawa,26.72,2016,2020
26,Michigan,26141,Presque Isle,37.72,2016,2020
26,Michigan,26143,Roscommon,53.36,2016,2020
26,Michigan,26145,Saginaw,43.260000000000005,2016,2020
26,Michigan,26147,St. Clair,41.18,2016,2020
26,Michigan,26149,St. Joseph,33.2,2016,2020
26,Michigan,26151,Sanilac,50.78,2016,2020
26,Michigan,26153,Schoolcraft,33.4,2016,2020
26,Michigan,26155,Shiawassee,35.519999999999996,2016,2020
26,Michigan,26157,Tuscola,46.62,2016,2020
26,Michigan,26159,Van Buren,31.360000000000003,2016,2020
26,Michigan,26161,Washtenaw,38.06,2016,2020
26,Michigan,26163,Wayne,38.3,2016,2020
26,Michigan,26165,Wexford,39.32,2016,2020
27,Minnesota,27001,Aitkin,24.98,2016,2020
27,Minnesota,27003,Anoka,20.160000000000004,2016,2020
27,Minnesota,27005,Becker,26.8,2016,2020
27,Minnesota,27007,Beltrami,26.139999999999997,2016,2020
27,Minnesota,27009,Benton,16.8,2016,2020
27,Minnesota,27011,Big Stone,20.98,2016,2020
27,Minnesota,27013,Blue Earth,15.4,2016,2020
27,Minnesota,27015,Brown,15.440000000000001,2016,2020
27,Minnesota,27017,Carlton,26.78,2016,2020
27,Minnesota,27019,Carver,20.16,2016,2020
27,Minnesota,27021,Cass,21.7,2016,2020
27,Minnesota,27023,Chippewa,17.119999999999997,2016,2020
27,Minnesota,27025,Chisago,21.740000000000002,2016,2020
27,Minnesota,27027,Clay,30.7,2016,2020
27,Minnesota,27029,Clearwater,21.64,2016,2020
27,Minnesota,27031,Cook,29.4,2016,2020
27,Minnesota,27033,Cottonwood,10.34,2016,2020
27,Minnesota,27035,Crow Wing,19.48,2016,2020
27,Minnesota,27037,Dakota,20.360000000000003,2016,2020
27,Minnesota,27039,Dodge,20.86,2016,2020
27,Minnesota,27041,Douglas,19.86,2016,2020
27,Minnesota,27043,Faribault,21.18,2016,2020
27,Minnesota,27045,Fillmore,15.0,2016,2020
27,Minnesota,27047,Freeborn,19.98,2016,2020
27,Minnesota,27049,Goodhue,20.84,2016,2020
27,Minnesota,27051,Grant,24.22,2016,2020
27,Minnesota,27053,Hennepin,20.259999999999998,2016,2020
27,Minnesota,27055,Houston,14.66,2016,2020
27,Minnesota,27057,Hubbard,23.759999999999998,2016,2020
27,Minnesota,27059,Isanti,20.3,2016,2020
27,Minnesota,27061,Itasca,28.26,2016,2020
27,Minnesota,27063,Jackson,10.78,2016,2020
27,Minnesota,27065,Kanabec,20.78,2016,2020
27,Minnesota,27067,Kandiyohi,17.44,2016,2020
27,Minnesota,27069,Kittson,22.919999999999998,2016,2020
27,Minnesota,27071,Koochiching,28.78,2016,2020
27,Minnesota,27073,Lac qui Parle,14.080000000000002,2016,2020
27,Minnesota,27075,Lake,29.78,2016,2020
27,Minnesota,27077,Lake of the Woods,27.24,2016,2020
27,Minnesota,27079,Le Sueur,19.52,2016,2020
27,Minnesota,27081,Lincoln,10.08,2016,2020
27,Minnesota,27083,Lyon,10.319999999999999,2016,2020
27,Minnesota,27085,McLeod,19.5,2016,2020
27,Minnesota,27087,Mahnomen,24.88,2016,2020
27,Minnesota,27089,Marshall,21.259999999999998,2016,2020
27,Minnesota,27091,Martin,18.8,2016,2020
27,Minnesota,27093,Meeker,18.860000000000003,2016,2020
27,Minnesota,27095,Mille Lacs,18.04,2016,2020
27,Minnesota,27097,Morrison,18.32,2016,2020
27,Minnesota,27099,Mower,20.66,2016,2020
27,Minnesota,27101,Murray,9.7,2016,2020
27,Minnesota,27103,Nicollet,16.22,2016,2020
27,Minnesota,27105,Nobles,8.42,2016,2020
27,Minnesota,27107,Norman,28.04,2016,2020
27,Minnesota,27109,Olmsted,17.8,2016,2020
27,Minnesota,27111,Otter Tail,24.740000000000002,2016,2020
27,Minnesota,27113,Pennington,19.919999999999998,2016,2020
27,Minnesota,27115,Pine,24.419999999999998,2016,2020
27,Minnesota,27117,Pipestone,14.766666666666666,2016,2020
27,Minnesota,27119,Polk,19.72,2016,2020
27,Minnesota,27121,Pope,17.54,2016,2020
27,Minnesota,27123,Ramsey,20.18,2016,2020
27,Minnesota,27125,Red Lake,15.780000000000001,2016,2020
27,Minnesota,27127,Redwood,11.82,2016,2020
27,Minnesota,27129,Renville,15.76,2016,2020
27,Minnesota,27131,Rice,20.0,2016,2020
27,Minnesota,27133,Rock,11.366666666666667,2016,2020
27,Minnesota,27135,Roseau,24.02,2016,2020
27,Minnesota,27137,St. Louis,28.119999999999997,2016,2020
27,Minnesota,27139,Scott,20.06,2016,2020
27,Minnesota,27141,Sherburne,19.94,2016,2020
27,Minnesota,27143,Sibley,18.48,2016,2020
27,Minnesota,27145,Stearns,17.919999999999998,2016,2020
27,Minnesota,27147,Steele,20.32,2016,2020
27,Minnesota,27149,Stevens,17.32,2016,2020
27,Minnesota,27151,Swift,17.02,2016,2020
27,Minnesota,27153,Todd,20.32,2016,2020
27,Minnesota,27155,Traverse,27.7,2016,2020
27,Minnesota,27157,Wabasha,19.439999999999998,2016,2020
27,Minnesota,27159,Wadena,24.2,2016,2020
27,Minnesota,27161,Waseca,19.9,2016,2020
27,Minnesota,27163,Washington,21.119999999999997,2016,2020
27,Minnesota,27165,Watonwan,16.64,2016,2020
27,Minnesota,27167,Wilkin,30.360000000000003,2016,2020
27,Minnesota,27169,Winona,18.98,2016,2020
27,Minnesota,27171,Wright,19.619999999999997,2016,2020
27,Minnesota,27173,Yellow Medicine,13.559999999999999,2016,2020
29,Missouri,29001,Adair,34.260000000000005,2016,2020
29,Missouri,29003,Andrew,36.980000000000004,2016,2020
29,Missouri,29005,Atchison,19.86,2016,2020
29,Missouri,29007,Audrain,29.6,2016,2020
29,Missouri,29009,Barry,30.3,2016,2020
29,Missouri,29011,Barton,33.08,2016,2020
29,Missouri,29013,Bates,32.08,2016,2020
29,Missouri,29015,Benton,35.72,2016,2020
29,Missouri,29017,Bollinger,25.880000000000003,2016,2020
29,Missouri,29019,Boone,29.4,2016,2020
29,Missouri,29021,Buchanan,32.0,2016,2020
29,Missouri,29023,Butler,42.44,2016,2020
29,Missouri,29025,Caldwell,37.739999999999995,2016,2020
29,Missouri,29027,Callaway,28.04,2016,2020
29,Missouri,29029,Camden,35.68,2016,2020
29,Missouri,29031,Cape Girardeau,23.48,2016,2020
29,Missouri,29033,Carroll,35.239999999999995,2016,2020
29,Missouri,29035,Carter,48.3,2016,2020
29,Missouri,29037,Cass,25.380000000000003,2016,2020
29,Missouri,29039,Cedar,36.12,2016,2020
29,Missouri,29041,Chariton,36.28,2016,2020
29,Missouri,29043,Christian,33.7,2016,2020
29,Missouri,29045,Clark,29.22,2016,2020
29,Missouri,29047,Clay,28.619999999999997,2016,2020
29,Missouri,29049,Clinton,29.76,2016,2020
29,Missouri,29051,Cole,27.76,2016,2020
29,Missouri,29053,Cooper,29.5,2016,2020
29,Missouri,29055,Crawford,41.339999999999996,2016,2020
29,Missouri,29057,Dade,33.8,2016,2020
29,Missouri,29059,Dallas,34.059999999999995,2016,2020
29,Missouri,29061,Daviess,39.92,2016,2020
29,Missouri,29063,DeKalb,38.519999999999996,2016,2020
29,Missouri,29065,Dent,44.980000000000004,2016,2020
29,Missouri,29067,Douglas,36.62,2016,2020
29,Missouri,29069,Dunklin,37.1,2016,2020
29,Missouri,29071,Franklin,29.28,2016,2020
29,Missouri,29073,Gasconade,36.839999999999996,2016,2020
29,Missouri,29075,Gentry,34.56,2016,2020
29,Missouri,29077,Greene,33.22,2016,2020
29,Missouri,29079,Grundy,37.38,2016,2020
29,Missouri,29081,Harrison,34.4,2016,2020
29,Missouri,29083,Henry,35.5,2016,2020
29,Missouri,29085,Hickory,34.44,2016,2020
29,Missouri,29087,Holt,26.2,2016,2020
29,Missouri,29089,Howard,27.82,2016,2020
29,Missouri,29091,Howell,38.22,2016,2020
29,Missouri,29093,Iron,46.72,2016,2020
29,Missouri,29095,Jackson,26.419999999999998,2016,2020
29,Missouri,29097,Jasper,32.54,2016,2020
29,Missouri,29099,Jefferson,30.32,2016,2020
29,Missouri,29101,Johnson,29.68,2016,2020
29,Missouri,29103,Knox,25.82,2016,2020
29,Missouri,29105,Laclede,36.68,2016,2020
29,Missouri,29107,Lafayette,29.860000000000003,2016,2020
29,Missouri,29109,Lawrence,32.2,2016,2020
29,Missouri,29111,Lewis,24.020000000000003,2016,2020
29,Missouri,29113,Lincoln,29.139999999999997,2016,2020
29,Missouri,29115,Linn,35.5,2016,2020
29,Missouri,29117,Livingston,37.779999999999994,2016,2020
29,Missouri,29119,McDonald,29.139999999999997,2016,2020
29,Missouri,29121,Macon,34.959999999999994,2016,2020
29,Missouri,29123,Madison,40.839999999999996,2016,2020
29,Missouri,29125,Maries,40.72,2016,2020
29,Missouri,29127,Marion,27.04,2016,2020
29,Missouri,29129,Mercer,34.78,2016,2020
29,Missouri,29131,Miller,32.32000000000001,2016,2020
29,Missouri,29133,Mississippi,31.68,2016,2020
29,Missouri,29135,Moniteau,27.919999999999998,2016,2020
29,Missouri,29137,Monroe,34.8,2016,2020
29,Missouri,29139,Montgomery,34.64,2016,2020
29,Missouri,29141,Morgan,34.54,2016,2020
29,Missouri,29143,New Madrid,33.28,2016,2020
29,Missouri,29145,Newton,31.46,2016,2020
29,Missouri,29147,Nodaway,22.4,2016,2020
29,Missouri,29149,Oregon,46.82,2016,2020
29,Missouri,29151,Osage,31.879999999999995,2016,2020
29,Missouri,29153,Ozark,40.519999999999996,2016,2020
29,Missouri,29155,Pemiscot,52.0,2016,2020
29,Missouri,29157,Perry,30.919999999999998,2016,2020
29,Missouri,29159,Pettis,37.96,2016,2020
29,Missouri,29161,Phelps,43.019999999999996,2016,2020
29,Missouri,29163,Pike,35.339999999999996,2016,2020
29,Missouri,29165,Platte,31.360000000000003,2016,2020
29,Missouri,29167,Polk,34.58,2016,2020
29,Missouri,29169,Pulaski,38.5,2016,2020
29,Missouri,29171,Putnam,35.6,2016,2020
29,Missouri,29173,Ralls,33.56,2016,2020
29,Missouri,29175,Randolph,28.360000000000003,2016,2020
29,Missouri,29177,Ray,28.339999999999996,2016,2020
29,Missouri,29179,Reynolds,47.2,2016,2020
29,Missouri,29181,Ripley,49.8,2016,2020
29,Missouri,29183,St. Charles,28.160000000000004,2016,2020
29,Missouri,29185,St. Clair,38.96,2016,2020
29,Missouri,29186,Ste. Genevieve,35.88,2016,2020
29,Missouri,29187,St. Francois,37.86,2016,2020
29,Missouri,29189,St. Louis,29.46,2016,2020
29,Missouri,29195,Saline,35.4,2016,2020
29,Missouri,29197,Schuyler,33.86,2016,2020
29,Missouri,29199,Scotland,30.46,2016,2020
29,Missouri,29201,Scott,25.060000000000002,2016,2020
29,Missouri,29203,Shannon,43.32,2016,2020
29,Missouri,29205,Shelby,28.26,2016,2020
29,Missouri,29207,Stoddard,30.520000000000003,2016,2020
29,Missouri,29209,Stone,33.260000000000005,2016,2020
29,Missouri,29211,Sullivan,35.760000000000005,2016,2020
29,Missouri,29213,Taney,33.1,2016,2020
29,Missouri,29215,Texas,43.42,2016,2020
29,Missouri,29217,Vernon,35.760000000000005,2016,2020
29,Missouri,29219,Warren,29.8,2016,2020
29,Missouri,29221,Washington,37.6,2016,2020
29,Missouri,29223,Wayne,42.14,2016,2020
29,Missouri,29225,Webster,33.94,2016,2020
29,Missouri,29227,Worth,28.4,2016,2020
29,Missouri,29229,Wright,37.88,2016,2020
29,Missouri,29510,St. Louis City,29.1,2016,2020
31,Nebraska,31001,Adams,25.939999999999998,2016,2020
31,Nebraska,31003,Antelope,26.22,2016,2020
31,Nebraska,31005,Arthur,28.380000000000003,2016,2020
31,Nebraska,31007,Banner,11.92,2016,2020
31,Nebraska,31009,Blaine,30.24,2016,2020
31,Nebraska,31011,Boone,27.639999999999997,2016,2020
31,Nebraska,31013,Box Butte,11.52,2016,2020
31,Nebraska,31015,Boyd,21.66,2016,2020
31,Nebraska,31017,Brown,25.44,2016,2020
31,Nebraska,31019,Buffalo,26.580000000000002,2016,2020
31,Nebraska,31021,Burt,20.119999999999997,2016,2020
31,Nebraska,31023,Butler,22.52,2016,2020
31,Nebraska,31025,Cass,23.3,2016,2020
31,Nebraska,31027,Cedar,16.240000000000002,2016,2020
31,Nebraska,31029,Chase,25.2,2016,2020
31,Nebraska,31031,Cherry,18.16,2016,2020
31,Nebraska,31033,Cheyenne,19.240000000000002,2016,2020
31,Nebraska,31035,Clay,24.46,2016,2020
31,Nebraska,31037,Colfax,24.86,2016,2020
31,Nebraska,31039,Cuming,20.919999999999998,2016,2020
31,Nebraska,31041,Custer,30.119999999999997,2016,2020
31,Nebraska,31043,Dakota,21.64,2016,2020
31,Nebraska,31045,Dawes,5.875,2016,2020
31,Nebraska,31047,Dawson,29.9,2016,2020
31,Nebraska,31049,Deuel,19.3,2016,2020
31,Nebraska,31051,Dixon,8.6,2016,2020
31,Nebraska,31053,Dodge,23.04,2016,2020
31,Nebraska,31055,Douglas,24.259999999999998,2016,2020
31,Nebraska,31057,Dundy,21.66,2016,2020
31,Nebraska,31059,Fillmore,23.94,2016,2020
31,Nebraska,31061,Franklin,21.96,2016,2020
31,Nebraska,31063,Frontier,31.7,2016,2020
31,Nebraska,31065,Furnas,25.439999999999998,2016,2020
31,Nebraska,31067,Gage,20.94,2016,2020
31,Nebraska,31069,Garden,14.440000000000001,2016,2020
31,Nebraska,31071,Garfield,28.98,2016,2020
31,Nebraska,31073,Gosper,27.839999999999996,2016,2020
31,Nebraska,31075,Grant,17.919999999999998,2016,2020
31,Nebraska,31077,Greeley,19.94,2016,2020
31,Nebraska,31079,Hall,26.080000000000002,2016,2020
31,Nebraska,31081,Hamilton,25.82,2016,2020
31,Nebraska,31083,Harlan,23.56,2016,2020
31,Nebraska,31085,Hayes,30.939999999999998,2016,2020
31,Nebraska,31087,Hitchcock,27.54,2016,2020
31,Nebraska,31089,Holt,22.419999999999998,2016,2020
31,Nebraska,31091,Hooker,19.6,2016,2020
31,Nebraska,31093,Howard,26.26,2016,2020
31,Nebraska,31095,Jefferson,22.78,2016,2020
31,Nebraska,31097,Johnson,21.580000000000002,2016,2020
31,Nebraska,31099,Kearney,25.74,2016,2020
31,Nebraska,31101,Keith,31.5,2016,2020
31,Nebraska,31103,Keya Paha,26.160000000000004,2016,2020
31,Nebraska,31105,Kimball,23.9,2016,2020
31,Nebraska,31107,Knox,21.3,2016,2020
31,Nebraska,31109,Lancaster,22.220000000000002,2016,2020
31,Nebraska,31111,Lincoln,31.080000000000002,2016,2020
31,Nebraska,31113,Logan,34.6,2016,2020
31,Nebraska,31115,Loup,31.3,2016,2020
31,Nebraska,31117,McPherson,32.38,2016,2020
31,Nebraska,31119,Madison,27.02,2016,2020
31,Nebraska,31121,Merrick,26.580000000000002,2016,2020
31,Nebraska,31123,Morrill,12.379999999999999,2016,2020
31,Nebraska,31125,Nance,25.880000000000003,2016,2020
31,Nebraska,31127,Nemaha,23.580000000000002,2016,2020
31,Nebraska,31129,Nuckolls,22.68,2016,2020
31,Nebraska,31131,Otoe,21.759999999999998,2016,2020
31,Nebraska,31133,Pawnee,22.66,2016,2020
31,Nebraska,31135,Perkins,30.6,2016,2020
31,Nebraska,31137,Phelps,27.46,2016,2020
31,Nebraska,31139,Pierce,23.0,2016,2020
31,Nebraska,31141,Platte,26.880000000000003,2016,2020
31,Nebraska,31143,Polk,25.74,2016,2020
31,Nebraska,31145,Red Willow,26.4,2016,2020
31,Nebraska,31147,Richardson,28.419999999999998,2016,2020
31,Nebraska,31149,Rock,28.0,2016,2020
31,Nebraska,31151,Saline,21.82,2016,2020
31,Nebraska,31153,Sarpy,24.3,2016,2020
31,Nebraska,31155,Saunders,23.56,2016,2020
31,Nebraska,31157,Scotts Bluff,13.080000000000002,2016,2020
31,Nebraska,31159,Seward,21.619999999999997,2016,2020
31,Nebraska,31161,Sheridan,11.14,2016,2020
31,Nebraska,31163,Sherman,26.839999999999996,2016,2020
31,Nebraska,31165,Sioux,12.4,2016,2020
31,Nebraska,31167,Stanton,25.6,2016,2020
31,Nebraska,31169,Thayer,22.240000000000002,2016,2020
31,Nebraska,31171,Thomas,24.919999999999998,2016,2020
31,Nebraska,31173,Thurston,21.16,2016,2020
31,Nebraska,31175,Valley,27.4,2016,2020
31,Nebraska,31177,Washington,23.1,2016,2020
31,Nebraska,31179,Wayne,21.32,2016,2020
31,Nebraska,31181,Webster,21.839999999999996,2016,2020
31,Nebraska,31183,Wheeler,25.259999999999998,2016,2020
31,Nebraska,31185,York,23.5,2016,2020
33,New Hampshire,33001,Belknap,30.919999999999998,2016,2020
33,New Hampshire,33003,Carroll,30.0,2016,2020
33,New Hampshire,33005,Cheshire,27.04,2016,2020
33,New Hampshire,33007,Coos,31.96,2016,2020
33,New Hampshire,33009,Grafton,27.139999999999997,2016,2020
33,New Hampshire,33011,Hillsborough,25.240000000000002,2016,2020
33,New Hampshire,33013,Merrimack,30.3,2016,2020
33,New Hampshire,33015,Rockingham,26.860000000000003,2016,2020
33,New Hampshire,33017,Strafford,28.68,2016,2020
33,New Hampshire,33019,Sullivan,27.68,2016,2020
34,New Jersey,34001,Atlantic,34.940000000000005,2016,2020
34,New Jersey,34003,Bergen,22.34,2016,2020
34,New Jersey,34005,Burlington,31.48,2016,2020
34,New Jersey,34007,Camden,30.5,2016,2020
34,New Jersey,34009,Cape May,39.28,2016,2020
34,New Jersey,34011,Cumberland,35.06,2016,2020
34,New Jersey,34013,Essex,25.8,2016,2020
34,New Jersey,34015,Gloucester,31.419999999999998,2016,2020
34,New Jersey,34017,Hudson,22.54,2016,2020
34,New Jersey,34019,Hunterdon,24.32,2016,2020
34,New Jersey,34021,Mercer,27.76,2016,2020
34,New Jersey,34023,Middlesex,27.22,2016,2020
34,New Jersey,34025,Monmouth,27.619999999999997,2016,2020
34,New Jersey,34027,Morris,25.22,2016,2020
34,New Jersey,34029,Ocean,33.58,2016,2020
34,New Jersey,34031,Passaic,25.8,2016,2020
34,New Jersey,34033,Salem,38.739999999999995,2016,2020
34,New Jersey,34035,Somerset,25.0,2016,2020
34,New Jersey,34037,Sussex,27.439999999999998,2016,2020
34,New Jersey,34039,Union,26.22,2016,2020
34,New Jersey,34041,Warren,24.8,2016,2020
35,New Mexico,35001,Bernalillo,24.46,2016,2020
35,New Mexico,35003,Catron,27.860000000000003,2016,2020
35,New Mexico,35005,Chaves,40.46,2016,2020
35,New Mexico,35006,Cibola,25.419999999999998,2016,2020
35,New Mexico,35007,Colfax,25.96,2016,2020
35,New Mexico,35009,Curry,43.18,2016,2020
35,New Mexico,35011,De Baca,44.959999999999994,2016,2020
35,New Mexico,35013,Dona Ana,30.8,2016,2020
35,New Mexico,35015,Eddy,41.279999999999994,2016,2020
35,New Mexico,35017,Grant,35.8,2016,2020
35,New Mexico,35019,Guadalupe,30.360000000000003,2016,2020
35,New Mexico,35021,Harding,29.139999999999997,2016,2020
35,New Mexico,35023,Hidalgo,36.42,2016,2020
35,New Mexico,35025,Lea,46.839999999999996,2016,2020
35,New Mexico,35027,Lincoln,36.9,2016,2020
35,New Mexico,35028,Los Alamos,24.04,2016,2020
35,New Mexico,35029,Luna,30.96,2016,2020
35,New Mexico,35031,McKinley,27.160000000000004,2016,2020
35,New Mexico,35033,Mora,23.9,2016,2020
35,New Mexico,35035,Otero,34.22,2016,2020
35,New Mexico,35037,Quay,38.08,2016,2020
35,New Mexico,35039,Rio Arriba,25.259999999999998,2016,2020
35,New Mexico,35041,Roosevelt,46.839999999999996,2016,2020
35,New Mexico,35043,Sandoval,25.259999999999998,2016,2020
35,New Mexico,35045,San Juan,25.16,2016,2020
35,New Mexico,35047,San Miguel,23.16,2016,2020
35,New Mexico,35049,Santa Fe,24.5,2016,2020
35,New Mexico,35051,Sierra,30.360000000000003,2016,2020
35,New Mexico,35053,Socorro,29.6,2016,2020
35,New Mexico,35055,Taos,28.7,2016,2020
35,New Mexico,35057,Torrance,24.619999999999997,2016,2020
35,New Mexico,35059,Union,28.48,2016,2020
35,New Mexico,35061,Valencia,25.36,2016,2020
36,New York,36001,Albany,25.020000000000003,2016,2020
36,New York,36003,Allegany,27.380000000000003,2016,2020
36,New York,36005,Bronx,20.919999999999998,2016,2020
36,New York,36007,Broome,30.7,2016,2020
36,New York,36009,Cattaraugus,26.0,2016,2020
36,New York,36011,Cayuga,26.52,2016,2020
36,New York,36013,Chautauqua,27.080000000000002,2016,2020
36,New York,36015,Chemung,25.2,2016,2020
36,New York,36017,Chenango,32.980000000000004,2016,2020
36,New York,36019,Clinton,28.6,2016,2020
36,New York,36021,Columbia,25.5,2016,2020
36,New York,36023,Cortland,25.7,2016,2020
36,New York,36025,Delaware,32.64,2016,2020
36,New York,36027,Dutchess,23.619999999999997,2016,2020
36,New York,36029,Erie,29.18,2016,2020
36,New York,36031,Essex,27.060000000000002,2016,2020
36,New York,36033,Franklin,33.760000000000005,2016,2020
36,New York,36035,Fulton,28.22,2016,2020
36,New York,36037,Genesee,28.3,2016,2020
36,New York,36039,Greene,25.839999999999996,2016,2020
36,New York,36041,Hamilton,28.22,2016,2020
36,New York,36043,Herkimer,33.839999999999996,2016,2020
36,New York,36045,Jefferson,34.04,2016,2020
36,New York,36047,Kings,21.7,2016,2020
36,New York,36049,Lewis,32.5,2016,2020
36,New York,36051,Livingston,26.0,2016,2020
36,New York,36053,Madison,27.68,2016,2020
36,New York,36055,Monroe,26.22,2016,2020
36,New York,36057,Montgomery,29.580000000000002,2016,2020
36,New York,36059,Nassau,22.419999999999998,2016,2020
36,New York,36061,New York,21.78,2016,2020
36,New York,36063,Niagara,30.6,2016,2020
36,New York,36065,Oneida,30.02,2016,2020
36,New York,36067,Onondaga,25.880000000000003,2016,2020
36,New York,36069,Ontario,25.8,2016,2020
36,New York,36071,Orange,27.660000000000004,2016,2020
36,New York,36073,Orleans,28.2,2016,2020
36,New York,36075,Oswego,26.7,2016,2020
36,New York,36077,Otsego,31.28,2016,2020
36,New York,36079,Putnam,21.48,2016,2020
36,New York,36081,Queens,22.22,2016,2020
36,New York,36083,Rensselaer,23.880000000000003,2016,2020
36,New York,36085,Richmond,24.56,2016,2020
36,New York,36087,Rockland,23.28,2016,2020
36,New York,36089,St. Lawrence,33.160000000000004,2016,2020
36,New York,36091,Saratoga,26.560000000000002,2016,2020
36,New York,36093,Schenectady,26.619999999999997,2016,2020
36,New York,36095,Schoharie,29.2,2016,2020
36,New York,36097,Schuyler,27.559999999999995,2016,2020
36,New York,36099,Seneca,25.919999999999998,2016,2020
36,New York,36101,Steuben,27.3,2016,2020
36,New York,36103,Suffolk,23.52,2016,2020
36,New York,36105,Sullivan,30.04,2016,2020
36,New York,36107,Tioga,28.74,2016,2020
36,New York,36109,Tompkins,26.28,2016,2020
36,New York,36111,Ulster,29.119999999999997,2016,2020
36,New York,36113,Warren,23.080000000000002,2016,2020
36,New York,36115,Washington,22.619999999999997,2016,2020
36,New York,36117,Wayne,25.56,2016,2020
36,New York,36119,Westchester,21.56,2016,2020
36,New York,36121,Wyoming,29.28,2016,2020
36,New York,36123,Yates,27.139999999999997,2016,2020
37,North Carolina,37001,Alamance,25.439999999999998,2016,2020
37,North Carolina,37003,Alexander,26.580000000000002,2016,2020
37,North Carolina,37005,Alleghany,19.02,2016,2020
37,North Carolina,37007,Anson,29.439999999999998,2016,2020
37,North Carolina,37009,Ashe,18.1,2016,2020
37,North Carolina,37011,Avery,27.74,2016,2020
37,North Carolina,37013,Beaufort,27.660000000000004,2016,2020
37,North Carolina,37015,Bertie,18.72,2016,2020
37,North Carolina,37017,Bladen,30.04,2016,2020
37,North Carolina,37019,Brunswick,23.84,2016,2020
37,North Carolina,37021,Buncombe,22.919999999999998,2016,2020
37,North Carolina,37023,Burke,26.439999999999998,2016,2020
37,North Carolina,37025,Cabarrus,21.54,2016,2020
37,North Carolina,37027,Caldwell,25.22,2016,2020
37,North Carolina,37029,Camden,26.419999999999998,2016,2020
37,North Carolina,37031,Carteret,29.24,2016,2020
37,North Carolina,37033,Caswell,27.76,2016,2020
37,North Carolina,37035,Catawba,26.860000000000003,2016,2020
37,North Carolina,37037,Chatham,22.48,2016,2020
37,North Carolina,37039,Cherokee,23.72,2016,2020
37,North Carolina,37041,Chowan,10.16,2016,2020
37,North Carolina,37043,Clay,5.1,2016,2020
37,North Carolina,37045,Cleveland,27.139999999999997,2016,2020
37,North Carolina,37047,Columbus,29.0,2016,2020
37,North Carolina,37049,Craven,31.619999999999997,2016,2020
37,North Carolina,37051,Cumberland,30.160000000000004,2016,2020
37,North Carolina,37053,Currituck,24.48,2016,2020
37,North Carolina,37055,Dare,4.8,2016,2020
37,North Carolina,37057,Davidson,25.4,2016,2020
37,North Carolina,37059,Davie,23.7,2016,2020
37,North Carolina,37061,Duplin,24.1,2016,2020
37,North Carolina,37063,Durham,20.5,2016,2020
37,North Carolina,37065,Edgecombe,31.580000000000002,2016,2020
37,North Carolina,37067,Forsyth,25.0,2016,2020
37,North Carolina,37069,Franklin,23.94,2016,2020
37,North Carolina,37071,Gaston,22.259999999999998,2016,2020
37,North Carolina,37073,Gates,19.66,2016,2020
37,North Carolina,37075,Graham,28.919999999999998,2016,2020
37,North Carolina,37077,Granville,22.32,2016,2020
37,North Carolina,37079,Greene,31.46,2016,2020
37,North Carolina,37081,Guilford,25.9,2016,2020
37,North Carolina,37083,Halifax,27.139999999999997,2016,2020
37,North Carolina,37085,Harnett,23.28,2016,2020
37,North Carolina,37087,Haywood,25.96,2016,2020
37,North Carolina,37089,Henderson,23.240000000000002,2016,2020
37,North Carolina,37091,Hertford,14.76,2016,2020
37,North Carolina,37093,Hoke,34.36,2016,2020
37,North Carolina,37095,Hyde,19.54,2016,2020
37,North Carolina,37097,Iredell,22.22,2016,2020
37,North Carolina,37099,Jackson,19.759999999999998,2016,2020
37,North Carolina,37101,Johnston,23.5,2016,2020
37,North Carolina,37103,Jones,28.68,2016,2020
37,North Carolina,37105,Lee,22.66,2016,2020
37,North Carolina,37107,Lenoir,29.580000000000002,2016,2020
37,North Carolina,37109,Lincoln,23.419999999999998,2016,2020
37,North Carolina,37111,McDowell,21.68,2016,2020
37,North Carolina,37113,Macon,17.240000000000002,2016,2020
37,North Carolina,37115,Madison,31.580000000000002,2016,2020
37,North Carolina,37117,Martin,26.660000000000004,2016,2020
37,North Carolina,37119,Mecklenburg,22.119999999999997,2016,2020
37,North Carolina,37121,Mitchell,33.78,2016,2020
37,North Carolina,37123,Montgomery,28.4,2016,2020
37,North Carolina,37125,Moore,27.919999999999998,2016,2020
37,North Carolina,37127,Nash,24.04,2016,2020
37,North Carolina,37129,New Hanover,17.580000000000002,2016,2020
37,North Carolina,37131,Northampton,24.160000000000004,2016,2020
37,North Carolina,37133,Onslow,24.46,2016,2020
37,North Carolina,37135,Orange,22.04,2016,2020
37,North Carolina,37137,Pamlico,27.6,2016,2020
37,North Carolina,37139,Pasquotank,13.1,2016,2020
37,North Carolina,37141,Pender,18.96,2016,2020
37,North Carolina,37143,Perquimans,12.1,2016,2020
37,North Carolina,37145,Person,21.32,2016,2020
37,North Carolina,37147,Pitt,30.28,2016,2020
37,North Carolina,37149,Polk,25.9,2016,2020
37,North Carolina,37151,Randolph,25.48,2016,2020
37,North Carolina,37153,Richmond,32.660000000000004,2016,2020
37,North Carolina,37155,Robeson,32.94,2016,2020
37,North Carolina,37157,Rockingham,26.02,2016,2020
37,North Carolina,37159,Rowan,25.9,2016,2020
37,North Carolina,37161,Rutherford,26.439999999999998,2016,2020
37,North Carolina,37163,Sampson,25.74,2016,2020
37,North Carolina,37165,Scotland,35.8,2016,2020
37,North Carolina,37167,Stanly,27.339999999999996,2016,2020
37,North Carolina,37169,Stokes,25.16,2016,2020
37,North Carolina,37171,Surry,21.5,2016,2020
37,North Carolina,37173,Swain,27.119999999999997,2016,2020
37,North Carolina,37175,Transylvania,25.14,2016,2020
37,North Carolina,37177,Tyrrell,9.6,2016,2020
37,North Carolina,37179,Union,21.02,2016,2020
37,North Carolina,37181,Vance,28.119999999999997,2016,2020
37,North Carolina,37183,Wake,22.380000000000003,2016,2020
37,North Carolina,37185,Warren,30.72,2016,2020
37,North Carolina,37187,Washington,12.959999999999999,2016,2020
37,North Carolina,37189,Watauga,21.9,2016,2020
37,North Carolina,37191,Wayne,26.04,2016,2020
37,North Carolina,37193,Wilkes,23.240000000000002,2016,2020
37,North Carolina,37195,Wilson,29.860000000000003,2016,2020
37,North Carolina,37197,Yadkin,22.759999999999998,2016,2020
37,North Carolina,37199,Yancey,25.44,2016,2020
41,Oregon,41001,Baker,5.779999999999999,2016,2020
41,Oregon,41003,Benton,26.4,2016,2020
41,Oregon,41005,Clackamas,23.8,2016,2020
41,Oregon,41007,Clatsop,22.22,2016,2020
41,Oregon,41009,Columbia,23.28,2016,2020
41,Oregon,41011,Coos,35.96,2016,2020
41,Oregon,41013,Crook,20.639999999999997,2016,2020
41,Oregon,41015,Curry,32.239999999999995,2016,2020
41,Oregon,41017,Deschutes,25.78,2016,2020
41,Oregon,41019,Douglas,28.2,2016,2020
41,Oregon,41021,Gilliam,14.38,2016,2020
41,Oregon,41023,Grant,8.2,2016,2020
41,Oregon,41025,Harney,17.96,2016,2020
41,Oregon,41027,Hood River,22.619999999999997,2016,2020
41,Oregon,41029,Jackson,25.04,2016,2020
41,Oregon,41031,Jefferson,24.720000000000002,2016,2020
41,Oregon,41033,Josephine,24.78,2016,2020
41,Oregon,41035,Klamath,24.119999999999997,2016,2020
41,Oregon,41037,Lake,19.8,2016,2020
41,Oregon,41039,Lane,25.56,2016,2020
41,Oregon,41041,Lincoln,25.48,2016,2020
41,Oregon,41043,Linn,24.9,2016,2020
41,Oregon,41045,Malheur,9.080000000000002,2016,2020
41,Oregon,41047,Marion,26.160000000000004,2016,2020
41,Oregon,41049,Morrow,17.5,2016,2020
41,Oregon,41051,Multnomah,22.6,2016,2020
41,Oregon,41053,Polk,26.939999999999998,2016,2020
41,Oregon,41055,Sherman,16.32,2016,2020
41,Oregon,41057,Tillamook,24.46,2016,2020
41,Oregon,41059,Umatilla,19.08,2016,2020
41,Oregon,41061,Union,4.6,2016,2020
41,Oregon,41063,Wallowa,4.92,2016,2020
41,Oregon,41065,Wasco,23.580000000000002,2016,2020
41,Oregon,41067,Washington,23.68,2016,2020
41,Oregon,41069,Wheeler,23.68,2016,2020
41,Oregon,41071,Yamhill,24.14,2016,2020
42,Pennsylvania,42001,Adams,26.54,2016,2020
42,Pennsylvania,42003,Allegheny,28.4,2016,2020
42,Pennsylvania,42005,Armstrong,28.24,2016,2020
42,Pennsylvania,42007,Beaver,28.28,2016,2020
42,Pennsylvania,42009,Bedford,35.339999999999996,2016,2020
42,Pennsylvania,42011,Berks,24.28,2016,2020
42,Pennsylvania,42013,Blair,32.12,2016,2020
42,Pennsylvania,42015,Bradford,29.439999999999998,2016,2020
42,Pennsylvania,42017,Bucks,26.560000000000002,2016,2020
42,Pennsylvania,42019,Butler,26.68,2016,2020
42,Pennsylvania,42021,Cambria,33.14,2016,2020
42,Pennsylvania,42023,Cameron,21.02,2016,2020
42,Pennsylvania,42025,Carbon,26.28,2016,2020
42,Pennsylvania,42027,Centre,32.239999999999995,2016,2020
42,Pennsylvania,42029,Chester,24.240000000000002,2016,2020
42,Pennsylvania,42031,Clarion,25.880000000000003,2016,2020
42,Pennsylvania,42033,Clearfield,32.7,2016,2020
42,Pennsylvania,42035,Clinton,29.880000000000003,2016,2020
42,Pennsylvania,42037,Columbia,31.72,2016,2020
42,Pennsylvania,42039,Crawford,24.580000000000002,2016,2020
42,Pennsylvania,42041,Cumberland,27.6,2016,2020
42,Pennsylvania,42043,Dauphin,28.2,2016,2020
42,Pennsylvania,42045,Delaware,25.839999999999996,2016,2020
42,Pennsylvania,42047,Elk,19.22,2016,2020
42,Pennsylvania,42049,Erie,22.8,2016,2020
42,Pennsylvania,42051,Fayette,32.160000000000004,2016,2020
42,Pennsylvania,42053,Forest,17.54,2016,2020
42,Pennsylvania,42055,Franklin,26.939999999999998,2016,2020
42,Pennsylvania,42057,Fulton,31.98,2016,2020
42,Pennsylvania,42059,Greene,34.519999999999996,2016,2020
42,Pennsylvania,42061,Huntingdon,32.3,2016,2020
42,Pennsylvania,42063,Indiana,31.119999999999997,2016,2020
42,Pennsylvania,42065,Jefferson,27.02,2016,2020
42,Pennsylvania,42067,Juniata,30.160000000000004,2016,2020
42,Pennsylvania,42069,Lackawanna,28.26,2016,2020
42,Pennsylvania,42071,Lancaster,26.580000000000002,2016,2020
42,Pennsylvania,42073,Lawrence,27.660000000000004,2016,2020
42,Pennsylvania,42075,Lebanon,27.52,2016,2020
42,Pennsylvania,42077,Lehigh,23.9,2016,2020
42,Pennsylvania,42079,Luzerne,28.28,2016,2020
42,Pennsylvania,42081,Lycoming,32.12,2016,2020
42,Pennsylvania,42083,McKean,21.04,2016,2020
42,Pennsylvania,42085,Mercer,26.080000000000002,2016,2020
42,Pennsylvania,42087,Mifflin,28.02,2016,2020
42,Pennsylvania,42089,Monroe,27.4,2016,2020
42,Pennsylvania,42091,Montgomery,25.54,2016,2020
42,Pennsylvania,42093,Montour,37.68,2016,2020
42,Pennsylvania,42095,Northampton,25.14,2016,2020
42,Pennsylvania,42097,Northumberland,29.919999999999998,2016,2020
42,Pennsylvania,42099,Perry,28.0,2016,2020
42,Pennsylvania,42101,Philadelphia,27.419999999999998,2016,2020
42,Pennsylvania,42103,Pike,31.060000000000002,2016,2020
42,Pennsylvania,42105,Potter,28.22,2016,2020
42,Pennsylvania,42107,Schuylkill,27.24,2016,2020
42,Pennsylvania,42109,Snyder,33.160000000000004,2016,2020
42,Pennsylvania,42111,Somerset,32.36,2016,2020
42,Pennsylvania,42113,Sullivan,31.7,2016,2020
42,Pennsylvania,42115,Susquehanna,28.82,2016,2020
42,Pennsylvania,42117,Tioga,31.380000000000003,2016,2020
42,Pennsylvania,42119,Union,33.019999999999996,2016,2020
42,Pennsylvania,42121,Venango,22.919999999999998,2016,2020
42,Pennsylvania,42123,Warren,22.380000000000003,2016,2020
42,Pennsylvania,42125,Washington,29.080000000000002,2016,2020
42,Pennsylvania,42127,Wayne,30.32,2016,2020
42,Pennsylvania,42129,Westmoreland,29.939999999999998,2016,2020
42,Pennsylvania,42131,Wyoming,28.24,2016,2020
42,Pennsylvania,42133,York,28.560000000000002,2016,2020
44,Rhode Island,44001,Bristol,30.9,2016,2020
44,Rhode Island,44003,Kent,28.4,2016,2020
44,Rhode Island,44005,Newport,27.9,2016,2020
44,Rhode Island,44007,Providence,27.5,2016,2020
44,Rhode Island,44009,Washington,25.78,2016,2020
45,South Carolina,45001,Abbeville,27.339999999999996,2016,2020
45,South Carolina,45003,Aiken,25.76,2016,2020
45,South Carolina,45005,Allendale,31.079999999999995,2016,2020
45,South Carolina,45007,Anderson,27.580000000000002,2016,2020
45,South Carolina,45009,Bamberg,33.7,2016,2020
45,South Carolina,45011,Barnwell,23.34,2016,2020
45,South Carolina,45013,Beaufort,19.72,2016,2020
45,South Carolina,45015,Berkeley,25.8,2016,2020
45,South Carolina,45017,Calhoun,31.32,2016,2020
45,South Carolina,45019,Charleston,24.4,2016,2020
45,South Carolina,45021,Cherokee,28.18,2016,2020
45,South Carolina,45023,Chester,24.94,2016,2020
45,South Carolina,45025,Chesterfield,30.46,2016,2020
45,South Carolina,45027,Clarendon,33.86,2016,2020
45,South Carolina,45029,Colleton,22.52,2016,2020
45,South Carolina,45031,Darlington,40.519999999999996,2016,2020
45,South Carolina,45033,Dillon,36.36,2016,2020
45,South Carolina,45035,Dorchester,24.72,2016,2020
45,South Carolina,45037,Edgefield,21.28,2016,2020
45,South Carolina,45039,Fairfield,30.560000000000002,2016,2020
45,South Carolina,45041,Florence,42.160000000000004,2016,2020
45,South Carolina,45043,Georgetown,27.160000000000004,2016,2020
45,South Carolina,45045,Greenville,26.9,2016,2020
45,South Carolina,45047,Greenwood,31.580000000000002,2016,2020
45,South Carolina,45049,Hampton,20.06,2016,2020
45,South Carolina,45051,Horry,31.4,2016,2020
45,South Carolina,45053,Jasper,16.94,2016,2020
45,South Carolina,45055,Kershaw,32.36,2016,2020
45,South Carolina,45057,Lancaster,20.94,2016,2020
45,South Carolina,45059,Laurens,29.2,2016,2020
45,South Carolina,45061,Lee,42.260000000000005,2016,2020
45,South Carolina,45063,Lexington,27.360000000000003,2016,2020
45,South Carolina,45065,McCormick,29.439999999999998,2016,2020
45,South Carolina,45067,Marion,36.58,2016,2020
45,South Carolina,45069,Marlboro,42.3,2016,2020
45,South Carolina,45071,Newberry,31.32,2016,2020
45,South Carolina,45073,Oconee,23.86,2016,2020
45,South Carolina,45075,Orangeburg,27.7,2016,2020
45,South Carolina,45077,Pickens,25.96,2016,2020
45,South Carolina,45079,Richland,31.540000000000003,2016,2020
45,South Carolina,45081,Saluda,26.119999999999997,2016,2020
45,South Carolina,45083,Spartanburg,27.860000000000003,2016,2020
45,South Carolina,45085,Sumter,34.6,2016,2020
45,South Carolina,45087,Union,30.359999999999996,2016,2020
45,South Carolina,45089,Williamsburg,34.8,2016,2020
45,South Carolina,45091,York,22.96,2016,2020
47,Tennessee,47001,Anderson,30.82,2016,2020
47,Tennessee,47003,Bedford,39.7,2016,2020
47,Tennessee,47005,Benton,56.32000000000001,2016,2020
47,Tennessee,47007,Bledsoe,34.54,2016,2020
47,Tennessee,47009,Blount,30.48,2016,2020
47,Tennessee,47011,Bradley,36.56,2016,2020
47,Tennessee,47013,Campbell,45.4,2016,2020
47,Tennessee,47015,Cannon,38.660000000000004,2016,2020
47,Tennessee,47017,Carroll,55.879999999999995,2016,2020
47,Tennessee,47019,Carter,42.1,2016,2020
47,Tennessee,47021,Cheatham,32.08,2016,2020
47,Tennessee,47023,Chester,47.339999999999996,2016,2020
47,Tennessee,47025,Claiborne,41.9,2016,2020
47,Tennessee,47027,Clay,48.379999999999995,2016,2020
47,Tennessee,47029,Cocke,36.660000000000004,2016,2020
47,Tennessee,47031,Coffee,44.980000000000004,2016,2020
47,Tennessee,47033,Crockett,57.7,2016,2020
47,Tennessee,47035,Cumberland,36.8,2016,2020
47,Tennessee,47037,Davidson,32.3,2016,2020
47,Tennessee,47039,Decatur,54.58,2016,2020
47,Tennessee,47041,DeKalb,37.760000000000005,2016,2020
47,Tennessee,47043,Dickson,33.9,2016,2020
47,Tennessee,47045,Dyer,61.5,2016,2020
47,Tennessee,47047,Fayette,30.9,2016,2020
47,Tennessee,47049,Fentress,37.72,2016,2020
47,Tennessee,47051,Franklin,50.42,2016,2020
47,Tennessee,47053,Gibson,57.82000000000001,2016,2020
47,Tennessee,47055,Giles,33.1,2016,2020
47,Tennessee,47057,Grainger,31.939999999999998,2016,2020
47,Tennessee,47059,Greene,43.38,2016,2020
47,Tennessee,47061,Grundy,54.4,2016,2020
47,Tennessee,47063,Hamblen,42.2,2016,2020
47,Tennessee,47065,Hamilton,37.08,2016,2020
47,Tennessee,47067,Hancock,29.82,2016,2020
47,Tennessee,47069,Hardeman,42.86,2016,2020
47,Tennessee,47071,Hardin,47.14,2016,2020
47,Tennessee,47073,Hawkins,38.9,2016,2020
47,Tennessee,47075,Haywood,45.96,2016,2020
47,Tennessee,47077,Henderson,52.239999999999995,2016,2020
47,Tennessee,47079,Henry,51.3,2016,2020
47,Tennessee,47081,Hickman,30.919999999999998,2016,2020
47,Tennessee,47083,Houston,42.660000000000004,2016,2020
47,Tennessee,47085,Humphreys,51.46,2016,2020
47,Tennessee,47087,Jackson,42.839999999999996,2016,2020
47,Tennessee,47089,Jefferson,31.639999999999997,2016,2020
47,Tennessee,47091,Johnson,32.96,2016,2020
47,Tennessee,47093,Knox,31.22,2016,2020
47,Tennessee,47095,Lake,57.760000000000005,2016,2020
47,Tennessee,47097,Lauderdale,59.11999999999999,2016,2020
47,Tennessee,47099,Lawrence,33.32,2016,2020
47,Tennessee,47101,Lewis,35.980000000000004,2016,2020
47,Tennessee,47103,Lincoln,43.1,2016,2020
47,Tennessee,47105,Loudon,31.74,2016,2020
47,Tennessee,47107,McMinn,39.62,2016,2020
47,Tennessee,47109,McNairy,42.62,2016,2020
47,Tennessee,47111,Macon,42.08,2016,2020
47,Tennessee,47113,Madison,54.0,2016,2020
47,Tennessee,47115,Marion,38.1,2016,2020
47,Tennessee,47117,Marshall,31.76,2016,2020
47,Tennessee,47119,Maury,29.24,2016,2020
47,Tennessee,47121,Meigs,36.12,2016,2020
47,Tennessee,47123,Monroe,35.2,2016,2020
47,Tennessee,47125,Montgomery,37.54,2016,2020
47,Tennessee,47127,Moore,47.7,2016,2020
47,Tennessee,47129,Morgan,35.3,2016,2020
47,Tennessee,47131,Obion,63.120000000000005,2016,2020
47,Tennessee,47133,Overton,39.58,2016,2020
47,Tennessee,47135,Perry,51.779999999999994,2016,2020
47,Tennessee,47137,Pickett,45.44,2016,2020
47,Tennessee,47139,Polk,39.3,2016,2020
47,Tennessee,47141,Putnam,38.56,2016,2020
47,Tennessee,47143,Rhea,33.9,2016,2020
47,Tennessee,47145,Roane,31.0,2016,2020
47,Tennessee,47147,Robertson,34.9,2016,2020
47,Tennessee,47149,Rutherford,32.739999999999995,2016,2020
47,Tennessee,47151,Scott,42.3,2016,2020
47,Tennessee,47153,Sequatchie,38.2,2016,2020
47,Tennessee,47155,Sevier,31.32,2016,2020
47,Tennessee,47157,Shelby,29.96,2016,2020
47,Tennessee,47159,Smith,36.660000000000004,2016,2020
47,Tennessee,47161,Stewart,38.6,2016,2020
47,Tennessee,47163,Sullivan,38.28,2016,2020
47,Tennessee,47165,Sumner,34.519999999999996,2016,2020
47,Tennessee,47167,Tipton,31.2,2016,2020
47,Tennessee,47169,Trousdale,36.5,2016,2020
47,Tennessee,47171,Unicoi,43.22,2016,2020
47,Tennessee,47173,Union,30.72,2016,2020
47,Tennessee,47175,Van Buren,41.7,2016,2020
47,Tennessee,47177,Warren,51.720000000000006,2016,2020
47,Tennessee,47179,Washington,44.339999999999996,2016,2020
47,Tennessee,47181,Wayne,42.08,2016,2020
47,Tennessee,47183,Weakley,54.379999999999995,2016,2020
47,Tennessee,47185,White,39.239999999999995,2016,2020
47,Tennessee,47187,Williamson,32.260000000000005,2016,2020
47,Tennessee,47189,Wilson,34.12,2016,2020
49,Utah,49001,Beaver,28.18,2016,2020
49,Utah,49003,Box Elder,19.419999999999998,2016,2020
49,Utah,49005,Cache,20.36,2016,2020
49,Utah,49007,Carbon,24.52,2016,2020
49,Utah,49009,Daggett,25.22,2016,2020
49,Utah,49011,Davis,20.28,2016,2020
49,Utah,49013,Duchesne,23.380000000000003,2016,2020
49,Utah,49015,Emery,25.240000000000002,2016,2020
49,Utah,49017,Garfield,23.94,2016,2020
49,Utah,49019,Grand,23.64,2016,2020
49,Utah,49021,Iron,22.72,2016,2020
49,Utah,49023,Juab,23.580000000000002,2016,2020
49,Utah,49025,Kane,27.52,2016,2020
49,Utah,49027,Millard,27.78,2016,2020
49,Utah,49029,Morgan,19.86,2016,2020
49,Utah,49031,Piute,30.48,2016,2020
49,Utah,49033,Rich,19.44,2016,2020
49,Utah,49035,Salt Lake,20.6,2016,2020
49,Utah,49037,San Juan,24.14,2016,2020
49,Utah,49039,Sanpete,24.02,2016,2020
49,Utah,49041,Sevier,27.24,2016,2020
49,Utah,49043,Summit,20.64,2016,2020
49,Utah,49045,Tooele,20.86,2016,2020
49,Utah,49047,Uintah,24.32,2016,2020
49,Utah,49049,Utah,21.86,2016,2020
49,Utah,49051,Wasatch,21.32,2016,2020
49,Utah,49053,Washington,30.26,2016,2020
49,Utah,49055,Wayne,20.759999999999998,2016,2020
49,Utah,49057,Weber,19.3,2016,2020
50,Vermont,50001,Addison,23.3,2016,2020
50,Vermont,50003,Bennington,20.880000000000003,2016,2020
50,Vermont,50005,Caledonia,25.96,2016,2020
50,Vermont,50007,Chittenden,30.060000000000002,2016,2020
50,Vermont,50009,Essex,26.54,2016,2020
50,Vermont,50011,Franklin,30.380000000000003,2016,2020
50,Vermont,50013,Grand Isle,32.04,2016,2020
50,Vermont,50015,Lamoille,29.3,2016,2020
50,Vermont,50017,Orange,21.9,2016,2020
50,Vermont,50019,Orleans,27.439999999999998,2016,2020
50,Vermont,50021,Rutland,17.759999999999998,2016,2020
50,Vermont,50023,Washington,25.939999999999998,2016,2020
50,Vermont,50025,Windham,19.5,2016,2020
50,Vermont,50027,Windsor,19.4,2016,2020
51,Virginia,51001,Accomack,26.8,2016,2020
51,Virginia,51003,Albemarle,26.78,2016,2020
51,Virginia,51005,Alleghany,32.18,2016,2020
51,Virginia,51007,Amelia,26.52,2016,2020
51,Virginia,51009,Amherst,33.08,2016,2020
51,Virginia,51011,Appomattox,34.260000000000005,2016,2020
51,Virginia,51013,Arlington,14.080000000000002,2016,2020
51,Virginia,51015,Augusta,27.380000000000003,2016,2020
51,Virginia,51017,Bath,23.98,2016,2020
51,Virginia,51019,Bedford,29.0,2016,2020
51,Virginia,51021,Bland,36.739999999999995,2016,2020
51,Virginia,51023,Botetourt,26.160000000000004,2016,2020
51,Virginia,51025,Brunswick,28.839999999999996,2016,2020
51,Virginia,51027,Buchanan,34.2,2016,2020
51,Virginia,51029,Buckingham,26.82,2016,2020
51,Virginia,51031,Campbell,32.46,2016,2020
51,Virginia,51033,Caroline,28.54,2016,2020
51,Virginia,51035,Carroll,24.82,2016,2020
51,Virginia,51036,Charles City,25.160000000000004,2016,2020
51,Virginia,51037,Charlotte,32.44,2016,2020
51,Virginia,51041,Chesterfield,28.160000000000004,2016,2020
51,Virginia,51043,Clarke,22.9,2016,2020
51,Virginia,51045,Craig,27.74,2016,2020
51,Virginia,51047,Culpeper,28.6,2016,2020
51,Virginia,51049,Cumberland,28.22,2016,2020
51,Virginia,51051,Dickenson,31.360000000000003,2016,2020
51,Virginia,51053,Dinwiddie,30.02,2016,2020
51,Virginia,51057,Essex,33.519999999999996,2016,2020
51,Virginia,51059,Fairfax,15.680000000000001,2016,2020
51,Virginia,51061,Fauquier,22.5,2016,2020
51,Virginia,51063,Floyd,25.14,2016,2020
51,Virginia,51065,Fluvanna,23.18,2016,2020
51,Virginia,51067,Franklin,25.76,2016,2020
51,Virginia,51069,Frederick,29.78,2016,2020
51,Virginia,51071,Giles,33.839999999999996,2016,2020
51,Virginia,51073,Gloucester,26.9,2016,2020
51,Virginia,51075,Goochland,25.4,2016,2020
51,Virginia,51077,Grayson,24.36,2016,2020
51,Virginia,51079,Greene,26.24,2016,2020
51,Virginia,51081,Greensville,31.72,2016,2020
51,Virginia,51083,Halifax,25.68,2016,2020
51,Virginia,51085,Hanover,27.4,2016,2020
51,Virginia,51087,Henrico,25.76,2016,2020
51,Virginia,51089,Henry,29.3,2016,2020
51,Virginia,51091,Highland,25.32,2016,2020
51,Virginia,51093,Isle of Wight,29.5,2016,2020
51,Virginia,51095,James City,27.8,2016,2020
51,Virginia,51097,King and Queen,31.859999999999996,2016,2020
51,Virginia,51099,King George,22.68,2016,2020
51,Virginia,51101,King William,31.0,2016,2020
51,Virginia,51103,Lancaster,27.48,2016,2020
51,Virginia,51105,Lee,28.98,2016,2020
51,Virginia,51107,Loudoun,17.18,2016,2020
51,Virginia,51109,Louisa,26.46,2016,2020
51,Virginia,51111,Lunenburg,37.92,2016,2020
51,Virginia,51113,Madison,34.42,2016,2020
51,Virginia,51115,Mathews,25.119999999999997,2016,2020
51,Virginia,51117,Mecklenburg,31.24,2016,2020
51,Virginia,51119,Middlesex,30.8,2016,2020
51,Virginia,51121,Montgomery,31.04,2016,2020
51,Virginia,51125,Nelson,24.94,2016,2020
51,Virginia,51127,New Kent,26.660000000000004,2016,2020
51,Virginia,51131,Northampton,25.4,2016,2020
51,Virginia,51133,Northumberland,24.14,2016,2020
51,Virginia,51135,Nottoway,35.58,2016,2020
51,Virginia,51137,Orange,27.98,2016,2020
51,Virginia,51139,Page,31.02,2016,2020
51,Virginia,51141,Patrick,23.36,2016,2020
51,Virginia,51143,Pittsylvania,28.660000000000004,2016,2020
51,Virginia,51145,Powhatan,24.8,2016,2020
51,Virginia,51147,Prince Edward,37.239999999999995,2016,2020
51,Virginia,51149,Prince George,30.380000000000003,2016,2020
51,Virginia,51153,Prince William,16.720000000000002,2016,2020
51,Virginia,51155,Pulaski,31.060000000000002,2016,2020
51,Virginia,51157,Rappahannock,31.98,2016,2020
51,Virginia,51159,Richmond,33.7,2016,2020
51,Virginia,51161,Roanoke,30.28,2016,2020
51,Virginia,51163,Rockbridge,29.82,2016,2020
51,Virginia,51165,Rockingham,26.439999999999998,2016,2020
51,Virginia,51167,Russell,22.7,2016,2020
51,Virginia,51169,Scott,30.119999999999997,2016,2020
51,Virginia,51171,Shenandoah,29.32,2016,2020
51,Virginia,51173,Smyth,28.72,2016,2020
51,Virginia,51175,Southampton,25.32,2016,2020
51,Virginia,51177,Spotsylvania,29.339999999999996,2016,2020
51,Virginia,51179,Stafford,23.220000000000002,2016,2020
51,Virginia,51181,Surry,28.78,2016,2020
51,Virginia,51183,Sussex,25.5,2016,2020
51,Virginia,51185,Tazewell,31.22,2016,2020
51,Virginia,51187,Warren,30.0,2016,2020
51,Virginia,51191,Washington,29.9,2016,2020
51,Virginia,51193,Westmoreland,20.740000000000002,2016,2020
51,Virginia,51195,Wise,34.64,2016,2020
51,Virginia,51197,Wythe,28.3,2016,2020
51,Virginia,51199,York,27.82,2016,2020
51,Virginia,51510,Alexandria,14.8,2016,2020
51,Virginia,51520,Bristol,32.4,2016,2020
51,Virginia,51530,Buena Vista,25.04,2016,2020
51,Virginia,51540,Charlottesville,21.34,2016,2020
51,Virginia,51550,Chesapeake,27.660000000000004,2016,2020
51,Virginia,51570,Colonial Heights,31.4,2016,2020
51,Virginia,51580,Covington,58.94,2016,2020
51,Virginia,51590,Danville,29.32,2016,2020
51,Virginia,51595,Emporia,56.58,2016,2020
51,Virginia,51600,Fairfax City,14.0,2016,2020
51,Virginia,51610,Falls Church,13.4,2016,2020
51,Virginia,51620,Franklin City,32.260000000000005,2016,2020
51,Virginia,51630,Fredericksburg,27.04,2016,2020
51,Virginia,51640,Galax,11.28,2016,2020
51,Virginia,51650,Hampton,27.339999999999996,2016,2020
51,Virginia,51660,Harrisonburg,29.380000000000003,2016,2020
51,Virginia,51670,Hopewell,26.18,2016,2020
51,Virginia,51678,Lexington,27.880000000000003,2016,2020
51,Virginia,51680,Lynchburg,34.04,2016,2020
51,Virginia,51683,Manassas,20.119999999999997,2016,2020
51,Virginia,51685,Manassas Park,20.119999999999997,2016,2020
51,Virginia,51690,Martinsville,37.2,2016,2020
51,Virginia,51700,Newport News,28.68,2016,2020
51,Virginia,51710,Norfolk,28.5,2016,2020
51,Virginia,51720,Norton,15.88,2016,2020
51,Virginia,51730,Petersburg,30.04,2016,2020
51,Virginia,51735,Poquoson,24.94,2016,2020
51,Virginia,51740,Portsmouth,31.02,2016,2020
51,Virginia,51750,Radford,34.980000000000004,2016,2020
51,Virginia,51760,Richmond City,25.639999999999997,2016,2020
51,Virginia,51770,Roanoke City,32.68,2016,2020
51,Virginia,51775,Salem,32.68,2016,2020
51,Virginia,51790,Staunton,32.12,2016,2020
51,Virginia,51800,Suffolk,30.839999999999996,2016,2020
51,Virginia,51810,Virginia Beach,27.160000000000004,2016,2020
51,Virginia,51820,Waynesboro,31.3,2016,2020
51,Virginia,51830,Williamsburg,21.419999999999998,2016,2020
51,Virginia,51840,Winchester,28.76,2016,2020
53,Washington,53001,Adams,29.2,2016,2020
53,Washington,53003,Asotin,14.5,2016,2020
53,Washington,53005,Benton,23.5,2016,2020
53,Washington,53007,Chelan,22.580000000000002,2016,2020
53,Washington,53009,Clallam,26.660000000000004,2016,2020
53,Washington,53011,Clark,23.52,2016,2020
53,Washington,53013,Columbia,19.4,2016,2020
53,Washington,53015,Cowlitz,25.4,2016,2020
53,Washington,53017,Douglas,28.78,2016,2020
53,Washington,53019,Ferry,28.580000000000002,2016,2020
53,Washington,53021,Franklin,27.939999999999998,2016,2020
53,Washington,53023,Garfield,15.919999999999998,2016,2020
53,Washington,53025,Grant,27.0,2016,2020
53,Washington,53027,Grays Harbor,29.22,2016,2020
53,Washington,53029,Island,25.06,2016,2020
53,Washington,53031,Jefferson,25.56,2016,2020
53,Washington,53033,King,22.84,2016,2020
53,Washington,53035,Kitsap,22.8,2016,2020
53,Washington,53037,Kittitas,22.7,2016,2020
53,Washington,53039,Klickitat,23.36,2016,2020
53,Washington,53041,Lewis,27.660000000000004,2016,2020
53,Washington,53043,Lincoln,28.939999999999998,2016,2020
53,Washington,53045,Mason,26.2,2016,2020
53,Washington,53047,Okanogan,28.660000000000004,2016,2020
53,Washington,53049,Pacific,30.839999999999996,2016,2020
53,Washington,53051,Pend Oreille,28.419999999999998,2016,2020
53,Washington,53053,Pierce,23.06,2016,2020
53,Washington,53055,San Juan,27.360000000000003,2016,2020
53,Washington,53057,Skagit,26.74,2016,2020
53,Washington,53059,Skamania,24.22,2016,2020
53,Washington,53061,Snohomish,22.339999999999996,2016,2020
53,Washington,53063,Spokane,28.22,2016,2020
53,Washington,53065,Stevens,28.28,2016,2020
53,Washington,53067,Thurston,28.060000000000002,2016,2020
53,Washington,53069,Wahkiakum,28.660000000000004,2016,2020
53,Washington,53071,Walla Walla,22.32,2016,2020
53,Washington,53073,Whatcom,28.2,2016,2020
53,Washington,53075,Whitman,27.4,2016,2020
53,Washington,53077,Yakima,22.9,2016,2020
54,West Virginia,54001,Barbour,33.5,2016,2020
54,West Virginia,54003,Berkeley,26.6,2016,2020
54,West Virginia,54005,Boone,48.0,2016,2020
54,West Virginia,54007,Braxton,33.6,2016,2020
54,West Virginia,54009,Brooke,37.3,2016,2020
54,West Virginia,54011,Cabell,43.3,2016,2020
54,West Virginia,54013,Calhoun,39.8,2016,2020
54,West Virginia,54015,Clay,45.5,2016,2020
54,West Virginia,54017,Doddridge,43.3,2016,2020
54,West Virginia,54019,Fayette,42.5,2016,2020
54,West Virginia,54021,Gilmer,37.2,2016,2020
54,West Virginia,54023,Grant,14.8,2016,2020
54,West Virginia,54025,Greenbrier,32.3,2016,2020
54,West Virginia,54027,Hampshire,21.5,2016,2020
54,West Virginia,54029,Hancock,34.3,2016,2020
54,West Virginia,54031,Hardy,21.3,2016,2020
54,West Virginia,54033,Harrison,41.5,2016,2020
54,West Virginia,54035,Jackson,42.7,2016,2020
54,West Virginia,54037,Jefferson,25.8,2016,2020
54,West Virginia,54039,Kanawha,44.9,2016,2020
54,West Virginia,54041,Lewis,38.1,2016,2020
54,West Virginia,54043,Lincoln,46.7,2016,2020
54,West Virginia,54045,Logan,45.1,2016,2020
54,West Virginia,54047,McDowell,34.0,2016,2020
54,West Virginia,54049,Marion,43.8,2016,2020
54,West Virginia,54051,Marshall,37.5,2016,2020
54,West Virginia,54053,Mason,40.3,2016,2020
54,West Virginia,54055,Mercer,38.6,2016,2020
54,West Virginia,54057,Mineral,20.9,2016,2020
54,West Virginia,54059,Mingo,48.1,2016,2020
54,West Virginia,54061,Monongalia,40.4,2016,2020
54,West Virginia,54063,Monroe,29.3,2016,2020
54,West Virginia,54065,Morgan,29.5,2016,2020
54,West Virginia,54067,Nicholas,43.2,2016,2020
54,West Virginia,54069,Ohio,36.9,2016,2020
54,West Virginia,54071,Pendleton,22.3,2016,2020
54,West Virginia,54073,Pleasants,38.9,2016,2020
54,West Virginia,54075,Pocahontas,20.9,2016,2020
54,West Virginia,54077,Preston,34.9,2016,2020
54,West Virginia,54079,Putnam,46.1,2016,2020
54,West Virginia,54081,Raleigh,45.6,2016,2020
54,West Virginia,54083,Randolph,18.4,2016,2020
54,West Virginia,54085,Ritchie,37.0,2016,2020
54,West Virginia,54087,Roane,48.9,2016,2020
54,West Virginia,54089,Summers,38.0,2016,2020
54,West Virginia,54091,Taylor,42.6,2016,2020
54,West Virginia,54093,Tucker,24.8,2016,2020
54,West Virginia,54095,Tyler,34.8,2016,2020
54,West Virginia,54097,Upshur,35.8,2016,2020
54,West Virginia,54099,Wayne,51.3,2016,2020
54,West Virginia,54101,Webster,24.2,2016,2020
54,West Virginia,54103,Wetzel,42.2,2016,2020
54,West Virginia,54105,Wirt,42.7,2016,2020
54,West Virginia,54107,Wood,42.4,2016,2020
54,West Virginia,54109,Wyoming,40.4,2016,2020
55,Wisconsin,55001,Adams,32.2,2016,2020
55,Wisconsin,55003,Ashland,28.860000000000003,2016,2020
55,Wisconsin,55005,Barron,32.36,2016,2020
55,Wisconsin,55007,Bayfield,36.6,2016,2020
55,Wisconsin,55009,Brown,24.9,2016,2020
55,Wisconsin,55011,Buffalo,23.0,2016,2020
55,Wisconsin,55013,Burnett,30.9,2016,2020
55,Wisconsin,55015,Calumet,25.8,2016,2020
55,Wisconsin,55017,Chippewa,32.040000000000006,2016,2020
55,Wisconsin,55019,Clark,30.68,2016,2020
55,Wisconsin,55021,Columbia,27.919999999999998,2016,2020
55,Wisconsin,55023,Crawford,25.18,2016,2020
55,Wisconsin,55025,Dane,28.119999999999997,2016,2020
55,Wisconsin,55027,Dodge,25.240000000000002,2016,2020
55,Wisconsin,55029,Door,27.419999999999998,2016,2020
55,Wisconsin,55031,Douglas,28.8,2016,2020
55,Wisconsin,55033,Dunn,30.48,2016,2020
55,Wisconsin,55035,Eau Claire,31.7,2016,2020
55,Wisconsin,55037,Florence,29.580000000000002,2016,2020
55,Wisconsin,55039,Fond du Lac,27.48,2016,2020
55,Wisconsin,55041,Forest,33.64,2016,2020
55,Wisconsin,55043,Grant,29.76,2016,2020
55,Wisconsin,55045,Green,27.7,2016,2020
55,Wisconsin,55047,Green Lake,29.78,2016,2020
55,Wisconsin,55049,Iowa,26.419999999999998,2016,2020
55,Wisconsin,55051,Iron,33.72,2016,2020
55,Wisconsin,55053,Jackson,30.660000000000004,2016,2020
55,Wisconsin,55055,Jefferson,25.7,2016,2020
55,Wisconsin,55057,Juneau,31.439999999999998,2016,2020
55,Wisconsin,55059,Kenosha,26.860000000000003,2016,2020
55,Wisconsin,55061,Kewaunee,26.580000000000002,2016,2020
55,Wisconsin,55063,La Crosse,20.44,2016,2020
55,Wisconsin,55065,Lafayette,28.919999999999998,2016,2020
55,Wisconsin,55067,Langlade,29.060000000000002,2016,2020
55,Wisconsin,55069,Lincoln,28.46,2016,2020
55,Wisconsin,55071,Manitowoc,26.5,2016,2020
55,Wisconsin,55073,Marathon,30.96,2016,2020
55,Wisconsin,55075,Marinette,27.380000000000003,2016,2020
55,Wisconsin,55077,Marquette,29.859999999999996,2016,2020
55,Wisconsin,55078,Menominee,29.159999999999997,2016,2020
55,Wisconsin,55079,Milwaukee,25.860000000000003,2016,2020
55,Wisconsin,55081,Monroe,25.859999999999996,2016,2020
55,Wisconsin,55083,Oconto,27.04,2016,2020
55,Wisconsin,55085,Oneida,36.0,2016,2020
55,Wisconsin,55087,Outagamie,24.96,2016,2020
55,Wisconsin,55089,Ozaukee,26.5,2016,2020
55,Wisconsin,55091,Pepin,26.560000000000002,2016,2020
55,Wisconsin,55093,Pierce,21.16,2016,2020
55,Wisconsin,55095,Polk,24.4,2016,2020
55,Wisconsin,55097,Portage,30.02,2016,2020
55,Wisconsin,55099,Price,36.3,2016,2020
55,Wisconsin,55101,Racine,26.04,2016,2020
55,Wisconsin,55103,Richland,28.080000000000002,2016,2020
55,Wisconsin,55105,Rock,26.74,2016,2020
55,Wisconsin,55107,Rusk,34.1,2016,2020
55,Wisconsin,55109,St. Croix,24.919999999999998,2016,2020
55,Wisconsin,55111,Sauk,26.560000000000002,2016,2020
55,Wisconsin,55113,Sawyer,37.1,2016,2020
55,Wisconsin,55115,Shawano,26.22,2016,2020
55,Wisconsin,55117,Sheboygan,25.76,2016,2020
55,Wisconsin,55119,Taylor,29.7,2016,2020
55,Wisconsin,55121,Trempealeau,23.48,2016,2020
55,Wisconsin,55123,Vernon,23.759999999999998,2016,2020
55,Wisconsin,55125,Vilas,32.379999999999995,2016,2020
55,Wisconsin,55127,Walworth,25.16,2016,2020
55,Wisconsin,55129,Washburn,35.54,2016,2020
55,Wisconsin,55131,Washington,26.82,2016,2020
55,Wisconsin,55133,Waukesha,26.160000000000004,2016,2020
55,Wisconsin,55135,Waupaca,26.54,2016,2020
55,Wisconsin,55137,Waushara,28.24,2016,2020
55,Wisconsin,55139,Winnebago,27.1,2016,2020
55,Wisconsin,55141,Wood,31.32,2016,2020
4,Arizona,4001,Apache,27.72,2017,2021
4,Arizona,4003,Cochise,25.32,2017,2021
4,Arizona,4005,Coconino,29.82,2017,2021
4,Arizona,4007,Gila,23.9,2017,2021
4,Arizona,4009,Graham,26.3,2017,2021
4,Arizona,4011,Greenlee,31.360000000000003,2017,2021
4,Arizona,4012,La Paz,26.639999999999997,2017,2021
4,Arizona,4013,Maricopa,23.96,2017,2021
4,Arizona,4015,Mohave,30.560000000000002,2017,2021
4,Arizona,4017,Navajo,27.080000000000002,2017,2021
4,Arizona,4019,Pima,23.94,2017,2021
4,Arizona,4021,Pinal,23.6,2017,2021
4,Arizona,4023,Santa Cruz,24.8,2017,2021
4,Arizona,4025,Yavapai,24.16,2017,2021
4,Arizona,4027,Yuma,23.54,2017,2021
6,California,6001,Alameda,20.380000000000003,2017,2021
6,California,6003,Alpine,22.44,2017,2021
6,California,6005,Amador,28.4,2017,2021
6,California,6007,Butte,27.580000000000002,2017,2021
6,California,6009,Calaveras,29.160000000000004,2017,2021
6,California,6011,Colusa,27.639999999999997,2017,2021
6,California,6013,Contra Costa,22.4,2017,2021
6,California,6015,Del Norte,24.02,2017,2021
6,California,6017,El Dorado,26.939999999999998,2017,2021
6,California,6019,Fresno,26.0,2017,2021
6,California,6021,Glenn,27.54,2017,2021
6,California,6023,Humboldt,22.5,2017,2021
6,California,6025,Imperial,23.16,2017,2021
6,California,6027,Inyo,30.7,2017,2021
6,California,6029,Kern,25.880000000000003,2017,2021
6,California,6031,Kings,26.139999999999997,2017,2021
6,California,6033,Lake,22.18,2017,2021
6,California,6035,Lassen,24.419999999999998,2017,2021
6,California,6037,Los Angeles,24.78,2017,2021
6,California,6039,Madera,27.160000000000004,2017,2021
6,California,6041,Marin,19.14,2017,2021
6,California,6043,Mariposa,29.78,2017,2021
6,California,6045,Mendocino,22.880000000000003,2017,2021
6,California,6047,Merced,22.98,2017,2021
6,California,6049,Modoc,24.32,2017,2021
6,California,6051,Mono,25.119999999999997,2017,2021
6,California,6053,Monterey,21.8,2017,2021
6,California,6055,Napa,22.44,2017,2021
6,California,6057,Nevada,23.32,2017,2021
6,California,6059,Orange,24.06,2017,2021
6,California,6061,Placer,26.72,2017,2021
6,California,6063,Plumas,27.24,2017,2021
6,California,6065,Riverside,23.28,2017,2021
6,California,6067,Sacramento,25.4,2017,2021
6,California,6069,San Benito,20.9,2017,2021
6,California,6071,San Bernardino,25.44,2017,2021
6,California,6073,San Diego,21.3,2017,2021
6,California,6075,San Francisco,18.56,2017,2021
6,California,6077,San Joaquin,24.8,2017,2021
6,California,6079,San Luis Obispo,23.580000000000002,2017,2021
6,California,6081,San Mateo,18.16,2017,2021
6,California,6083,Santa Barbara,22.9,2017,2021
6,California,6085,Santa Clara,20.36,2017,2021
6,California,6087,Santa Cruz,17.9,2017,2021
6,California,6089,Shasta,23.24,2017,2021
6,California,6091,Sierra,20.1,2017,2021
6,California,6093,Siskiyou,24.22,2017,2021
6,California,6095,Solano,23.46,2017,2021
6,California,6097,Sonoma,20.68,2017,2021
6,California,6099,Stanislaus,22.56,2017,2021
6,California,6101,Sutter,27.82,2017,2021
6,California,6103,Tehama,27.1,2017,2021
6,California,6105,Trinity,25.919999999999998,2017,2021
6,California,6107,Tulare,29.160000000000004,2017,2021
6,California,6109,Tuolumne,27.6,2017,2021
6,California,6111,Ventura,24.880000000000003,2017,2021
6,California,6113,Yolo,27.32,2017,2021
6,California,6115,Yuba,24.48,2017,2021
8,Colorado,8001,Adams,19.7,2017,2021
8,Colorado,8003,Alamosa,27.0,2017,2021
8,Colorado,8005,Arapahoe,18.54,2017,2021
8,Colorado,8007,Archuleta,25.78,2017,2021
8,Colorado,8009,Baca,23.72,2017,2021
8,Colorado,8011,Bent,26.660000000000004,2017,2021
8,Colorado,8013,Boulder,18.5,2017,2021
8,Colorado,8014,Broomfield,19.919999999999998,2017,2021
8,Colorado,8015,Chaffee,18.94,2017,2021
8,Colorado,8017,Cheyenne,16.36,2017,2021
8,Colorado,8019,Clear Creek,17.96,2017,2021
8,Colorado,8021,Conejos,26.660000000000004,2017,2021
8,Colorado,8023,Costilla,25.22,2017,2021
8,Colorado,8025,Crowley,21.9,2017,2021
8,Colorado,8027,Custer,25.68,2017,2021
8,Colorado,8029,Delta,23.64,2017,2021
8,Colorado,8031,Denver,19.18,2017,2021
8,Colorado,8033,Dolores,15.62,2017,2021
8,Colorado,8035,Douglas,18.259999999999998,2017,2021
8,Colorado,8037,Eagle,12.8,2017,2021
8,Colorado,8039,Elbert,18.1,2017,2021
8,Colorado,8041,El Paso,19.880000000000003,2017,2021
8,Colorado,8043,Fremont,21.64,2017,2021
8,Colorado,8045,Garfield,20.119999999999997,2017,2021
8,Colorado,8047,Gilpin,16.68,2017,2021
8,Colorado,8049,Grand,15.780000000000001,2017,2021
8,Colorado,8051,Gunnison,21.66,2017,2021
8,Colorado,8053,Hinsdale,17.54,2017,2021
8,Colorado,8055,Huerfano,25.74,2017,2021
8,Colorado,8057,Jackson,18.86,2017,2021
8,Colorado,8059,Jefferson,18.02,2017,2021
8,Colorado,8061,Kiowa,24.86,2017,2021
8,Colorado,8063,Kit Carson,16.84,2017,2021
8,Colorado,8065,Lake,11.58,2017,2021
8,Colorado,8067,La Plata,23.02,2017,2021
8,Colorado,8069,Larimer,18.56,2017,2021
8,Colorado,8071,Las Animas,26.02,2017,2021
8,Colorado,8073,Lincoln,19.94,2017,2021
8,Colorado,8075,Logan,22.9,2017,2021
8,Colorado,8077,Mesa,20.759999999999998,2017,2021
8,Colorado,8079,Mineral,19.48,2017,2021
8,Colorado,8081,Moffat,21.7,2017,2021
8,Colorado,8083,Montezuma,22.4,2017,2021
8,Colorado,8085,Montrose,21.619999999999997,2017,2021
8,Colorado,8087,Morgan,24.580000000000002,2017,2021
8,Colorado,8089,Otero,26.139999999999997,2017,2021
8,Colorado,8091,Ouray,17.16,2017,2021
8,Colorado,8093,Park,18.740000000000002,2017,2021
8,Colorado,8095,Phillips,25.82,2017,2021
8,Colorado,8097,Pitkin,19.66,2017,2021
8,Colorado,8099,Prowers,23.56,2017,2021
8,Colorado,8101,Pueblo,22.32,2017,2021
8,Colorado,8103,Rio Blanco,20.240000000000002,2017,2021
8,Colorado,8105,Rio Grande,25.0,2017,2021
8,Colorado,8107,Routt,15.3,2017,2021
8,Colorado,8109,Saguache,23.28,2017,2021
8,Colorado,8111,San Juan,16.4,2017,2021
8,Colorado,8113,San Miguel,15.680000000000001,2017,2021
8,Colorado,8115,Sedgwick,21.22,2017,2021
8,Colorado,8117,Summit,12.64,2017,2021
8,Colorado,8119,Teller,18.740000000000002,2017,2021
8,Colorado,8121,Washington,20.98,2017,2021
8,Colorado,8123,Weld,20.66,2017,2021
8,Colorado,8125,Yuma,22.94,2017,2021
9,Connecticut,9001,Fairfield,23.900000000000002,2017,2021
9,Connecticut,9003,Hartford,25.233333333333334,2017,2021
9,Connecticut,9005,Litchfield,24.2,2017,2021
9,Connecticut,9007,Middlesex,25.233333333333334,2017,2021
9,Connecticut,9009,New Haven,23.900000000000002,2017,2021
9,Connecticut,9011,New London,25.599999999999998,2017,2021
9,Connecticut,9013,Tolland,26.0,2017,2021
9,Connecticut,9015,Windham,29.266666666666666,2017,2021
12,Florida,12001,Alachua,36.58,2017,2021
12,Florida,12003,Baker,32.38,2017,2021
12,Florida,12005,Bay,29.1,2017,2021
12,Florida,12007,Bradford,33.0,2017,2021
12,Florida,12009,Brevard,28.82,2017,2021
12,Florida,12011,Broward,25.22,2017,2021
12,Florida,12013,Calhoun,32.0,2017,2021
12,Florida,12015,Charlotte,26.339999999999996,2017,2021
12,Florida,12017,Citrus,41.22,2017,2021
12,Florida,12019,Clay,30.860000000000003,2017,2021
12,Florida,12021,Collier,25.96,2017,2021
12,Florida,12023,Columbia,33.08,2017,2021
12,Florida,12027,DeSoto,28.1,2017,2021
12,Florida,12029,Dixie,37.42,2017,2021
12,Florida,12031,Duval,29.98,2017,2021
12,Florida,12033,Escambia,35.5,2017,2021
12,Florida,12035,Flagler,30.660000000000004,2017,2021
12,Florida,12037,Franklin,35.94,2017,2021
12,Florida,12039,Gadsden,30.26,2017,2021
12,Florida,12041,Gilchrist,32.739999999999995,2017,2021
12,Florida,12043,Glades,24.36,2017,2021
12,Florida,12045,Gulf,33.94,2017,2021
12,Florida,12047,Hamilton,39.019999999999996,2017,2021
12,Florida,12049,Hardee,32.519999999999996,2017,2021
12,Florida,12051,Hendry,23.419999999999998,2017,2021
12,Florida,12053,Hernando,39.08,2017,2021
12,Florida,12055,Highlands,36.739999999999995,2017,2021
12,Florida,12057,Hillsborough,31.78,2017,2021
12,Florida,12059,Holmes,23.2,2017,2021
12,Florida,12061,Indian River,30.32,2017,2021
12,Florida,12063,Jackson,31.060000000000002,2017,2021
12,Florida,12065,Jefferson,32.8,2017,2021
12,Florida,12067,Lafayette,38.58,2017,2021
12,Florida,12069,Lake,32.7,2017,2021
12,Florida,12071,Lee,24.18,2017,2021
12,Florida,12073,Leon,32.760000000000005,2017,2021
12,Florida,12075,Levy,38.46,2017,2021
12,Florida,12077,Liberty,30.880000000000003,2017,2021
12,Florida,12079,Madison,39.6,2017,2021
12,Florida,12081,Manatee,30.380000000000003,2017,2021
12,Florida,12083,Marion,36.339999999999996,2017,2021
12,Florida,12085,Martin,24.1,2017,2021
12,Florida,12086,Miami-Dade,26.48,2017,2021
12,Florida,12087,Monroe,27.580000000000002,2017,2021
12,Florida,12089,Nassau,31.3,2017,2021
12,Florida,12091,Okaloosa,31.52,2017,2021
12,Florida,12093,Okeechobee,28.5,2017,2021
12,Florida,12095,Orange,31.32,2017,2021
12,Florida,12097,Osceola,32.160000000000004,2017,2021
12,Florida,12099,Palm Beach,23.48,2017,2021
12,Florida,12101,Pasco,32.92,2017,2021
12,Florida,12103,Pinellas,30.759999999999998,2017,2021
12,Florida,12105,Polk,32.54,2017,2021
12,Florida,12107,Putnam,32.62,2017,2021
12,Florida,12109,St. Johns,30.2,2017,2021
12,Florida,12111,St. Lucie,29.5,2017,2021
12,Florida,12113,Santa Rosa,33.82,2017,2021
12,Florida,12115,Sarasota,26.74,2017,2021
12,Florida,12117,Seminole,29.439999999999998,2017,2021
12,Florida,12119,Sumter,38.760000000000005,2017,2021
12,Florida,12121,Suwannee,37.980000000000004,2017,2021
12,Florida,12123,Taylor,37.72,2017,2021
12,Florida,12125,Union,32.28,2017,2021
12,Florida,12127,Volusia,30.560000000000002,2017,2021
12,Florida,12129,Wakulla,32.019999999999996,2017,2021
12,Florida,12131,Walton,29.880000000000003,2017,2021
12,Florida,12133,Washington,28.380000000000003,2017,2021
18,Indiana,18001,Adams,30.266666666666666,2017,2021
18,Indiana,18003,Allen,30.233333333333334,2017,2021
18,Indiana,18005,Bartholomew,31.599999999999998,2017,2021
18,Indiana,18007,Benton,32.86666666666667,2017,2021
18,Indiana,18009,Blackford,40.166666666666664,2017,2021
18,Indiana,18011,Boone,26.5,2017,2021
18,Indiana,18013,Brown,28.8,2017,2021
18,Indiana,18015,Carroll,34.06666666666666,2017,2021
18,Indiana,18017,Cass,37.36666666666667,2017,2021
18,Indiana,18019,Clark,29.633333333333336,2017,2021
18,Indiana,18021,Clay,35.46666666666667,2017,2021
18,Indiana,18023,Clinton,27.0,2017,2021
18,Indiana,18025,Crawford,32.666666666666664,2017,2021
18,Indiana,18027,Daviess,34.4,2017,2021
18,Indiana,18029,Dearborn,19.400000000000002,2017,2021
18,Indiana,18031,Decatur,29.366666666666664,2017,2021
18,Indiana,18033,DeKalb,29.166666666666668,2017,2021
18,Indiana,18035,Delaware,39.46666666666667,2017,2021
18,Indiana,18037,Dubois,33.1,2017,2021
18,Indiana,18039,Elkhart,27.866666666666664,2017,2021
18,Indiana,18041,Fayette,42.0,2017,2021
18,Indiana,18043,Floyd,30.866666666666664,2017,2021
18,Indiana,18045,Fountain,33.06666666666667,2017,2021
18,Indiana,18047,Franklin,24.433333333333337,2017,2021
18,Indiana,18049,Fulton,35.36666666666667,2017,2021
18,Indiana,18051,Gibson,35.9,2017,2021
18,Indiana,18053,Grant,38.0,2017,2021
18,Indiana,18055,Greene,30.233333333333334,2017,2021
18,Indiana,18057,Hamilton,27.099999999999998,2017,2021
18,Indiana,18059,Hancock,27.566666666666666,2017,2021
18,Indiana,18061,Harrison,29.866666666666664,2017,2021
18,Indiana,18063,Hendricks,29.333333333333332,2017,2021
18,Indiana,18065,Henry,38.03333333333333,2017,2021
18,Indiana,18067,Howard,39.733333333333334,2017,2021
18,Indiana,18069,Huntington,32.86666666666667,2017,2021
18,Indiana,18071,Jackson,29.96666666666667,2017,2021
18,Indiana,18073,Jasper,29.933333333333337,2017,2021
18,Indiana,18075,Jay,36.0,2017,2021
18,Indiana,18077,Jefferson,29.066666666666666,2017,2021
18,Indiana,18079,Jennings,28.733333333333334,2017,2021
18,Indiana,18081,Johnson,29.2,2017,2021
18,Indiana,18083,Knox,35.9,2017,2021
18,Indiana,18085,Kosciusko,28.2,2017,2021
18,Indiana,18087,LaGrange,29.333333333333332,2017,2021
18,Indiana,18089,Lake,27.733333333333334,2017,2021
18,Indiana,18091,LaPorte,29.5,2017,2021
18,Indiana,18093,Lawrence,31.633333333333336,2017,2021
18,Indiana,18095,Madison,29.2,2017,2021
18,Indiana,18097,Marion,26.633333333333336,2017,2021
18,Indiana,18099,Marshall,27.03333333333333,2017,2021
18,Indiana,18101,Martin,34.56666666666667,2017,2021
18,Indiana,18103,Miami,39.833333333333336,2017,2021
18,Indiana,18105,Monroe,29.666666666666668,2017,2021
18,Indiana,18107,Montgomery,30.566666666666666,2017,2021
18,Indiana,18109,Morgan,27.866666666666664,2017,2021
18,Indiana,18111,Newton,27.733333333333334,2017,2021
18,Indiana,18113,Noble,28.166666666666668,2017,2021
18,Indiana,18115,Ohio,19.533333333333335,2017,2021
18,Indiana,18117,Orange,36.03333333333333,2017,2021
18,Indiana,18119,Owen,29.733333333333334,2017,2021
18,Indiana,18121,Parke,37.666666666666664,2017,2021
18,Indiana,18123,Perry,32.766666666666666,2017,2021
18,Indiana,18125,Pike,33.5,2017,2021
18,Indiana,18127,Porter,29.03333333333333,2017,2021
18,Indiana,18129,Posey,30.866666666666664,2017,2021
18,Indiana,18131,Pulaski,36.833333333333336,2017,2021
18,Indiana,18133,Putnam,31.433333333333337,2017,2021
18,Indiana,18135,Randolph,41.300000000000004,2017,2021
18,Indiana,18137,Ripley,17.5,2017,2021
18,Indiana,18139,Rush,33.86666666666667,2017,2021
18,Indiana,18141,St. Joseph,27.46666666666667,2017,2021
18,Indiana,18143,Scott,33.699999999999996,2017,2021
18,Indiana,18145,Shelby,29.166666666666668,2017,2021
18,Indiana,18147,Spencer,33.5,2017,2021
18,Indiana,18149,Starke,30.3,2017,2021
18,Indiana,18151,Steuben,35.1,2017,2021
18,Indiana,18153,Sullivan,36.266666666666666,2017,2021
18,Indiana,18155,Switzerland,21.833333333333332,2017,2021
18,Indiana,18157,Tippecanoe,33.86666666666667,2017,2021
18,Indiana,18159,Tipton,29.066666666666666,2017,2021
18,Indiana,18161,Union,42.26666666666667,2017,2021
18,Indiana,18163,Vanderburgh,32.06666666666666,2017,2021
18,Indiana,18165,Vermillion,35.53333333333333,2017,2021
18,Indiana,18167,Vigo,36.36666666666667,2017,2021
18,Indiana,18169,Wabash,37.96666666666667,2017,2021
18,Indiana,18171,Warren,31.599999999999998,2017,2021
18,Indiana,18173,Warrick,32.666666666666664,2017,2021
18,Indiana,18175,Washington,35.53333333333333,2017,2021
18,Indiana,18177,Wayne,46.199999999999996,2017,2021
18,Indiana,18179,Wells,33.03333333333333,2017,2021
18,Indiana,18181,White,33.6,2017,2021
18,Indiana,18183,Whitley,30.86666666666667,2017,2021
19,Iowa,19001,Adair,21.02,2017,2021
19,Iowa,19003,Adams,20.619999999999997,2017,2021
19,Iowa,19005,Allamakee,14.819999999999999,2017,2021
19,Iowa,19007,Appanoose,34.08,2017,2021
19,Iowa,19009,Audubon,22.259999999999998,2017,2021
19,Iowa,19011,Benton,26.880000000000003,2017,2021
19,Iowa,19013,Black Hawk,26.72,2017,2021
19,Iowa,19015,Boone,26.619999999999997,2017,2021
19,Iowa,19017,Bremer,26.68,2017,2021
19,Iowa,19019,Buchanan,28.0,2017,2021
19,Iowa,19021,Buena Vista,19.919999999999998,2017,2021
19,Iowa,19023,Butler,26.939999999999998,2017,2021
19,Iowa,19025,Calhoun,28.160000000000004,2017,2021
19,Iowa,19027,Carroll,24.94,2017,2021
19,Iowa,19029,Cass,24.08,2017,2021
19,Iowa,19031,Cedar,26.580000000000002,2017,2021
19,Iowa,19033,Cerro Gordo,26.48,2017,2021
19,Iowa,19035,Cherokee,21.240000000000002,2017,2021
19,Iowa,19037,Chickasaw,20.080000000000002,2017,2021
19,Iowa,19039,Clarke,30.02,2017,2021
19,Iowa,19041,Clay,13.080000000000002,2017,2021
19,Iowa,19043,Clayton,24.54,2017,2021
19,Iowa,19045,Clinton,28.6,2017,2021
19,Iowa,19047,Crawford,24.240000000000002,2017,2021
19,Iowa,19049,Dallas,25.74,2017,2021
19,Iowa,19051,Davis,31.28,2017,2021
19,Iowa,19053,Decatur,32.88,2017,2021
19,Iowa,19055,Delaware,28.939999999999998,2017,2021
19,Iowa,19057,Des Moines,36.88,2017,2021
19,Iowa,19059,Dickinson,7.18,2017,2021
19,Iowa,19061,Dubuque,28.98,2017,2021
19,Iowa,19063,Emmet,12.7,2017,2021
19,Iowa,19065,Fayette,22.82,2017,2021
19,Iowa,19067,Floyd,24.34,2017,2021
19,Iowa,19069,Franklin,28.380000000000003,2017,2021
19,Iowa,19071,Fremont,19.419999999999998,2017,2021
19,Iowa,19073,Greene,23.46,2017,2021
19,Iowa,19075,Grundy,27.619999999999997,2017,2021
19,Iowa,19077,Guthrie,20.759999999999998,2017,2021
19,Iowa,19079,Hamilton,30.04,2017,2021
19,Iowa,19081,Hancock,26.9,2017,2021
19,Iowa,19083,Hardin,28.880000000000003,2017,2021
19,Iowa,19085,Harrison,21.9,2017,2021
19,Iowa,19087,Henry,34.4,2017,2021
19,Iowa,19089,Howard,14.1,2017,2021
19,Iowa,19091,Humboldt,28.119999999999997,2017,2021
19,Iowa,19093,Ida,25.619999999999997,2017,2021
19,Iowa,19095,Iowa,26.619999999999997,2017,2021
19,Iowa,19097,Jackson,32.6,2017,2021
19,Iowa,19099,Jasper,27.339999999999996,2017,2021
19,Iowa,19101,Jefferson,31.639999999999997,2017,2021
19,Iowa,19103,Johnson,25.919999999999998,2017,2021
19,Iowa,19105,Jones,30.5,2017,2021
19,Iowa,19107,Keokuk,29.080000000000002,2017,2021
19,Iowa,19109,Kossuth,22.3,2017,2021
19,Iowa,19111,Lee,35.76,2017,2021
19,Iowa,19113,Linn,26.2,2017,2021
19,Iowa,19115,Louisa,25.8,2017,2021
19,Iowa,19117,Lucas,29.96,2017,2021
19,Iowa,19119,Lyon,6.94,2017,2021
19,Iowa,19121,Madison,25.860000000000003,2017,2021
19,Iowa,19123,Mahaska,29.5,2017,2021
19,Iowa,19125,Marion,27.419999999999998,2017,2021
19,Iowa,19127,Marshall,28.1,2017,2021
19,Iowa,19129,Mills,24.28,2017,2021
19,Iowa,19131,Mitchell,20.82,2017,2021
19,Iowa,19133,Monona,23.34,2017,2021
19,Iowa,19135,Monroe,31.52,2017,2021
19,Iowa,19137,Montgomery,20.92,2017,2021
19,Iowa,19139,Muscatine,22.98,2017,2021
19,Iowa,19141,O'Brien,11.9,2017,2021
19,Iowa,19143,Osceola,5.9399999999999995,2017,2021
19,Iowa,19145,Page,16.919999999999998,2017,2021
19,Iowa,19147,Palo Alto,16.44,2017,2021
19,Iowa,19149,Plymouth,22.16,2017,2021
19,Iowa,19151,Pocahontas,24.72,2017,2021
19,Iowa,19153,Polk,26.080000000000002,2017,2021
19,Iowa,19155,Pottawattamie,23.16,2017,2021
19,Iowa,19157,Poweshiek,27.919999999999998,2017,2021
19,Iowa,19159,Ringgold,29.919999999999998,2017,2021
19,Iowa,19161,Sac,24.1,2017,2021
19,Iowa,19163,Scott,26.9,2017,2021
19,Iowa,19165,Shelby,22.419999999999998,2017,2021
19,Iowa,19167,Sioux,13.040000000000001,2017,2021
19,Iowa,19169,Story,28.04,2017,2021
19,Iowa,19171,Tama,27.660000000000004,2017,2021
19,Iowa,19173,Taylor,22.4,2017,2021
19,Iowa,19175,Union,27.72,2017,2021
19,Iowa,19177,Van Buren,31.28,2017,2021
19,Iowa,19179,Wapello,31.1,2017,2021
19,Iowa,19181,Warren,25.82,2017,2021
19,Iowa,19183,Washington,23.759999999999998,2017,2021
19,Iowa,19185,Wayne,34.36,2017,2021
19,Iowa,19187,Webster,31.639999999999997,2017,2021
19,Iowa,19189,Winnebago,24.259999999999998,2017,2021
19,Iowa,19191,Winneshiek,11.52,2017,2021
19,Iowa,19193,Woodbury,22.160000000000004,2017,2021
19,Iowa,19195,Worth,22.5,2017,2021
19,Iowa,19197,Wright,29.32,2017,2021
20,Kansas,20001,Allen,25.360000000000003,2017,2021
20,Kansas,20003,Anderson,30.619999999999997,2017,2021
20,Kansas,20005,Atchison,30.919999999999998,2017,2021
20,Kansas,20007,Barber,12.9,2017,2021
20,Kansas,20009,Barton,25.06,2017,2021
20,Kansas,20011,Bourbon,28.28,2017,2021
20,Kansas,20013,Brown,30.9,2017,2021
20,Kansas,20015,Butler,28.139999999999997,2017,2021
20,Kansas,20017,Chase,21.160000000000004,2017,2021
20,Kansas,20019,Chautauqua,15.38,2017,2021
20,Kansas,20021,Cherokee,31.660000000000004,2017,2021
20,Kansas,20023,Cheyenne,16.259999999999998,2017,2021
20,Kansas,20025,Clark,21.4,2017,2021
20,Kansas,20027,Clay,27.68,2017,2021
20,Kansas,20029,Cloud,21.0,2017,2021
20,Kansas,20031,Coffey,30.76,2017,2021
20,Kansas,20033,Comanche,11.4,2017,2021
20,Kansas,20035,Cowley,28.22,2017,2021
20,Kansas,20037,Crawford,31.459999999999997,2017,2021
20,Kansas,20039,Decatur,22.52,2017,2021
20,Kansas,20041,Dickinson,24.2,2017,2021
20,Kansas,20043,Doniphan,36.38,2017,2021
20,Kansas,20045,Douglas,23.46,2017,2021
20,Kansas,20047,Edwards,19.84,2017,2021
20,Kansas,20049,Elk,15.62,2017,2021
20,Kansas,20051,Ellis,25.259999999999998,2017,2021
20,Kansas,20053,Ellsworth,22.619999999999997,2017,2021
20,Kansas,20055,Finney,19.9,2017,2021
20,Kansas,20057,Ford,22.080000000000002,2017,2021
20,Kansas,20059,Franklin,21.84,2017,2021
20,Kansas,20061,Geary,29.9,2017,2021
20,Kansas,20063,Gove,25.639999999999997,2017,2021
20,Kansas,20065,Graham,21.119999999999997,2017,2021
20,Kansas,20067,Grant,16.279999999999998,2017,2021
20,Kansas,20069,Gray,20.06,2017,2021
20,Kansas,20071,Greeley,21.24,2017,2021
20,Kansas,20073,Greenwood,21.04,2017,2021
20,Kansas,20075,Hamilton,20.759999999999998,2017,2021
20,Kansas,20077,Harper,22.759999999999998,2017,2021
20,Kansas,20079,Harvey,28.439999999999998,2017,2021
20,Kansas,20081,Haskell,16.22,2017,2021
20,Kansas,20083,Hodgeman,21.02,2017,2021
20,Kansas,20085,Jackson,28.98,2017,2021
20,Kansas,20087,Jefferson,28.22,2017,2021
20,Kansas,20089,Jewell,20.86,2017,2021
20,Kansas,20091,Johnson,25.3,2017,2021
20,Kansas,20093,Kearny,19.0,2017,2021
20,Kansas,20095,Kingman,29.779999999999994,2017,2021
20,Kansas,20097,Kiowa,18.44,2017,2021
20,Kansas,20099,Labette,23.5,2017,2021
20,Kansas,20101,Lane,20.4,2017,2021
20,Kansas,20103,Leavenworth,23.76,2017,2021
20,Kansas,20105,Lincoln,22.080000000000002,2017,2021
20,Kansas,20107,Linn,31.78,2017,2021
20,Kansas,20109,Logan,23.36,2017,2021
20,Kansas,20111,Lyon,30.619999999999997,2017,2021
20,Kansas,20113,McPherson,25.96,2017,2021
20,Kansas,20115,Marion,21.24,2017,2021
20,Kansas,20117,Marshall,23.62,2017,2021
20,Kansas,20119,Meade,20.54,2017,2021
20,Kansas,20121,Miami,22.54,2017,2021
20,Kansas,20123,Mitchell,21.7,2017,2021
20,Kansas,20125,Montgomery,16.06,2017,2021
20,Kansas,20127,Morris,29.439999999999998,2017,2021
20,Kansas,20129,Morton,13.6,2017,2021
20,Kansas,20131,Nemaha,25.54,2017,2021
20,Kansas,20133,Neosho,21.78,2017,2021
20,Kansas,20135,Ness,20.16,2017,2021
20,Kansas,20137,Norton,17.880000000000003,2017,2021
20,Kansas,20139,Osage,28.68,2017,2021
20,Kansas,20141,Osborne,22.119999999999997,2017,2021
20,Kansas,20143,Ottawa,23.52,2017,2021
20,Kansas,20145,Pawnee,21.580000000000002,2017,2021
20,Kansas,20147,Phillips,19.8,2017,2021
20,Kansas,20149,Pottawatomie,27.2,2017,2021
20,Kansas,20151,Pratt,25.119999999999997,2017,2021
20,Kansas,20153,Rawlins,20.5,2017,2021
20,Kansas,20155,Reno,29.5,2017,2021
20,Kansas,20157,Republic,21.4,2017,2021
20,Kansas,20159,Rice,26.660000000000004,2017,2021
20,Kansas,20161,Riley,26.76,2017,2021
20,Kansas,20163,Rooks,21.56,2017,2021
20,Kansas,20165,Rush,22.580000000000002,2017,2021
20,Kansas,20167,Russell,23.080000000000002,2017,2021
20,Kansas,20169,Saline,21.46,2017,2021
20,Kansas,20171,Scott,20.740000000000002,2017,2021
20,Kansas,20173,Sedgwick,28.54,2017,2021
20,Kansas,20175,Seward,13.0,2017,2021
20,Kansas,20177,Shawnee,27.660000000000004,2017,2021
20,Kansas,20179,Sheridan,16.32,2017,2021
20,Kansas,20181,Sherman,16.5,2017,2021
20,Kansas,20183,Smith,22.82,2017,2021
20,Kansas,20185,Stafford,26.9,2017,2021
20,Kansas,20187,Stanton,18.82,2017,2021
20,Kansas,20189,Stevens,13.540000000000001,2017,2021
20,Kansas,20191,Sumner,28.160000000000004,2017,2021
20,Kansas,20193,Thomas,16.94,2017,2021
20,Kansas,20195,Trego,23.86,2017,2021
20,Kansas,20197,Wabaunsee,29.2,2017,2021
20,Kansas,20199,Wallace,16.8,2017,2021
20,Kansas,20201,Washington,23.86,2017,2021
20,Kansas,20203,Wichita,26.24,2017,2021
20,Kansas,20205,Wilson,13.52,2017,2021
20,Kansas,20207,Woodson,20.7,2017,2021
20,Kansas,20209,Wyandotte,24.8,2017,2021
21,Kentucky,21001,Adair,48.72,2017,2021
21,Kentucky,21003,Allen,43.1,2017,2021
21,Kentucky,21005,Anderson,34.339999999999996,2017,2021
21,Kentucky,21007,Ballard,33.42,2017,2021
21,Kentucky,21009,Barren,47.059999999999995,2017,2021
21,Kentucky,21011,Bath,47.86,2017,2021
21,Kentucky,21013,Bell,47.1,2017,2021
21,Kentucky,21015,Boone,27.3,2017,2021
21,Kentucky,21017,Bourbon,29.02,2017,2021
21,Kentucky,21019,Boyd,56.36,2017,2021
21,Kentucky,21021,Boyle,41.42,2017,2021
21,Kentucky,21023,Bracken,46.5,2017,2021
21,Kentucky,21025,Breathitt,58.54,2017,2021
21,Kentucky,21027,Breckinridge,36.1,2017,2021
21,Kentucky,21029,Bullitt,30.939999999999998,2017,2021
21,Kentucky,21031,Butler,45.94,2017,2021
21,Kentucky,21033,Caldwell,28.6,2017,2021
21,Kentucky,21035,Calloway,39.38,2017,2021
21,Kentucky,21037,Campbell,26.839999999999996,2017,2021
21,Kentucky,21039,Carlisle,35.72,2017,2021
21,Kentucky,21041,Carroll,31.24,2017,2021
21,Kentucky,21043,Carter,52.06,2017,2021
21,Kentucky,21045,Casey,47.56,2017,2021
21,Kentucky,21047,Christian,33.22,2017,2021
21,Kentucky,21049,Clark,28.46,2017,2021
21,Kentucky,21051,Clay,47.64,2017,2021
21,Kentucky,21053,Clinton,45.5,2017,2021
21,Kentucky,21055,Crittenden,27.74,2017,2021
21,Kentucky,21057,Cumberland,47.839999999999996,2017,2021
21,Kentucky,21059,Daviess,31.6,2017,2021
21,Kentucky,21061,Edmonson,46.08,2017,2021
21,Kentucky,21063,Elliott,54.279999999999994,2017,2021
21,Kentucky,21065,Estill,38.42,2017,2021
21,Kentucky,21067,Fayette,26.9,2017,2021
21,Kentucky,21069,Fleming,50.88,2017,2021
21,Kentucky,21071,Floyd,55.08,2017,2021
21,Kentucky,21073,Franklin,31.860000000000003,2017,2021
21,Kentucky,21075,Fulton,45.160000000000004,2017,2021
21,Kentucky,21077,Gallatin,31.2,2017,2021
21,Kentucky,21079,Garrard,36.06,2017,2021
21,Kentucky,21081,Grant,30.98,2017,2021
21,Kentucky,21083,Graves,41.12,2017,2021
21,Kentucky,21085,Grayson,38.4,2017,2021
21,Kentucky,21087,Green,46.96,2017,2021
21,Kentucky,21089,Greenup,53.0,2017,2021
21,Kentucky,21091,Hancock,37.28,2017,2021
21,Kentucky,21093,Hardin,31.7,2017,2021
21,Kentucky,21095,Harlan,42.08,2017,2021
21,Kentucky,21097,Harrison,39.46,2017,2021
21,Kentucky,21099,Hart,39.519999999999996,2017,2021
21,Kentucky,21101,Henderson,30.080000000000002,2017,2021
21,Kentucky,21103,Henry,30.24,2017,2021
21,Kentucky,21105,Hickman,48.72,2017,2021
21,Kentucky,21107,Hopkins,33.82,2017,2021
21,Kentucky,21109,Jackson,40.46,2017,2021
21,Kentucky,21111,Jefferson,30.24,2017,2021
21,Kentucky,21113,Jessamine,26.380000000000003,2017,2021
21,Kentucky,21115,Johnson,60.02,2017,2021
21,Kentucky,21117,Kenton,28.02,2017,2021
21,Kentucky,21119,Knott,56.5,2017,2021
21,Kentucky,21121,Knox,47.46,2017,2021
21,Kentucky,21123,Larue,38.4,2017,2021
21,Kentucky,21125,Laurel,50.760000000000005,2017,2021
21,Kentucky,21127,Lawrence,58.379999999999995,2017,2021
21,Kentucky,21129,Lee,50.940000000000005,2017,2021
21,Kentucky,21131,Leslie,60.02,2017,2021
21,Kentucky,21133,Letcher,49.44,2017,2021
21,Kentucky,21135,Lewis,51.8,2017,2021
21,Kentucky,21137,Lincoln,46.12,2017,2021
21,Kentucky,21139,Livingston,32.38,2017,2021
21,Kentucky,21141,Logan,43.82000000000001,2017,2021
21,Kentucky,21143,Lyon,31.9,2017,2021
21,Kentucky,21145,McCracken,35.5,2017,2021
21,Kentucky,21147,McCreary,49.480000000000004,2017,2021
21,Kentucky,21149,McLean,33.06,2017,2021
21,Kentucky,21151,Madison,28.48,2017,2021
21,Kentucky,21153,Magoffin,59.160000000000004,2017,2021
21,Kentucky,21155,Marion,41.86,2017,2021
21,Kentucky,21157,Marshall,34.22,2017,2021
21,Kentucky,21159,Martin,55.4,2017,2021
21,Kentucky,21161,Mason,48.980000000000004,2017,2021
21,Kentucky,21163,Meade,31.660000000000004,2017,2021
21,Kentucky,21165,Menifee,52.4,2017,2021
21,Kentucky,21167,Mercer,33.04,2017,2021
21,Kentucky,21169,Metcalfe,48.7,2017,2021
21,Kentucky,21171,Monroe,53.220000000000006,2017,2021
21,Kentucky,21173,Montgomery,43.72,2017,2021
21,Kentucky,21175,Morgan,58.04,2017,2021
21,Kentucky,21177,Muhlenberg,37.760000000000005,2017,2021
21,Kentucky,21179,Nelson,33.0,2017,2021
21,Kentucky,21181,Nicholas,45.94,2017,2021
21,Kentucky,21183,Ohio,41.58,2017,2021
21,Kentucky,21185,Oldham,30.360000000000003,2017,2021
21,Kentucky,21187,Owen,38.48,2017,2021
21,Kentucky,21189,Owsley,58.7,2017,2021
21,Kentucky,21191,Pendleton,30.160000000000004,2017,2021
21,Kentucky,21193,Perry,63.9,2017,2021
21,Kentucky,21195,Pike,39.94,2017,2021
21,Kentucky,21197,Powell,44.3,2017,2021
21,Kentucky,21199,Pulaski,46.7,2017,2021
21,Kentucky,21201,Robertson,50.96,2017,2021
21,Kentucky,21203,Rockcastle,42.32,2017,2021
21,Kentucky,21205,Rowan,53.0,2017,2021
21,Kentucky,21207,Russell,48.160000000000004,2017,2021
21,Kentucky,21209,Scott,28.0,2017,2021
21,Kentucky,21211,Shelby,30.060000000000002,2017,2021
21,Kentucky,21213,Simpson,41.28,2017,2021
21,Kentucky,21215,Spencer,30.740000000000002,2017,2021
21,Kentucky,21217,Taylor,43.8,2017,2021
21,Kentucky,21219,Todd,36.2,2017,2021
21,Kentucky,21221,Trigg,30.660000000000004,2017,2021
21,Kentucky,21223,Trimble,29.22,2017,2021
21,Kentucky,21225,Union,16.1,2017,2021
21,Kentucky,21227,Warren,47.58,2017,2021
21,Kentucky,21229,Washington,39.67999999999999,2017,2021
21,Kentucky,21231,Wayne,49.68,2017,2021
21,Kentucky,21233,Webster,24.939999999999998,2017,2021
21,Kentucky,21235,Whitley,44.9,2017,2021
21,Kentucky,21237,Wolfe,56.720000000000006,2017,2021
21,Kentucky,21239,Woodford,26.76,2017,2021
22,Louisiana,22001,Acadia,30.8,2017,2021
22,Louisiana,22003,Allen,37.78,2017,2021
22,Louisiana,22005,Ascension,26.360000000000003,2017,2021
22,Louisiana,22007,Assumption,30.560000000000002,2017,2021
22,Louisiana,22009,Avoyelles,34.760000000000005,2017,2021
22,Louisiana,22011,Beauregard,32.660000000000004,2017,2021
22,Louisiana,22013,Bienville,28.839999999999996,2017,2021
22,Louisiana,22015,Bossier,29.040000000000003,2017,2021
22,Louisiana,22017,Caddo,29.02,2017,2021
22,Louisiana,22019,Calcasieu,30.0,2017,2021
22,Louisiana,22021,Caldwell,39.959999999999994,2017,2021
22,Louisiana,22023,Cameron,29.939999999999998,2017,2021
22,Louisiana,22025,Catahoula,40.260000000000005,2017,2021
22,Louisiana,22027,Claiborne,28.8,2017,2021
22,Louisiana,22029,Concordia,33.22,2017,2021
22,Louisiana,22031,De Soto,32.08,2017,2021
22,Louisiana,22033,East Baton Rouge,25.8,2017,2021
22,Louisiana,22035,East Carroll,36.42,2017,2021
22,Louisiana,22037,East Feliciana,24.74,2017,2021
22,Louisiana,22039,Evangeline,35.1,2017,2021
22,Louisiana,22041,Franklin,42.7,2017,2021
22,Louisiana,22043,Grant,37.46,2017,2021
22,Louisiana,22045,Iberia,30.32,2017,2021
22,Louisiana,22047,Iberville,25.54,2017,2021
22,Louisiana,22049,Jackson,35.14,2017,2021
22,Louisiana,22051,Jefferson,30.22,2017,2021
22,Louisiana,22053,Jefferson Davis,32.36,2017,2021
22,Louisiana,22055,Lafayette,30.26,2017,2021
22,Louisiana,22057,Lafourche,31.26,2017,2021
22,Louisiana,22059,La Salle,37.46,2017,2021
22,Louisiana,22061,Lincoln,33.68,2017,2021
22,Louisiana,22063,Livingston,27.919999999999998,2017,2021
22,Louisiana,22065,Madison,40.980000000000004,2017,2021
22,Louisiana,22067,Morehouse,38.58,2017,2021
22,Louisiana,22069,Natchitoches,36.86,2017,2021
22,Louisiana,22071,Orleans,29.02,2017,2021
22,Louisiana,22073,Ouachita,37.160000000000004,2017,2021
22,Louisiana,22075,Plaquemines,28.580000000000002,2017,2021
22,Louisiana,22077,Pointe Coupee,30.860000000000003,2017,2021
22,Louisiana,22079,Rapides,38.32,2017,2021
22,Louisiana,22081,Red River,29.560000000000002,2017,2021
22,Louisiana,22083,Richland,39.38,2017,2021
22,Louisiana,22085,Sabine,38.739999999999995,2017,2021
22,Louisiana,22087,St. Bernard,28.160000000000004,2017,2021
22,Louisiana,22089,St. Charles,32.46,2017,2021
22,Louisiana,22091,St. Helena,28.4,2017,2021
22,Louisiana,22093,St. James,29.6,2017,2021
22,Louisiana,22095,St. John the Baptist,31.4,2017,2021
22,Louisiana,22097,St. Landry,30.119999999999997,2017,2021
22,Louisiana,22099,St. Martin,29.98,2017,2021
22,Louisiana,22101,St. Mary,32.14,2017,2021
22,Louisiana,22103,St. Tammany,30.4,2017,2021
22,Louisiana,22105,Tangipahoa,32.4,2017,2021
22,Louisiana,22107,Tensas,38.660000000000004,2017,2021
22,Louisiana,22109,Terrebonne,33.1,2017,2021
22,Louisiana,22111,Union,35.06,2017,2021
22,Louisiana,22113,Vermilion,30.3,2017,2021
22,Louisiana,22115,Vernon,38.36,2017,2021
22,Louisiana,22117,Washington,34.38,2017,2021
22,Louisiana,22119,Webster,26.060000000000002,2017,2021
22,Louisiana,22121,West Baton Rouge,24.9,2017,2021
22,Louisiana,22123,West Carroll,42.54,2017,2021
22,Louisiana,22125,West Feliciana,30.76,2017,2021
22,Louisiana,22127,Winn,38.42,2017,2021
23,Maine,23001,Androscoggin,31.560000000000002,2017,2021
23,Maine,23003,Aroostook,49.3,2017,2021
23,Maine,23005,Cumberland,27.54,2017,2021
23,Maine,23007,Franklin,41.2,2017,2021
23,Maine,23009,Hancock,43.44,2017,2021
23,Maine,23011,Kennebec,39.98,2017,2021
23,Maine,23013,Knox,34.96,2017,2021
23,Maine,23015,Lincoln,35.959999999999994,2017,2021
23,Maine,23017,Oxford,27.96,2017,2021
23,Maine,23019,Penobscot,47.18,2017,2021
23,Maine,23021,Piscataquis,48.0,2017,2021
23,Maine,23023,Sagadahoc,30.939999999999998,2017,2021
23,Maine,23025,Somerset,44.480000000000004,2017,2021
23,Maine,23027,Waldo,41.7,2017,2021
23,Maine,23029,Washington,47.46,2017,2021
23,Maine,23031,York,26.0,2017,2021
24,Maryland,24001,Allegany,28.96,2017,2021
24,Maryland,24003,Anne Arundel,24.2,2017,2021
24,Maryland,24005,Baltimore,27.22,2017,2021
24,Maryland,24009,Calvert,18.66,2017,2021
24,Maryland,24011,Caroline,23.94,2017,2021
24,Maryland,24013,Carroll,25.72,2017,2021
24,Maryland,24015,Cecil,24.3,2017,2021
24,Maryland,24017,Charles,16.32,2017,2021
24,Maryland,24019,Dorchester,23.66,2017,2021
24,Maryland,24021,Frederick,18.919999999999998,2017,2021
24,Maryland,24023,Garrett,33.660000000000004,2017,2021
24,Maryland,24025,Harford,28.48,2017,2021
24,Maryland,24027,Howard,19.919999999999998,2017,2021
24,Maryland,24029,Kent,26.619999999999997,2017,2021
24,Maryland,24031,Montgomery,15.02,2017,2021
24,Maryland,24033,Prince George's,15.6,2017,2021
24,Maryland,24035,Queen Anne's,22.619999999999997,2017,2021
24,Maryland,24037,St. Mary's,20.259999999999998,2017,2021
24,Maryland,24039,Somerset,24.78,2017,2021
24,Maryland,24041,Talbot,22.240000000000002,2017,2021
24,Maryland,24043,Washington,24.94,2017,2021
24,Maryland,24045,Wicomico,27.080000000000002,2017,2021
24,Maryland,24047,Worcester,25.28,2017,2021
24,Maryland,24510,Baltimore City,29.3,2017,2021
25,Massachusetts,25001,Barnstable,27.5,2017,2021
25,Massachusetts,25003,Berkshire,25.48,2017,2021
25,Massachusetts,25005,Bristol,25.8,2017,2021
25,Massachusetts,25007,Dukes,27.68,2017,2021
25,Massachusetts,25009,Essex,23.54,2017,2021
25,Massachusetts,25011,Franklin,24.119999999999997,2017,2021
25,Massachusetts,25013,Hampden,24.48,2017,2021
25,Massachusetts,25015,Hampshire,26.560000000000002,2017,2021
25,Massachusetts,25017,Middlesex,23.02,2017,2021
25,Massachusetts,25019,Nantucket,21.8,2017,2021
25,Massachusetts,25021,Norfolk,24.28,2017,2021
25,Massachusetts,25023,Plymouth,24.34,2017,2021
25,Massachusetts,25025,Suffolk,22.5,2017,2021
25,Massachusetts,25027,Worcester,24.84,2017,2021
26,Michigan,26001,Alcona,47.08,2017,2021
26,Michigan,26003,Alger,39.019999999999996,2017,2021
26,Michigan,26005,Allegan,24.98,2017,2021
26,Michigan,26007,Alpena,42.62,2017,2021
26,Michigan,26009,Antrim,33.1,2017,2021
26,Michigan,26011,Arenac,55.02,2017,2021
26,Michigan,26013,Baraga,36.06,2017,2021
26,Michigan,26015,Barry,26.839999999999996,2017,2021
26,Michigan,26017,Bay,45.220000000000006,2017,2021
26,Michigan,26019,Benzie,32.56,2017,2021
26,Michigan,26021,Berrien,29.8,2017,2021
26,Michigan,26023,Branch,34.519999999999996,2017,2021
26,Michigan,26025,Calhoun,36.739999999999995,2017,2021
26,Michigan,26027,Cass,28.72,2017,2021
26,Michigan,26029,Charlevoix,30.1,2017,2021
26,Michigan,26031,Cheboygan,31.160000000000004,2017,2021
26,Michigan,26033,Chippewa,35.9,2017,2021
26,Michigan,26035,Clare,43.78,2017,2021
26,Michigan,26037,Clinton,30.119999999999997,2017,2021
26,Michigan,26039,Crawford,43.68,2017,2021
26,Michigan,26041,Delta,32.339999999999996,2017,2021
26,Michigan,26043,Dickinson,29.419999999999998,2017,2021
26,Michigan,26045,Eaton,34.480000000000004,2017,2021
26,Michigan,26047,Emmet,28.3,2017,2021
26,Michigan,26049,Genesee,34.92,2017,2021
26,Michigan,26051,Gladwin,51.260000000000005,2017,2021
26,Michigan,26053,Gogebic,29.619999999999997,2017,2021
26,Michigan,26055,Grand Traverse,35.44,2017,2021
26,Michigan,26057,Gratiot,35.18,2017,2021
26,Michigan,26059,Hillsdale,39.58,2017,2021
26,Michigan,26061,Houghton,34.72,2017,2021
26,Michigan,26063,Huron,52.3,2017,2021
26,Michigan,26065,Ingham,32.84,2017,2021
26,Michigan,26067,Ionia,25.32,2017,2021
26,Michigan,26069,Iosco,50.0,2017,2021
26,Michigan,26071,Iron,30.96,2017,2021
26,Michigan,26073,Isabella,41.6,2017,2021
26,Michigan,26075,Jackson,31.360000000000003,2017,2021
26,Michigan,26077,Kalamazoo,32.6,2017,2021
26,Michigan,26079,Kalkaska,37.9,2017,2021
26,Michigan,26081,Kent,25.32,2017,2021
26,Michigan,26083,Keweenaw,34.660000000000004,2017,2021
26,Michigan,26085,Lake,34.660000000000004,2017,2021
26,Michigan,26087,Lapeer,36.36,2017,2021
26,Michigan,26089,Leelanau,32.18,2017,2021
26,Michigan,26091,Lenawee,31.080000000000002,2017,2021
26,Michigan,26093,Livingston,33.08,2017,2021
26,Michigan,26095,Luce,36.9,2017,2021
26,Michigan,26097,Mackinac,32.28,2017,2021
26,Michigan,26099,Macomb,38.48,2017,2021
26,Michigan,26101,Manistee,32.239999999999995,2017,2021
26,Michigan,26103,Marquette,32.38,2017,2021
26,Michigan,26105,Mason,29.439999999999998,2017,2021
26,Michigan,26107,Mecosta,38.6,2017,2021
26,Michigan,26109,Menominee,31.46,2017,2021
26,Michigan,26111,Midland,45.96,2017,2021
26,Michigan,26113,Missaukee,41.24,2017,2021
26,Michigan,26115,Monroe,38.5,2017,2021
26,Michigan,26117,Montcalm,26.7,2017,2021
26,Michigan,26119,Montmorency,39.42,2017,2021
26,Michigan,26121,Muskegon,25.660000000000004,2017,2021
26,Michigan,26123,Newaygo,26.2,2017,2021
26,Michigan,26125,Oakland,37.04,2017,2021
26,Michigan,26127,Oceana,28.139999999999997,2017,2021
26,Michigan,26129,Ogemaw,48.8,2017,2021
26,Michigan,26131,Ontonagon,29.2,2017,2021
26,Michigan,26133,Osceola,41.239999999999995,2017,2021
26,Michigan,26135,Oscoda,45.36,2017,2021
26,Michigan,26137,Otsego,36.519999999999996,2017,2021
26,Michigan,26139,Ottawa,26.439999999999998,2017,2021
26,Michigan,26141,Presque Isle,37.839999999999996,2017,2021
26,Michigan,26143,Roscommon,51.0,2017,2021
26,Michigan,26145,Saginaw,42.160000000000004,2017,2021
26,Michigan,26147,St. Clair,39.04,2017,2021
26,Michigan,26149,St. Joseph,31.619999999999997,2017,2021
26,Michigan,26151,Sanilac,48.82000000000001,2017,2021
26,Michigan,26153,Schoolcraft,33.0,2017,2021
26,Michigan,26155,Shiawassee,34.92,2017,2021
26,Michigan,26157,Tuscola,45.1,2017,2021
26,Michigan,26159,Van Buren,30.3,2017,2021
26,Michigan,26161,Washtenaw,36.26,2017,2021
26,Michigan,26163,Wayne,36.28,2017,2021
26,Michigan,26165,Wexford,37.42,2017,2021
27,Minnesota,27001,Aitkin,22.419999999999998,2017,2021
27,Minnesota,27003,Anoka,18.78,2017,2021
27,Minnesota,27005,Becker,23.18,2017,2021
27,Minnesota,27007,Beltrami,21.759999999999998,2017,2021
27,Minnesota,27009,Benton,15.080000000000002,2017,2021
27,Minnesota,27011,Big Stone,15.48,2017,2021
27,Minnesota,27013,Blue Earth,13.02,2017,2021
27,Minnesota,27015,Brown,12.540000000000001,2017,2021
27,Minnesota,27017,Carlton,24.96,2017,2021
27,Minnesota,27019,Carver,19.0,2017,2021
27,Minnesota,27021,Cass,17.880000000000003,2017,2021
27,Minnesota,27023,Chippewa,14.080000000000002,2017,2021
27,Minnesota,27025,Chisago,19.94,2017,2021
27,Minnesota,27027,Clay,27.82,2017,2021
27,Minnesota,27029,Clearwater,16.1,2017,2021
27,Minnesota,27031,Cook,28.32,2017,2021
27,Minnesota,27033,Cottonwood,5.16,2017,2021
27,Minnesota,27035,Crow Wing,15.5,2017,2021
27,Minnesota,27037,Dakota,19.020000000000003,2017,2021
27,Minnesota,27039,Dodge,18.52,2017,2021
27,Minnesota,27041,Douglas,19.080000000000002,2017,2021
27,Minnesota,27043,Faribault,19.919999999999998,2017,2021
27,Minnesota,27045,Fillmore,13.920000000000002,2017,2021
27,Minnesota,27047,Freeborn,17.5,2017,2021
27,Minnesota,27049,Goodhue,19.119999999999997,2017,2021
27,Minnesota,27051,Grant,22.919999999999998,2017,2021
27,Minnesota,27053,Hennepin,19.02,2017,2021
27,Minnesota,27055,Houston,14.1,2017,2021
27,Minnesota,27057,Hubbard,17.919999999999998,2017,2021
27,Minnesota,27059,Isanti,18.259999999999998,2017,2021
27,Minnesota,27061,Itasca,25.8,2017,2021
27,Minnesota,27063,Jackson,7.76,2017,2021
27,Minnesota,27065,Kanabec,17.68,2017,2021
27,Minnesota,27067,Kandiyohi,16.119999999999997,2017,2021
27,Minnesota,27069,Kittson,20.5,2017,2021
27,Minnesota,27071,Koochiching,26.919999999999998,2017,2021
27,Minnesota,27073,Lac qui Parle,8.08,2017,2021
27,Minnesota,27075,Lake,28.839999999999996,2017,2021
27,Minnesota,27077,Lake of the Woods,22.4,2017,2021
27,Minnesota,27079,Le Sueur,17.560000000000002,2017,2021
27,Minnesota,27081,Lincoln,5.3,2017,2021
27,Minnesota,27083,Lyon,5.34,2017,2021
27,Minnesota,27085,McLeod,17.4,2017,2021
27,Minnesota,27087,Mahnomen,19.639999999999997,2017,2021
27,Minnesota,27089,Marshall,16.78,2017,2021
27,Minnesota,27091,Martin,16.94,2017,2021
27,Minnesota,27093,Meeker,17.619999999999997,2017,2021
27,Minnesota,27095,Mille Lacs,15.039999999999997,2017,2021
27,Minnesota,27097,Morrison,16.18,2017,2021
27,Minnesota,27099,Mower,19.18,2017,2021
27,Minnesota,27101,Murray,4.68,2017,2021
27,Minnesota,27103,Nicollet,13.959999999999999,2017,2021
27,Minnesota,27105,Nobles,4.46,2017,2021
27,Minnesota,27107,Norman,23.84,2017,2021
27,Minnesota,27109,Olmsted,15.8,2017,2021
27,Minnesota,27111,Otter Tail,22.580000000000002,2017,2021
27,Minnesota,27113,Pennington,15.040000000000001,2017,2021
27,Minnesota,27115,Pine,21.68,2017,2021
27,Minnesota,27117,Pipestone,10.3,2017,2021
27,Minnesota,27119,Polk,15.080000000000002,2017,2021
27,Minnesota,27121,Pope,16.78,2017,2021
27,Minnesota,27123,Ramsey,18.9,2017,2021
27,Minnesota,27125,Red Lake,11.2,2017,2021
27,Minnesota,27127,Redwood,6.88,2017,2021
27,Minnesota,27129,Renville,12.48,2017,2021
27,Minnesota,27131,Rice,18.0,2017,2021
27,Minnesota,27133,Rock,7.95,2017,2021
27,Minnesota,27135,Roseau,19.14,2017,2021
27,Minnesota,27137,St. Louis,26.160000000000004,2017,2021
27,Minnesota,27139,Scott,18.78,2017,2021
27,Minnesota,27141,Sherburne,18.740000000000002,2017,2021
27,Minnesota,27143,Sibley,16.2,2017,2021
27,Minnesota,27145,Stearns,16.82,2017,2021
27,Minnesota,27147,Steele,17.32,2017,2021
27,Minnesota,27149,Stevens,15.059999999999999,2017,2021
27,Minnesota,27151,Swift,14.02,2017,2021
27,Minnesota,27153,Todd,18.94,2017,2021
27,Minnesota,27155,Traverse,23.98,2017,2021
27,Minnesota,27157,Wabasha,18.24,2017,2021
27,Minnesota,27159,Wadena,20.66,2017,2021
27,Minnesota,27161,Waseca,17.720000000000002,2017,2021
27,Minnesota,27163,Washington,19.639999999999997,2017,2021
27,Minnesota,27165,Watonwan,13.9,2017,2021
27,Minnesota,27167,Wilkin,28.5,2017,2021
27,Minnesota,27169,Winona,18.32,2017,2021
27,Minnesota,27171,Wright,18.46,2017,2021
27,Minnesota,27173,Yellow Medicine,8.36,2017,2021
29,Missouri,29001,Adair,33.36,2017,2021
29,Missouri,29003,Andrew,36.64,2017,2021
29,Missouri,29005,Atchison,19.82,2017,2021
29,Missouri,29007,Audrain,28.619999999999997,2017,2021
29,Missouri,29009,Barry,29.080000000000002,2017,2021
29,Missouri,29011,Barton,32.46,2017,2021
29,Missouri,29013,Bates,30.940000000000005,2017,2021
29,Missouri,29015,Benton,34.739999999999995,2017,2021
29,Missouri,29017,Bollinger,25.56,2017,2021
29,Missouri,29019,Boone,28.28,2017,2021
29,Missouri,29021,Buchanan,31.72,2017,2021
29,Missouri,29023,Butler,42.58,2017,2021
29,Missouri,29025,Caldwell,35.3,2017,2021
29,Missouri,29027,Callaway,26.9,2017,2021
29,Missouri,29029,Camden,35.78,2017,2021
29,Missouri,29031,Cape Girardeau,23.06,2017,2021
29,Missouri,29033,Carroll,32.7,2017,2021
29,Missouri,29035,Carter,49.980000000000004,2017,2021
29,Missouri,29037,Cass,24.54,2017,2021
29,Missouri,29039,Cedar,35.739999999999995,2017,2021
29,Missouri,29041,Chariton,35.019999999999996,2017,2021
29,Missouri,29043,Christian,32.480000000000004,2017,2021
29,Missouri,29045,Clark,26.7,2017,2021
29,Missouri,29047,Clay,27.360000000000003,2017,2021
29,Missouri,29049,Clinton,28.939999999999998,2017,2021
29,Missouri,29051,Cole,26.82,2017,2021
29,Missouri,29053,Cooper,28.560000000000002,2017,2021
29,Missouri,29055,Crawford,40.4,2017,2021
29,Missouri,29057,Dade,32.72,2017,2021
29,Missouri,29059,Dallas,33.059999999999995,2017,2021
29,Missouri,29061,Daviess,38.08,2017,2021
29,Missouri,29063,DeKalb,38.14,2017,2021
29,Missouri,29065,Dent,43.08,2017,2021
29,Missouri,29067,Douglas,35.12,2017,2021
29,Missouri,29069,Dunklin,35.46,2017,2021
29,Missouri,29071,Franklin,28.26,2017,2021
29,Missouri,29073,Gasconade,35.94,2017,2021
29,Missouri,29075,Gentry,33.08,2017,2021
29,Missouri,29077,Greene,31.939999999999998,2017,2021
29,Missouri,29079,Grundy,35.96,2017,2021
29,Missouri,29081,Harrison,33.12,2017,2021
29,Missouri,29083,Henry,33.64,2017,2021
29,Missouri,29085,Hickory,34.08,2017,2021
29,Missouri,29087,Holt,25.22,2017,2021
29,Missouri,29089,Howard,27.2,2017,2021
29,Missouri,29091,Howell,36.7,2017,2021
29,Missouri,29093,Iron,45.739999999999995,2017,2021
29,Missouri,29095,Jackson,25.380000000000003,2017,2021
29,Missouri,29097,Jasper,31.839999999999996,2017,2021
29,Missouri,29099,Jefferson,29.02,2017,2021
29,Missouri,29101,Johnson,28.32,2017,2021
29,Missouri,29103,Knox,24.740000000000002,2017,2021
29,Missouri,29105,Laclede,36.42,2017,2021
29,Missouri,29107,Lafayette,28.339999999999996,2017,2021
29,Missouri,29109,Lawrence,30.939999999999998,2017,2021
29,Missouri,29111,Lewis,23.0,2017,2021
29,Missouri,29113,Lincoln,28.98,2017,2021
29,Missouri,29115,Linn,34.480000000000004,2017,2021
29,Missouri,29117,Livingston,35.82,2017,2021
29,Missouri,29119,McDonald,27.28,2017,2021
29,Missouri,29121,Macon,34.3,2017,2021
29,Missouri,29123,Madison,40.42,2017,2021
29,Missouri,29125,Maries,40.8,2017,2021
29,Missouri,29127,Marion,26.0,2017,2021
29,Missouri,29129,Mercer,34.3,2017,2021
29,Missouri,29131,Miller,32.18,2017,2021
29,Missouri,29133,Mississippi,32.2,2017,2021
29,Missouri,29135,Moniteau,27.339999999999996,2017,2021
29,Missouri,29137,Monroe,33.64,2017,2021
29,Missouri,29139,Montgomery,33.08,2017,2021
29,Missouri,29141,Morgan,33.68,2017,2021
29,Missouri,29143,New Madrid,31.22,2017,2021
29,Missouri,29145,Newton,30.439999999999998,2017,2021
29,Missouri,29147,Nodaway,22.04,2017,2021
29,Missouri,29149,Oregon,46.760000000000005,2017,2021
29,Missouri,29151,Osage,31.1,2017,2021
29,Missouri,29153,Ozark,39.17999999999999,2017,2021
29,Missouri,29155,Pemiscot,45.019999999999996,2017,2021
29,Missouri,29157,Perry,29.68,2017,2021
29,Missouri,29159,Pettis,35.92,2017,2021
29,Missouri,29161,Phelps,42.22,2017,2021
29,Missouri,29163,Pike,34.14,2017,2021
29,Missouri,29165,Platte,30.4,2017,2021
29,Missouri,29167,Polk,33.239999999999995,2017,2021
29,Missouri,29169,Pulaski,38.42,2017,2021
29,Missouri,29171,Putnam,34.14,2017,2021
29,Missouri,29173,Ralls,32.26,2017,2021
29,Missouri,29175,Randolph,27.560000000000002,2017,2021
29,Missouri,29177,Ray,27.1,2017,2021
29,Missouri,29179,Reynolds,48.0,2017,2021
29,Missouri,29181,Ripley,51.98,2017,2021
29,Missouri,29183,St. Charles,27.2,2017,2021
29,Missouri,29185,St. Clair,37.760000000000005,2017,2021
29,Missouri,29186,Ste. Genevieve,34.519999999999996,2017,2021
29,Missouri,29187,St. Francois,36.54,2017,2021
29,Missouri,29189,St. Louis,28.119999999999997,2017,2021
29,Missouri,29195,Saline,33.42,2017,2021
29,Missouri,29197,Schuyler,33.06,2017,2021
29,Missouri,29199,Scotland,28.880000000000003,2017,2021
29,Missouri,29201,Scott,24.919999999999998,2017,2021
29,Missouri,29203,Shannon,42.160000000000004,2017,2021
29,Missouri,29205,Shelby,26.919999999999998,2017,2021
29,Missouri,29207,Stoddard,29.96,2017,2021
29,Missouri,29209,Stone,32.339999999999996,2017,2021
29,Missouri,29211,Sullivan,36.239999999999995,2017,2021
29,Missouri,29213,Taney,31.98,2017,2021
29,Missouri,29215,Texas,42.38,2017,2021
29,Missouri,29217,Vernon,34.6,2017,2021
29,Missouri,29219,Warren,29.72,2017,2021
29,Missouri,29221,Washington,36.56,2017,2021
29,Missouri,29223,Wayne,43.0,2017,2021
29,Missouri,29225,Webster,32.4,2017,2021
29,Missouri,29227,Worth,27.72,2017,2021
29,Missouri,29229,Wright,37.32,2017,2021
29,Missouri,29510,St. Louis City,27.18,2017,2021
31,Nebraska,31001,Adams,24.419999999999998,2017,2021
31,Nebraska,31003,Antelope,27.76,2017,2021
31,Nebraska,31005,Arthur,26.880000000000003,2017,2021
31,Nebraska,31007,Banner,10.78,2017,2021
31,Nebraska,31009,Blaine,28.6,2017,2021
31,Nebraska,31011,Boone,27.76,2017,2021
31,Nebraska,31013,Box Butte,10.82,2017,2021
31,Nebraska,31015,Boyd,22.56,2017,2021
31,Nebraska,31017,Brown,24.84,2017,2021
31,Nebraska,31019,Buffalo,24.9,2017,2021
31,Nebraska,31021,Burt,19.86,2017,2021
31,Nebraska,31023,Butler,22.259999999999998,2017,2021
31,Nebraska,31025,Cass,23.1,2017,2021
31,Nebraska,31027,Cedar,16.4,2017,2021
31,Nebraska,31029,Chase,23.34,2017,2021
31,Nebraska,31031,Cherry,17.54,2017,2021
31,Nebraska,31033,Cheyenne,18.98,2017,2021
31,Nebraska,31035,Clay,23.56,2017,2021
31,Nebraska,31037,Colfax,24.28,2017,2021
31,Nebraska,31039,Cuming,21.18,2017,2021
31,Nebraska,31041,Custer,28.360000000000003,2017,2021
31,Nebraska,31043,Dakota,22.419999999999998,2017,2021
31,Nebraska,31045,Dawes,6.3,2017,2021
31,Nebraska,31047,Dawson,28.24,2017,2021
31,Nebraska,31049,Deuel,19.02,2017,2021
31,Nebraska,31051,Dixon,7.9,2017,2021
31,Nebraska,31053,Dodge,22.68,2017,2021
31,Nebraska,31055,Douglas,23.74,2017,2021
31,Nebraska,31057,Dundy,19.56,2017,2021
31,Nebraska,31059,Fillmore,23.72,2017,2021
31,Nebraska,31061,Franklin,21.66,2017,2021
31,Nebraska,31063,Frontier,29.8,2017,2021
31,Nebraska,31065,Furnas,24.259999999999998,2017,2021
31,Nebraska,31067,Gage,21.0,2017,2021
31,Nebraska,31069,Garden,14.059999999999999,2017,2021
31,Nebraska,31071,Garfield,28.560000000000002,2017,2021
31,Nebraska,31073,Gosper,26.18,2017,2021
31,Nebraska,31075,Grant,18.66,2017,2021
31,Nebraska,31077,Greeley,21.14,2017,2021
31,Nebraska,31079,Hall,24.46,2017,2021
31,Nebraska,31081,Hamilton,23.9,2017,2021
31,Nebraska,31083,Harlan,23.02,2017,2021
31,Nebraska,31085,Hayes,29.060000000000002,2017,2021
31,Nebraska,31087,Hitchcock,26.179999999999996,2017,2021
31,Nebraska,31089,Holt,22.880000000000003,2017,2021
31,Nebraska,31091,Hooker,21.72,2017,2021
31,Nebraska,31093,Howard,24.78,2017,2021
31,Nebraska,31095,Jefferson,23.34,2017,2021
31,Nebraska,31097,Johnson,21.72,2017,2021
31,Nebraska,31099,Kearney,24.52,2017,2021
31,Nebraska,31101,Keith,30.119999999999997,2017,2021
31,Nebraska,31103,Keya Paha,26.880000000000003,2017,2021
31,Nebraska,31105,Kimball,22.64,2017,2021
31,Nebraska,31107,Knox,22.06,2017,2021
31,Nebraska,31109,Lancaster,22.18,2017,2021
31,Nebraska,31111,Lincoln,28.9,2017,2021
31,Nebraska,31113,Logan,32.42,2017,2021
31,Nebraska,31115,Loup,30.28,2017,2021
31,Nebraska,31117,McPherson,30.22,2017,2021
31,Nebraska,31119,Madison,27.1,2017,2021
31,Nebraska,31121,Merrick,24.74,2017,2021
31,Nebraska,31123,Morrill,11.559999999999999,2017,2021
31,Nebraska,31125,Nance,24.82,2017,2021
31,Nebraska,31127,Nemaha,23.04,2017,2021
31,Nebraska,31129,Nuckolls,23.54,2017,2021
31,Nebraska,31131,Otoe,21.7,2017,2021
31,Nebraska,31133,Pawnee,22.419999999999998,2017,2021
31,Nebraska,31135,Perkins,28.74,2017,2021
31,Nebraska,31137,Phelps,26.560000000000002,2017,2021
31,Nebraska,31139,Pierce,23.54,2017,2021
31,Nebraska,31141,Platte,26.26,2017,2021
31,Nebraska,31143,Polk,24.72,2017,2021
31,Nebraska,31145,Red Willow,25.54,2017,2021
31,Nebraska,31147,Richardson,27.0,2017,2021
31,Nebraska,31149,Rock,27.939999999999998,2017,2021
31,Nebraska,31151,Saline,21.919999999999998,2017,2021
31,Nebraska,31153,Sarpy,23.740000000000002,2017,2021
31,Nebraska,31155,Saunders,23.22,2017,2021
31,Nebraska,31157,Scotts Bluff,11.82,2017,2021
31,Nebraska,31159,Seward,21.56,2017,2021
31,Nebraska,31161,Sheridan,12.120000000000001,2017,2021
31,Nebraska,31163,Sherman,25.939999999999998,2017,2021
31,Nebraska,31165,Sioux,11.64,2017,2021
31,Nebraska,31167,Stanton,25.4,2017,2021
31,Nebraska,31169,Thayer,22.240000000000002,2017,2021
31,Nebraska,31171,Thomas,25.2,2017,2021
31,Nebraska,31173,Thurston,21.64,2017,2021
31,Nebraska,31175,Valley,26.96,2017,2021
31,Nebraska,31177,Washington,22.66,2017,2021
31,Nebraska,31179,Wayne,21.72,2017,2021
31,Nebraska,31181,Webster,21.04,2017,2021
31,Nebraska,31183,Wheeler,27.4,2017,2021
31,Nebraska,31185,York,23.36,2017,2021
33,New Hampshire,33001,Belknap,30.139999999999997,2017,2021
33,New Hampshire,33003,Carroll,29.24,2017,2021
33,New Hampshire,33005,Cheshire,26.3,2017,2021
33,New Hampshire,33007,Coos,31.5,2017,2021
33,New Hampshire,33009,Grafton,26.54,2017,2021
33,New Hampshire,33011,Hillsborough,24.64,2017,2021
33,New Hampshire,33013,Merrimack,29.419999999999998,2017,2021
33,New Hampshire,33015,Rockingham,26.26,2017,2021
33,New Hampshire,33017,Strafford,27.580000000000002,2017,2021
33,New Hampshire,33019,Sullivan,27.160000000000004,2017,2021
34,New Jersey,34001,Atlantic,33.06,2017,2021
34,New Jersey,34003,Bergen,21.3,2017,2021
34,New Jersey,34005,Burlington,29.6,2017,2021
34,New Jersey,34007,Camden,28.32,2017,2021
34,New Jersey,34009,Cape May,38.54,2017,2021
34,New Jersey,34011,Cumberland,33.38,2017,2021
34,New Jersey,34013,Essex,24.3,2017,2021
34,New Jersey,34015,Gloucester,29.580000000000002,2017,2021
34,New Jersey,34017,Hudson,21.1,2017,2021
34,New Jersey,34019,Hunterdon,23.02,2017,2021
34,New Jersey,34021,Mercer,26.26,2017,2021
34,New Jersey,34023,Middlesex,25.619999999999997,2017,2021
34,New Jersey,34025,Monmouth,26.119999999999997,2017,2021
34,New Jersey,34027,Morris,23.7,2017,2021
34,New Jersey,34029,Ocean,31.639999999999997,2017,2021
34,New Jersey,34031,Passaic,24.28,2017,2021
34,New Jersey,34033,Salem,37.04,2017,2021
34,New Jersey,34035,Somerset,23.6,2017,2021
34,New Jersey,34037,Sussex,26.04,2017,2021
34,New Jersey,34039,Union,24.48,2017,2021
34,New Jersey,34041,Warren,23.3,2017,2021
35,New Mexico,35001,Bernalillo,23.78,2017,2021
35,New Mexico,35003,Catron,27.419999999999998,2017,2021
35,New Mexico,35005,Chaves,35.96,2017,2021
35,New Mexico,35006,Cibola,24.759999999999998,2017,2021
35,New Mexico,35007,Colfax,23.78,2017,2021
35,New Mexico,35009,Curry,34.739999999999995,2017,2021
35,New Mexico,35011,De Baca,39.459999999999994,2017,2021
35,New Mexico,35013,Dona Ana,29.5,2017,2021
35,New Mexico,35015,Eddy,36.7,2017,2021
35,New Mexico,35017,Grant,35.1,2017,2021
35,New Mexico,35019,Guadalupe,29.380000000000003,2017,2021
35,New Mexico,35021,Harding,27.24,2017,2021
35,New Mexico,35023,Hidalgo,35.62,2017,2021
35,New Mexico,35025,Lea,40.46,2017,2021
35,New Mexico,35027,Lincoln,34.32,2017,2021
35,New Mexico,35028,Los Alamos,23.32,2017,2021
35,New Mexico,35029,Luna,29.660000000000004,2017,2021
35,New Mexico,35031,McKinley,26.52,2017,2021
35,New Mexico,35033,Mora,22.86,2017,2021
35,New Mexico,35035,Otero,31.6,2017,2021
35,New Mexico,35037,Quay,32.480000000000004,2017,2021
35,New Mexico,35039,Rio Arriba,24.2,2017,2021
35,New Mexico,35041,Roosevelt,39.44,2017,2021
35,New Mexico,35043,Sandoval,24.44,2017,2021
35,New Mexico,35045,San Juan,24.6,2017,2021
35,New Mexico,35047,San Miguel,22.44,2017,2021
35,New Mexico,35049,Santa Fe,23.759999999999998,2017,2021
35,New Mexico,35051,Sierra,29.3,2017,2021
35,New Mexico,35053,Socorro,29.18,2017,2021
35,New Mexico,35055,Taos,26.560000000000002,2017,2021
35,New Mexico,35057,Torrance,23.979999999999997,2017,2021
35,New Mexico,35059,Union,26.48,2017,2021
35,New Mexico,35061,Valencia,24.68,2017,2021
36,New York,36001,Albany,24.04,2017,2021
36,New York,36003,Allegany,26.380000000000003,2017,2021
36,New York,36005,Bronx,20.080000000000002,2017,2021
36,New York,36007,Broome,29.639999999999997,2017,2021
36,New York,36009,Cattaraugus,24.84,2017,2021
36,New York,36011,Cayuga,25.7,2017,2021
36,New York,36013,Chautauqua,25.8,2017,2021
36,New York,36015,Chemung,23.68,2017,2021
36,New York,36017,Chenango,32.0,2017,2021
36,New York,36019,Clinton,27.160000000000004,2017,2021
36,New York,36021,Columbia,24.580000000000002,2017,2021
36,New York,36023,Cortland,25.02,2017,2021
36,New York,36025,Delaware,31.32,2017,2021
36,New York,36027,Dutchess,22.580000000000002,2017,2021
36,New York,36029,Erie,27.76,2017,2021
36,New York,36031,Essex,25.9,2017,2021
36,New York,36033,Franklin,31.8,2017,2021
36,New York,36035,Fulton,27.52,2017,2021
36,New York,36037,Genesee,26.98,2017,2021
36,New York,36039,Greene,24.7,2017,2021
36,New York,36041,Hamilton,27.72,2017,2021
36,New York,36043,Herkimer,32.739999999999995,2017,2021
36,New York,36045,Jefferson,33.8,2017,2021
36,New York,36047,Kings,20.5,2017,2021
36,New York,36049,Lewis,31.759999999999998,2017,2021
36,New York,36051,Livingston,25.22,2017,2021
36,New York,36053,Madison,26.96,2017,2021
36,New York,36055,Monroe,25.34,2017,2021
36,New York,36057,Montgomery,28.560000000000002,2017,2021
36,New York,36059,Nassau,21.54,2017,2021
36,New York,36061,New York,20.72,2017,2021
36,New York,36063,Niagara,29.02,2017,2021
36,New York,36065,Oneida,29.4,2017,2021
36,New York,36067,Onondaga,25.5,2017,2021
36,New York,36069,Ontario,24.98,2017,2021
36,New York,36071,Orange,26.5,2017,2021
36,New York,36073,Orleans,26.98,2017,2021
36,New York,36075,Oswego,26.2,2017,2021
36,New York,36077,Otsego,30.32,2017,2021
36,New York,36079,Putnam,20.48,2017,2021
36,New York,36081,Queens,21.1,2017,2021
36,New York,36083,Rensselaer,23.06,2017,2021
36,New York,36085,Richmond,23.16,2017,2021
36,New York,36087,Rockland,22.220000000000002,2017,2021
36,New York,36089,St. Lawrence,32.5,2017,2021
36,New York,36091,Saratoga,25.46,2017,2021
36,New York,36093,Schenectady,25.46,2017,2021
36,New York,36095,Schoharie,27.72,2017,2021
36,New York,36097,Schuyler,26.04,2017,2021
36,New York,36099,Seneca,25.119999999999997,2017,2021
36,New York,36101,Steuben,26.660000000000004,2017,2021
36,New York,36103,Suffolk,22.5,2017,2021
36,New York,36105,Sullivan,28.339999999999996,2017,2021
36,New York,36107,Tioga,27.26,2017,2021
36,New York,36109,Tompkins,25.34,2017,2021
36,New York,36111,Ulster,27.74,2017,2021
36,New York,36113,Warren,22.44,2017,2021
36,New York,36115,Washington,22.06,2017,2021
36,New York,36117,Wayne,24.880000000000003,2017,2021
36,New York,36119,Westchester,20.68,2017,2021
36,New York,36121,Wyoming,28.0,2017,2021
36,New York,36123,Yates,26.580000000000002,2017,2021
37,North Carolina,37001,Alamance,24.68,2017,2021
37,North Carolina,37003,Alexander,26.24,2017,2021
37,North Carolina,37005,Alleghany,18.240000000000002,2017,2021
37,North Carolina,37007,Anson,27.76,2017,2021
37,North Carolina,37009,Ashe,17.68,2017,2021
37,North Carolina,37011,Avery,27.6,2017,2021
37,North Carolina,37013,Beaufort,25.74,2017,2021
37,North Carolina,37015,Bertie,16.22,2017,2021
37,North Carolina,37017,Bladen,28.060000000000002,2017,2021
37,North Carolina,37019,Brunswick,23.46,2017,2021
37,North Carolina,37021,Buncombe,22.32,2017,2021
37,North Carolina,37023,Burke,26.24,2017,2021
37,North Carolina,37025,Cabarrus,20.68,2017,2021
37,North Carolina,37027,Caldwell,25.18,2017,2021
37,North Carolina,37029,Camden,25.580000000000002,2017,2021
37,North Carolina,37031,Carteret,28.28,2017,2021
37,North Carolina,37033,Caswell,26.7,2017,2021
37,North Carolina,37035,Catawba,26.639999999999997,2017,2021
37,North Carolina,37037,Chatham,21.240000000000002,2017,2021
37,North Carolina,37039,Cherokee,23.1,2017,2021
37,North Carolina,37041,Chowan,9.14,2017,2021
37,North Carolina,37043,Clay,5.64,2017,2021
37,North Carolina,37045,Cleveland,26.26,2017,2021
37,North Carolina,37047,Columbus,27.98,2017,2021
37,North Carolina,37049,Craven,29.880000000000003,2017,2021
37,North Carolina,37051,Cumberland,28.46,2017,2021
37,North Carolina,37053,Currituck,23.78,2017,2021
37,North Carolina,37055,Dare,3.94,2017,2021
37,North Carolina,37057,Davidson,24.580000000000002,2017,2021
37,North Carolina,37059,Davie,22.9,2017,2021
37,North Carolina,37061,Duplin,24.34,2017,2021
37,North Carolina,37063,Durham,19.020000000000003,2017,2021
37,North Carolina,37065,Edgecombe,28.72,2017,2021
37,North Carolina,37067,Forsyth,24.16,2017,2021
37,North Carolina,37069,Franklin,22.2,2017,2021
37,North Carolina,37071,Gaston,21.34,2017,2021
37,North Carolina,37073,Gates,19.06,2017,2021
37,North Carolina,37075,Graham,28.28,2017,2021
37,North Carolina,37077,Granville,20.72,2017,2021
37,North Carolina,37079,Greene,30.98,2017,2021
37,North Carolina,37081,Guilford,25.119999999999997,2017,2021
37,North Carolina,37083,Halifax,24.18,2017,2021
37,North Carolina,37085,Harnett,21.880000000000003,2017,2021
37,North Carolina,37087,Haywood,25.06,2017,2021
37,North Carolina,37089,Henderson,22.54,2017,2021
37,North Carolina,37091,Hertford,13.319999999999999,2017,2021
37,North Carolina,37093,Hoke,31.74,2017,2021
37,North Carolina,37095,Hyde,19.380000000000003,2017,2021
37,North Carolina,37097,Iredell,21.380000000000003,2017,2021
37,North Carolina,37099,Jackson,19.64,2017,2021
37,North Carolina,37101,Johnston,22.46,2017,2021
37,North Carolina,37103,Jones,27.76,2017,2021
37,North Carolina,37105,Lee,22.48,2017,2021
37,North Carolina,37107,Lenoir,28.76,2017,2021
37,North Carolina,37109,Lincoln,22.619999999999997,2017,2021
37,North Carolina,37111,McDowell,21.0,2017,2021
37,North Carolina,37113,Macon,16.78,2017,2021
37,North Carolina,37115,Madison,29.919999999999998,2017,2021
37,North Carolina,37117,Martin,23.98,2017,2021
37,North Carolina,37119,Mecklenburg,21.16,2017,2021
37,North Carolina,37121,Mitchell,32.32,2017,2021
37,North Carolina,37123,Montgomery,27.2,2017,2021
37,North Carolina,37125,Moore,26.619999999999997,2017,2021
37,North Carolina,37127,Nash,22.28,2017,2021
37,North Carolina,37129,New Hanover,17.240000000000002,2017,2021
37,North Carolina,37131,Northampton,21.78,2017,2021
37,North Carolina,37133,Onslow,24.240000000000002,2017,2021
37,North Carolina,37135,Orange,21.06,2017,2021
37,North Carolina,37137,Pamlico,26.839999999999996,2017,2021
37,North Carolina,37139,Pasquotank,11.059999999999999,2017,2021
37,North Carolina,37141,Pender,18.7,2017,2021
37,North Carolina,37143,Perquimans,10.16,2017,2021
37,North Carolina,37145,Person,20.04,2017,2021
37,North Carolina,37147,Pitt,28.48,2017,2021
37,North Carolina,37149,Polk,25.3,2017,2021
37,North Carolina,37151,Randolph,24.7,2017,2021
37,North Carolina,37153,Richmond,30.639999999999997,2017,2021
37,North Carolina,37155,Robeson,31.26,2017,2021
37,North Carolina,37157,Rockingham,25.259999999999998,2017,2021
37,North Carolina,37159,Rowan,24.86,2017,2021
37,North Carolina,37161,Rutherford,25.839999999999996,2017,2021
37,North Carolina,37163,Sampson,25.28,2017,2021
37,North Carolina,37165,Scotland,33.42,2017,2021
37,North Carolina,37167,Stanly,25.96,2017,2021
37,North Carolina,37169,Stokes,24.4,2017,2021
37,North Carolina,37171,Surry,20.619999999999997,2017,2021
37,North Carolina,37173,Swain,26.380000000000003,2017,2021
37,North Carolina,37175,Transylvania,24.52,2017,2021
37,North Carolina,37177,Tyrrell,8.16,2017,2021
37,North Carolina,37179,Union,19.98,2017,2021
37,North Carolina,37181,Vance,26.74,2017,2021
37,North Carolina,37183,Wake,21.04,2017,2021
37,North Carolina,37185,Warren,28.060000000000002,2017,2021
37,North Carolina,37187,Washington,12.32,2017,2021
37,North Carolina,37189,Watauga,22.14,2017,2021
37,North Carolina,37191,Wayne,26.439999999999998,2017,2021
37,North Carolina,37193,Wilkes,22.8,2017,2021
37,North Carolina,37195,Wilson,28.839999999999996,2017,2021
37,North Carolina,37197,Yadkin,21.880000000000003,2017,2021
37,North Carolina,37199,Yancey,24.04,2017,2021
41,Oregon,41001,Baker,5.640000000000001,2017,2021
41,Oregon,41003,Benton,26.22,2017,2021
41,Oregon,41005,Clackamas,23.18,2017,2021
41,Oregon,41007,Clatsop,21.919999999999998,2017,2021
41,Oregon,41009,Columbia,22.64,2017,2021
41,Oregon,41011,Coos,35.6,2017,2021
41,Oregon,41013,Crook,19.58,2017,2021
41,Oregon,41015,Curry,31.639999999999997,2017,2021
41,Oregon,41017,Deschutes,25.1,2017,2021
41,Oregon,41019,Douglas,27.4,2017,2021
41,Oregon,41021,Gilliam,14.320000000000002,2017,2021
41,Oregon,41023,Grant,8.0,2017,2021
41,Oregon,41025,Harney,17.16,2017,2021
41,Oregon,41027,Hood River,22.14,2017,2021
41,Oregon,41029,Jackson,24.259999999999998,2017,2021
41,Oregon,41031,Jefferson,23.96,2017,2021
41,Oregon,41033,Josephine,24.0,2017,2021
41,Oregon,41035,Klamath,23.419999999999998,2017,2021
41,Oregon,41037,Lake,18.919999999999998,2017,2021
41,Oregon,41039,Lane,25.22,2017,2021
41,Oregon,41041,Lincoln,25.4,2017,2021
41,Oregon,41043,Linn,24.36,2017,2021
41,Oregon,41045,Malheur,9.1,2017,2021
41,Oregon,41047,Marion,25.52,2017,2021
41,Oregon,41049,Morrow,16.86,2017,2021
41,Oregon,41051,Multnomah,21.96,2017,2021
41,Oregon,41053,Polk,26.46,2017,2021
41,Oregon,41055,Sherman,16.36,2017,2021
41,Oregon,41057,Tillamook,24.0,2017,2021
41,Oregon,41059,Umatilla,18.38,2017,2021
41,Oregon,41061,Union,4.46,2017,2021
41,Oregon,41063,Wallowa,4.54,2017,2021
41,Oregon,41065,Wasco,23.06,2017,2021
41,Oregon,41067,Washington,23.1,2017,2021
41,Oregon,41069,Wheeler,23.119999999999997,2017,2021
41,Oregon,41071,Yamhill,23.54,2017,2021
42,Pennsylvania,42001,Adams,25.52,2017,2021
42,Pennsylvania,42003,Allegheny,26.860000000000003,2017,2021
42,Pennsylvania,42005,Armstrong,26.9,2017,2021
42,Pennsylvania,42007,Beaver,26.7,2017,2021
42,Pennsylvania,42009,Bedford,33.42,2017,2021
42,Pennsylvania,42011,Berks,23.14,2017,2021
42,Pennsylvania,42013,Blair,30.360000000000003,2017,2021
42,Pennsylvania,42015,Bradford,28.18,2017,2021
42,Pennsylvania,42017,Bucks,24.96,2017,2021
42,Pennsylvania,42019,Butler,25.28,2017,2021
42,Pennsylvania,42021,Cambria,31.839999999999996,2017,2021
42,Pennsylvania,42023,Cameron,19.28,2017,2021
42,Pennsylvania,42025,Carbon,24.4,2017,2021
42,Pennsylvania,42027,Centre,30.080000000000002,2017,2021
42,Pennsylvania,42029,Chester,23.18,2017,2021
42,Pennsylvania,42031,Clarion,25.36,2017,2021
42,Pennsylvania,42033,Clearfield,31.160000000000004,2017,2021
42,Pennsylvania,42035,Clinton,27.439999999999998,2017,2021
42,Pennsylvania,42037,Columbia,30.139999999999997,2017,2021
42,Pennsylvania,42039,Crawford,23.7,2017,2021
42,Pennsylvania,42041,Cumberland,26.660000000000004,2017,2021
42,Pennsylvania,42043,Dauphin,27.0,2017,2021
42,Pennsylvania,42045,Delaware,24.119999999999997,2017,2021
42,Pennsylvania,42047,Elk,18.6,2017,2021
42,Pennsylvania,42049,Erie,21.82,2017,2021
42,Pennsylvania,42051,Fayette,30.76,2017,2021
42,Pennsylvania,42053,Forest,17.98,2017,2021
42,Pennsylvania,42055,Franklin,26.380000000000003,2017,2021
42,Pennsylvania,42057,Fulton,30.860000000000003,2017,2021
42,Pennsylvania,42059,Greene,33.32000000000001,2017,2021
42,Pennsylvania,42061,Huntingdon,30.139999999999997,2017,2021
42,Pennsylvania,42063,Indiana,30.26,2017,2021
42,Pennsylvania,42065,Jefferson,27.0,2017,2021
42,Pennsylvania,42067,Juniata,29.02,2017,2021
42,Pennsylvania,42069,Lackawanna,27.380000000000003,2017,2021
42,Pennsylvania,42071,Lancaster,25.4,2017,2021
42,Pennsylvania,42073,Lawrence,26.7,2017,2021
42,Pennsylvania,42075,Lebanon,26.28,2017,2021
42,Pennsylvania,42077,Lehigh,22.54,2017,2021
42,Pennsylvania,42079,Luzerne,26.860000000000003,2017,2021
42,Pennsylvania,42081,Lycoming,30.26,2017,2021
42,Pennsylvania,42083,McKean,20.32,2017,2021
42,Pennsylvania,42085,Mercer,25.44,2017,2021
42,Pennsylvania,42087,Mifflin,26.860000000000003,2017,2021
42,Pennsylvania,42089,Monroe,25.939999999999998,2017,2021
42,Pennsylvania,42091,Montgomery,24.1,2017,2021
42,Pennsylvania,42093,Montour,35.94,2017,2021
42,Pennsylvania,42095,Northampton,23.46,2017,2021
42,Pennsylvania,42097,Northumberland,28.2,2017,2021
42,Pennsylvania,42099,Perry,26.96,2017,2021
42,Pennsylvania,42101,Philadelphia,25.76,2017,2021
42,Pennsylvania,42103,Pike,29.28,2017,2021
42,Pennsylvania,42105,Potter,26.1,2017,2021
42,Pennsylvania,42107,Schuylkill,26.04,2017,2021
42,Pennsylvania,42109,Snyder,32.2,2017,2021
42,Pennsylvania,42111,Somerset,31.080000000000002,2017,2021
42,Pennsylvania,42113,Sullivan,30.6,2017,2021
42,Pennsylvania,42115,Susquehanna,27.9,2017,2021
42,Pennsylvania,42117,Tioga,29.54,2017,2021
42,Pennsylvania,42119,Union,30.880000000000003,2017,2021
42,Pennsylvania,42121,Venango,22.66,2017,2021
42,Pennsylvania,42123,Warren,21.52,2017,2021
42,Pennsylvania,42125,Washington,27.46,2017,2021
42,Pennsylvania,42127,Wayne,28.9,2017,2021
42,Pennsylvania,42129,Westmoreland,28.560000000000002,2017,2021
42,Pennsylvania,42131,Wyoming,27.660000000000004,2017,2021
42,Pennsylvania,42133,York,27.24,2017,2021
44,Rhode Island,44001,Bristol,28.860000000000003,2017,2021
44,Rhode Island,44003,Kent,26.74,2017,2021
44,Rhode Island,44005,Newport,26.380000000000003,2017,2021
44,Rhode Island,44007,Providence,26.119999999999997,2017,2021
44,Rhode Island,44009,Washington,24.66,2017,2021
45,South Carolina,45001,Abbeville,26.26,2017,2021
45,South Carolina,45003,Aiken,24.48,2017,2021
45,South Carolina,45005,Allendale,31.859999999999996,2017,2021
45,South Carolina,45007,Anderson,26.619999999999997,2017,2021
45,South Carolina,45009,Bamberg,34.0,2017,2021
45,South Carolina,45011,Barnwell,23.119999999999997,2017,2021
45,South Carolina,45013,Beaufort,19.78,2017,2021
45,South Carolina,45015,Berkeley,25.939999999999998,2017,2021
45,South Carolina,45017,Calhoun,30.060000000000002,2017,2021
45,South Carolina,45019,Charleston,24.64,2017,2021
45,South Carolina,45021,Cherokee,27.32,2017,2021
45,South Carolina,45023,Chester,23.44,2017,2021
45,South Carolina,45025,Chesterfield,28.52,2017,2021
45,South Carolina,45027,Clarendon,33.239999999999995,2017,2021
45,South Carolina,45029,Colleton,22.580000000000002,2017,2021
45,South Carolina,45031,Darlington,38.22,2017,2021
45,South Carolina,45033,Dillon,34.959999999999994,2017,2021
45,South Carolina,45035,Dorchester,24.82,2017,2021
45,South Carolina,45037,Edgefield,20.240000000000002,2017,2021
45,South Carolina,45039,Fairfield,29.3,2017,2021
45,South Carolina,45041,Florence,40.4,2017,2021
45,South Carolina,45043,Georgetown,27.160000000000004,2017,2021
45,South Carolina,45045,Greenville,26.28,2017,2021
45,South Carolina,45047,Greenwood,30.939999999999998,2017,2021
45,South Carolina,45049,Hampton,20.259999999999998,2017,2021
45,South Carolina,45051,Horry,30.52,2017,2021
45,South Carolina,45053,Jasper,17.3,2017,2021
45,South Carolina,45055,Kershaw,30.939999999999998,2017,2021
45,South Carolina,45057,Lancaster,20.02,2017,2021
45,South Carolina,45059,Laurens,28.160000000000004,2017,2021
45,South Carolina,45061,Lee,40.12,2017,2021
45,South Carolina,45063,Lexington,26.2,2017,2021
45,South Carolina,45065,McCormick,28.82,2017,2021
45,South Carolina,45067,Marion,35.6,2017,2021
45,South Carolina,45069,Marlboro,39.42,2017,2021
45,South Carolina,45071,Newberry,29.82,2017,2021
45,South Carolina,45073,Oconee,23.32,2017,2021
45,South Carolina,45075,Orangeburg,27.060000000000002,2017,2021
45,South Carolina,45077,Pickens,25.02,2017,2021
45,South Carolina,45079,Richland,30.160000000000004,2017,2021
45,South Carolina,45081,Saluda,24.580000000000002,2017,2021
45,South Carolina,45083,Spartanburg,27.080000000000002,2017,2021
45,South Carolina,45085,Sumter,33.24,2017,2021
45,South Carolina,45087,Union,29.479999999999997,2017,2021
45,South Carolina,45089,Williamsburg,34.480000000000004,2017,2021
45,South Carolina,45091,York,21.9,2017,2021
47,Tennessee,47001,Anderson,29.32,2017,2021
47,Tennessee,47003,Bedford,38.14,2017,2021
47,Tennessee,47005,Benton,53.36,2017,2021
47,Tennessee,47007,Bledsoe,33.72,2017,2021
47,Tennessee,47009,Blount,29.28,2017,2021
47,Tennessee,47011,Bradley,35.7,2017,2021
47,Tennessee,47013,Campbell,43.739999999999995,2017,2021
47,Tennessee,47015,Cannon,37.019999999999996,2017,2021
47,Tennessee,47017,Carroll,52.94,2017,2021
47,Tennessee,47019,Carter,39.32,2017,2021
47,Tennessee,47021,Cheatham,30.78,2017,2021
47,Tennessee,47023,Chester,43.86,2017,2021
47,Tennessee,47025,Claiborne,40.08,2017,2021
47,Tennessee,47027,Clay,48.5,2017,2021
47,Tennessee,47029,Cocke,35.14,2017,2021
47,Tennessee,47031,Coffee,42.32000000000001,2017,2021
47,Tennessee,47033,Crockett,53.739999999999995,2017,2021
47,Tennessee,47035,Cumberland,35.56,2017,2021
47,Tennessee,47037,Davidson,31.02,2017,2021
47,Tennessee,47039,Decatur,51.12,2017,2021
47,Tennessee,47041,DeKalb,36.9,2017,2021
47,Tennessee,47043,Dickson,32.760000000000005,2017,2021
47,Tennessee,47045,Dyer,56.6,2017,2021
47,Tennessee,47047,Fayette,29.26,2017,2021
47,Tennessee,47049,Fentress,36.62,2017,2021
47,Tennessee,47051,Franklin,47.22,2017,2021
47,Tennessee,47053,Gibson,54.58,2017,2021
47,Tennessee,47055,Giles,33.480000000000004,2017,2021
47,Tennessee,47057,Grainger,30.4,2017,2021
47,Tennessee,47059,Greene,40.6,2017,2021
47,Tennessee,47061,Grundy,51.279999999999994,2017,2021
47,Tennessee,47063,Hamblen,40.14,2017,2021
47,Tennessee,47065,Hamilton,36.160000000000004,2017,2021
47,Tennessee,47067,Hancock,28.080000000000002,2017,2021
47,Tennessee,47069,Hardeman,40.54,2017,2021
47,Tennessee,47071,Hardin,43.44,2017,2021
47,Tennessee,47073,Hawkins,36.38,2017,2021
47,Tennessee,47075,Haywood,43.3,2017,2021
47,Tennessee,47077,Henderson,48.9,2017,2021
47,Tennessee,47079,Henry,49.7,2017,2021
47,Tennessee,47081,Hickman,29.82,2017,2021
47,Tennessee,47083,Houston,41.1,2017,2021
47,Tennessee,47085,Humphreys,48.62,2017,2021
47,Tennessee,47087,Jackson,42.559999999999995,2017,2021
47,Tennessee,47089,Jefferson,30.1,2017,2021
47,Tennessee,47091,Johnson,31.48,2017,2021
47,Tennessee,47093,Knox,29.96,2017,2021
47,Tennessee,47095,Lake,52.760000000000005,2017,2021
47,Tennessee,47097,Lauderdale,54.220000000000006,2017,2021
47,Tennessee,47099,Lawrence,33.5,2017,2021
47,Tennessee,47101,Lewis,35.239999999999995,2017,2021
47,Tennessee,47103,Lincoln,42.239999999999995,2017,2021
47,Tennessee,47105,Loudon,30.74,2017,2021
47,Tennessee,47107,McMinn,38.92,2017,2021
47,Tennessee,47109,McNairy,39.28,2017,2021
47,Tennessee,47111,Macon,41.12,2017,2021
47,Tennessee,47113,Madison,51.1,2017,2021
47,Tennessee,47115,Marion,36.4,2017,2021
47,Tennessee,47117,Marshall,31.0,2017,2021
47,Tennessee,47119,Maury,28.98,2017,2021
47,Tennessee,47121,Meigs,35.38,2017,2021
47,Tennessee,47123,Monroe,34.36,2017,2021
47,Tennessee,47125,Montgomery,36.22,2017,2021
47,Tennessee,47127,Moore,45.339999999999996,2017,2021
47,Tennessee,47129,Morgan,33.839999999999996,2017,2021
47,Tennessee,47131,Obion,59.42,2017,2021
47,Tennessee,47133,Overton,38.46,2017,2021
47,Tennessee,47135,Perry,49.1,2017,2021
47,Tennessee,47137,Pickett,44.36,2017,2021
47,Tennessee,47139,Polk,38.64,2017,2021
47,Tennessee,47141,Putnam,37.58,2017,2021
47,Tennessee,47143,Rhea,33.08,2017,2021
47,Tennessee,47145,Roane,29.9,2017,2021
47,Tennessee,47147,Robertson,33.56,2017,2021
47,Tennessee,47149,Rutherford,31.359999999999996,2017,2021
47,Tennessee,47151,Scott,40.08,2017,2021
47,Tennessee,47153,Sequatchie,36.839999999999996,2017,2021
47,Tennessee,47155,Sevier,30.04,2017,2021
47,Tennessee,47157,Shelby,28.339999999999996,2017,2021
47,Tennessee,47159,Smith,36.32,2017,2021
47,Tennessee,47161,Stewart,37.160000000000004,2017,2021
47,Tennessee,47163,Sullivan,35.760000000000005,2017,2021
47,Tennessee,47165,Sumner,33.339999999999996,2017,2021
47,Tennessee,47167,Tipton,29.5,2017,2021
47,Tennessee,47169,Trousdale,36.0,2017,2021
47,Tennessee,47171,Unicoi,40.38,2017,2021
47,Tennessee,47173,Union,29.139999999999997,2017,2021
47,Tennessee,47175,Van Buren,41.04,2017,2021
47,Tennessee,47177,Warren,49.22,2017,2021
47,Tennessee,47179,Washington,41.339999999999996,2017,2021
47,Tennessee,47181,Wayne,39.86,2017,2021
47,Tennessee,47183,Weakley,52.5,2017,2021
47,Tennessee,47185,White,38.239999999999995,2017,2021
47,Tennessee,47187,Williamson,30.919999999999998,2017,2021
47,Tennessee,47189,Wilson,32.62,2017,2021
49,Utah,49001,Beaver,27.360000000000003,2017,2021
49,Utah,49003,Box Elder,19.0,2017,2021
49,Utah,49005,Cache,20.4,2017,2021
49,Utah,49007,Carbon,23.68,2017,2021
49,Utah,49009,Daggett,23.939999999999998,2017,2021
49,Utah,49011,Davis,19.5,2017,2021
49,Utah,49013,Duchesne,22.84,2017,2021
49,Utah,49015,Emery,23.880000000000003,2017,2021
49,Utah,49017,Garfield,24.380000000000003,2017,2021
49,Utah,49019,Grand,22.52,2017,2021
49,Utah,49021,Iron,22.240000000000002,2017,2021
49,Utah,49023,Juab,22.48,2017,2021
49,Utah,49025,Kane,27.2,2017,2021
49,Utah,49027,Millard,24.82,2017,2021
49,Utah,49029,Morgan,19.06,2017,2021
49,Utah,49031,Piute,28.419999999999998,2017,2021
49,Utah,49033,Rich,19.240000000000002,2017,2021
49,Utah,49035,Salt Lake,19.78,2017,2021
49,Utah,49037,San Juan,23.419999999999998,2017,2021
49,Utah,49039,Sanpete,23.0,2017,2021
49,Utah,49041,Sevier,24.74,2017,2021
49,Utah,49043,Summit,19.86,2017,2021
49,Utah,49045,Tooele,20.080000000000002,2017,2021
49,Utah,49047,Uintah,23.94,2017,2021
49,Utah,49049,Utah,21.04,2017,2021
49,Utah,49051,Wasatch,20.56,2017,2021
49,Utah,49053,Washington,30.0,2017,2021
49,Utah,49055,Wayne,19.44,2017,2021
49,Utah,49057,Weber,18.9,2017,2021
50,Vermont,50001,Addison,22.78,2017,2021
50,Vermont,50003,Bennington,20.18,2017,2021
50,Vermont,50005,Caledonia,26.380000000000003,2017,2021
50,Vermont,50007,Chittenden,29.48,2017,2021
50,Vermont,50009,Essex,26.72,2017,2021
50,Vermont,50011,Franklin,30.579999999999995,2017,2021
50,Vermont,50013,Grand Isle,31.04,2017,2021
50,Vermont,50015,Lamoille,29.380000000000003,2017,2021
50,Vermont,50017,Orange,21.96,2017,2021
50,Vermont,50019,Orleans,28.560000000000002,2017,2021
50,Vermont,50021,Rutland,17.34,2017,2021
50,Vermont,50023,Washington,25.880000000000003,2017,2021
50,Vermont,50025,Windham,19.259999999999998,2017,2021
50,Vermont,50027,Windsor,19.3,2017,2021
51,Virginia,51001,Accomack,26.9,2017,2021
51,Virginia,51003,Albemarle,26.04,2017,2021
51,Virginia,51005,Alleghany,32.260000000000005,2017,2021
51,Virginia,51007,Amelia,25.74,2017,2021
51,Virginia,51009,Amherst,32.44,2017,2021
51,Virginia,51011,Appomattox,33.32000000000001,2017,2021
51,Virginia,51013,Arlington,13.459999999999999,2017,2021
51,Virginia,51015,Augusta,26.32,2017,2021
51,Virginia,51017,Bath,23.06,2017,2021
51,Virginia,51019,Bedford,28.380000000000003,2017,2021
51,Virginia,51021,Bland,35.86,2017,2021
51,Virginia,51023,Botetourt,25.32,2017,2021
51,Virginia,51025,Brunswick,27.52,2017,2021
51,Virginia,51027,Buchanan,32.86,2017,2021
51,Virginia,51029,Buckingham,25.860000000000003,2017,2021
51,Virginia,51031,Campbell,31.48,2017,2021
51,Virginia,51033,Caroline,28.3,2017,2021
51,Virginia,51035,Carroll,24.5,2017,2021
51,Virginia,51036,Charles City,24.54,2017,2021
51,Virginia,51037,Charlotte,30.74,2017,2021
51,Virginia,51041,Chesterfield,27.339999999999996,2017,2021
51,Virginia,51043,Clarke,21.7,2017,2021
51,Virginia,51045,Craig,27.639999999999997,2017,2021
51,Virginia,51047,Culpeper,28.160000000000004,2017,2021
51,Virginia,51049,Cumberland,26.52,2017,2021
51,Virginia,51051,Dickenson,28.82,2017,2021
51,Virginia,51053,Dinwiddie,29.560000000000002,2017,2021
51,Virginia,51057,Essex,33.980000000000004,2017,2021
51,Virginia,51059,Fairfax,15.0,2017,2021
51,Virginia,51061,Fauquier,21.740000000000002,2017,2021
51,Virginia,51063,Floyd,24.98,2017,2021
51,Virginia,51065,Fluvanna,22.619999999999997,2017,2021
51,Virginia,51067,Franklin,25.080000000000002,2017,2021
51,Virginia,51069,Frederick,29.860000000000003,2017,2021
51,Virginia,51071,Giles,34.04,2017,2021
51,Virginia,51073,Gloucester,26.919999999999998,2017,2021
51,Virginia,51075,Goochland,24.48,2017,2021
51,Virginia,51077,Grayson,23.9,2017,2021
51,Virginia,51079,Greene,25.28,2017,2021
51,Virginia,51081,Greensville,30.52,2017,2021
51,Virginia,51083,Halifax,24.9,2017,2021
51,Virginia,51085,Hanover,26.74,2017,2021
51,Virginia,51087,Henrico,24.8,2017,2021
51,Virginia,51089,Henry,28.82,2017,2021
51,Virginia,51091,Highland,24.16,2017,2021
51,Virginia,51093,Isle of Wight,29.74,2017,2021
51,Virginia,51095,James City,27.6,2017,2021
51,Virginia,51097,King and Queen,31.4,2017,2021
51,Virginia,51099,King George,22.580000000000002,2017,2021
51,Virginia,51101,King William,29.96,2017,2021
51,Virginia,51103,Lancaster,28.32,2017,2021
51,Virginia,51105,Lee,27.46,2017,2021
51,Virginia,51107,Loudoun,16.6,2017,2021
51,Virginia,51109,Louisa,26.28,2017,2021
51,Virginia,51111,Lunenburg,36.12,2017,2021
51,Virginia,51113,Madison,33.2,2017,2021
51,Virginia,51115,Mathews,25.380000000000003,2017,2021
51,Virginia,51117,Mecklenburg,29.7,2017,2021
51,Virginia,51119,Middlesex,31.220000000000006,2017,2021
51,Virginia,51121,Montgomery,30.9,2017,2021
51,Virginia,51125,Nelson,24.46,2017,2021
51,Virginia,51127,New Kent,25.8,2017,2021
51,Virginia,51131,Northampton,25.34,2017,2021
51,Virginia,51133,Northumberland,24.6,2017,2021
51,Virginia,51135,Nottoway,34.4,2017,2021
51,Virginia,51137,Orange,27.919999999999998,2017,2021
51,Virginia,51139,Page,29.139999999999997,2017,2021
51,Virginia,51141,Patrick,23.14,2017,2021
51,Virginia,51143,Pittsylvania,28.0,2017,2021
51,Virginia,51145,Powhatan,23.96,2017,2021
51,Virginia,51147,Prince Edward,36.08,2017,2021
51,Virginia,51149,Prince George,29.98,2017,2021
51,Virginia,51153,Prince William,16.28,2017,2021
51,Virginia,51155,Pulaski,31.339999999999996,2017,2021
51,Virginia,51157,Rappahannock,30.080000000000002,2017,2021
51,Virginia,51159,Richmond,33.96,2017,2021
51,Virginia,51161,Roanoke,29.580000000000002,2017,2021
51,Virginia,51163,Rockbridge,28.619999999999997,2017,2021
51,Virginia,51165,Rockingham,25.639999999999997,2017,2021
51,Virginia,51167,Russell,21.32,2017,2021
51,Virginia,51169,Scott,28.0,2017,2021
51,Virginia,51171,Shenandoah,27.919999999999998,2017,2021
51,Virginia,51173,Smyth,27.9,2017,2021
51,Virginia,51175,Southampton,25.8,2017,2021
51,Virginia,51177,Spotsylvania,29.2,2017,2021
51,Virginia,51179,Stafford,23.12,2017,2021
51,Virginia,51181,Surry,28.860000000000003,2017,2021
51,Virginia,51183,Sussex,25.939999999999998,2017,2021
51,Virginia,51185,Tazewell,29.04,2017,2021
51,Virginia,51187,Warren,28.660000000000004,2017,2021
51,Virginia,51191,Washington,28.080000000000002,2017,2021
51,Virginia,51193,Westmoreland,21.06,2017,2021
51,Virginia,51195,Wise,31.8,2017,2021
51,Virginia,51197,Wythe,27.619999999999997,2017,2021
51,Virginia,51199,York,27.860000000000003,2017,2021
51,Virginia,51510,Alexandria,14.16,2017,2021
51,Virginia,51520,Bristol,30.5,2017,2021
51,Virginia,51530,Buena Vista,25.339999999999996,2017,2021
51,Virginia,51540,Charlottesville,21.7,2017,2021
51,Virginia,51550,Chesapeake,27.2,2017,2021
51,Virginia,51570,Colonial Heights,30.660000000000004,2017,2021
51,Virginia,51580,Covington,57.1,2017,2021
51,Virginia,51590,Danville,28.26,2017,2021
51,Virginia,51595,Emporia,54.1,2017,2021
51,Virginia,51600,Fairfax City,13.7,2017,2021
51,Virginia,51610,Falls Church,13.0,2017,2021
51,Virginia,51620,Franklin City,32.44,2017,2021
51,Virginia,51630,Fredericksburg,27.2,2017,2021
51,Virginia,51640,Galax,12.1,2017,2021
51,Virginia,51650,Hampton,27.080000000000002,2017,2021
51,Virginia,51660,Harrisonburg,27.54,2017,2021
51,Virginia,51670,Hopewell,25.5,2017,2021
51,Virginia,51678,Lexington,27.660000000000004,2017,2021
51,Virginia,51680,Lynchburg,33.4,2017,2021
51,Virginia,51683,Manassas,19.66,2017,2021
51,Virginia,51685,Manassas Park,19.66,2017,2021
51,Virginia,51690,Martinsville,36.78,2017,2021
51,Virginia,51700,Newport News,28.839999999999996,2017,2021
51,Virginia,51710,Norfolk,28.060000000000002,2017,2021
51,Virginia,51720,Norton,12.540000000000001,2017,2021
51,Virginia,51730,Petersburg,29.5,2017,2021
51,Virginia,51735,Poquoson,25.259999999999998,2017,2021
51,Virginia,51740,Portsmouth,30.7,2017,2021
51,Virginia,51750,Radford,35.6,2017,2021
51,Virginia,51760,Richmond City,24.72,2017,2021
51,Virginia,51770,Roanoke City,31.32,2017,2021
51,Virginia,51775,Salem,31.32,2017,2021
51,Virginia,51790,Staunton,30.04,2017,2021
51,Virginia,51800,Suffolk,30.3,2017,2021
51,Virginia,51810,Virginia Beach,26.74,2017,2021
51,Virginia,51820,Waynesboro,29.9,2017,2021
51,Virginia,51830,Williamsburg,21.46,2017,2021
51,Virginia,51840,Winchester,27.02,2017,2021
53,Washington,53001,Adams,27.78,2017,2021
53,Washington,53003,Asotin,13.88,2017,2021
53,Washington,53005,Benton,22.34,2017,2021
53,Washington,53007,Chelan,21.22,2017,2021
53,Washington,53009,Clallam,26.24,2017,2021
53,Washington,53011,Clark,22.740000000000002,2017,2021
53,Washington,53013,Columbia,18.619999999999997,2017,2021
53,Washington,53015,Cowlitz,24.3,2017,2021
53,Washington,53017,Douglas,27.7,2017,2021
53,Washington,53019,Ferry,26.880000000000003,2017,2021
53,Washington,53021,Franklin,26.7,2017,2021
53,Washington,53023,Garfield,15.040000000000001,2017,2021
53,Washington,53025,Grant,25.76,2017,2021
53,Washington,53027,Grays Harbor,27.96,2017,2021
53,Washington,53029,Island,23.86,2017,2021
53,Washington,53031,Jefferson,24.64,2017,2021
53,Washington,53033,King,21.5,2017,2021
53,Washington,53035,Kitsap,21.48,2017,2021
53,Washington,53037,Kittitas,21.36,2017,2021
53,Washington,53039,Klickitat,22.32,2017,2021
53,Washington,53041,Lewis,26.419999999999998,2017,2021
53,Washington,53043,Lincoln,27.02,2017,2021
53,Washington,53045,Mason,24.94,2017,2021
53,Washington,53047,Okanogan,27.26,2017,2021
53,Washington,53049,Pacific,30.18,2017,2021
53,Washington,53051,Pend Oreille,26.419999999999998,2017,2021
53,Washington,53053,Pierce,21.72,2017,2021
53,Washington,53055,San Juan,26.52,2017,2021
53,Washington,53057,Skagit,25.52,2017,2021
53,Washington,53059,Skamania,23.3,2017,2021
53,Washington,53061,Snohomish,21.0,2017,2021
53,Washington,53063,Spokane,26.28,2017,2021
53,Washington,53065,Stevens,26.32,2017,2021
53,Washington,53067,Thurston,26.76,2017,2021
53,Washington,53069,Wahkiakum,28.04,2017,2021
53,Washington,53071,Walla Walla,21.44,2017,2021
53,Washington,53073,Whatcom,26.82,2017,2021
53,Washington,53075,Whitman,25.6,2017,2021
53,Washington,53077,Yakima,21.54,2017,2021
55,Wisconsin,55001,Adams,31.02,2017,2021
55,Wisconsin,55003,Ashland,29.26,2017,2021
55,Wisconsin,55005,Barron,31.72,2017,2021
55,Wisconsin,55007,Bayfield,35.46,2017,2021
55,Wisconsin,55009,Brown,23.98,2017,2021
55,Wisconsin,55011,Buffalo,22.0,2017,2021
55,Wisconsin,55013,Burnett,29.5,2017,2021
55,Wisconsin,55015,Calumet,24.880000000000003,2017,2021
55,Wisconsin,55017,Chippewa,31.2,2017,2021
55,Wisconsin,55019,Clark,30.02,2017,2021
55,Wisconsin,55021,Columbia,26.74,2017,2021
55,Wisconsin,55023,Crawford,23.52,2017,2021
55,Wisconsin,55025,Dane,26.96,2017,2021
55,Wisconsin,55027,Dodge,24.54,2017,2021
55,Wisconsin,55029,Door,26.360000000000003,2017,2021
55,Wisconsin,55031,Douglas,27.639999999999997,2017,2021
55,Wisconsin,55033,Dunn,29.619999999999997,2017,2021
55,Wisconsin,55035,Eau Claire,30.580000000000002,2017,2021
55,Wisconsin,55037,Florence,27.76,2017,2021
55,Wisconsin,55039,Fond du Lac,26.78,2017,2021
55,Wisconsin,55041,Forest,32.040000000000006,2017,2021
55,Wisconsin,55043,Grant,28.74,2017,2021
55,Wisconsin,55045,Green,26.5,2017,2021
55,Wisconsin,55047,Green Lake,29.26,2017,2021
55,Wisconsin,55049,Iowa,24.98,2017,2021
55,Wisconsin,55051,Iron,33.36,2017,2021
55,Wisconsin,55053,Jackson,29.72,2017,2021
55,Wisconsin,55055,Jefferson,25.06,2017,2021
55,Wisconsin,55057,Juneau,30.660000000000004,2017,2021
55,Wisconsin,55059,Kenosha,26.74,2017,2021
55,Wisconsin,55061,Kewaunee,25.419999999999998,2017,2021
55,Wisconsin,55063,La Crosse,20.240000000000002,2017,2021
55,Wisconsin,55065,Lafayette,27.68,2017,2021
55,Wisconsin,55067,Langlade,29.2,2017,2021
55,Wisconsin,55069,Lincoln,29.22,2017,2021
55,Wisconsin,55071,Manitowoc,25.28,2017,2021
55,Wisconsin,55073,Marathon,30.46,2017,2021
55,Wisconsin,55075,Marinette,26.3,2017,2021
55,Wisconsin,55077,Marquette,29.880000000000003,2017,2021
55,Wisconsin,55078,Menominee,28.339999999999996,2017,2021
55,Wisconsin,55079,Milwaukee,25.72,2017,2021
55,Wisconsin,55081,Monroe,25.479999999999997,2017,2021
55,Wisconsin,55083,Oconto,25.74,2017,2021
55,Wisconsin,55085,Oneida,35.88,2017,2021
55,Wisconsin,55087,Outagamie,24.22,2017,2021
55,Wisconsin,55089,Ozaukee,26.160000000000004,2017,2021
55,Wisconsin,55091,Pepin,25.1,2017,2021
55,Wisconsin,55093,Pierce,19.64,2017,2021
55,Wisconsin,55095,Polk,22.98,2017,2021
55,Wisconsin,55097,Portage,29.54,2017,2021
55,Wisconsin,55099,Price,36.36,2017,2021
55,Wisconsin,55101,Racine,25.939999999999998,2017,2021
55,Wisconsin,55103,Richland,27.119999999999997,2017,2021
55,Wisconsin,55105,Rock,25.580000000000002,2017,2021
55,Wisconsin,55107,Rusk,33.739999999999995,2017,2021
55,Wisconsin,55109,St. Croix,23.7,2017,2021
55,Wisconsin,55111,Sauk,25.34,2017,2021
55,Wisconsin,55113,Sawyer,36.64,2017,2021
55,Wisconsin,55115,Shawano,25.4,2017,2021
55,Wisconsin,55117,Sheboygan,24.64,2017,2021
55,Wisconsin,55119,Taylor,29.82,2017,2021
55,Wisconsin,55121,Trempealeau,22.96,2017,2021
55,Wisconsin,55123,Vernon,23.3,2017,2021
55,Wisconsin,55125,Vilas,32.3,2017,2021
55,Wisconsin,55127,Walworth,25.2,2017,2021
55,Wisconsin,55129,Washburn,35.339999999999996,2017,2021
55,Wisconsin,55131,Washington,26.360000000000003,2017,2021
55,Wisconsin,55133,Waukesha,25.880000000000003,2017,2021
55,Wisconsin,55135,Waupaca,26.04,2017,2021
55,Wisconsin,55137,Waushara,27.919999999999998,2017,2021
55,Wisconsin,55139,Winnebago,26.639999999999997,2017,2021
55,Wisconsin,55141,Wood,30.8,2017,2021
