StateFIPS,State,CountyFIPS,County,Value,Start Year,End Year
1,Alabama,1001,Autauga,28.525,2018,2022
1,Alabama,1003,Baldwin,25.475,2018,2022
1,Alabama,1005,Barbour,38.575,2018,2022
1,Alabama,1007,Bibb,34.125,2018,2022
1,Alabama,1009,Blount,30.575,2018,2022
1,Alabama,1011,Bullock,40.65,2018,2022
1,Alabama,1013,Butler,36.275,2018,2022
1,Alabama,1015,Calhoun,31.025,2018,2022
1,Alabama,1017,Chambers,34.2,2018,2022
1,Alabama,1019,Cherokee,32.075,2018,2022
1,Alabama,1021,Chilton,33.3,2018,2022
1,Alabama,1023,Choctaw,34.9,2018,2022
1,Alabama,1025,Clarke,36.425,2018,2022
1,Alabama,1027,Clay,33.875,2018,2022
1,Alabama,1029,Cleburne,31.225,2018,2022
1,Alabama,1031,Coffee,30.974999999999998,2018,2022
1,Alabama,1033,Colbert,30.825000000000003,2018,2022
1,Alabama,1035,Conecuh,37.725,2018,2022
1,Alabama,1037,Coosa,32.825,2018,2022
1,Alabama,1039,Covington,31.725,2018,2022
1,Alabama,1041,Crenshaw,33.45,2018,2022
1,Alabama,1043,Cullman,30.85,2018,2022
1,Alabama,1045,Dale,31.75,2018,2022
1,Alabama,1047,Dallas,38.375,2018,2022
1,Alabama,1049,DeKalb,35.15,2018,2022
1,Alabama,1051,Elmore,28.9,2018,2022
1,Alabama,1053,Escambia,36.4,2018,2022
1,Alabama,1055,Etowah,31.65,2018,2022
1,Alabama,1057,Fayette,33.65,2018,2022
1,Alabama,1059,Franklin,34.5,2018,2022
1,Alabama,1061,Geneva,34.625,2018,2022
1,Alabama,1063,Greene,42.9,2018,2022
1,Alabama,1065,Hale,37.975,2018,2022
1,Alabama,1067,Henry,31.85,2018,2022
1,Alabama,1069,Houston,33.275,2018,2022
1,Alabama,1071,Jackson,32.7,2018,2022
1,Alabama,1073,Jefferson,28.05,2018,2022
1,Alabama,1075,Lamar,32.875,2018,2022
1,Alabama,1077,Lauderdale,28.625,2018,2022
1,Alabama,1079,Lawrence,31.95,2018,2022
1,Alabama,1081,Lee,27.525,2018,2022
1,Alabama,1083,Limestone,28.55,2018,2022
1,Alabama,1085,Lowndes,39.725,2018,2022
1,Alabama,1087,Macon,36.725,2018,2022
1,Alabama,1089,Madison,25.25,2018,2022
1,Alabama,1091,Marengo,35.45,2018,2022
1,Alabama,1093,Marion,32.15,2018,2022
1,Alabama,1095,Marshall,32.85,2018,2022
1,Alabama,1097,Mobile,31.0,2018,2022
1,Alabama,1099,Monroe,37.1,2018,2022
1,Alabama,1101,Montgomery,31.9,2018,2022
1,Alabama,1103,Morgan,29.75,2018,2022
1,Alabama,1105,Perry,42.75,2018,2022
1,Alabama,1107,Pickens,35.775,2018,2022
1,Alabama,1109,Pike,32.375,2018,2022
1,Alabama,1111,Randolph,32.6,2018,2022
1,Alabama,1113,Russell,34.125,2018,2022
1,Alabama,1115,St. Clair,29.525,2018,2022
1,Alabama,1117,Shelby,22.7,2018,2022
1,Alabama,1119,Sumter,37.825,2018,2022
1,Alabama,1121,Talladega,35.0,2018,2022
1,Alabama,1123,Tallapoosa,32.9,2018,2022
1,Alabama,1125,Tuscaloosa,29.675,2018,2022
1,Alabama,1127,Walker,32.900000000000006,2018,2022
1,Alabama,1129,Washington,34.075,2018,2022
1,Alabama,1131,Wilcox,41.125,2018,2022
1,Alabama,1133,Winston,33.8,2018,2022
2,Alaska,2013,Aleutians East,27.825000000000003,2018,2022
2,Alaska,2016,Aleutians West,24.725,2018,2022
2,Alaska,2020,Anchorage,19.875,2018,2022
2,Alaska,2050,Bethel,33.325,2018,2022
2,Alaska,2060,Bristol Bay,20.975,2018,2022
2,Alaska,2063,Chugach,18.55,2018,2022
2,Alaska,2066,Copper River,21.8,2018,2022
2,Alaska,2068,Denali,19.75,2018,2022
2,Alaska,2070,Dillingham,27.75,2018,2022
2,Alaska,2090,Fairbanks North Star,21.175,2018,2022
2,Alaska,2100,Haines,20.275,2018,2022
2,Alaska,2105,HOONAH-ANGOON CENSUS AREA,22.9,2018,2022
2,Alaska,2110,Juneau,17.05,2018,2022
2,Alaska,2122,Kenai Peninsula,21.45,2018,2022
2,Alaska,2130,Ketchikan Gateway,21.425,2018,2022
2,Alaska,2150,Kodiak Island,22.0,2018,2022
2,Alaska,2164,Lake and Peninsula,26.65,2018,2022
2,Alaska,2170,Matanuska-Susitna,22.0,2018,2022
2,Alaska,2180,Nome,28.775,2018,2022
2,Alaska,2185,North Slope,24.65,2018,2022
2,Alaska,2188,Northwest Arctic,30.15,2018,2022
2,Alaska,2195,PETERSBURG CENSUS AREA,20.575,2018,2022
2,Alaska,2198,PRINCE OF WALES-HYDER CENSUS AREA,25.075000000000003,2018,2022
2,Alaska,2220,Sitka,19.075,2018,2022
2,Alaska,2230,SKAGWAY MUNICIPALITY,19.6,2018,2022
2,Alaska,2240,Southeast Fairbanks,22.175,2018,2022
2,Alaska,2261,Valdez-Cordova,20.549999999999997,2018,2022
2,Alaska,2270,Wade Hampton,39.475,2018,2022
2,Alaska,2275,WRANGELL CITY AND BURROUGH,22.6,2018,2022
2,Alaska,2282,Yakutat,23.45,2018,2022
2,Alaska,2290,Yukon-Koyukuk,28.45,2018,2022
4,Arizona,4001,Apache,27.875,2018,2022
4,Arizona,4003,Cochise,25.25,2018,2022
4,Arizona,4005,Coconino,19.15,2018,2022
4,Arizona,4007,Gila,26.35,2018,2022
4,Arizona,4009,Graham,26.225,2018,2022
4,Arizona,4011,Greenlee,24.325,2018,2022
4,Arizona,4012,La Paz,29.8,2018,2022
4,Arizona,4013,Maricopa,22.4,2018,2022
4,Arizona,4015,Mohave,28.3,2018,2022
4,Arizona,4017,Navajo,26.85,2018,2022
4,Arizona,4019,Pima,22.875,2018,2022
4,Arizona,4021,Pinal,26.7,2018,2022
4,Arizona,4023,Santa Cruz,30.35,2018,2022
4,Arizona,4025,Yavapai,21.35,2018,2022
4,Arizona,4027,Yuma,29.125,2018,2022
5,Arkansas,5001,Arkansas,33.55,2018,2022
5,Arkansas,5003,Ashley,36.8,2018,2022
5,Arkansas,5005,Baxter,28.174999999999997,2018,2022
5,Arkansas,5007,Benton,25.45,2018,2022
5,Arkansas,5009,Boone,30.825,2018,2022
5,Arkansas,5011,Bradley,35.725,2018,2022
5,Arkansas,5013,Calhoun,32.425,2018,2022
5,Arkansas,5015,Carroll,30.975,2018,2022
5,Arkansas,5017,Chicot,39.175,2018,2022
5,Arkansas,5019,Clark,31.625,2018,2022
5,Arkansas,5021,Clay,33.45,2018,2022
5,Arkansas,5023,Cleburne,31.175,2018,2022
5,Arkansas,5025,Cleveland,32.875,2018,2022
5,Arkansas,5027,Columbia,34.85,2018,2022
5,Arkansas,5029,Conway,32.05,2018,2022
5,Arkansas,5031,Craighead,30.775,2018,2022
5,Arkansas,5033,Crawford,31.825,2018,2022
5,Arkansas,5035,Crittenden,36.125,2018,2022
5,Arkansas,5037,Cross,34.425,2018,2022
5,Arkansas,5039,Dallas,35.025,2018,2022
5,Arkansas,5041,Desha,39.8,2018,2022
5,Arkansas,5043,Drew,33.625,2018,2022
5,Arkansas,5045,Faulkner,28.450000000000003,2018,2022
5,Arkansas,5047,Franklin,34.425,2018,2022
5,Arkansas,5049,Fulton,34.1,2018,2022
5,Arkansas,5051,Garland,29.5,2018,2022
5,Arkansas,5053,Grant,28.975,2018,2022
5,Arkansas,5055,Greene,31.825,2018,2022
5,Arkansas,5057,Hempstead,36.075,2018,2022
5,Arkansas,5059,Hot Spring,31.075,2018,2022
5,Arkansas,5061,Howard,35.425,2018,2022
5,Arkansas,5063,Independence,31.1,2018,2022
5,Arkansas,5065,Izard,31.35,2018,2022
5,Arkansas,5067,Jackson,36.35,2018,2022
5,Arkansas,5069,Jefferson,35.400000000000006,2018,2022
5,Arkansas,5071,Johnson,36.15,2018,2022
5,Arkansas,5073,Lafayette,37.55,2018,2022
5,Arkansas,5075,Lawrence,32.0,2018,2022
5,Arkansas,5077,Lee,39.3,2018,2022
5,Arkansas,5079,Lincoln,35.7,2018,2022
5,Arkansas,5081,Little River,32.375,2018,2022
5,Arkansas,5083,Logan,33.125,2018,2022
5,Arkansas,5085,Lonoke,29.05,2018,2022
5,Arkansas,5087,Madison,33.325,2018,2022
5,Arkansas,5089,Marion,30.9,2018,2022
5,Arkansas,5091,Miller,32.45,2018,2022
5,Arkansas,5093,Mississippi,36.75,2018,2022
5,Arkansas,5095,Monroe,38.625,2018,2022
5,Arkansas,5097,Montgomery,32.8,2018,2022
5,Arkansas,5099,Nevada,34.3,2018,2022
5,Arkansas,5101,Newton,29.875,2018,2022
5,Arkansas,5103,Ouachita,36.75,2018,2022
5,Arkansas,5105,Perry,31.525,2018,2022
5,Arkansas,5107,Phillips,39.425,2018,2022
5,Arkansas,5109,Pike,31.875,2018,2022
5,Arkansas,5111,Poinsett,35.2,2018,2022
5,Arkansas,5113,Polk,32.925,2018,2022
5,Arkansas,5115,Pope,31.025000000000002,2018,2022
5,Arkansas,5117,Prairie,31.575,2018,2022
5,Arkansas,5119,Pulaski,27.525,2018,2022
5,Arkansas,5121,Randolph,34.15,2018,2022
5,Arkansas,5123,St. Francis,38.975,2018,2022
5,Arkansas,5125,Saline,26.825,2018,2022
5,Arkansas,5127,Scott,35.35,2018,2022
5,Arkansas,5129,Searcy,34.6,2018,2022
5,Arkansas,5131,Sebastian,32.125,2018,2022
5,Arkansas,5133,Sevier,36.4,2018,2022
5,Arkansas,5135,Sharp,34.575,2018,2022
5,Arkansas,5137,Stone,34.275,2018,2022
5,Arkansas,5139,Union,32.75,2018,2022
5,Arkansas,5141,Van Buren,32.525,2018,2022
5,Arkansas,5143,Washington,27.4,2018,2022
5,Arkansas,5145,White,31.475,2018,2022
5,Arkansas,5147,Woodruff,35.625,2018,2022
5,Arkansas,5149,Yell,36.25,2018,2022
6,California,6001,Alameda,18.575,2018,2022
6,California,6003,Alpine,20.025,2018,2022
6,California,6005,Amador,19.8,2018,2022
6,California,6007,Butte,21.475,2018,2022
6,California,6009,Calaveras,19.85,2018,2022
6,California,6011,Colusa,26.975,2018,2022
6,California,6013,Contra Costa,19.075,2018,2022
6,California,6015,Del Norte,24.9,2018,2022
6,California,6017,El Dorado,17.625,2018,2022
6,California,6019,Fresno,27.625,2018,2022
6,California,6021,Glenn,26.075,2018,2022
6,California,6023,Humboldt,20.475,2018,2022
6,California,6025,Imperial,31.349999999999998,2018,2022
6,California,6027,Inyo,19.9,2018,2022
6,California,6029,Kern,29.5,2018,2022
6,California,6031,Kings,27.575000000000003,2018,2022
6,California,6033,Lake,24.225,2018,2022
6,California,6035,Lassen,23.5,2018,2022
6,California,6037,Los Angeles,22.725,2018,2022
6,California,6039,Madera,28.0,2018,2022
6,California,6041,Marin,14.825000000000001,2018,2022
6,California,6043,Mariposa,19.95,2018,2022
6,California,6045,Mendocino,22.225,2018,2022
6,California,6047,Merced,29.525,2018,2022
6,California,6049,Modoc,23.425,2018,2022
6,California,6051,Mono,19.375,2018,2022
6,California,6053,Monterey,25.35,2018,2022
6,California,6055,Napa,19.200000000000003,2018,2022
6,California,6057,Nevada,16.95,2018,2022
6,California,6059,Orange,19.45,2018,2022
6,California,6061,Placer,15.875,2018,2022
6,California,6063,Plumas,18.674999999999997,2018,2022
6,California,6065,Riverside,23.175,2018,2022
6,California,6067,Sacramento,21.85,2018,2022
6,California,6069,San Benito,23.05,2018,2022
6,California,6071,San Bernardino,26.8,2018,2022
6,California,6073,San Diego,19.9,2018,2022
6,California,6075,San Francisco,17.724999999999998,2018,2022
6,California,6077,San Joaquin,25.9,2018,2022
6,California,6079,San Luis Obispo,18.65,2018,2022
6,California,6081,San Mateo,17.0,2018,2022
6,California,6083,Santa Barbara,21.95,2018,2022
6,California,6085,Santa Clara,18.325,2018,2022
6,California,6087,Santa Cruz,19.125,2018,2022
6,California,6089,Shasta,20.35,2018,2022
6,California,6091,Sierra,19.9,2018,2022
6,California,6093,Siskiyou,21.725,2018,2022
6,California,6095,Solano,21.975,2018,2022
6,California,6097,Sonoma,18.35,2018,2022
6,California,6099,Stanislaus,26.15,2018,2022
6,California,6101,Sutter,25.7,2018,2022
6,California,6103,Tehama,24.725,2018,2022
6,California,6105,Trinity,22.85,2018,2022
6,California,6107,Tulare,29.875,2018,2022
6,California,6109,Tuolumne,19.7,2018,2022
6,California,6111,Ventura,20.725,2018,2022
6,California,6113,Yolo,21.475,2018,2022
6,California,6115,Yuba,23.875,2018,2022
8,Colorado,8001,Adams,23.5,2018,2022
8,Colorado,8003,Alamosa,24.875,2018,2022
8,Colorado,8005,Arapahoe,18.3,2018,2022
8,Colorado,8007,Archuleta,17.425,2018,2022
8,Colorado,8009,Baca,22.1,2018,2022
8,Colorado,8011,Bent,26.6,2018,2022
8,Colorado,8013,Boulder,12.975,2018,2022
8,Colorado,8014,Broomfield,13.15,2018,2022
8,Colorado,8015,Chaffee,17.025,2018,2022
8,Colorado,8017,Cheyenne,18.875,2018,2022
8,Colorado,8019,Clear Creek,14.575,2018,2022
8,Colorado,8021,Conejos,24.95,2018,2022
8,Colorado,8023,Costilla,28.299999999999997,2018,2022
8,Colorado,8025,Crowley,26.4,2018,2022
8,Colorado,8027,Custer,16.650000000000002,2018,2022
8,Colorado,8029,Delta,21.65,2018,2022
8,Colorado,8031,Denver,17.325,2018,2022
8,Colorado,8033,Dolores,17.9,2018,2022
8,Colorado,8035,Douglas,11.6,2018,2022
8,Colorado,8037,Eagle,15.7,2018,2022
8,Colorado,8039,Elbert,15.274999999999999,2018,2022
8,Colorado,8041,El Paso,17.8,2018,2022
8,Colorado,8043,Fremont,21.224999999999998,2018,2022
8,Colorado,8045,Garfield,18.2,2018,2022
8,Colorado,8047,Gilpin,14.375,2018,2022
8,Colorado,8049,Grand,16.575,2018,2022
8,Colorado,8051,Gunnison,15.100000000000001,2018,2022
8,Colorado,8053,Hinsdale,15.575000000000001,2018,2022
8,Colorado,8055,Huerfano,21.2,2018,2022
8,Colorado,8057,Jackson,19.299999999999997,2018,2022
8,Colorado,8059,Jefferson,14.125,2018,2022
8,Colorado,8061,Kiowa,19.95,2018,2022
8,Colorado,8063,Kit Carson,21.025,2018,2022
8,Colorado,8065,Lake,19.45,2018,2022
8,Colorado,8067,La Plata,15.675,2018,2022
8,Colorado,8069,Larimer,14.25,2018,2022
8,Colorado,8071,Las Animas,23.425,2018,2022
8,Colorado,8073,Lincoln,22.25,2018,2022
8,Colorado,8075,Logan,21.35,2018,2022
8,Colorado,8077,Mesa,19.3,2018,2022
8,Colorado,8079,Mineral,14.6,2018,2022
8,Colorado,8081,Moffat,21.45,2018,2022
8,Colorado,8083,Montezuma,19.825,2018,2022
8,Colorado,8085,Montrose,20.475,2018,2022
8,Colorado,8087,Morgan,23.575,2018,2022
8,Colorado,8089,Otero,26.0,2018,2022
8,Colorado,8091,Ouray,13.875,2018,2022
8,Colorado,8093,Park,16.125,2018,2022
8,Colorado,8095,Phillips,20.375,2018,2022
8,Colorado,8097,Pitkin,12.85,2018,2022
8,Colorado,8099,Prowers,23.724999999999998,2018,2022
8,Colorado,8101,Pueblo,23.275,2018,2022
8,Colorado,8103,Rio Blanco,19.25,2018,2022
8,Colorado,8105,Rio Grande,22.625,2018,2022
8,Colorado,8107,Routt,14.375,2018,2022
8,Colorado,8109,Saguache,23.85,2018,2022
8,Colorado,8111,San Juan,17.325,2018,2022
8,Colorado,8113,San Miguel,14.425,2018,2022
8,Colorado,8115,Sedgwick,21.2,2018,2022
8,Colorado,8117,Summit,14.55,2018,2022
8,Colorado,8119,Teller,16.0,2018,2022
8,Colorado,8121,Washington,20.025,2018,2022
8,Colorado,8123,Weld,20.175,2018,2022
8,Colorado,8125,Yuma,21.1,2018,2022
9,Connecticut,9001,Fairfield,19.775,2018,2022
9,Connecticut,9003,Hartford,22.6,2018,2022
9,Connecticut,9005,Litchfield,18.8,2018,2022
9,Connecticut,9007,Middlesex,18.25,2018,2022
9,Connecticut,9009,New Haven,23.5,2018,2022
9,Connecticut,9011,New London,20.625,2018,2022
9,Connecticut,9013,Tolland,19.125,2018,2022
9,Connecticut,9015,Windham,23.3,2018,2022
10,Delaware,10001,Kent,29.5,2018,2022
10,Delaware,10003,New Castle,24.9,2018,2022
10,Delaware,10005,Sussex,26.9,2018,2022
11,District of Columbia,11001,District of Columbia,18.025,2018,2022
12,Florida,12001,Alachua,24.633333333333336,2018,2022
12,Florida,12003,Baker,30.066666666666663,2018,2022
12,Florida,12005,Bay,28.633333333333336,2018,2022
12,Florida,12007,Bradford,34.1,2018,2022
12,Florida,12009,Brevard,25.133333333333336,2018,2022
12,Florida,12011,Broward,26.733333333333334,2018,2022
12,Florida,12013,Calhoun,34.03333333333333,2018,2022
12,Florida,12015,Charlotte,25.03333333333333,2018,2022
12,Florida,12017,Citrus,28.8,2018,2022
12,Florida,12019,Clay,27.0,2018,2022
12,Florida,12021,Collier,24.366666666666664,2018,2022
12,Florida,12023,Columbia,31.566666666666666,2018,2022
12,Florida,12027,DeSoto,37.4,2018,2022
12,Florida,12029,Dixie,33.5,2018,2022
12,Florida,12031,Duval,28.5,2018,2022
12,Florida,12033,Escambia,26.46666666666667,2018,2022
12,Florida,12035,Flagler,24.733333333333334,2018,2022
12,Florida,12037,Franklin,30.633333333333336,2018,2022
12,Florida,12039,Gadsden,34.93333333333334,2018,2022
12,Florida,12041,Gilchrist,30.5,2018,2022
12,Florida,12043,Glades,34.43333333333334,2018,2022
12,Florida,12045,Gulf,27.5,2018,2022
12,Florida,12047,Hamilton,34.96666666666667,2018,2022
12,Florida,12049,Hardee,39.06666666666667,2018,2022
12,Florida,12051,Hendry,39.166666666666664,2018,2022
12,Florida,12053,Hernando,28.566666666666666,2018,2022
12,Florida,12055,Highlands,30.566666666666666,2018,2022
12,Florida,12057,Hillsborough,26.400000000000002,2018,2022
12,Florida,12059,Holmes,33.63333333333333,2018,2022
12,Florida,12061,Indian River,25.5,2018,2022
12,Florida,12063,Jackson,34.166666666666664,2018,2022
12,Florida,12065,Jefferson,28.7,2018,2022
12,Florida,12067,Lafayette,33.63333333333333,2018,2022
12,Florida,12069,Lake,26.633333333333336,2018,2022
12,Florida,12071,Lee,25.53333333333333,2018,2022
12,Florida,12073,Leon,23.766666666666666,2018,2022
12,Florida,12075,Levy,31.933333333333334,2018,2022
12,Florida,12077,Liberty,33.233333333333334,2018,2022
12,Florida,12079,Madison,35.333333333333336,2018,2022
12,Florida,12081,Manatee,24.96666666666667,2018,2022
12,Florida,12083,Marion,28.733333333333334,2018,2022
12,Florida,12085,Martin,23.266666666666666,2018,2022
12,Florida,12086,Miami-Dade,32.333333333333336,2018,2022
12,Florida,12087,Monroe,24.733333333333334,2018,2022
12,Florida,12089,Nassau,23.633333333333336,2018,2022
12,Florida,12091,Okaloosa,25.099999999999998,2018,2022
12,Florida,12093,Okeechobee,35.766666666666666,2018,2022
12,Florida,12095,Orange,27.3,2018,2022
12,Florida,12097,Osceola,31.46666666666667,2018,2022
12,Florida,12099,Palm Beach,25.099999999999998,2018,2022
12,Florida,12101,Pasco,27.3,2018,2022
12,Florida,12103,Pinellas,23.333333333333332,2018,2022
12,Florida,12105,Polk,30.0,2018,2022
12,Florida,12107,Putnam,34.5,2018,2022
12,Florida,12109,St. Johns,20.366666666666664,2018,2022
12,Florida,12111,St. Lucie,28.566666666666666,2018,2022
12,Florida,12113,Santa Rosa,25.8,2018,2022
12,Florida,12115,Sarasota,21.433333333333334,2018,2022
12,Florida,12117,Seminole,23.366666666666664,2018,2022
12,Florida,12119,Sumter,22.266666666666666,2018,2022
12,Florida,12121,Suwannee,30.633333333333336,2018,2022
12,Florida,12123,Taylor,33.36666666666667,2018,2022
12,Florida,12125,Union,32.6,2018,2022
12,Florida,12127,Volusia,26.5,2018,2022
12,Florida,12129,Wakulla,26.7,2018,2022
12,Florida,12131,Walton,25.53333333333333,2018,2022
12,Florida,12133,Washington,32.86666666666667,2018,2022
13,Georgia,13001,Appling,34.475,2018,2022
13,Georgia,13003,Atkinson,38.325,2018,2022
13,Georgia,13005,Bacon,33.8,2018,2022
13,Georgia,13007,Baker,33.5,2018,2022
13,Georgia,13009,Baldwin,30.25,2018,2022
13,Georgia,13011,Banks,29.950000000000003,2018,2022
13,Georgia,13013,Barrow,27.900000000000002,2018,2022
13,Georgia,13015,Bartow,27.775,2018,2022
13,Georgia,13017,Ben Hill,34.875,2018,2022
13,Georgia,13019,Berrien,32.925000000000004,2018,2022
13,Georgia,13021,Bibb,31.424999999999997,2018,2022
13,Georgia,13023,Bleckley,29.875,2018,2022
13,Georgia,13025,Brantley,33.55,2018,2022
13,Georgia,13027,Brooks,32.875,2018,2022
13,Georgia,13029,Bryan,23.75,2018,2022
13,Georgia,13031,Bulloch,28.225,2018,2022
13,Georgia,13033,Burke,32.625,2018,2022
13,Georgia,13035,Butts,31.8,2018,2022
13,Georgia,13037,Calhoun,37.875,2018,2022
13,Georgia,13039,Camden,26.95,2018,2022
13,Georgia,13043,Candler,35.8,2018,2022
13,Georgia,13045,Carroll,28.775,2018,2022
13,Georgia,13047,Catoosa,25.674999999999997,2018,2022
13,Georgia,13049,Charlton,34.5,2018,2022
13,Georgia,13051,Chatham,26.025000000000002,2018,2022
13,Georgia,13053,Chattahoochee,29.525,2018,2022
13,Georgia,13055,Chattooga,33.275,2018,2022
13,Georgia,13057,Cherokee,21.45,2018,2022
13,Georgia,13059,Clarke,26.5,2018,2022
13,Georgia,13061,Clay,37.85,2018,2022
13,Georgia,13063,Clayton,34.125,2018,2022
13,Georgia,13065,Clinch,38.45,2018,2022
13,Georgia,13067,Cobb,21.95,2018,2022
13,Georgia,13069,Coffee,34.2,2018,2022
13,Georgia,13071,Colquitt,35.875,2018,2022
13,Georgia,13073,Columbia,22.875,2018,2022
13,Georgia,13075,Cook,32.7,2018,2022
13,Georgia,13077,Coweta,25.075,2018,2022
13,Georgia,13079,Crawford,31.25,2018,2022
13,Georgia,13081,Crisp,35.875,2018,2022
13,Georgia,13083,Dade,27.9,2018,2022
13,Georgia,13085,Dawson,23.125,2018,2022
13,Georgia,13087,Decatur,33.375,2018,2022
13,Georgia,13089,DeKalb,23.925,2018,2022
13,Georgia,13091,Dodge,32.225,2018,2022
13,Georgia,13093,Dooly,33.925,2018,2022
13,Georgia,13095,Dougherty,34.075,2018,2022
13,Georgia,13097,Douglas,27.95,2018,2022
13,Georgia,13099,Early,35.45,2018,2022
13,Georgia,13101,Echols,33.95,2018,2022
13,Georgia,13103,Effingham,25.2,2018,2022
13,Georgia,13105,Elbert,33.574999999999996,2018,2022
13,Georgia,13107,Emanuel,33.575,2018,2022
13,Georgia,13109,Evans,34.975,2018,2022
13,Georgia,13111,Fannin,26.925,2018,2022
13,Georgia,13113,Fayette,20.8,2018,2022
13,Georgia,13115,Floyd,30.575,2018,2022
13,Georgia,13117,Forsyth,19.275,2018,2022
13,Georgia,13119,Franklin,29.575000000000003,2018,2022
13,Georgia,13121,Fulton,21.825,2018,2022
13,Georgia,13123,Gilmer,27.7,2018,2022
13,Georgia,13125,Glascock,30.45,2018,2022
13,Georgia,13127,Glynn,27.825,2018,2022
13,Georgia,13129,Gordon,31.475,2018,2022
13,Georgia,13131,Grady,32.075,2018,2022
13,Georgia,13133,Greene,28.875,2018,2022
13,Georgia,13135,Gwinnett,25.75,2018,2022
13,Georgia,13137,Habersham,29.275,2018,2022
13,Georgia,13139,Hall,27.9,2018,2022
13,Georgia,13141,Hancock,38.2,2018,2022
13,Georgia,13143,Haralson,28.05,2018,2022
13,Georgia,13145,Harris,22.15,2018,2022
13,Georgia,13147,Hart,30.2,2018,2022
13,Georgia,13149,Heard,30.275,2018,2022
13,Georgia,13151,Henry,25.85,2018,2022
13,Georgia,13153,Houston,26.25,2018,2022
13,Georgia,13155,Irwin,32.875,2018,2022
13,Georgia,13157,Jackson,25.9,2018,2022
13,Georgia,13159,Jasper,30.4,2018,2022
13,Georgia,13161,Jeff Davis,34.15,2018,2022
13,Georgia,13163,Jefferson,35.45,2018,2022
13,Georgia,13165,Jenkins,37.55,2018,2022
13,Georgia,13167,Johnson,34.9,2018,2022
13,Georgia,13169,Jones,27.775,2018,2022
13,Georgia,13171,Lamar,28.674999999999997,2018,2022
13,Georgia,13173,Lanier,33.225,2018,2022
13,Georgia,13175,Laurens,33.575,2018,2022
13,Georgia,13177,Lee,24.275,2018,2022
13,Georgia,13179,Liberty,30.45,2018,2022
13,Georgia,13181,Lincoln,31.2,2018,2022
13,Georgia,13183,Long,31.8,2018,2022
13,Georgia,13185,Lowndes,30.05,2018,2022
13,Georgia,13187,Lumpkin,26.225,2018,2022
13,Georgia,13189,McDuffie,32.35,2018,2022
13,Georgia,13191,McIntosh,30.2,2018,2022
13,Georgia,13193,Macon,37.4,2018,2022
13,Georgia,13195,Madison,29.85,2018,2022
13,Georgia,13197,Marion,32.2,2018,2022
13,Georgia,13199,Meriwether,33.45,2018,2022
13,Georgia,13201,Miller,31.0,2018,2022
13,Georgia,13205,Mitchell,36.125,2018,2022
13,Georgia,13207,Monroe,26.35,2018,2022
13,Georgia,13209,Montgomery,31.425,2018,2022
13,Georgia,13211,Morgan,25.325,2018,2022
13,Georgia,13213,Murray,31.475,2018,2022
13,Georgia,13215,Muscogee,28.95,2018,2022
13,Georgia,13217,Newton,29.875,2018,2022
13,Georgia,13219,Oconee,19.225,2018,2022
13,Georgia,13221,Oglethorpe,29.424999999999997,2018,2022
13,Georgia,13223,Paulding,25.25,2018,2022
13,Georgia,13225,Peach,30.475,2018,2022
13,Georgia,13227,Pickens,24.85,2018,2022
13,Georgia,13229,Pierce,30.525,2018,2022
13,Georgia,13231,Pike,25.475,2018,2022
13,Georgia,13233,Polk,31.675,2018,2022
13,Georgia,13235,Pulaski,32.0,2018,2022
13,Georgia,13237,Putnam,29.150000000000002,2018,2022
13,Georgia,13239,Quitman,34.825,2018,2022
13,Georgia,13241,Rabun,27.9,2018,2022
13,Georgia,13243,Randolph,39.8,2018,2022
13,Georgia,13245,Richmond,32.05,2018,2022
13,Georgia,13247,Rockdale,28.875,2018,2022
13,Georgia,13249,Schley,29.55,2018,2022
13,Georgia,13251,Screven,31.975,2018,2022
13,Georgia,13253,Seminole,31.65,2018,2022
13,Georgia,13255,Spalding,31.4,2018,2022
13,Georgia,13257,Stephens,28.0,2018,2022
13,Georgia,13259,Stewart,38.825,2018,2022
13,Georgia,13261,Sumter,33.45,2018,2022
13,Georgia,13263,Talbot,34.1,2018,2022
13,Georgia,13265,Taliaferro,36.4,2018,2022
13,Georgia,13267,Tattnall,33.9,2018,2022
13,Georgia,13269,Taylor,35.65,2018,2022
13,Georgia,13271,Telfair,38.15,2018,2022
13,Georgia,13273,Terrell,36.85,2018,2022
13,Georgia,13275,Thomas,29.775,2018,2022
13,Georgia,13277,Tift,31.925,2018,2022
13,Georgia,13279,Toombs,33.25,2018,2022
13,Georgia,13281,Towns,24.675,2018,2022
13,Georgia,13283,Treutlen,35.0,2018,2022
13,Georgia,13285,Troup,31.2,2018,2022
13,Georgia,13287,Turner,34.7,2018,2022
13,Georgia,13289,Twiggs,32.575,2018,2022
13,Georgia,13291,Union,26.425,2018,2022
13,Georgia,13293,Upson,31.575000000000003,2018,2022
13,Georgia,13295,Walker,28.849999999999998,2018,2022
13,Georgia,13297,Walton,27.424999999999997,2018,2022
13,Georgia,13299,Ware,33.65,2018,2022
13,Georgia,13301,Warren,36.4,2018,2022
13,Georgia,13303,Washington,34.4,2018,2022
13,Georgia,13305,Wayne,32.375,2018,2022
13,Georgia,13307,Webster,32.95,2018,2022
13,Georgia,13309,Wheeler,36.5,2018,2022
13,Georgia,13311,White,25.25,2018,2022
13,Georgia,13313,Whitfield,32.875,2018,2022
13,Georgia,13315,Wilcox,33.85,2018,2022
13,Georgia,13317,Wilkes,33.975,2018,2022
13,Georgia,13319,Wilkinson,33.5,2018,2022
13,Georgia,13321,Worth,31.7,2018,2022
15,Hawaii,15001,Hawaii,21.025,2018,2022
15,Hawaii,15003,Honolulu,21.425,2018,2022
15,Hawaii,15005,Kalawao,15.149999999999999,2018,2022
15,Hawaii,15007,Kauai,20.175,2018,2022
15,Hawaii,15009,Maui,19.025,2018,2022
16,Idaho,16001,Ada,17.975,2018,2022
16,Idaho,16003,Adams,22.95,2018,2022
16,Idaho,16005,Bannock,22.725,2018,2022
16,Idaho,16007,Bear Lake,23.225,2018,2022
16,Idaho,16009,Benewah,24.85,2018,2022
16,Idaho,16011,Bingham,24.75,2018,2022
16,Idaho,16013,Blaine,20.475,2018,2022
16,Idaho,16015,Boise,21.325,2018,2022
16,Idaho,16017,Bonner,21.9,2018,2022
16,Idaho,16019,Bonneville,22.175,2018,2022
16,Idaho,16021,Boundary,24.025,2018,2022
16,Idaho,16023,Butte,24.55,2018,2022
16,Idaho,16025,Camas,25.3,2018,2022
16,Idaho,16027,Canyon,26.125,2018,2022
16,Idaho,16029,Caribou,22.025,2018,2022
16,Idaho,16031,Cassia,26.375,2018,2022
16,Idaho,16033,Clark,31.4,2018,2022
16,Idaho,16035,Clearwater,22.825,2018,2022
16,Idaho,16037,Custer,23.35,2018,2022
16,Idaho,16039,Elmore,26.075,2018,2022
16,Idaho,16041,Franklin,24.1,2018,2022
16,Idaho,16043,Fremont,23.75,2018,2022
16,Idaho,16045,Gem,24.175,2018,2022
16,Idaho,16047,Gooding,27.375,2018,2022
16,Idaho,16049,Idaho,24.475,2018,2022
16,Idaho,16051,Jefferson,21.725,2018,2022
16,Idaho,16053,Jerome,28.85,2018,2022
16,Idaho,16055,Kootenai,21.0,2018,2022
16,Idaho,16057,Latah,19.0,2018,2022
16,Idaho,16059,Lemhi,22.975,2018,2022
16,Idaho,16061,Lewis,25.25,2018,2022
16,Idaho,16063,Lincoln,28.35,2018,2022
16,Idaho,16065,Madison,23.0,2018,2022
16,Idaho,16067,Minidoka,28.675,2018,2022
16,Idaho,16069,Nez Perce,22.825000000000003,2018,2022
16,Idaho,16071,Oneida,23.325,2018,2022
16,Idaho,16073,Owyhee,28.575,2018,2022
16,Idaho,16075,Payette,24.95,2018,2022
16,Idaho,16077,Power,27.225,2018,2022
16,Idaho,16079,Shoshone,27.075000000000003,2018,2022
16,Idaho,16081,Teton,18.549999999999997,2018,2022
16,Idaho,16083,Twin Falls,24.6,2018,2022
16,Idaho,16085,Valley,19.8,2018,2022
16,Idaho,16087,Washington,26.925,2018,2022
17,Illinois,17001,Adams,25.775,2018,2022
17,Illinois,17003,Alexander,34.45,2018,2022
17,Illinois,17005,Bond,27.1,2018,2022
17,Illinois,17007,Boone,26.725,2018,2022
17,Illinois,17009,Brown,28.95,2018,2022
17,Illinois,17011,Bureau,27.15,2018,2022
17,Illinois,17013,Calhoun,25.475,2018,2022
17,Illinois,17015,Carroll,26.225,2018,2022
17,Illinois,17017,Cass,30.525,2018,2022
17,Illinois,17019,Champaign,25.1,2018,2022
17,Illinois,17021,Christian,27.825,2018,2022
17,Illinois,17023,Clark,25.85,2018,2022
17,Illinois,17025,Clay,28.25,2018,2022
17,Illinois,17027,Clinton,24.6,2018,2022
17,Illinois,17029,Coles,26.95,2018,2022
17,Illinois,17031,Cook,25.475,2018,2022
17,Illinois,17033,Crawford,26.775,2018,2022
17,Illinois,17035,Cumberland,26.325,2018,2022
17,Illinois,17037,DeKalb,25.775,2018,2022
17,Illinois,17039,De Witt,26.25,2018,2022
17,Illinois,17041,Douglas,28.05,2018,2022
17,Illinois,17043,DuPage,21.4,2018,2022
17,Illinois,17045,Edgar,26.475,2018,2022
17,Illinois,17047,Edwards,26.25,2018,2022
17,Illinois,17049,Effingham,24.925,2018,2022
17,Illinois,17051,Fayette,29.6,2018,2022
17,Illinois,17053,Ford,26.775,2018,2022
17,Illinois,17055,Franklin,29.075,2018,2022
17,Illinois,17057,Fulton,27.674999999999997,2018,2022
17,Illinois,17059,Gallatin,29.85,2018,2022
17,Illinois,17061,Greene,27.6,2018,2022
17,Illinois,17063,Grundy,24.025,2018,2022
17,Illinois,17065,Hamilton,26.8,2018,2022
17,Illinois,17067,Hancock,25.65,2018,2022
17,Illinois,17069,Hardin,28.875,2018,2022
17,Illinois,17071,Henderson,25.4,2018,2022
17,Illinois,17073,Henry,25.45,2018,2022
17,Illinois,17075,Iroquois,28.3,2018,2022
17,Illinois,17077,Jackson,28.225,2018,2022
17,Illinois,17079,Jasper,25.95,2018,2022
17,Illinois,17081,Jefferson,28.15,2018,2022
17,Illinois,17083,Jersey,24.375,2018,2022
17,Illinois,17085,Jo Daviess,24.2,2018,2022
17,Illinois,17087,Johnson,27.825,2018,2022
17,Illinois,17089,Kane,25.6,2018,2022
17,Illinois,17091,Kankakee,28.2,2018,2022
17,Illinois,17093,Kendall,22.3,2018,2022
17,Illinois,17095,Knox,28.75,2018,2022
17,Illinois,17097,Lake,22.55,2018,2022
17,Illinois,17099,La Salle,26.975,2018,2022
17,Illinois,17101,Lawrence,29.45,2018,2022
17,Illinois,17103,Lee,26.325,2018,2022
17,Illinois,17105,Livingston,28.1,2018,2022
17,Illinois,17107,Logan,25.95,2018,2022
17,Illinois,17109,McDonough,26.6,2018,2022
17,Illinois,17111,McHenry,23.1,2018,2022
17,Illinois,17113,McLean,23.775,2018,2022
17,Illinois,17115,Macon,27.6,2018,2022
17,Illinois,17117,Macoupin,26.675,2018,2022
17,Illinois,17119,Madison,26.0,2018,2022
17,Illinois,17121,Marion,28.625,2018,2022
17,Illinois,17123,Marshall,25.8,2018,2022
17,Illinois,17125,Mason,27.724999999999998,2018,2022
17,Illinois,17127,Massac,28.925,2018,2022
17,Illinois,17129,Menard,23.75,2018,2022
17,Illinois,17131,Mercer,26.025,2018,2022
17,Illinois,17133,Monroe,20.675,2018,2022
17,Illinois,17135,Montgomery,28.025,2018,2022
17,Illinois,17137,Morgan,27.9,2018,2022
17,Illinois,17139,Moultrie,26.175,2018,2022
17,Illinois,17141,Ogle,25.975,2018,2022
17,Illinois,17143,Peoria,26.3,2018,2022
17,Illinois,17145,Perry,30.15,2018,2022
17,Illinois,17147,Piatt,22.5,2018,2022
17,Illinois,17149,Pike,28.475,2018,2022
17,Illinois,17151,Pope,28.625,2018,2022
17,Illinois,17153,Pulaski,32.775,2018,2022
17,Illinois,17155,Putnam,24.825,2018,2022
17,Illinois,17157,Randolph,29.425,2018,2022
17,Illinois,17159,Richland,26.325000000000003,2018,2022
17,Illinois,17161,Rock Island,27.65,2018,2022
17,Illinois,17163,St. Clair,27.9,2018,2022
17,Illinois,17165,Saline,29.225,2018,2022
17,Illinois,17167,Sangamon,24.5,2018,2022
17,Illinois,17169,Schuyler,27.275,2018,2022
17,Illinois,17171,Scott,26.4,2018,2022
17,Illinois,17173,Shelby,26.45,2018,2022
17,Illinois,17175,Stark,27.35,2018,2022
17,Illinois,17177,Stephenson,27.3,2018,2022
17,Illinois,17179,Tazewell,24.025,2018,2022
17,Illinois,17181,Union,28.175,2018,2022
17,Illinois,17183,Vermilion,30.075000000000003,2018,2022
17,Illinois,17185,Wabash,26.425,2018,2022
17,Illinois,17187,Warren,27.05,2018,2022
17,Illinois,17189,Washington,23.975,2018,2022
17,Illinois,17191,Wayne,27.775,2018,2022
17,Illinois,17193,White,27.95,2018,2022
17,Illinois,17195,Whiteside,26.35,2018,2022
17,Illinois,17197,Will,24.95,2018,2022
17,Illinois,17199,Williamson,26.45,2018,2022
17,Illinois,17201,Winnebago,29.275,2018,2022
17,Illinois,17203,Woodford,21.95,2018,2022
18,Indiana,18001,Adams,31.075,2018,2022
18,Indiana,18003,Allen,26.175,2018,2022
18,Indiana,18005,Bartholomew,26.075,2018,2022
18,Indiana,18007,Benton,30.375,2018,2022
18,Indiana,18009,Blackford,31.1,2018,2022
18,Indiana,18011,Boone,21.575,2018,2022
18,Indiana,18013,Brown,25.35,2018,2022
18,Indiana,18015,Carroll,27.725,2018,2022
18,Indiana,18017,Cass,32.65,2018,2022
18,Indiana,18019,Clark,29.05,2018,2022
18,Indiana,18021,Clay,28.95,2018,2022
18,Indiana,18023,Clinton,30.875,2018,2022
18,Indiana,18025,Crawford,32.849999999999994,2018,2022
18,Indiana,18027,Daviess,31.8,2018,2022
18,Indiana,18029,Dearborn,25.75,2018,2022
18,Indiana,18031,Decatur,27.325000000000003,2018,2022
18,Indiana,18033,DeKalb,27.6,2018,2022
18,Indiana,18035,Delaware,28.975,2018,2022
18,Indiana,18037,Dubois,26.275,2018,2022
18,Indiana,18039,Elkhart,29.85,2018,2022
18,Indiana,18041,Fayette,32.225,2018,2022
18,Indiana,18043,Floyd,25.3,2018,2022
18,Indiana,18045,Fountain,28.75,2018,2022
18,Indiana,18047,Franklin,26.725,2018,2022
18,Indiana,18049,Fulton,28.6,2018,2022
18,Indiana,18051,Gibson,27.2,2018,2022
18,Indiana,18053,Grant,30.575000000000003,2018,2022
18,Indiana,18055,Greene,29.95,2018,2022
18,Indiana,18057,Hamilton,18.25,2018,2022
18,Indiana,18059,Hancock,23.775,2018,2022
18,Indiana,18061,Harrison,27.5,2018,2022
18,Indiana,18063,Hendricks,22.125,2018,2022
18,Indiana,18065,Henry,29.2,2018,2022
18,Indiana,18067,Howard,29.425,2018,2022
18,Indiana,18069,Huntington,27.1,2018,2022
18,Indiana,18071,Jackson,30.3,2018,2022
18,Indiana,18073,Jasper,27.45,2018,2022
18,Indiana,18075,Jay,31.15,2018,2022
18,Indiana,18077,Jefferson,28.9,2018,2022
18,Indiana,18079,Jennings,30.075,2018,2022
18,Indiana,18081,Johnson,25.0,2018,2022
18,Indiana,18083,Knox,29.799999999999997,2018,2022
18,Indiana,18085,Kosciusko,27.625,2018,2022
18,Indiana,18087,LaGrange,31.925,2018,2022
18,Indiana,18089,Lake,29.725,2018,2022
18,Indiana,18091,LaPorte,29.900000000000002,2018,2022
18,Indiana,18093,Lawrence,28.7,2018,2022
18,Indiana,18095,Madison,31.5,2018,2022
18,Indiana,18097,Marion,30.1,2018,2022
18,Indiana,18099,Marshall,30.175,2018,2022
18,Indiana,18101,Martin,28.475,2018,2022
18,Indiana,18103,Miami,30.8,2018,2022
18,Indiana,18105,Monroe,23.875,2018,2022
18,Indiana,18107,Montgomery,28.5,2018,2022
18,Indiana,18109,Morgan,27.9,2018,2022
18,Indiana,18111,Newton,29.924999999999997,2018,2022
18,Indiana,18113,Noble,28.6,2018,2022
18,Indiana,18115,Ohio,27.025,2018,2022
18,Indiana,18117,Orange,31.4,2018,2022
18,Indiana,18119,Owen,30.225,2018,2022
18,Indiana,18121,Parke,31.5,2018,2022
18,Indiana,18123,Perry,28.05,2018,2022
18,Indiana,18125,Pike,28.575,2018,2022
18,Indiana,18127,Porter,24.700000000000003,2018,2022
18,Indiana,18129,Posey,25.225,2018,2022
18,Indiana,18131,Pulaski,29.599999999999998,2018,2022
18,Indiana,18133,Putnam,28.55,2018,2022
18,Indiana,18135,Randolph,29.525000000000002,2018,2022
18,Indiana,18137,Ripley,27.925,2018,2022
18,Indiana,18139,Rush,30.5,2018,2022
18,Indiana,18141,St. Joseph,26.925,2018,2022
18,Indiana,18143,Scott,31.825,2018,2022
18,Indiana,18145,Shelby,28.15,2018,2022
18,Indiana,18147,Spencer,27.75,2018,2022
18,Indiana,18149,Starke,31.2,2018,2022
18,Indiana,18151,Steuben,27.225,2018,2022
18,Indiana,18153,Sullivan,30.525000000000002,2018,2022
18,Indiana,18155,Switzerland,32.85,2018,2022
18,Indiana,18157,Tippecanoe,26.65,2018,2022
18,Indiana,18159,Tipton,26.625,2018,2022
18,Indiana,18161,Union,27.75,2018,2022
18,Indiana,18163,Vanderburgh,28.45,2018,2022
18,Indiana,18165,Vermillion,29.275,2018,2022
18,Indiana,18167,Vigo,29.975,2018,2022
18,Indiana,18169,Wabash,28.724999999999998,2018,2022
18,Indiana,18171,Warren,26.625,2018,2022
18,Indiana,18173,Warrick,23.2,2018,2022
18,Indiana,18175,Washington,30.45,2018,2022
18,Indiana,18177,Wayne,30.3,2018,2022
18,Indiana,18179,Wells,27.025,2018,2022
18,Indiana,18181,White,28.5,2018,2022
18,Indiana,18183,Whitley,26.425,2018,2022
19,Iowa,19001,Adair,25.075,2018,2022
19,Iowa,19003,Adams,24.775,2018,2022
19,Iowa,19005,Allamakee,26.75,2018,2022
19,Iowa,19007,Appanoose,28.45,2018,2022
19,Iowa,19009,Audubon,24.975,2018,2022
19,Iowa,19011,Benton,23.275,2018,2022
19,Iowa,19013,Black Hawk,25.325,2018,2022
19,Iowa,19015,Boone,23.15,2018,2022
19,Iowa,19017,Bremer,21.55,2018,2022
19,Iowa,19019,Buchanan,24.25,2018,2022
19,Iowa,19021,Buena Vista,29.8,2018,2022
19,Iowa,19023,Butler,24.325,2018,2022
19,Iowa,19025,Calhoun,25.75,2018,2022
19,Iowa,19027,Carroll,23.85,2018,2022
19,Iowa,19029,Cass,26.575,2018,2022
19,Iowa,19031,Cedar,23.075,2018,2022
19,Iowa,19033,Cerro Gordo,23.7,2018,2022
19,Iowa,19035,Cherokee,24.725,2018,2022
19,Iowa,19037,Chickasaw,24.475,2018,2022
19,Iowa,19039,Clarke,28.75,2018,2022
19,Iowa,19041,Clay,24.75,2018,2022
19,Iowa,19043,Clayton,27.175,2018,2022
19,Iowa,19045,Clinton,26.4,2018,2022
19,Iowa,19047,Crawford,31.5,2018,2022
19,Iowa,19049,Dallas,18.925,2018,2022
19,Iowa,19051,Davis,27.075,2018,2022
19,Iowa,19053,Decatur,26.95,2018,2022
19,Iowa,19055,Delaware,24.45,2018,2022
19,Iowa,19057,Des Moines,26.025,2018,2022
19,Iowa,19059,Dickinson,22.1,2018,2022
19,Iowa,19061,Dubuque,22.025,2018,2022
19,Iowa,19063,Emmet,26.2,2018,2022
19,Iowa,19065,Fayette,26.125,2018,2022
19,Iowa,19067,Floyd,25.5,2018,2022
19,Iowa,19069,Franklin,27.4,2018,2022
19,Iowa,19071,Fremont,24.95,2018,2022
19,Iowa,19073,Greene,25.275,2018,2022
19,Iowa,19075,Grundy,21.525,2018,2022
19,Iowa,19077,Guthrie,25.225,2018,2022
19,Iowa,19079,Hamilton,24.125,2018,2022
19,Iowa,19081,Hancock,24.200000000000003,2018,2022
19,Iowa,19083,Hardin,25.125,2018,2022
19,Iowa,19085,Harrison,25.05,2018,2022
19,Iowa,19087,Henry,25.425,2018,2022
19,Iowa,19089,Howard,24.775,2018,2022
19,Iowa,19091,Humboldt,25.9,2018,2022
19,Iowa,19093,Ida,24.9,2018,2022
19,Iowa,19095,Iowa,23.825,2018,2022
19,Iowa,19097,Jackson,25.200000000000003,2018,2022
19,Iowa,19099,Jasper,24.275000000000002,2018,2022
19,Iowa,19101,Jefferson,24.85,2018,2022
19,Iowa,19103,Johnson,20.825,2018,2022
19,Iowa,19105,Jones,24.9,2018,2022
19,Iowa,19107,Keokuk,26.2,2018,2022
19,Iowa,19109,Kossuth,26.175,2018,2022
19,Iowa,19111,Lee,26.4,2018,2022
19,Iowa,19113,Linn,21.45,2018,2022
19,Iowa,19115,Louisa,27.925,2018,2022
19,Iowa,19117,Lucas,26.2,2018,2022
19,Iowa,19119,Lyon,24.349999999999998,2018,2022
19,Iowa,19121,Madison,23.075,2018,2022
19,Iowa,19123,Mahaska,25.575,2018,2022
19,Iowa,19125,Marion,22.7,2018,2022
19,Iowa,19127,Marshall,28.75,2018,2022
19,Iowa,19129,Mills,22.925,2018,2022
19,Iowa,19131,Mitchell,24.925,2018,2022
19,Iowa,19133,Monona,25.95,2018,2022
19,Iowa,19135,Monroe,25.425,2018,2022
19,Iowa,19137,Montgomery,26.95,2018,2022
19,Iowa,19139,Muscatine,25.9,2018,2022
19,Iowa,19141,O'Brien,26.05,2018,2022
19,Iowa,19143,Osceola,26.075,2018,2022
19,Iowa,19145,Page,26.15,2018,2022
19,Iowa,19147,Palo Alto,23.225,2018,2022
19,Iowa,19149,Plymouth,23.6,2018,2022
19,Iowa,19151,Pocahontas,27.075,2018,2022
19,Iowa,19153,Polk,22.45,2018,2022
19,Iowa,19155,Pottawattamie,26.65,2018,2022
19,Iowa,19157,Poweshiek,24.075,2018,2022
19,Iowa,19159,Ringgold,26.4,2018,2022
19,Iowa,19161,Sac,25.0,2018,2022
19,Iowa,19163,Scott,23.2,2018,2022
19,Iowa,19165,Shelby,24.125,2018,2022
19,Iowa,19167,Sioux,23.1,2018,2022
19,Iowa,19169,Story,20.725,2018,2022
19,Iowa,19171,Tama,27.15,2018,2022
19,Iowa,19173,Taylor,26.4,2018,2022
19,Iowa,19175,Union,25.725,2018,2022
19,Iowa,19177,Van Buren,27.175,2018,2022
19,Iowa,19179,Wapello,27.8,2018,2022
19,Iowa,19181,Warren,20.55,2018,2022
19,Iowa,19183,Washington,25.125,2018,2022
19,Iowa,19185,Wayne,28.65,2018,2022
19,Iowa,19187,Webster,26.65,2018,2022
19,Iowa,19189,Winnebago,23.95,2018,2022
19,Iowa,19191,Winneshiek,22.1,2018,2022
19,Iowa,19193,Woodbury,28.525,2018,2022
19,Iowa,19195,Worth,24.6,2018,2022
19,Iowa,19197,Wright,27.325,2018,2022
20,Kansas,20001,Allen,28.35,2018,2022
20,Kansas,20003,Anderson,27.125,2018,2022
20,Kansas,20005,Atchison,26.9,2018,2022
20,Kansas,20007,Barber,27.825,2018,2022
20,Kansas,20009,Barton,27.975,2018,2022
20,Kansas,20011,Bourbon,27.3,2018,2022
20,Kansas,20013,Brown,27.4,2018,2022
20,Kansas,20015,Butler,24.275,2018,2022
20,Kansas,20017,Chase,25.525,2018,2022
20,Kansas,20019,Chautauqua,29.85,2018,2022
20,Kansas,20021,Cherokee,27.2,2018,2022
20,Kansas,20023,Cheyenne,26.4,2018,2022
20,Kansas,20025,Clark,24.975,2018,2022
20,Kansas,20027,Clay,24.05,2018,2022
20,Kansas,20029,Cloud,27.025,2018,2022
20,Kansas,20031,Coffey,24.85,2018,2022
20,Kansas,20033,Comanche,24.45,2018,2022
20,Kansas,20035,Cowley,29.1,2018,2022
20,Kansas,20037,Crawford,27.35,2018,2022
20,Kansas,20039,Decatur,26.475,2018,2022
20,Kansas,20041,Dickinson,25.475,2018,2022
20,Kansas,20043,Doniphan,26.85,2018,2022
20,Kansas,20045,Douglas,20.7,2018,2022
20,Kansas,20047,Edwards,28.0,2018,2022
20,Kansas,20049,Elk,29.825000000000003,2018,2022
20,Kansas,20051,Ellis,23.325,2018,2022
20,Kansas,20053,Ellsworth,25.5,2018,2022
20,Kansas,20055,Finney,32.525,2018,2022
20,Kansas,20057,Ford,33.8,2018,2022
20,Kansas,20059,Franklin,25.4,2018,2022
20,Kansas,20061,Geary,26.700000000000003,2018,2022
20,Kansas,20063,Gove,24.975,2018,2022
20,Kansas,20065,Graham,26.725,2018,2022
20,Kansas,20067,Grant,30.125,2018,2022
20,Kansas,20069,Gray,26.125,2018,2022
20,Kansas,20071,Greeley,26.15,2018,2022
20,Kansas,20073,Greenwood,26.775,2018,2022
20,Kansas,20075,Hamilton,30.35,2018,2022
20,Kansas,20077,Harper,28.549999999999997,2018,2022
20,Kansas,20079,Harvey,25.05,2018,2022
20,Kansas,20081,Haskell,31.175,2018,2022
20,Kansas,20083,Hodgeman,23.425,2018,2022
20,Kansas,20085,Jackson,26.4,2018,2022
20,Kansas,20087,Jefferson,23.7,2018,2022
20,Kansas,20089,Jewell,27.575,2018,2022
20,Kansas,20091,Johnson,16.55,2018,2022
20,Kansas,20093,Kearny,31.950000000000003,2018,2022
20,Kansas,20095,Kingman,24.175,2018,2022
20,Kansas,20097,Kiowa,25.0,2018,2022
20,Kansas,20099,Labette,28.275,2018,2022
20,Kansas,20101,Lane,25.8,2018,2022
20,Kansas,20103,Leavenworth,24.049999999999997,2018,2022
20,Kansas,20105,Lincoln,24.775,2018,2022
20,Kansas,20107,Linn,27.475,2018,2022
20,Kansas,20109,Logan,25.975,2018,2022
20,Kansas,20111,Lyon,28.325,2018,2022
20,Kansas,20113,McPherson,23.675,2018,2022
20,Kansas,20115,Marion,24.375,2018,2022
20,Kansas,20117,Marshall,26.05,2018,2022
20,Kansas,20119,Meade,28.175,2018,2022
20,Kansas,20121,Miami,23.6,2018,2022
20,Kansas,20123,Mitchell,24.8,2018,2022
20,Kansas,20125,Montgomery,28.675,2018,2022
20,Kansas,20127,Morris,24.8,2018,2022
20,Kansas,20129,Morton,28.9,2018,2022
20,Kansas,20131,Nemaha,23.799999999999997,2018,2022
20,Kansas,20133,Neosho,27.375,2018,2022
20,Kansas,20135,Ness,25.475,2018,2022
20,Kansas,20137,Norton,26.0,2018,2022
20,Kansas,20139,Osage,26.9,2018,2022
20,Kansas,20141,Osborne,26.25,2018,2022
20,Kansas,20143,Ottawa,25.6,2018,2022
20,Kansas,20145,Pawnee,26.7,2018,2022
20,Kansas,20147,Phillips,25.625,2018,2022
20,Kansas,20149,Pottawatomie,22.2,2018,2022
20,Kansas,20151,Pratt,25.575,2018,2022
20,Kansas,20153,Rawlins,25.85,2018,2022
20,Kansas,20155,Reno,27.15,2018,2022
20,Kansas,20157,Republic,24.325,2018,2022
20,Kansas,20159,Rice,26.25,2018,2022
20,Kansas,20161,Riley,22.7,2018,2022
20,Kansas,20163,Rooks,24.575,2018,2022
20,Kansas,20165,Rush,25.525,2018,2022
20,Kansas,20167,Russell,26.25,2018,2022
20,Kansas,20169,Saline,26.575,2018,2022
20,Kansas,20171,Scott,27.125,2018,2022
20,Kansas,20173,Sedgwick,24.75,2018,2022
20,Kansas,20175,Seward,35.75,2018,2022
20,Kansas,20177,Shawnee,24.4,2018,2022
20,Kansas,20179,Sheridan,24.575000000000003,2018,2022
20,Kansas,20181,Sherman,25.075,2018,2022
20,Kansas,20183,Smith,25.125,2018,2022
20,Kansas,20185,Stafford,27.025,2018,2022
20,Kansas,20187,Stanton,30.700000000000003,2018,2022
20,Kansas,20189,Stevens,31.625,2018,2022
20,Kansas,20191,Sumner,25.575,2018,2022
20,Kansas,20193,Thomas,24.75,2018,2022
20,Kansas,20195,Trego,24.125,2018,2022
20,Kansas,20197,Wabaunsee,23.55,2018,2022
20,Kansas,20199,Wallace,24.1,2018,2022
20,Kansas,20201,Washington,26.125,2018,2022
20,Kansas,20203,Wichita,26.625,2018,2022
20,Kansas,20205,Wilson,27.525,2018,2022
20,Kansas,20207,Woodson,28.05,2018,2022
20,Kansas,20209,Wyandotte,35.1,2018,2022
21,Kentucky,21001,Adair,35.075,2018,2022
21,Kentucky,21003,Allen,33.7,2018,2022
21,Kentucky,21005,Anderson,29.775,2018,2022
21,Kentucky,21007,Ballard,31.974999999999998,2018,2022
21,Kentucky,21009,Barren,35.475,2018,2022
21,Kentucky,21011,Bath,35.625,2018,2022
21,Kentucky,21013,Bell,40.675,2018,2022
21,Kentucky,21015,Boone,24.825,2018,2022
21,Kentucky,21017,Bourbon,32.575,2018,2022
21,Kentucky,21019,Boyd,32.525,2018,2022
21,Kentucky,21021,Boyle,31.15,2018,2022
21,Kentucky,21023,Bracken,33.775,2018,2022
21,Kentucky,21025,Breathitt,38.7,2018,2022
21,Kentucky,21027,Breckinridge,33.725,2018,2022
21,Kentucky,21029,Bullitt,30.25,2018,2022
21,Kentucky,21031,Butler,34.175,2018,2022
21,Kentucky,21033,Caldwell,32.15,2018,2022
21,Kentucky,21035,Calloway,30.325,2018,2022
21,Kentucky,21037,Campbell,26.275,2018,2022
21,Kentucky,21039,Carlisle,35.225,2018,2022
21,Kentucky,21041,Carroll,36.25,2018,2022
21,Kentucky,21043,Carter,37.125,2018,2022
21,Kentucky,21045,Casey,38.925,2018,2022
21,Kentucky,21047,Christian,33.6,2018,2022
21,Kentucky,21049,Clark,30.575,2018,2022
21,Kentucky,21051,Clay,41.825,2018,2022
21,Kentucky,21053,Clinton,39.0,2018,2022
21,Kentucky,21055,Crittenden,33.4,2018,2022
21,Kentucky,21057,Cumberland,35.875,2018,2022
21,Kentucky,21059,Daviess,30.6,2018,2022
21,Kentucky,21061,Edmonson,35.35,2018,2022
21,Kentucky,21063,Elliott,38.2,2018,2022
21,Kentucky,21065,Estill,38.225,2018,2022
21,Kentucky,21067,Fayette,28.075000000000003,2018,2022
21,Kentucky,21069,Fleming,34.35,2018,2022
21,Kentucky,21071,Floyd,38.15,2018,2022
21,Kentucky,21073,Franklin,28.225,2018,2022
21,Kentucky,21075,Fulton,38.2,2018,2022
21,Kentucky,21077,Gallatin,33.975,2018,2022
21,Kentucky,21079,Garrard,31.924999999999997,2018,2022
21,Kentucky,21081,Grant,32.825,2018,2022
21,Kentucky,21083,Graves,33.025,2018,2022
21,Kentucky,21085,Grayson,36.65,2018,2022
21,Kentucky,21087,Green,35.625,2018,2022
21,Kentucky,21089,Greenup,31.75,2018,2022
21,Kentucky,21091,Hancock,31.25,2018,2022
21,Kentucky,21093,Hardin,29.625,2018,2022
21,Kentucky,21095,Harlan,40.925,2018,2022
21,Kentucky,21097,Harrison,32.3,2018,2022
21,Kentucky,21099,Hart,36.675,2018,2022
21,Kentucky,21101,Henderson,31.65,2018,2022
21,Kentucky,21103,Henry,33.175,2018,2022
21,Kentucky,21105,Hickman,35.6,2018,2022
21,Kentucky,21107,Hopkins,34.425,2018,2022
21,Kentucky,21109,Jackson,38.575,2018,2022
21,Kentucky,21111,Jefferson,28.825,2018,2022
21,Kentucky,21113,Jessamine,29.725,2018,2022
21,Kentucky,21115,Johnson,35.325,2018,2022
21,Kentucky,21117,Kenton,27.65,2018,2022
21,Kentucky,21119,Knott,39.25,2018,2022
21,Kentucky,21121,Knox,39.825,2018,2022
21,Kentucky,21123,Larue,33.4,2018,2022
21,Kentucky,21125,Laurel,34.775,2018,2022
21,Kentucky,21127,Lawrence,37.55,2018,2022
21,Kentucky,21129,Lee,42.400000000000006,2018,2022
21,Kentucky,21131,Leslie,39.05,2018,2022
21,Kentucky,21133,Letcher,38.45,2018,2022
21,Kentucky,21135,Lewis,38.525,2018,2022
21,Kentucky,21137,Lincoln,35.85,2018,2022
21,Kentucky,21139,Livingston,32.05,2018,2022
21,Kentucky,21141,Logan,33.45,2018,2022
21,Kentucky,21143,Lyon,31.35,2018,2022
21,Kentucky,21145,McCracken,30.525,2018,2022
21,Kentucky,21147,McCreary,41.65,2018,2022
21,Kentucky,21149,McLean,31.05,2018,2022
21,Kentucky,21151,Madison,29.2,2018,2022
21,Kentucky,21153,Magoffin,39.575,2018,2022
21,Kentucky,21155,Marion,35.275,2018,2022
21,Kentucky,21157,Marshall,29.15,2018,2022
21,Kentucky,21159,Martin,36.925,2018,2022
21,Kentucky,21161,Mason,31.8,2018,2022
21,Kentucky,21163,Meade,29.7,2018,2022
21,Kentucky,21165,Menifee,36.625,2018,2022
21,Kentucky,21167,Mercer,31.299999999999997,2018,2022
21,Kentucky,21169,Metcalfe,36.075,2018,2022
21,Kentucky,21171,Monroe,36.05,2018,2022
21,Kentucky,21173,Montgomery,33.9,2018,2022
21,Kentucky,21175,Morgan,36.5,2018,2022
21,Kentucky,21177,Muhlenberg,34.825,2018,2022
21,Kentucky,21179,Nelson,29.5,2018,2022
21,Kentucky,21181,Nicholas,36.9,2018,2022
21,Kentucky,21183,Ohio,33.8,2018,2022
21,Kentucky,21185,Oldham,23.0,2018,2022
21,Kentucky,21187,Owen,33.375,2018,2022
21,Kentucky,21189,Owsley,38.45,2018,2022
21,Kentucky,21191,Pendleton,32.35,2018,2022
21,Kentucky,21193,Perry,35.725,2018,2022
21,Kentucky,21195,Pike,36.425,2018,2022
21,Kentucky,21197,Powell,34.55,2018,2022
21,Kentucky,21199,Pulaski,34.8,2018,2022
21,Kentucky,21201,Robertson,34.0,2018,2022
21,Kentucky,21203,Rockcastle,35.45,2018,2022
21,Kentucky,21205,Rowan,33.625,2018,2022
21,Kentucky,21207,Russell,34.875,2018,2022
21,Kentucky,21209,Scott,27.625,2018,2022
21,Kentucky,21211,Shelby,29.4,2018,2022
21,Kentucky,21213,Simpson,32.1,2018,2022
21,Kentucky,21215,Spencer,27.4,2018,2022
21,Kentucky,21217,Taylor,33.175000000000004,2018,2022
21,Kentucky,21219,Todd,34.825,2018,2022
21,Kentucky,21221,Trigg,30.724999999999998,2018,2022
21,Kentucky,21223,Trimble,33.075,2018,2022
21,Kentucky,21225,Union,34.0,2018,2022
21,Kentucky,21227,Warren,29.725,2018,2022
21,Kentucky,21229,Washington,31.7,2018,2022
21,Kentucky,21231,Wayne,37.724999999999994,2018,2022
21,Kentucky,21233,Webster,36.075,2018,2022
21,Kentucky,21235,Whitley,34.525000000000006,2018,2022
21,Kentucky,21237,Wolfe,42.325,2018,2022
21,Kentucky,21239,Woodford,26.525,2018,2022
22,Louisiana,22001,Acadia,34.025,2018,2022
22,Louisiana,22003,Allen,32.925,2018,2022
22,Louisiana,22005,Ascension,26.425,2018,2022
22,Louisiana,22007,Assumption,35.375,2018,2022
22,Louisiana,22009,Avoyelles,36.225,2018,2022
22,Louisiana,22011,Beauregard,29.7,2018,2022
22,Louisiana,22013,Bienville,37.775,2018,2022
22,Louisiana,22015,Bossier,28.55,2018,2022
22,Louisiana,22017,Caddo,32.5,2018,2022
22,Louisiana,22019,Calcasieu,30.1,2018,2022
22,Louisiana,22021,Caldwell,34.85,2018,2022
22,Louisiana,22023,Cameron,29.3,2018,2022
22,Louisiana,22025,Catahoula,34.725,2018,2022
22,Louisiana,22027,Claiborne,39.35,2018,2022
22,Louisiana,22029,Concordia,38.45,2018,2022
22,Louisiana,22031,De Soto,33.75,2018,2022
22,Louisiana,22033,East Baton Rouge,28.025,2018,2022
22,Louisiana,22035,East Carroll,46.725,2018,2022
22,Louisiana,22037,East Feliciana,32.025,2018,2022
22,Louisiana,22039,Evangeline,37.875,2018,2022
22,Louisiana,22041,Franklin,37.025000000000006,2018,2022
22,Louisiana,22043,Grant,32.3,2018,2022
22,Louisiana,22045,Iberia,34.575,2018,2022
22,Louisiana,22047,Iberville,33.8,2018,2022
22,Louisiana,22049,Jackson,34.15,2018,2022
22,Louisiana,22051,Jefferson,29.05,2018,2022
22,Louisiana,22053,Jefferson Davis,31.725,2018,2022
22,Louisiana,22055,Lafayette,27.175,2018,2022
22,Louisiana,22057,Lafourche,32.3,2018,2022
22,Louisiana,22059,La Salle,32.375,2018,2022
22,Louisiana,22061,Lincoln,31.275,2018,2022
22,Louisiana,22063,Livingston,28.3,2018,2022
22,Louisiana,22065,Madison,41.0,2018,2022
22,Louisiana,22067,Morehouse,37.05,2018,2022
22,Louisiana,22069,Natchitoches,34.55,2018,2022
22,Louisiana,22071,Orleans,27.125,2018,2022
22,Louisiana,22073,Ouachita,32.15,2018,2022
22,Louisiana,22075,Plaquemines,30.225,2018,2022
22,Louisiana,22077,Pointe Coupee,33.1,2018,2022
22,Louisiana,22079,Rapides,32.2,2018,2022
22,Louisiana,22081,Red River,35.65,2018,2022
22,Louisiana,22083,Richland,36.05,2018,2022
22,Louisiana,22085,Sabine,33.2,2018,2022
22,Louisiana,22087,St. Bernard,33.4,2018,2022
22,Louisiana,22089,St. Charles,27.3,2018,2022
22,Louisiana,22091,St. Helena,35.825,2018,2022
22,Louisiana,22093,St. James,31.95,2018,2022
22,Louisiana,22095,St. John the Baptist,32.6,2018,2022
22,Louisiana,22097,St. Landry,36.25,2018,2022
22,Louisiana,22099,St. Martin,32.0,2018,2022
22,Louisiana,22101,St. Mary,35.05,2018,2022
22,Louisiana,22103,St. Tammany,23.475,2018,2022
22,Louisiana,22105,Tangipahoa,33.55,2018,2022
22,Louisiana,22107,Tensas,41.4,2018,2022
22,Louisiana,22109,Terrebonne,33.125,2018,2022
22,Louisiana,22111,Union,32.8,2018,2022
22,Louisiana,22113,Vermilion,31.974999999999998,2018,2022
22,Louisiana,22115,Vernon,30.4,2018,2022
22,Louisiana,22117,Washington,36.65,2018,2022
22,Louisiana,22119,Webster,36.474999999999994,2018,2022
22,Louisiana,22121,West Baton Rouge,29.4,2018,2022
22,Louisiana,22123,West Carroll,34.45,2018,2022
22,Louisiana,22125,West Feliciana,28.725,2018,2022
22,Louisiana,22127,Winn,33.75,2018,2022
23,Maine,23001,Androscoggin,27.7,2018,2022
23,Maine,23003,Aroostook,31.5,2018,2022
23,Maine,23005,Cumberland,19.0,2018,2022
23,Maine,23007,Franklin,25.225,2018,2022
23,Maine,23009,Hancock,22.225,2018,2022
23,Maine,23011,Kennebec,25.225,2018,2022
23,Maine,23013,Knox,21.975,2018,2022
23,Maine,23015,Lincoln,22.825,2018,2022
23,Maine,23017,Oxford,25.8,2018,2022
23,Maine,23019,Penobscot,26.85,2018,2022
23,Maine,23021,Piscataquis,28.75,2018,2022
23,Maine,23023,Sagadahoc,21.7,2018,2022
23,Maine,23025,Somerset,29.675,2018,2022
23,Maine,23027,Waldo,23.475,2018,2022
23,Maine,23029,Washington,29.175,2018,2022
23,Maine,23031,York,22.525000000000002,2018,2022
24,Maryland,24001,Allegany,28.0,2018,2022
24,Maryland,24003,Anne Arundel,20.775,2018,2022
24,Maryland,24005,Baltimore,23.4,2018,2022
24,Maryland,24009,Calvert,20.200000000000003,2018,2022
24,Maryland,24011,Caroline,27.875,2018,2022
24,Maryland,24013,Carroll,19.75,2018,2022
24,Maryland,24015,Cecil,25.85,2018,2022
24,Maryland,24017,Charles,23.75,2018,2022
24,Maryland,24019,Dorchester,28.25,2018,2022
24,Maryland,24021,Frederick,20.225,2018,2022
24,Maryland,24023,Garrett,25.05,2018,2022
24,Maryland,24025,Harford,22.075,2018,2022
24,Maryland,24027,Howard,17.175,2018,2022
24,Maryland,24029,Kent,23.225,2018,2022
24,Maryland,24031,Montgomery,17.675,2018,2022
24,Maryland,24033,Prince George's,25.025,2018,2022
24,Maryland,24035,Queen Anne's,20.325,2018,2022
24,Maryland,24037,St. Mary's,22.65,2018,2022
24,Maryland,24039,Somerset,31.474999999999998,2018,2022
24,Maryland,24041,Talbot,20.9,2018,2022
24,Maryland,24043,Washington,27.099999999999998,2018,2022
24,Maryland,24045,Wicomico,27.05,2018,2022
24,Maryland,24047,Worcester,23.15,2018,2022
24,Maryland,24510,Baltimore City,27.25,2018,2022
25,Massachusetts,25001,Barnstable,19.0,2018,2022
25,Massachusetts,25003,Berkshire,22.700000000000003,2018,2022
25,Massachusetts,25005,Bristol,26.200000000000003,2018,2022
25,Massachusetts,25007,Dukes,19.775,2018,2022
25,Massachusetts,25009,Essex,24.075,2018,2022
25,Massachusetts,25011,Franklin,21.85,2018,2022
25,Massachusetts,25013,Hampden,27.8,2018,2022
25,Massachusetts,25015,Hampshire,20.675,2018,2022
25,Massachusetts,25017,Middlesex,18.725,2018,2022
25,Massachusetts,25019,Nantucket,19.675,2018,2022
25,Massachusetts,25021,Norfolk,20.075,2018,2022
25,Massachusetts,25023,Plymouth,21.35,2018,2022
25,Massachusetts,25025,Suffolk,25.125,2018,2022
25,Massachusetts,25027,Worcester,23.45,2018,2022
26,Michigan,26001,Alcona,24.65,2018,2022
26,Michigan,26003,Alger,24.675,2018,2022
26,Michigan,26005,Allegan,23.925,2018,2022
26,Michigan,26007,Alpena,24.35,2018,2022
26,Michigan,26009,Antrim,21.875,2018,2022
26,Michigan,26011,Arenac,25.55,2018,2022
26,Michigan,26013,Baraga,25.925,2018,2022
26,Michigan,26015,Barry,22.0,2018,2022
26,Michigan,26017,Bay,24.175,2018,2022
26,Michigan,26019,Benzie,21.55,2018,2022
26,Michigan,26021,Berrien,23.475,2018,2022
26,Michigan,26023,Branch,26.0,2018,2022
26,Michigan,26025,Calhoun,26.05,2018,2022
26,Michigan,26027,Cass,23.35,2018,2022
26,Michigan,26029,Charlevoix,20.8,2018,2022
26,Michigan,26031,Cheboygan,24.05,2018,2022
26,Michigan,26033,Chippewa,25.45,2018,2022
26,Michigan,26035,Clare,27.275,2018,2022
26,Michigan,26037,Clinton,20.125,2018,2022
26,Michigan,26039,Crawford,23.9,2018,2022
26,Michigan,26041,Delta,23.625,2018,2022
26,Michigan,26043,Dickinson,21.675,2018,2022
26,Michigan,26045,Eaton,21.2,2018,2022
26,Michigan,26047,Emmet,19.625,2018,2022
26,Michigan,26049,Genesee,26.7,2018,2022
26,Michigan,26051,Gladwin,26.225,2018,2022
26,Michigan,26053,Gogebic,24.525,2018,2022
26,Michigan,26055,Grand Traverse,18.65,2018,2022
26,Michigan,26057,Gratiot,25.5,2018,2022
26,Michigan,26059,Hillsdale,25.175,2018,2022
26,Michigan,26061,Houghton,23.325,2018,2022
26,Michigan,26063,Huron,24.5,2018,2022
26,Michigan,26065,Ingham,22.575,2018,2022
26,Michigan,26067,Ionia,24.8,2018,2022
26,Michigan,26069,Iosco,26.025,2018,2022
26,Michigan,26071,Iron,25.225,2018,2022
26,Michigan,26073,Isabella,25.625,2018,2022
26,Michigan,26075,Jackson,23.4,2018,2022
26,Michigan,26077,Kalamazoo,21.05,2018,2022
26,Michigan,26079,Kalkaska,25.95,2018,2022
26,Michigan,26081,Kent,20.175,2018,2022
26,Michigan,26083,Keweenaw,19.85,2018,2022
26,Michigan,26085,Lake,29.75,2018,2022
26,Michigan,26087,Lapeer,23.975,2018,2022
26,Michigan,26089,Leelanau,17.925,2018,2022
26,Michigan,26091,Lenawee,24.174999999999997,2018,2022
26,Michigan,26093,Livingston,17.7,2018,2022
26,Michigan,26095,Luce,25.65,2018,2022
26,Michigan,26097,Mackinac,25.025,2018,2022
26,Michigan,26099,Macomb,23.7,2018,2022
26,Michigan,26101,Manistee,23.275,2018,2022
26,Michigan,26103,Marquette,20.95,2018,2022
26,Michigan,26105,Mason,23.875,2018,2022
26,Michigan,26107,Mecosta,24.45,2018,2022
26,Michigan,26109,Menominee,23.950000000000003,2018,2022
26,Michigan,26111,Midland,20.125,2018,2022
26,Michigan,26113,Missaukee,25.45,2018,2022
26,Michigan,26115,Monroe,23.85,2018,2022
26,Michigan,26117,Montcalm,25.525,2018,2022
26,Michigan,26119,Montmorency,25.8,2018,2022
26,Michigan,26121,Muskegon,25.75,2018,2022
26,Michigan,26123,Newaygo,26.1,2018,2022
26,Michigan,26125,Oakland,18.85,2018,2022
26,Michigan,26127,Oceana,25.975,2018,2022
26,Michigan,26129,Ogemaw,27.225,2018,2022
26,Michigan,26131,Ontonagon,24.7,2018,2022
26,Michigan,26133,Osceola,26.225,2018,2022
26,Michigan,26135,Oscoda,26.5,2018,2022
26,Michigan,26137,Otsego,22.75,2018,2022
26,Michigan,26139,Ottawa,19.4,2018,2022
26,Michigan,26141,Presque Isle,24.325,2018,2022
26,Michigan,26143,Roscommon,25.975,2018,2022
26,Michigan,26145,Saginaw,25.35,2018,2022
26,Michigan,26147,St. Clair,23.275,2018,2022
26,Michigan,26149,St. Joseph,25.6,2018,2022
26,Michigan,26151,Sanilac,26.125,2018,2022
26,Michigan,26153,Schoolcraft,25.625,2018,2022
26,Michigan,26155,Shiawassee,24.025,2018,2022
26,Michigan,26157,Tuscola,24.775,2018,2022
26,Michigan,26159,Van Buren,25.25,2018,2022
26,Michigan,26161,Washtenaw,17.7,2018,2022
26,Michigan,26163,Wayne,27.375,2018,2022
26,Michigan,26165,Wexford,24.625,2018,2022
27,Minnesota,27001,Aitkin,23.475,2018,2022
27,Minnesota,27003,Anoka,20.225,2018,2022
27,Minnesota,27005,Becker,22.45,2018,2022
27,Minnesota,27007,Beltrami,23.425,2018,2022
27,Minnesota,27009,Benton,21.85,2018,2022
27,Minnesota,27011,Big Stone,23.5,2018,2022
27,Minnesota,27013,Blue Earth,21.925,2018,2022
27,Minnesota,27015,Brown,21.875,2018,2022
27,Minnesota,27017,Carlton,21.725,2018,2022
27,Minnesota,27019,Carver,16.625,2018,2022
27,Minnesota,27021,Cass,23.375,2018,2022
27,Minnesota,27023,Chippewa,23.5,2018,2022
27,Minnesota,27025,Chisago,20.525,2018,2022
27,Minnesota,27027,Clay,20.65,2018,2022
27,Minnesota,27029,Clearwater,25.425,2018,2022
27,Minnesota,27031,Cook,19.375,2018,2022
27,Minnesota,27033,Cottonwood,24.425,2018,2022
27,Minnesota,27035,Crow Wing,21.475,2018,2022
27,Minnesota,27037,Dakota,18.15,2018,2022
27,Minnesota,27039,Dodge,19.875,2018,2022
27,Minnesota,27041,Douglas,20.975,2018,2022
27,Minnesota,27043,Faribault,24.275,2018,2022
27,Minnesota,27045,Fillmore,21.95,2018,2022
27,Minnesota,27047,Freeborn,25.05,2018,2022
27,Minnesota,27049,Goodhue,21.05,2018,2022
27,Minnesota,27051,Grant,22.825,2018,2022
27,Minnesota,27053,Hennepin,16.975,2018,2022
27,Minnesota,27055,Houston,20.1,2018,2022
27,Minnesota,27057,Hubbard,21.45,2018,2022
27,Minnesota,27059,Isanti,21.4,2018,2022
27,Minnesota,27061,Itasca,21.825,2018,2022
27,Minnesota,27063,Jackson,22.0,2018,2022
27,Minnesota,27065,Kanabec,23.75,2018,2022
27,Minnesota,27067,Kandiyohi,22.45,2018,2022
27,Minnesota,27069,Kittson,21.475,2018,2022
27,Minnesota,27071,Koochiching,23.549999999999997,2018,2022
27,Minnesota,27073,Lac qui Parle,22.075000000000003,2018,2022
27,Minnesota,27075,Lake,20.2,2018,2022
27,Minnesota,27077,Lake of the Woods,22.125,2018,2022
27,Minnesota,27079,Le Sueur,20.9,2018,2022
27,Minnesota,27081,Lincoln,22.825,2018,2022
27,Minnesota,27083,Lyon,23.4,2018,2022
27,Minnesota,27085,McLeod,22.8,2018,2022
27,Minnesota,27087,Mahnomen,30.3,2018,2022
27,Minnesota,27089,Marshall,22.775,2018,2022
27,Minnesota,27091,Martin,23.225,2018,2022
27,Minnesota,27093,Meeker,21.7,2018,2022
27,Minnesota,27095,Mille Lacs,23.675,2018,2022
27,Minnesota,27097,Morrison,23.6,2018,2022
27,Minnesota,27099,Mower,25.4,2018,2022
27,Minnesota,27101,Murray,22.325000000000003,2018,2022
27,Minnesota,27103,Nicollet,19.85,2018,2022
27,Minnesota,27105,Nobles,29.075,2018,2022
27,Minnesota,27107,Norman,22.9,2018,2022
27,Minnesota,27109,Olmsted,18.025,2018,2022
27,Minnesota,27111,Otter Tail,21.825,2018,2022
27,Minnesota,27113,Pennington,22.35,2018,2022
27,Minnesota,27115,Pine,24.75,2018,2022
27,Minnesota,27117,Pipestone,24.225,2018,2022
27,Minnesota,27119,Polk,22.700000000000003,2018,2022
27,Minnesota,27121,Pope,20.95,2018,2022
27,Minnesota,27123,Ramsey,20.1,2018,2022
27,Minnesota,27125,Red Lake,22.75,2018,2022
27,Minnesota,27127,Redwood,23.65,2018,2022
27,Minnesota,27129,Renville,23.65,2018,2022
27,Minnesota,27131,Rice,21.325,2018,2022
27,Minnesota,27133,Rock,21.425,2018,2022
27,Minnesota,27135,Roseau,22.2,2018,2022
27,Minnesota,27137,St. Louis,20.875,2018,2022
27,Minnesota,27139,Scott,18.15,2018,2022
27,Minnesota,27141,Sherburne,20.125,2018,2022
27,Minnesota,27143,Sibley,22.675,2018,2022
27,Minnesota,27145,Stearns,22.275,2018,2022
27,Minnesota,27147,Steele,21.675,2018,2022
27,Minnesota,27149,Stevens,21.8,2018,2022
27,Minnesota,27151,Swift,23.975,2018,2022
27,Minnesota,27153,Todd,25.125,2018,2022
27,Minnesota,27155,Traverse,22.625,2018,2022
27,Minnesota,27157,Wabasha,21.25,2018,2022
27,Minnesota,27159,Wadena,24.3,2018,2022
27,Minnesota,27161,Waseca,22.825,2018,2022
27,Minnesota,27163,Washington,16.675,2018,2022
27,Minnesota,27165,Watonwan,26.65,2018,2022
27,Minnesota,27167,Wilkin,21.575,2018,2022
27,Minnesota,27169,Winona,21.2,2018,2022
27,Minnesota,27171,Wright,18.6,2018,2022
27,Minnesota,27173,Yellow Medicine,23.4,2018,2022
28,Mississippi,28001,Adams,38.95,2018,2022
28,Mississippi,28003,Alcorn,32.825,2018,2022
28,Mississippi,28005,Amite,36.575,2018,2022
28,Mississippi,28007,Attala,36.1,2018,2022
28,Mississippi,28009,Benton,35.15,2018,2022
28,Mississippi,28011,Bolivar,38.3,2018,2022
28,Mississippi,28013,Calhoun,35.8,2018,2022
28,Mississippi,28015,Carroll,33.125,2018,2022
28,Mississippi,28017,Chickasaw,37.625,2018,2022
28,Mississippi,28019,Choctaw,33.15,2018,2022
28,Mississippi,28021,Claiborne,42.05,2018,2022
28,Mississippi,28023,Clarke,32.7,2018,2022
28,Mississippi,28025,Clay,36.275,2018,2022
28,Mississippi,28027,Coahoma,41.25,2018,2022
28,Mississippi,28029,Copiah,35.2,2018,2022
28,Mississippi,28031,Covington,34.95,2018,2022
28,Mississippi,28033,DeSoto,27.65,2018,2022
28,Mississippi,28035,Forrest,31.725,2018,2022
28,Mississippi,28037,Franklin,34.65,2018,2022
28,Mississippi,28039,George,32.05,2018,2022
28,Mississippi,28041,Greene,32.05,2018,2022
28,Mississippi,28043,Grenada,33.075,2018,2022
28,Mississippi,28045,Hancock,28.2,2018,2022
28,Mississippi,28047,Harrison,30.825000000000003,2018,2022
28,Mississippi,28049,Hinds,33.2,2018,2022
28,Mississippi,28051,Holmes,44.125,2018,2022
28,Mississippi,28053,Humphreys,44.45,2018,2022
28,Mississippi,28055,Issaquena,42.55,2018,2022
28,Mississippi,28057,Itawamba,30.950000000000003,2018,2022
28,Mississippi,28059,Jackson,29.4,2018,2022
28,Mississippi,28061,Jasper,34.725,2018,2022
28,Mississippi,28063,Jefferson,41.675,2018,2022
28,Mississippi,28065,Jefferson Davis,37.475,2018,2022
28,Mississippi,28067,Jones,33.15,2018,2022
28,Mississippi,28069,Kemper,37.35,2018,2022
28,Mississippi,28071,Lafayette,27.1,2018,2022
28,Mississippi,28073,Lamar,28.2,2018,2022
28,Mississippi,28075,Lauderdale,33.175,2018,2022
28,Mississippi,28077,Lawrence,34.849999999999994,2018,2022
28,Mississippi,28079,Leake,36.825,2018,2022
28,Mississippi,28081,Lee,30.425,2018,2022
28,Mississippi,28083,Leflore,41.35,2018,2022
28,Mississippi,28085,Lincoln,33.375,2018,2022
28,Mississippi,28087,Lowndes,31.425,2018,2022
28,Mississippi,28089,Madison,23.45,2018,2022
28,Mississippi,28091,Marion,36.175,2018,2022
28,Mississippi,28093,Marshall,35.35,2018,2022
28,Mississippi,28095,Monroe,34.099999999999994,2018,2022
28,Mississippi,28097,Montgomery,36.25,2018,2022
28,Mississippi,28099,Neshoba,36.1,2018,2022
28,Mississippi,28101,Newton,33.975,2018,2022
28,Mississippi,28103,Noxubee,40.075,2018,2022
28,Mississippi,28105,Oktibbeha,29.925,2018,2022
28,Mississippi,28107,Panola,35.625,2018,2022
28,Mississippi,28109,Pearl River,30.575,2018,2022
28,Mississippi,28111,Perry,34.9,2018,2022
28,Mississippi,28113,Pike,37.474999999999994,2018,2022
28,Mississippi,28115,Pontotoc,32.05,2018,2022
28,Mississippi,28117,Prentiss,34.3,2018,2022
28,Mississippi,28119,Quitman,43.35,2018,2022
28,Mississippi,28121,Rankin,27.875,2018,2022
28,Mississippi,28123,Scott,38.35,2018,2022
28,Mississippi,28125,Sharkey,40.625,2018,2022
28,Mississippi,28127,Simpson,33.95,2018,2022
28,Mississippi,28129,Smith,34.0,2018,2022
28,Mississippi,28131,Stone,32.45,2018,2022
28,Mississippi,28133,Sunflower,38.775,2018,2022
28,Mississippi,28135,Tallahatchie,39.8,2018,2022
28,Mississippi,28137,Tate,32.475,2018,2022
28,Mississippi,28139,Tippah,35.525,2018,2022
28,Mississippi,28141,Tishomingo,34.1,2018,2022
28,Mississippi,28143,Tunica,39.075,2018,2022
28,Mississippi,28145,Union,32.775,2018,2022
28,Mississippi,28147,Walthall,36.65,2018,2022
28,Mississippi,28149,Warren,32.95,2018,2022
28,Mississippi,28151,Washington,39.625,2018,2022
28,Mississippi,28153,Wayne,35.0,2018,2022
28,Mississippi,28155,Webster,31.75,2018,2022
28,Mississippi,28157,Wilkinson,42.55,2018,2022
28,Mississippi,28159,Winston,35.05,2018,2022
28,Mississippi,28161,Yalobusha,34.5,2018,2022
28,Mississippi,28163,Yazoo,40.3,2018,2022
29,Missouri,29001,Adair,28.125,2018,2022
29,Missouri,29003,Andrew,25.55,2018,2022
29,Missouri,29005,Atchison,27.075,2018,2022
29,Missouri,29007,Audrain,31.924999999999997,2018,2022
29,Missouri,29009,Barry,32.675,2018,2022
29,Missouri,29011,Barton,31.6,2018,2022
29,Missouri,29013,Bates,30.075,2018,2022
29,Missouri,29015,Benton,30.525000000000002,2018,2022
29,Missouri,29017,Bollinger,32.4,2018,2022
29,Missouri,29019,Boone,24.175,2018,2022
29,Missouri,29021,Buchanan,29.975,2018,2022
29,Missouri,29023,Butler,34.175,2018,2022
29,Missouri,29025,Caldwell,31.049999999999997,2018,2022
29,Missouri,29027,Callaway,27.3,2018,2022
29,Missouri,29029,Camden,27.85,2018,2022
29,Missouri,29031,Cape Girardeau,25.7,2018,2022
29,Missouri,29033,Carroll,30.125,2018,2022
29,Missouri,29035,Carter,30.75,2018,2022
29,Missouri,29037,Cass,25.275,2018,2022
29,Missouri,29039,Cedar,31.6,2018,2022
29,Missouri,29041,Chariton,28.8,2018,2022
29,Missouri,29043,Christian,25.15,2018,2022
29,Missouri,29045,Clark,31.675,2018,2022
29,Missouri,29047,Clay,24.925,2018,2022
29,Missouri,29049,Clinton,26.925,2018,2022
29,Missouri,29051,Cole,24.775,2018,2022
29,Missouri,29053,Cooper,28.125,2018,2022
29,Missouri,29055,Crawford,32.375,2018,2022
29,Missouri,29057,Dade,32.575,2018,2022
29,Missouri,29059,Dallas,32.175,2018,2022
29,Missouri,29061,Daviess,30.25,2018,2022
29,Missouri,29063,DeKalb,29.425,2018,2022
29,Missouri,29065,Dent,32.474999999999994,2018,2022
29,Missouri,29067,Douglas,32.95,2018,2022
29,Missouri,29069,Dunklin,37.225,2018,2022
29,Missouri,29071,Franklin,26.4,2018,2022
29,Missouri,29073,Gasconade,27.15,2018,2022
29,Missouri,29075,Gentry,29.650000000000002,2018,2022
29,Missouri,29077,Greene,26.0,2018,2022
29,Missouri,29079,Grundy,29.475,2018,2022
29,Missouri,29081,Harrison,31.325,2018,2022
29,Missouri,29083,Henry,30.45,2018,2022
29,Missouri,29085,Hickory,32.15,2018,2022
29,Missouri,29087,Holt,28.200000000000003,2018,2022
29,Missouri,29089,Howard,27.55,2018,2022
29,Missouri,29091,Howell,32.125,2018,2022
29,Missouri,29093,Iron,32.6,2018,2022
29,Missouri,29095,Jackson,27.625,2018,2022
29,Missouri,29097,Jasper,30.25,2018,2022
29,Missouri,29099,Jefferson,26.15,2018,2022
29,Missouri,29101,Johnson,27.225,2018,2022
29,Missouri,29103,Knox,31.35,2018,2022
29,Missouri,29105,Laclede,30.174999999999997,2018,2022
29,Missouri,29107,Lafayette,28.7,2018,2022
29,Missouri,29109,Lawrence,31.825,2018,2022
29,Missouri,29111,Lewis,31.65,2018,2022
29,Missouri,29113,Lincoln,28.175,2018,2022
29,Missouri,29115,Linn,29.1,2018,2022
29,Missouri,29117,Livingston,29.5,2018,2022
29,Missouri,29119,McDonald,35.4,2018,2022
29,Missouri,29121,Macon,29.725,2018,2022
29,Missouri,29123,Madison,30.375,2018,2022
29,Missouri,29125,Maries,30.425,2018,2022
29,Missouri,29127,Marion,29.575,2018,2022
29,Missouri,29129,Mercer,29.0,2018,2022
29,Missouri,29131,Miller,29.200000000000003,2018,2022
29,Missouri,29133,Mississippi,38.5,2018,2022
29,Missouri,29135,Moniteau,28.9,2018,2022
29,Missouri,29137,Monroe,30.5,2018,2022
29,Missouri,29139,Montgomery,30.925,2018,2022
29,Missouri,29141,Morgan,32.825,2018,2022
29,Missouri,29143,New Madrid,35.9,2018,2022
29,Missouri,29145,Newton,28.725,2018,2022
29,Missouri,29147,Nodaway,27.049999999999997,2018,2022
29,Missouri,29149,Oregon,34.65,2018,2022
29,Missouri,29151,Osage,25.825,2018,2022
29,Missouri,29153,Ozark,34.975,2018,2022
29,Missouri,29155,Pemiscot,37.85,2018,2022
29,Missouri,29157,Perry,28.075,2018,2022
29,Missouri,29159,Pettis,30.275,2018,2022
29,Missouri,29161,Phelps,28.25,2018,2022
29,Missouri,29163,Pike,31.150000000000002,2018,2022
29,Missouri,29165,Platte,22.125,2018,2022
29,Missouri,29167,Polk,29.125,2018,2022
29,Missouri,29169,Pulaski,28.25,2018,2022
29,Missouri,29171,Putnam,29.075000000000003,2018,2022
29,Missouri,29173,Ralls,29.375,2018,2022
29,Missouri,29175,Randolph,30.375,2018,2022
29,Missouri,29177,Ray,28.8,2018,2022
29,Missouri,29179,Reynolds,31.7,2018,2022
29,Missouri,29181,Ripley,35.175,2018,2022
29,Missouri,29183,St. Charles,22.15,2018,2022
29,Missouri,29185,St. Clair,31.174999999999997,2018,2022
29,Missouri,29186,Ste. Genevieve,27.650000000000002,2018,2022
29,Missouri,29187,St. Francois,31.675,2018,2022
29,Missouri,29189,St. Louis,22.95,2018,2022
29,Missouri,29195,Saline,30.650000000000002,2018,2022
29,Missouri,29197,Schuyler,30.475,2018,2022
29,Missouri,29199,Scotland,32.325,2018,2022
29,Missouri,29201,Scott,34.025,2018,2022
29,Missouri,29203,Shannon,33.975,2018,2022
29,Missouri,29205,Shelby,30.475,2018,2022
29,Missouri,29207,Stoddard,33.5,2018,2022
29,Missouri,29209,Stone,28.675,2018,2022
29,Missouri,29211,Sullivan,33.75,2018,2022
29,Missouri,29213,Taney,29.3,2018,2022
29,Missouri,29215,Texas,33.525,2018,2022
29,Missouri,29217,Vernon,30.9,2018,2022
29,Missouri,29219,Warren,28.075,2018,2022
29,Missouri,29221,Washington,32.9,2018,2022
29,Missouri,29223,Wayne,34.575,2018,2022
29,Missouri,29225,Webster,30.325,2018,2022
29,Missouri,29227,Worth,28.925,2018,2022
29,Missouri,29229,Wright,34.525,2018,2022
29,Missouri,29510,St. Louis City,29.275000000000002,2018,2022
30,Montana,30001,Beaverhead,21.75,2018,2022
30,Montana,30003,Big Horn,29.675,2018,2022
30,Montana,30005,Blaine,27.575,2018,2022
30,Montana,30007,Broadwater,21.225,2018,2022
30,Montana,30009,Carbon,19.65,2018,2022
30,Montana,30011,Carter,22.85,2018,2022
30,Montana,30013,Cascade,22.9,2018,2022
30,Montana,30015,Chouteau,24.45,2018,2022
30,Montana,30017,Custer,22.05,2018,2022
30,Montana,30019,Daniels,21.799999999999997,2018,2022
30,Montana,30021,Dawson,22.375,2018,2022
30,Montana,30023,Deer Lodge,26.2,2018,2022
30,Montana,30025,Fallon,21.425,2018,2022
30,Montana,30027,Fergus,21.35,2018,2022
30,Montana,30029,Flathead,19.725,2018,2022
30,Montana,30031,Gallatin,15.175,2018,2022
30,Montana,30033,Garfield,22.75,2018,2022
30,Montana,30035,Glacier,30.2,2018,2022
30,Montana,30037,Golden Valley,23.7,2018,2022
30,Montana,30039,Granite,21.525,2018,2022
30,Montana,30041,Hill,25.0,2018,2022
30,Montana,30043,Jefferson,18.825,2018,2022
30,Montana,30045,Judith Basin,21.475,2018,2022
30,Montana,30047,Lake,22.45,2018,2022
30,Montana,30049,Lewis and Clark,18.75,2018,2022
30,Montana,30051,Liberty,27.025,2018,2022
30,Montana,30053,Lincoln,24.45,2018,2022
30,Montana,30055,McCone,21.975,2018,2022
30,Montana,30057,Madison,19.8,2018,2022
30,Montana,30059,Meagher,22.1,2018,2022
30,Montana,30061,Mineral,24.4,2018,2022
30,Montana,30063,Missoula,17.475,2018,2022
30,Montana,30065,Musselshell,25.35,2018,2022
30,Montana,30067,Park,19.725,2018,2022
30,Montana,30069,Petroleum,21.475,2018,2022
30,Montana,30071,Phillips,24.775,2018,2022
30,Montana,30073,Pondera,23.55,2018,2022
30,Montana,30075,Powder River,21.825,2018,2022
30,Montana,30077,Powell,24.325,2018,2022
30,Montana,30079,Prairie,24.95,2018,2022
30,Montana,30081,Ravalli,21.025,2018,2022
30,Montana,30083,Richland,22.9,2018,2022
30,Montana,30085,Roosevelt,30.775000000000002,2018,2022
30,Montana,30087,Rosebud,25.175,2018,2022
30,Montana,30089,Sanders,25.375,2018,2022
30,Montana,30091,Sheridan,22.7,2018,2022
30,Montana,30093,Silver Bow,23.35,2018,2022
30,Montana,30095,Stillwater,20.925,2018,2022
30,Montana,30097,Sweet Grass,21.1,2018,2022
30,Montana,30099,Teton,22.675,2018,2022
30,Montana,30101,Toole,24.5,2018,2022
30,Montana,30103,Treasure,23.15,2018,2022
30,Montana,30105,Valley,23.8,2018,2022
30,Montana,30107,Wheatland,26.45,2018,2022
30,Montana,30109,Wibaux,22.924999999999997,2018,2022
30,Montana,30111,Yellowstone,21.45,2018,2022
31,Nebraska,31001,Adams,26.4,2018,2022
31,Nebraska,31003,Antelope,26.05,2018,2022
31,Nebraska,31005,Arthur,25.65,2018,2022
31,Nebraska,31007,Banner,23.65,2018,2022
31,Nebraska,31009,Blaine,24.4,2018,2022
31,Nebraska,31011,Boone,25.299999999999997,2018,2022
31,Nebraska,31013,Box Butte,26.9,2018,2022
31,Nebraska,31015,Boyd,25.9,2018,2022
31,Nebraska,31017,Brown,27.275,2018,2022
31,Nebraska,31019,Buffalo,23.9,2018,2022
31,Nebraska,31021,Burt,26.8,2018,2022
31,Nebraska,31023,Butler,24.475,2018,2022
31,Nebraska,31025,Cass,23.925,2018,2022
31,Nebraska,31027,Cedar,23.825,2018,2022
31,Nebraska,31029,Chase,25.575,2018,2022
31,Nebraska,31031,Cherry,26.7,2018,2022
31,Nebraska,31033,Cheyenne,25.825,2018,2022
31,Nebraska,31035,Clay,27.025,2018,2022
31,Nebraska,31037,Colfax,32.45,2018,2022
31,Nebraska,31039,Cuming,26.05,2018,2022
31,Nebraska,31041,Custer,25.7,2018,2022
31,Nebraska,31043,Dakota,33.574999999999996,2018,2022
31,Nebraska,31045,Dawes,23.35,2018,2022
31,Nebraska,31047,Dawson,30.825,2018,2022
31,Nebraska,31049,Deuel,26.8,2018,2022
31,Nebraska,31051,Dixon,26.95,2018,2022
31,Nebraska,31053,Dodge,27.95,2018,2022
31,Nebraska,31055,Douglas,23.725,2018,2022
31,Nebraska,31057,Dundy,28.05,2018,2022
31,Nebraska,31059,Fillmore,24.625,2018,2022
31,Nebraska,31061,Franklin,28.15,2018,2022
31,Nebraska,31063,Frontier,23.85,2018,2022
31,Nebraska,31065,Furnas,26.725,2018,2022
31,Nebraska,31067,Gage,26.35,2018,2022
31,Nebraska,31069,Garden,25.525,2018,2022
31,Nebraska,31071,Garfield,22.875,2018,2022
31,Nebraska,31073,Gosper,22.975,2018,2022
31,Nebraska,31075,Grant,25.525,2018,2022
31,Nebraska,31077,Greeley,25.525,2018,2022
31,Nebraska,31079,Hall,30.099999999999998,2018,2022
31,Nebraska,31081,Hamilton,23.05,2018,2022
31,Nebraska,31083,Harlan,24.45,2018,2022
31,Nebraska,31085,Hayes,27.6,2018,2022
31,Nebraska,31087,Hitchcock,26.55,2018,2022
31,Nebraska,31089,Holt,25.375,2018,2022
31,Nebraska,31091,Hooker,23.525,2018,2022
31,Nebraska,31093,Howard,25.0,2018,2022
31,Nebraska,31095,Jefferson,27.075,2018,2022
31,Nebraska,31097,Johnson,27.675,2018,2022
31,Nebraska,31099,Kearney,24.85,2018,2022
31,Nebraska,31101,Keith,25.875,2018,2022
31,Nebraska,31103,Keya Paha,26.575,2018,2022
31,Nebraska,31105,Kimball,29.925,2018,2022
31,Nebraska,31107,Knox,25.9,2018,2022
31,Nebraska,31109,Lancaster,19.75,2018,2022
31,Nebraska,31111,Lincoln,25.15,2018,2022
31,Nebraska,31113,Logan,25.0,2018,2022
31,Nebraska,31115,Loup,24.85,2018,2022
31,Nebraska,31117,McPherson,25.3,2018,2022
31,Nebraska,31119,Madison,26.7,2018,2022
31,Nebraska,31121,Merrick,25.975,2018,2022
31,Nebraska,31123,Morrill,27.425,2018,2022
31,Nebraska,31125,Nance,26.575,2018,2022
31,Nebraska,31127,Nemaha,25.8,2018,2022
31,Nebraska,31129,Nuckolls,26.425,2018,2022
31,Nebraska,31131,Otoe,26.0,2018,2022
31,Nebraska,31133,Pawnee,28.925,2018,2022
31,Nebraska,31135,Perkins,24.025,2018,2022
31,Nebraska,31137,Phelps,24.525,2018,2022
31,Nebraska,31139,Pierce,23.45,2018,2022
31,Nebraska,31141,Platte,25.25,2018,2022
31,Nebraska,31143,Polk,25.35,2018,2022
31,Nebraska,31145,Red Willow,25.35,2018,2022
31,Nebraska,31147,Richardson,27.725,2018,2022
31,Nebraska,31149,Rock,24.325,2018,2022
31,Nebraska,31151,Saline,30.025,2018,2022
31,Nebraska,31153,Sarpy,21.725,2018,2022
31,Nebraska,31155,Saunders,22.975,2018,2022
31,Nebraska,31157,Scotts Bluff,27.75,2018,2022
31,Nebraska,31159,Seward,21.625,2018,2022
31,Nebraska,31161,Sheridan,29.0,2018,2022
31,Nebraska,31163,Sherman,25.475,2018,2022
31,Nebraska,31165,Sioux,25.75,2018,2022
31,Nebraska,31167,Stanton,23.725,2018,2022
31,Nebraska,31169,Thayer,25.15,2018,2022
31,Nebraska,31171,Thomas,23.075,2018,2022
31,Nebraska,31173,Thurston,31.8,2018,2022
31,Nebraska,31175,Valley,24.475,2018,2022
31,Nebraska,31177,Washington,22.25,2018,2022
31,Nebraska,31179,Wayne,23.475,2018,2022
31,Nebraska,31181,Webster,26.5,2018,2022
31,Nebraska,31183,Wheeler,26.325,2018,2022
31,Nebraska,31185,York,23.575,2018,2022
32,Nevada,32001,Churchill,23.8,2018,2022
32,Nevada,32003,Clark,26.25,2018,2022
32,Nevada,32005,Douglas,19.6,2018,2022
32,Nevada,32007,Elko,24.55,2018,2022
32,Nevada,32009,Esmeralda,28.45,2018,2022
32,Nevada,32011,Eureka,24.875,2018,2022
32,Nevada,32013,Humboldt,25.25,2018,2022
32,Nevada,32015,Lander,26.475,2018,2022
32,Nevada,32017,Lincoln,22.95,2018,2022
32,Nevada,32019,Lyon,24.825,2018,2022
32,Nevada,32021,Mineral,28.525,2018,2022
32,Nevada,32023,Nye,26.25,2018,2022
32,Nevada,32027,Pershing,25.45,2018,2022
32,Nevada,32029,Storey,20.65,2018,2022
32,Nevada,32031,Washoe,21.25,2018,2022
32,Nevada,32033,White Pine,25.075000000000003,2018,2022
32,Nevada,32510,Carson City,23.65,2018,2022
33,New Hampshire,33001,Belknap,20.175,2018,2022
33,New Hampshire,33003,Carroll,20.275,2018,2022
33,New Hampshire,33005,Cheshire,21.05,2018,2022
33,New Hampshire,33007,Coos,25.125,2018,2022
33,New Hampshire,33009,Grafton,19.875,2018,2022
33,New Hampshire,33011,Hillsborough,20.775,2018,2022
33,New Hampshire,33013,Merrimack,19.4,2018,2022
33,New Hampshire,33015,Rockingham,18.424999999999997,2018,2022
33,New Hampshire,33017,Strafford,21.0,2018,2022
33,New Hampshire,33019,Sullivan,22.975,2018,2022
34,New Jersey,34001,Atlantic,27.0,2018,2022
34,New Jersey,34003,Bergen,22.066666666666666,2018,2022
34,New Jersey,34005,Burlington,21.333333333333332,2018,2022
34,New Jersey,34007,Camden,25.96666666666667,2018,2022
34,New Jersey,34009,Cape May,22.166666666666668,2018,2022
34,New Jersey,34011,Cumberland,34.0,2018,2022
34,New Jersey,34013,Essex,27.733333333333334,2018,2022
34,New Jersey,34015,Gloucester,21.900000000000002,2018,2022
34,New Jersey,34017,Hudson,27.03333333333333,2018,2022
34,New Jersey,34019,Hunterdon,17.566666666666666,2018,2022
34,New Jersey,34021,Mercer,23.8,2018,2022
34,New Jersey,34023,Middlesex,22.766666666666666,2018,2022
34,New Jersey,34025,Monmouth,20.133333333333336,2018,2022
34,New Jersey,34027,Morris,17.8,2018,2022
34,New Jersey,34029,Ocean,23.53333333333333,2018,2022
34,New Jersey,34031,Passaic,30.599999999999998,2018,2022
34,New Jersey,34033,Salem,28.2,2018,2022
34,New Jersey,34035,Somerset,19.2,2018,2022
34,New Jersey,34037,Sussex,20.900000000000002,2018,2022
34,New Jersey,34039,Union,26.433333333333334,2018,2022
34,New Jersey,34041,Warren,22.233333333333334,2018,2022
35,New Mexico,35001,Bernalillo,20.55,2018,2022
35,New Mexico,35003,Catron,24.975,2018,2022
35,New Mexico,35005,Chaves,29.025,2018,2022
35,New Mexico,35006,Cibola,29.475,2018,2022
35,New Mexico,35007,Colfax,25.95,2018,2022
35,New Mexico,35009,Curry,26.85,2018,2022
35,New Mexico,35011,De Baca,26.575,2018,2022
35,New Mexico,35013,Dona Ana,25.325,2018,2022
35,New Mexico,35015,Eddy,25.225,2018,2022
35,New Mexico,35017,Grant,23.75,2018,2022
35,New Mexico,35019,Guadalupe,28.475,2018,2022
35,New Mexico,35021,Harding,24.900000000000002,2018,2022
35,New Mexico,35023,Hidalgo,27.775,2018,2022
35,New Mexico,35025,Lea,29.299999999999997,2018,2022
35,New Mexico,35027,Lincoln,22.3,2018,2022
35,New Mexico,35028,Los Alamos,12.575,2018,2022
35,New Mexico,35029,Luna,31.725,2018,2022
35,New Mexico,35031,McKinley,29.2,2018,2022
35,New Mexico,35033,Mora,27.6,2018,2022
35,New Mexico,35035,Otero,25.275,2018,2022
35,New Mexico,35037,Quay,27.9,2018,2022
35,New Mexico,35039,Rio Arriba,26.674999999999997,2018,2022
35,New Mexico,35041,Roosevelt,26.375,2018,2022
35,New Mexico,35043,Sandoval,20.25,2018,2022
35,New Mexico,35045,San Juan,24.975,2018,2022
35,New Mexico,35047,San Miguel,28.7,2018,2022
35,New Mexico,35049,Santa Fe,18.7,2018,2022
35,New Mexico,35051,Sierra,25.35,2018,2022
35,New Mexico,35053,Socorro,28.125,2018,2022
35,New Mexico,35055,Taos,22.325,2018,2022
35,New Mexico,35057,Torrance,27.05,2018,2022
35,New Mexico,35059,Union,26.15,2018,2022
35,New Mexico,35061,Valencia,25.55,2018,2022
36,New York,36001,Albany,21.325,2018,2022
36,New York,36003,Allegany,25.775,2018,2022
36,New York,36005,Bronx,36.525000000000006,2018,2022
36,New York,36007,Broome,24.5,2018,2022
36,New York,36009,Cattaraugus,28.0,2018,2022
36,New York,36011,Cayuga,25.3,2018,2022
36,New York,36013,Chautauqua,26.65,2018,2022
36,New York,36015,Chemung,27.15,2018,2022
36,New York,36017,Chenango,25.95,2018,2022
36,New York,36019,Clinton,25.725,2018,2022
36,New York,36021,Columbia,22.625,2018,2022
36,New York,36023,Cortland,24.95,2018,2022
36,New York,36025,Delaware,26.25,2018,2022
36,New York,36027,Dutchess,22.975,2018,2022
36,New York,36029,Erie,23.375,2018,2022
36,New York,36031,Essex,24.125,2018,2022
36,New York,36033,Franklin,28.55,2018,2022
36,New York,36035,Fulton,27.0,2018,2022
36,New York,36037,Genesee,25.3,2018,2022
36,New York,36039,Greene,26.725,2018,2022
36,New York,36041,Hamilton,26.075,2018,2022
36,New York,36043,Herkimer,25.924999999999997,2018,2022
36,New York,36045,Jefferson,26.15,2018,2022
36,New York,36047,Kings,27.95,2018,2022
36,New York,36049,Lewis,27.025,2018,2022
36,New York,36051,Livingston,24.025,2018,2022
36,New York,36053,Madison,23.025000000000002,2018,2022
36,New York,36055,Monroe,24.125,2018,2022
36,New York,36057,Montgomery,29.025,2018,2022
36,New York,36059,Nassau,21.45,2018,2022
36,New York,36061,New York,20.35,2018,2022
36,New York,36063,Niagara,24.95,2018,2022
36,New York,36065,Oneida,26.275,2018,2022
36,New York,36067,Onondaga,23.975,2018,2022
36,New York,36069,Ontario,21.475,2018,2022
36,New York,36071,Orange,27.0,2018,2022
36,New York,36073,Orleans,29.0,2018,2022
36,New York,36075,Oswego,26.325,2018,2022
36,New York,36077,Otsego,23.35,2018,2022
36,New York,36079,Putnam,20.475,2018,2022
36,New York,36081,Queens,30.825000000000003,2018,2022
36,New York,36083,Rensselaer,22.9,2018,2022
36,New York,36085,Richmond,26.8,2018,2022
36,New York,36087,Rockland,24.725,2018,2022
36,New York,36089,St. Lawrence,27.275,2018,2022
36,New York,36091,Saratoga,19.75,2018,2022
36,New York,36093,Schenectady,23.45,2018,2022
36,New York,36095,Schoharie,25.225,2018,2022
36,New York,36097,Schuyler,26.4,2018,2022
36,New York,36099,Seneca,27.075,2018,2022
36,New York,36101,Steuben,25.375,2018,2022
36,New York,36103,Suffolk,23.65,2018,2022
36,New York,36105,Sullivan,28.5,2018,2022
36,New York,36107,Tioga,23.8,2018,2022
36,New York,36109,Tompkins,19.65,2018,2022
36,New York,36111,Ulster,23.200000000000003,2018,2022
36,New York,36113,Warren,23.225,2018,2022
36,New York,36115,Washington,25.375,2018,2022
36,New York,36117,Wayne,26.275,2018,2022
36,New York,36119,Westchester,21.95,2018,2022
36,New York,36121,Wyoming,25.3,2018,2022
36,New York,36123,Yates,25.675,2018,2022
37,North Carolina,37001,Alamance,25.675,2018,2022
37,North Carolina,37003,Alexander,25.6,2018,2022
37,North Carolina,37005,Alleghany,28.525,2018,2022
37,North Carolina,37007,Anson,30.975,2018,2022
37,North Carolina,37009,Ashe,24.35,2018,2022
37,North Carolina,37011,Avery,24.925,2018,2022
37,North Carolina,37013,Beaufort,26.9,2018,2022
37,North Carolina,37015,Bertie,32.074999999999996,2018,2022
37,North Carolina,37017,Bladen,30.299999999999997,2018,2022
37,North Carolina,37019,Brunswick,21.325,2018,2022
37,North Carolina,37021,Buncombe,19.8,2018,2022
37,North Carolina,37023,Burke,26.924999999999997,2018,2022
37,North Carolina,37025,Cabarrus,22.75,2018,2022
37,North Carolina,37027,Caldwell,26.425,2018,2022
37,North Carolina,37029,Camden,22.849999999999998,2018,2022
37,North Carolina,37031,Carteret,21.5,2018,2022
37,North Carolina,37033,Caswell,27.125,2018,2022
37,North Carolina,37035,Catawba,25.125,2018,2022
37,North Carolina,37037,Chatham,20.525,2018,2022
37,North Carolina,37039,Cherokee,25.4,2018,2022
37,North Carolina,37041,Chowan,27.475,2018,2022
37,North Carolina,37043,Clay,24.075,2018,2022
37,North Carolina,37045,Cleveland,27.15,2018,2022
37,North Carolina,37047,Columbus,30.425,2018,2022
37,North Carolina,37049,Craven,24.15,2018,2022
37,North Carolina,37051,Cumberland,26.6,2018,2022
37,North Carolina,37053,Currituck,21.525,2018,2022
37,North Carolina,37055,Dare,19.95,2018,2022
37,North Carolina,37057,Davidson,25.65,2018,2022
37,North Carolina,37059,Davie,23.075,2018,2022
37,North Carolina,37061,Duplin,31.724999999999998,2018,2022
37,North Carolina,37063,Durham,22.55,2018,2022
37,North Carolina,37065,Edgecombe,32.1,2018,2022
37,North Carolina,37067,Forsyth,23.85,2018,2022
37,North Carolina,37069,Franklin,25.6,2018,2022
37,North Carolina,37071,Gaston,25.525,2018,2022
37,North Carolina,37073,Gates,26.1,2018,2022
37,North Carolina,37075,Graham,26.4,2018,2022
37,North Carolina,37077,Granville,25.85,2018,2022
37,North Carolina,37079,Greene,31.200000000000003,2018,2022
37,North Carolina,37081,Guilford,23.5,2018,2022
37,North Carolina,37083,Halifax,32.675,2018,2022
37,North Carolina,37085,Harnett,26.4,2018,2022
37,North Carolina,37087,Haywood,22.5,2018,2022
37,North Carolina,37089,Henderson,21.575000000000003,2018,2022
37,North Carolina,37091,Hertford,31.075,2018,2022
37,North Carolina,37093,Hoke,27.675,2018,2022
37,North Carolina,37095,Hyde,29.55,2018,2022
37,North Carolina,37097,Iredell,22.025000000000002,2018,2022
37,North Carolina,37099,Jackson,23.675,2018,2022
37,North Carolina,37101,Johnston,25.375,2018,2022
37,North Carolina,37103,Jones,29.900000000000002,2018,2022
37,North Carolina,37105,Lee,26.55,2018,2022
37,North Carolina,37107,Lenoir,30.8,2018,2022
37,North Carolina,37109,Lincoln,23.325,2018,2022
37,North Carolina,37111,McDowell,25.675,2018,2022
37,North Carolina,37113,Macon,24.075,2018,2022
37,North Carolina,37115,Madison,23.55,2018,2022
37,North Carolina,37117,Martin,29.575,2018,2022
37,North Carolina,37119,Mecklenburg,20.8,2018,2022
37,North Carolina,37121,Mitchell,24.175,2018,2022
37,North Carolina,37123,Montgomery,28.1,2018,2022
37,North Carolina,37125,Moore,20.85,2018,2022
37,North Carolina,37127,Nash,26.8,2018,2022
37,North Carolina,37129,New Hanover,20.625,2018,2022
37,North Carolina,37131,Northampton,31.349999999999998,2018,2022
37,North Carolina,37133,Onslow,24.674999999999997,2018,2022
37,North Carolina,37135,Orange,18.6,2018,2022
37,North Carolina,37137,Pamlico,25.275,2018,2022
37,North Carolina,37139,Pasquotank,26.125,2018,2022
37,North Carolina,37141,Pender,23.925,2018,2022
37,North Carolina,37143,Perquimans,25.224999999999998,2018,2022
37,North Carolina,37145,Person,26.325,2018,2022
37,North Carolina,37147,Pitt,25.55,2018,2022
37,North Carolina,37149,Polk,21.45,2018,2022
37,North Carolina,37151,Randolph,26.1,2018,2022
37,North Carolina,37153,Richmond,30.05,2018,2022
37,North Carolina,37155,Robeson,33.225,2018,2022
37,North Carolina,37157,Rockingham,26.95,2018,2022
37,North Carolina,37159,Rowan,26.175,2018,2022
37,North Carolina,37161,Rutherford,26.6,2018,2022
37,North Carolina,37163,Sampson,30.925,2018,2022
37,North Carolina,37165,Scotland,31.175,2018,2022
37,North Carolina,37167,Stanly,25.125,2018,2022
37,North Carolina,37169,Stokes,25.475,2018,2022
37,North Carolina,37171,Surry,26.674999999999997,2018,2022
37,North Carolina,37173,Swain,27.125,2018,2022
37,North Carolina,37175,Transylvania,22.65,2018,2022
37,North Carolina,37177,Tyrrell,30.9,2018,2022
37,North Carolina,37179,Union,21.225,2018,2022
37,North Carolina,37181,Vance,31.65,2018,2022
37,North Carolina,37183,Wake,17.475,2018,2022
37,North Carolina,37185,Warren,30.45,2018,2022
37,North Carolina,37187,Washington,31.025,2018,2022
37,North Carolina,37189,Watauga,22.575000000000003,2018,2022
37,North Carolina,37191,Wayne,27.975,2018,2022
37,North Carolina,37193,Wilkes,26.975,2018,2022
37,North Carolina,37195,Wilson,30.225,2018,2022
37,North Carolina,37197,Yadkin,26.1,2018,2022
37,North Carolina,37199,Yancey,25.0,2018,2022
38,North Dakota,38001,Adams,25.75,2018,2022
38,North Dakota,38003,Barnes,24.2,2018,2022
38,North Dakota,38005,Benson,34.0,2018,2022
38,North Dakota,38007,Billings,24.4,2018,2022
38,North Dakota,38009,Bottineau,24.65,2018,2022
38,North Dakota,38011,Bowman,25.45,2018,2022
38,North Dakota,38013,Burke,24.6,2018,2022
38,North Dakota,38015,Burleigh,22.225,2018,2022
38,North Dakota,38017,Cass,21.325,2018,2022
38,North Dakota,38019,Cavalier,24.5,2018,2022
38,North Dakota,38021,Dickey,23.575,2018,2022
38,North Dakota,38023,Divide,26.425,2018,2022
38,North Dakota,38025,Dunn,26.775,2018,2022
38,North Dakota,38027,Eddy,27.025,2018,2022
38,North Dakota,38029,Emmons,27.325000000000003,2018,2022
38,North Dakota,38031,Foster,24.425,2018,2022
38,North Dakota,38033,Golden Valley,25.325,2018,2022
38,North Dakota,38035,Grand Forks,24.45,2018,2022
38,North Dakota,38037,Grant,26.575,2018,2022
38,North Dakota,38039,Griggs,24.3,2018,2022
38,North Dakota,38041,Hettinger,26.875,2018,2022
38,North Dakota,38043,Kidder,28.775,2018,2022
38,North Dakota,38045,LaMoure,26.475,2018,2022
38,North Dakota,38047,Logan,26.3,2018,2022
38,North Dakota,38049,McHenry,25.675,2018,2022
38,North Dakota,38051,McIntosh,28.175,2018,2022
38,North Dakota,38053,McKenzie,26.525,2018,2022
38,North Dakota,38055,McLean,25.425,2018,2022
38,North Dakota,38057,Mercer,25.025,2018,2022
38,North Dakota,38059,Morton,23.225,2018,2022
38,North Dakota,38061,Mountrail,28.375,2018,2022
38,North Dakota,38063,Nelson,25.375,2018,2022
38,North Dakota,38065,Oliver,25.2,2018,2022
38,North Dakota,38067,Pembina,25.825,2018,2022
38,North Dakota,38069,Pierce,25.7,2018,2022
38,North Dakota,38071,Ramsey,26.275,2018,2022
38,North Dakota,38073,Ransom,26.25,2018,2022
38,North Dakota,38075,Renville,24.45,2018,2022
38,North Dakota,38077,Richland,24.95,2018,2022
38,North Dakota,38079,Rolette,34.65,2018,2022
38,North Dakota,38081,Sargent,24.65,2018,2022
38,North Dakota,38083,Sheridan,28.0,2018,2022
38,North Dakota,38085,Sioux,39.45,2018,2022
38,North Dakota,38087,Slope,24.725,2018,2022
38,North Dakota,38089,Stark,24.7,2018,2022
38,North Dakota,38091,Steele,22.424999999999997,2018,2022
38,North Dakota,38093,Stutsman,26.525,2018,2022
38,North Dakota,38095,Towner,28.15,2018,2022
38,North Dakota,38097,Traill,23.15,2018,2022
38,North Dakota,38099,Walsh,28.875,2018,2022
38,North Dakota,38101,Ward,25.225,2018,2022
38,North Dakota,38103,Wells,25.675,2018,2022
38,North Dakota,38105,Williams,25.05,2018,2022
39,Ohio,39001,Adams,33.775,2018,2022
39,Ohio,39003,Allen,29.975,2018,2022
39,Ohio,39005,Ashland,28.325,2018,2022
39,Ohio,39007,Ashtabula,31.675,2018,2022
39,Ohio,39009,Athens,29.0,2018,2022
39,Ohio,39011,Auglaize,25.975,2018,2022
39,Ohio,39013,Belmont,29.825,2018,2022
39,Ohio,39015,Brown,29.625,2018,2022
39,Ohio,39017,Butler,26.35,2018,2022
39,Ohio,39019,Carroll,28.725,2018,2022
39,Ohio,39021,Champaign,27.225,2018,2022
39,Ohio,39023,Clark,29.25,2018,2022
39,Ohio,39025,Clermont,26.5,2018,2022
39,Ohio,39027,Clinton,29.2,2018,2022
39,Ohio,39029,Columbiana,29.275,2018,2022
39,Ohio,39031,Coshocton,31.925,2018,2022
39,Ohio,39033,Crawford,29.725,2018,2022
39,Ohio,39035,Cuyahoga,25.7,2018,2022
39,Ohio,39037,Darke,27.9,2018,2022
39,Ohio,39039,Defiance,28.2,2018,2022
39,Ohio,39041,Delaware,19.05,2018,2022
39,Ohio,39043,Erie,27.1,2018,2022
39,Ohio,39045,Fairfield,26.25,2018,2022
39,Ohio,39047,Fayette,31.725,2018,2022
39,Ohio,39049,Franklin,24.975,2018,2022
39,Ohio,39051,Fulton,27.5,2018,2022
39,Ohio,39053,Gallia,31.875,2018,2022
39,Ohio,39055,Geauga,22.525,2018,2022
39,Ohio,39057,Greene,23.675,2018,2022
39,Ohio,39059,Guernsey,30.35,2018,2022
39,Ohio,39061,Hamilton,25.825,2018,2022
39,Ohio,39063,Hancock,25.225,2018,2022
39,Ohio,39065,Hardin,29.65,2018,2022
39,Ohio,39067,Harrison,30.075,2018,2022
39,Ohio,39069,Henry,26.7,2018,2022
39,Ohio,39071,Highland,31.849999999999998,2018,2022
39,Ohio,39073,Hocking,30.175,2018,2022
39,Ohio,39075,Holmes,32.025,2018,2022
39,Ohio,39077,Huron,29.45,2018,2022
39,Ohio,39079,Jackson,32.7,2018,2022
39,Ohio,39081,Jefferson,31.025,2018,2022
39,Ohio,39083,Knox,26.625,2018,2022
39,Ohio,39085,Lake,23.825,2018,2022
39,Ohio,39087,Lawrence,32.9,2018,2022
39,Ohio,39089,Licking,26.15,2018,2022
39,Ohio,39091,Logan,28.5,2018,2022
39,Ohio,39093,Lorain,27.0,2018,2022
39,Ohio,39095,Lucas,28.5,2018,2022
39,Ohio,39097,Madison,28.075,2018,2022
39,Ohio,39099,Mahoning,30.25,2018,2022
39,Ohio,39101,Marion,31.0,2018,2022
39,Ohio,39103,Medina,22.675,2018,2022
39,Ohio,39105,Meigs,33.099999999999994,2018,2022
39,Ohio,39107,Mercer,26.425,2018,2022
39,Ohio,39109,Miami,25.475,2018,2022
39,Ohio,39111,Monroe,30.3,2018,2022
39,Ohio,39113,Montgomery,27.85,2018,2022
39,Ohio,39115,Morgan,32.900000000000006,2018,2022
39,Ohio,39117,Morrow,29.3,2018,2022
39,Ohio,39119,Muskingum,30.575,2018,2022
39,Ohio,39121,Noble,30.225,2018,2022
39,Ohio,39123,Ottawa,25.875,2018,2022
39,Ohio,39125,Paulding,28.225,2018,2022
39,Ohio,39127,Perry,31.85,2018,2022
39,Ohio,39129,Pickaway,28.05,2018,2022
39,Ohio,39131,Pike,32.725,2018,2022
39,Ohio,39133,Portage,25.525,2018,2022
39,Ohio,39135,Preble,27.575,2018,2022
39,Ohio,39137,Putnam,24.65,2018,2022
39,Ohio,39139,Richland,30.1,2018,2022
39,Ohio,39141,Ross,30.5,2018,2022
39,Ohio,39143,Sandusky,27.924999999999997,2018,2022
39,Ohio,39145,Scioto,33.225,2018,2022
39,Ohio,39147,Seneca,28.75,2018,2022
39,Ohio,39149,Shelby,27.525000000000002,2018,2022
39,Ohio,39151,Stark,26.7,2018,2022
39,Ohio,39153,Summit,25.6,2018,2022
39,Ohio,39155,Trumbull,30.099999999999998,2018,2022
39,Ohio,39157,Tuscarawas,28.575,2018,2022
39,Ohio,39159,Union,23.725,2018,2022
39,Ohio,39161,Van Wert,27.424999999999997,2018,2022
39,Ohio,39163,Vinton,34.575,2018,2022
39,Ohio,39165,Warren,21.225,2018,2022
39,Ohio,39167,Washington,29.05,2018,2022
39,Ohio,39169,Wayne,27.9,2018,2022
39,Ohio,39171,Williams,27.825,2018,2022
39,Ohio,39173,Wood,25.275,2018,2022
39,Ohio,39175,Wyandot,27.55,2018,2022
40,Oklahoma,40001,Adair,38.725,2018,2022
40,Oklahoma,40003,Alfalfa,28.65,2018,2022
40,Oklahoma,40005,Atoka,34.224999999999994,2018,2022
40,Oklahoma,40007,Beaver,31.275,2018,2022
40,Oklahoma,40009,Beckham,32.45,2018,2022
40,Oklahoma,40011,Blaine,32.225,2018,2022
40,Oklahoma,40013,Bryan,31.225,2018,2022
40,Oklahoma,40015,Caddo,34.5,2018,2022
40,Oklahoma,40017,Canadian,25.275,2018,2022
40,Oklahoma,40019,Carter,31.85,2018,2022
40,Oklahoma,40021,Cherokee,31.75,2018,2022
40,Oklahoma,40023,Choctaw,36.575,2018,2022
40,Oklahoma,40025,Cimarron,31.35,2018,2022
40,Oklahoma,40027,Cleveland,26.0,2018,2022
40,Oklahoma,40029,Coal,34.9,2018,2022
40,Oklahoma,40031,Comanche,32.225,2018,2022
40,Oklahoma,40033,Cotton,32.849999999999994,2018,2022
40,Oklahoma,40035,Craig,33.7,2018,2022
40,Oklahoma,40037,Creek,30.125,2018,2022
40,Oklahoma,40039,Custer,32.025,2018,2022
40,Oklahoma,40041,Delaware,33.875,2018,2022
40,Oklahoma,40043,Dewey,30.575000000000003,2018,2022
40,Oklahoma,40045,Ellis,31.025,2018,2022
40,Oklahoma,40047,Garfield,30.75,2018,2022
40,Oklahoma,40049,Garvin,33.175,2018,2022
40,Oklahoma,40051,Grady,29.7,2018,2022
40,Oklahoma,40053,Grant,28.5,2018,2022
40,Oklahoma,40055,Greer,33.425,2018,2022
40,Oklahoma,40057,Harmon,34.65,2018,2022
40,Oklahoma,40059,Harper,32.2,2018,2022
40,Oklahoma,40061,Haskell,33.875,2018,2022
40,Oklahoma,40063,Hughes,35.175,2018,2022
40,Oklahoma,40065,Jackson,32.125,2018,2022
40,Oklahoma,40067,Jefferson,35.4,2018,2022
40,Oklahoma,40069,Johnston,32.575,2018,2022
40,Oklahoma,40071,Kay,31.625,2018,2022
40,Oklahoma,40073,Kingfisher,30.05,2018,2022
40,Oklahoma,40075,Kiowa,34.0,2018,2022
40,Oklahoma,40077,Latimer,32.9,2018,2022
40,Oklahoma,40079,Le Flore,35.5,2018,2022
40,Oklahoma,40081,Lincoln,31.1,2018,2022
40,Oklahoma,40083,Logan,28.1,2018,2022
40,Oklahoma,40085,Love,34.175,2018,2022
40,Oklahoma,40087,McClain,27.375,2018,2022
40,Oklahoma,40089,McCurtain,36.95,2018,2022
40,Oklahoma,40091,McIntosh,34.275,2018,2022
40,Oklahoma,40093,Major,28.975,2018,2022
40,Oklahoma,40095,Marshall,33.7,2018,2022
40,Oklahoma,40097,Mayes,33.525,2018,2022
40,Oklahoma,40099,Murray,31.85,2018,2022
40,Oklahoma,40101,Muskogee,33.7,2018,2022
40,Oklahoma,40103,Noble,28.9,2018,2022
40,Oklahoma,40105,Nowata,32.6,2018,2022
40,Oklahoma,40107,Okfuskee,37.475,2018,2022
40,Oklahoma,40109,Oklahoma,28.875,2018,2022
40,Oklahoma,40111,Okmulgee,34.1,2018,2022
40,Oklahoma,40113,Osage,30.674999999999997,2018,2022
40,Oklahoma,40115,Ottawa,34.95,2018,2022
40,Oklahoma,40117,Pawnee,31.6,2018,2022
40,Oklahoma,40119,Payne,28.4,2018,2022
40,Oklahoma,40121,Pittsburg,32.275,2018,2022
40,Oklahoma,40123,Pontotoc,29.95,2018,2022
40,Oklahoma,40125,Pottawatomie,30.975,2018,2022
40,Oklahoma,40127,Pushmataha,34.375,2018,2022
40,Oklahoma,40129,Roger Mills,30.65,2018,2022
40,Oklahoma,40131,Rogers,27.45,2018,2022
40,Oklahoma,40133,Seminole,35.349999999999994,2018,2022
40,Oklahoma,40135,Sequoyah,36.2,2018,2022
40,Oklahoma,40137,Stephens,32.925,2018,2022
40,Oklahoma,40139,Texas,36.15,2018,2022
40,Oklahoma,40141,Tillman,36.599999999999994,2018,2022
40,Oklahoma,40143,Tulsa,28.45,2018,2022
40,Oklahoma,40145,Wagoner,28.55,2018,2022
40,Oklahoma,40147,Washington,29.150000000000002,2018,2022
40,Oklahoma,40149,Washita,30.325,2018,2022
40,Oklahoma,40151,Woods,29.025,2018,2022
40,Oklahoma,40153,Woodward,30.8,2018,2022
41,Oregon,41001,Baker,21.65,2018,2022
41,Oregon,41003,Benton,17.925,2018,2022
41,Oregon,41005,Clackamas,18.0,2018,2022
41,Oregon,41007,Clatsop,20.5,2018,2022
41,Oregon,41009,Columbia,21.9,2018,2022
41,Oregon,41011,Coos,23.425,2018,2022
41,Oregon,41013,Crook,22.5,2018,2022
41,Oregon,41015,Curry,21.75,2018,2022
41,Oregon,41017,Deschutes,18.25,2018,2022
41,Oregon,41019,Douglas,23.3,2018,2022
41,Oregon,41021,Gilliam,22.6,2018,2022
41,Oregon,41023,Grant,22.75,2018,2022
41,Oregon,41025,Harney,22.9,2018,2022
41,Oregon,41027,Hood River,22.0,2018,2022
41,Oregon,41029,Jackson,20.55,2018,2022
41,Oregon,41031,Jefferson,24.3,2018,2022
41,Oregon,41033,Josephine,23.85,2018,2022
41,Oregon,41035,Klamath,24.35,2018,2022
41,Oregon,41037,Lake,24.525,2018,2022
41,Oregon,41039,Lane,20.2,2018,2022
41,Oregon,41041,Lincoln,22.1,2018,2022
41,Oregon,41043,Linn,22.525,2018,2022
41,Oregon,41045,Malheur,28.075000000000003,2018,2022
41,Oregon,41047,Marion,24.7,2018,2022
41,Oregon,41049,Morrow,28.275,2018,2022
41,Oregon,41051,Multnomah,17.875,2018,2022
41,Oregon,41053,Polk,20.825,2018,2022
41,Oregon,41055,Sherman,22.0,2018,2022
41,Oregon,41057,Tillamook,21.9,2018,2022
41,Oregon,41059,Umatilla,25.925,2018,2022
41,Oregon,41061,Union,21.625,2018,2022
41,Oregon,41063,Wallowa,19.975,2018,2022
41,Oregon,41065,Wasco,23.25,2018,2022
41,Oregon,41067,Washington,17.7,2018,2022
41,Oregon,41069,Wheeler,23.7,2018,2022
41,Oregon,41071,Yamhill,20.7,2018,2022
42,Pennsylvania,42001,Adams,23.875,2018,2022
42,Pennsylvania,42003,Allegheny,21.6,2018,2022
42,Pennsylvania,42005,Armstrong,26.05,2018,2022
42,Pennsylvania,42007,Beaver,22.875,2018,2022
42,Pennsylvania,42009,Bedford,27.275,2018,2022
42,Pennsylvania,42011,Berks,25.4,2018,2022
42,Pennsylvania,42013,Blair,25.2,2018,2022
42,Pennsylvania,42015,Bradford,26.725,2018,2022
42,Pennsylvania,42017,Bucks,20.625,2018,2022
42,Pennsylvania,42019,Butler,20.95,2018,2022
42,Pennsylvania,42021,Cambria,25.7,2018,2022
42,Pennsylvania,42023,Cameron,27.75,2018,2022
42,Pennsylvania,42025,Carbon,25.875,2018,2022
42,Pennsylvania,42027,Centre,22.275,2018,2022
42,Pennsylvania,42029,Chester,18.375,2018,2022
42,Pennsylvania,42031,Clarion,26.15,2018,2022
42,Pennsylvania,42033,Clearfield,27.375,2018,2022
42,Pennsylvania,42035,Clinton,26.6,2018,2022
42,Pennsylvania,42037,Columbia,25.4,2018,2022
42,Pennsylvania,42039,Crawford,26.3,2018,2022
42,Pennsylvania,42041,Cumberland,21.375,2018,2022
42,Pennsylvania,42043,Dauphin,25.175,2018,2022
42,Pennsylvania,42045,Delaware,22.375,2018,2022
42,Pennsylvania,42047,Elk,24.5,2018,2022
42,Pennsylvania,42049,Erie,24.875,2018,2022
42,Pennsylvania,42051,Fayette,27.9,2018,2022
42,Pennsylvania,42053,Forest,30.375,2018,2022
42,Pennsylvania,42055,Franklin,24.975,2018,2022
42,Pennsylvania,42057,Fulton,26.075,2018,2022
42,Pennsylvania,42059,Greene,26.2,2018,2022
42,Pennsylvania,42061,Huntingdon,25.975,2018,2022
42,Pennsylvania,42063,Indiana,26.05,2018,2022
42,Pennsylvania,42065,Jefferson,27.3,2018,2022
42,Pennsylvania,42067,Juniata,27.35,2018,2022
42,Pennsylvania,42069,Lackawanna,24.95,2018,2022
42,Pennsylvania,42071,Lancaster,23.775,2018,2022
42,Pennsylvania,42073,Lawrence,26.075000000000003,2018,2022
42,Pennsylvania,42075,Lebanon,25.95,2018,2022
42,Pennsylvania,42077,Lehigh,25.45,2018,2022
42,Pennsylvania,42079,Luzerne,27.525,2018,2022
42,Pennsylvania,42081,Lycoming,24.55,2018,2022
42,Pennsylvania,42083,McKean,26.5,2018,2022
42,Pennsylvania,42085,Mercer,25.525,2018,2022
42,Pennsylvania,42087,Mifflin,29.075,2018,2022
42,Pennsylvania,42089,Monroe,25.475,2018,2022
42,Pennsylvania,42091,Montgomery,19.375,2018,2022
42,Pennsylvania,42093,Montour,23.875,2018,2022
42,Pennsylvania,42095,Northampton,23.3,2018,2022
42,Pennsylvania,42097,Northumberland,26.475,2018,2022
42,Pennsylvania,42099,Perry,25.15,2018,2022
42,Pennsylvania,42101,Philadelphia,29.7,2018,2022
42,Pennsylvania,42103,Pike,24.475,2018,2022
42,Pennsylvania,42105,Potter,27.025,2018,2022
42,Pennsylvania,42107,Schuylkill,26.925,2018,2022
42,Pennsylvania,42109,Snyder,25.75,2018,2022
42,Pennsylvania,42111,Somerset,26.775,2018,2022
42,Pennsylvania,42113,Sullivan,25.85,2018,2022
42,Pennsylvania,42115,Susquehanna,25.85,2018,2022
42,Pennsylvania,42117,Tioga,26.175,2018,2022
42,Pennsylvania,42119,Union,24.75,2018,2022
42,Pennsylvania,42121,Venango,25.975,2018,2022
42,Pennsylvania,42123,Warren,25.35,2018,2022
42,Pennsylvania,42125,Washington,22.625,2018,2022
42,Pennsylvania,42127,Wayne,25.4,2018,2022
42,Pennsylvania,42129,Westmoreland,22.625,2018,2022
42,Pennsylvania,42131,Wyoming,24.675,2018,2022
42,Pennsylvania,42133,York,24.5,2018,2022
44,Rhode Island,44001,Bristol,18.375,2018,2022
44,Rhode Island,44003,Kent,21.5,2018,2022
44,Rhode Island,44005,Newport,17.875,2018,2022
44,Rhode Island,44007,Providence,27.575,2018,2022
44,Rhode Island,44009,Washington,17.9,2018,2022
45,South Carolina,45001,Abbeville,29.4,2018,2022
45,South Carolina,45003,Aiken,26.25,2018,2022
45,South Carolina,45005,Allendale,36.65,2018,2022
45,South Carolina,45007,Anderson,27.325000000000003,2018,2022
45,South Carolina,45009,Bamberg,32.075,2018,2022
45,South Carolina,45011,Barnwell,33.6,2018,2022
45,South Carolina,45013,Beaufort,19.924999999999997,2018,2022
45,South Carolina,45015,Berkeley,25.275,2018,2022
45,South Carolina,45017,Calhoun,29.075,2018,2022
45,South Carolina,45019,Charleston,20.6,2018,2022
45,South Carolina,45021,Cherokee,31.175,2018,2022
45,South Carolina,45023,Chester,30.7,2018,2022
45,South Carolina,45025,Chesterfield,33.3,2018,2022
45,South Carolina,45027,Clarendon,31.375,2018,2022
45,South Carolina,45029,Colleton,32.35,2018,2022
45,South Carolina,45031,Darlington,30.425,2018,2022
45,South Carolina,45033,Dillon,35.75,2018,2022
45,South Carolina,45035,Dorchester,24.65,2018,2022
45,South Carolina,45037,Edgefield,29.425,2018,2022
45,South Carolina,45039,Fairfield,33.349999999999994,2018,2022
45,South Carolina,45041,Florence,30.7,2018,2022
45,South Carolina,45043,Georgetown,26.5,2018,2022
45,South Carolina,45045,Greenville,24.2,2018,2022
45,South Carolina,45047,Greenwood,29.0,2018,2022
45,South Carolina,45049,Hampton,35.25,2018,2022
45,South Carolina,45051,Horry,26.225,2018,2022
45,South Carolina,45053,Jasper,30.65,2018,2022
45,South Carolina,45055,Kershaw,26.975,2018,2022
45,South Carolina,45057,Lancaster,25.15,2018,2022
45,South Carolina,45059,Laurens,31.375,2018,2022
45,South Carolina,45061,Lee,34.525,2018,2022
45,South Carolina,45063,Lexington,25.375,2018,2022
45,South Carolina,45065,McCormick,28.85,2018,2022
45,South Carolina,45067,Marion,35.1,2018,2022
45,South Carolina,45069,Marlboro,37.175,2018,2022
45,South Carolina,45071,Newberry,29.575000000000003,2018,2022
45,South Carolina,45073,Oconee,25.35,2018,2022
45,South Carolina,45075,Orangeburg,32.075,2018,2022
45,South Carolina,45077,Pickens,25.65,2018,2022
45,South Carolina,45079,Richland,24.175,2018,2022
45,South Carolina,45081,Saluda,31.7,2018,2022
45,South Carolina,45083,Spartanburg,27.15,2018,2022
45,South Carolina,45085,Sumter,31.375,2018,2022
45,South Carolina,45087,Union,32.8,2018,2022
45,South Carolina,45089,Williamsburg,33.975,2018,2022
45,South Carolina,45091,York,22.675,2018,2022
46,South Dakota,46003,Aurora,24.15,2018,2022
46,South Dakota,46005,Beadle,28.5,2018,2022
46,South Dakota,46007,Bennett,32.875,2018,2022
46,South Dakota,46009,Bon Homme,25.925,2018,2022
46,South Dakota,46011,Brookings,22.025,2018,2022
46,South Dakota,46013,Brown,24.65,2018,2022
46,South Dakota,46015,Brule,26.075,2018,2022
46,South Dakota,46017,Buffalo,39.3,2018,2022
46,South Dakota,46019,Butte,27.2,2018,2022
46,South Dakota,46021,Campbell,22.55,2018,2022
46,South Dakota,46023,Charles Mix,29.25,2018,2022
46,South Dakota,46025,Clark,25.675,2018,2022
46,South Dakota,46027,Clay,23.925,2018,2022
46,South Dakota,46029,Codington,25.3,2018,2022
46,South Dakota,46031,Corson,37.099999999999994,2018,2022
46,South Dakota,46033,Custer,24.35,2018,2022
46,South Dakota,46035,Davison,24.95,2018,2022
46,South Dakota,46037,Day,26.725,2018,2022
46,South Dakota,46039,Deuel,24.0,2018,2022
46,South Dakota,46041,Dewey,36.5,2018,2022
46,South Dakota,46043,Douglas,24.55,2018,2022
46,South Dakota,46045,Edmunds,24.025,2018,2022
46,South Dakota,46047,Fall River,27.125,2018,2022
46,South Dakota,46049,Faulk,24.45,2018,2022
46,South Dakota,46051,Grant,24.475,2018,2022
46,South Dakota,46053,Gregory,26.725,2018,2022
46,South Dakota,46055,Haakon,28.375,2018,2022
46,South Dakota,46057,Hamlin,24.425,2018,2022
46,South Dakota,46059,Hand,22.9,2018,2022
46,South Dakota,46061,Hanson,23.575,2018,2022
46,South Dakota,46063,Harding,23.525,2018,2022
46,South Dakota,46065,Hughes,22.625,2018,2022
46,South Dakota,46067,Hutchinson,24.675,2018,2022
46,South Dakota,46069,Hyde,23.675,2018,2022
46,South Dakota,46071,Jackson,35.15,2018,2022
46,South Dakota,46073,Jerauld,24.125,2018,2022
46,South Dakota,46075,Jones,22.975,2018,2022
46,South Dakota,46077,Kingsbury,23.6,2018,2022
46,South Dakota,46079,Lake,23.15,2018,2022
46,South Dakota,46081,Lawrence,22.45,2018,2022
46,South Dakota,46083,Lincoln,21.175,2018,2022
46,South Dakota,46085,Lyman,29.375,2018,2022
46,South Dakota,46087,McCook,23.6,2018,2022
46,South Dakota,46089,McPherson,26.9,2018,2022
46,South Dakota,46091,Marshall,23.425,2018,2022
46,South Dakota,46093,Meade,23.85,2018,2022
46,South Dakota,46095,Mellette,38.625,2018,2022
46,South Dakota,46097,Miner,24.95,2018,2022
46,South Dakota,46099,Minnehaha,23.55,2018,2022
46,South Dakota,46101,Moody,24.4,2018,2022
46,South Dakota,46103,Pennington,24.425,2018,2022
46,South Dakota,46105,Perkins,24.675,2018,2022
46,South Dakota,46107,Potter,23.95,2018,2022
46,South Dakota,46109,Roberts,30.575,2018,2022
46,South Dakota,46111,Sanborn,24.925,2018,2022
46,South Dakota,46113,Shannon,38.25,2018,2022
46,South Dakota,46115,Spink,23.85,2018,2022
46,South Dakota,46117,Stanley,21.1,2018,2022
46,South Dakota,46119,Sully,22.975,2018,2022
46,South Dakota,46121,Todd,39.175,2018,2022
46,South Dakota,46123,Tripp,28.1,2018,2022
46,South Dakota,46125,Turner,24.200000000000003,2018,2022
46,South Dakota,46127,Union,21.7,2018,2022
46,South Dakota,46129,Walworth,25.275,2018,2022
46,South Dakota,46135,Yankton,24.225,2018,2022
46,South Dakota,46137,Ziebach,37.0,2018,2022
47,Tennessee,47001,Anderson,29.825,2018,2022
47,Tennessee,47003,Bedford,31.825,2018,2022
47,Tennessee,47005,Benton,33.525,2018,2022
47,Tennessee,47007,Bledsoe,33.625,2018,2022
47,Tennessee,47009,Blount,26.775,2018,2022
47,Tennessee,47011,Bradley,29.65,2018,2022
47,Tennessee,47013,Campbell,34.075,2018,2022
47,Tennessee,47015,Cannon,30.6,2018,2022
47,Tennessee,47017,Carroll,31.0,2018,2022
47,Tennessee,47019,Carter,31.325,2018,2022
47,Tennessee,47021,Cheatham,27.55,2018,2022
47,Tennessee,47023,Chester,30.7,2018,2022
47,Tennessee,47025,Claiborne,32.875,2018,2022
47,Tennessee,47027,Clay,35.35,2018,2022
47,Tennessee,47029,Cocke,33.8,2018,2022
47,Tennessee,47031,Coffee,30.4,2018,2022
47,Tennessee,47033,Crockett,33.45,2018,2022
47,Tennessee,47035,Cumberland,29.625,2018,2022
47,Tennessee,47037,Davidson,25.6,2018,2022
47,Tennessee,47039,Decatur,32.225,2018,2022
47,Tennessee,47041,DeKalb,32.3,2018,2022
47,Tennessee,47043,Dickson,29.25,2018,2022
47,Tennessee,47045,Dyer,31.950000000000003,2018,2022
47,Tennessee,47047,Fayette,28.75,2018,2022
47,Tennessee,47049,Fentress,33.4,2018,2022
47,Tennessee,47051,Franklin,28.45,2018,2022
47,Tennessee,47053,Gibson,31.65,2018,2022
47,Tennessee,47055,Giles,30.325000000000003,2018,2022
47,Tennessee,47057,Grainger,32.5,2018,2022
47,Tennessee,47059,Greene,31.95,2018,2022
47,Tennessee,47061,Grundy,33.3,2018,2022
47,Tennessee,47063,Hamblen,32.25,2018,2022
47,Tennessee,47065,Hamilton,25.75,2018,2022
47,Tennessee,47067,Hancock,35.625,2018,2022
47,Tennessee,47069,Hardeman,36.75,2018,2022
47,Tennessee,47071,Hardin,32.675,2018,2022
47,Tennessee,47073,Hawkins,31.525,2018,2022
47,Tennessee,47075,Haywood,36.875,2018,2022
47,Tennessee,47077,Henderson,31.525,2018,2022
47,Tennessee,47079,Henry,32.3,2018,2022
47,Tennessee,47081,Hickman,31.675,2018,2022
47,Tennessee,47083,Houston,31.95,2018,2022
47,Tennessee,47085,Humphreys,30.925,2018,2022
47,Tennessee,47087,Jackson,32.65,2018,2022
47,Tennessee,47089,Jefferson,29.424999999999997,2018,2022
47,Tennessee,47091,Johnson,33.375,2018,2022
47,Tennessee,47093,Knox,25.65,2018,2022
47,Tennessee,47095,Lake,37.325,2018,2022
47,Tennessee,47097,Lauderdale,37.425,2018,2022
47,Tennessee,47099,Lawrence,32.675,2018,2022
47,Tennessee,47101,Lewis,32.55,2018,2022
47,Tennessee,47103,Lincoln,30.075,2018,2022
47,Tennessee,47105,Loudon,26.975,2018,2022
47,Tennessee,47107,McMinn,31.549999999999997,2018,2022
47,Tennessee,47109,McNairy,33.75,2018,2022
47,Tennessee,47111,Macon,34.325,2018,2022
47,Tennessee,47113,Madison,30.55,2018,2022
47,Tennessee,47115,Marion,30.85,2018,2022
47,Tennessee,47117,Marshall,30.799999999999997,2018,2022
47,Tennessee,47119,Maury,28.075,2018,2022
47,Tennessee,47121,Meigs,31.2,2018,2022
47,Tennessee,47123,Monroe,32.275,2018,2022
47,Tennessee,47125,Montgomery,27.25,2018,2022
47,Tennessee,47127,Moore,28.675,2018,2022
47,Tennessee,47129,Morgan,33.75,2018,2022
47,Tennessee,47131,Obion,33.575,2018,2022
47,Tennessee,47133,Overton,32.325,2018,2022
47,Tennessee,47135,Perry,34.575,2018,2022
47,Tennessee,47137,Pickett,33.0,2018,2022
47,Tennessee,47139,Polk,30.35,2018,2022
47,Tennessee,47141,Putnam,29.925,2018,2022
47,Tennessee,47143,Rhea,31.474999999999998,2018,2022
47,Tennessee,47145,Roane,27.875,2018,2022
47,Tennessee,47147,Robertson,28.375,2018,2022
47,Tennessee,47149,Rutherford,25.625,2018,2022
47,Tennessee,47151,Scott,34.725,2018,2022
47,Tennessee,47153,Sequatchie,31.525,2018,2022
47,Tennessee,47155,Sevier,31.15,2018,2022
47,Tennessee,47157,Shelby,29.55,2018,2022
47,Tennessee,47159,Smith,31.25,2018,2022
47,Tennessee,47161,Stewart,29.0,2018,2022
47,Tennessee,47163,Sullivan,28.925,2018,2022
47,Tennessee,47165,Sumner,26.6,2018,2022
47,Tennessee,47167,Tipton,29.6,2018,2022
47,Tennessee,47169,Trousdale,29.825,2018,2022
47,Tennessee,47171,Unicoi,31.225,2018,2022
47,Tennessee,47173,Union,32.925,2018,2022
47,Tennessee,47175,Van Buren,34.225,2018,2022
47,Tennessee,47177,Warren,33.025,2018,2022
47,Tennessee,47179,Washington,27.075,2018,2022
47,Tennessee,47181,Wayne,32.925,2018,2022
47,Tennessee,47183,Weakley,30.825,2018,2022
47,Tennessee,47185,White,31.799999999999997,2018,2022
47,Tennessee,47187,Williamson,19.325,2018,2022
47,Tennessee,47189,Wilson,24.975,2018,2022
48,Texas,48001,Anderson,30.325,2018,2022
48,Texas,48003,Andrews,31.049999999999997,2018,2022
48,Texas,48005,Angelina,31.95,2018,2022
48,Texas,48007,Aransas,30.075,2018,2022
48,Texas,48009,Archer,24.075,2018,2022
48,Texas,48011,Armstrong,22.375,2018,2022
48,Texas,48013,Atascosa,32.375,2018,2022
48,Texas,48015,Austin,26.9,2018,2022
48,Texas,48017,Bailey,31.7,2018,2022
48,Texas,48019,Bandera,25.5,2018,2022
48,Texas,48021,Bastrop,28.05,2018,2022
48,Texas,48023,Baylor,26.075,2018,2022
48,Texas,48025,Bee,33.65,2018,2022
48,Texas,48027,Bell,27.1,2018,2022
48,Texas,48029,Bexar,27.05,2018,2022
48,Texas,48031,Blanco,24.25,2018,2022
48,Texas,48033,Borden,19.9,2018,2022
48,Texas,48035,Bosque,27.45,2018,2022
48,Texas,48037,Bowie,28.075,2018,2022
48,Texas,48039,Brazoria,26.575,2018,2022
48,Texas,48041,Brazos,25.45,2018,2022
48,Texas,48043,Brewster,25.825000000000003,2018,2022
48,Texas,48045,Briscoe,30.725,2018,2022
48,Texas,48047,Brooks,41.05,2018,2022
48,Texas,48049,Brown,27.475,2018,2022
48,Texas,48051,Burleson,27.475,2018,2022
48,Texas,48053,Burnet,25.675,2018,2022
48,Texas,48055,Caldwell,32.6,2018,2022
48,Texas,48057,Calhoun,30.75,2018,2022
48,Texas,48059,Callahan,25.425,2018,2022
48,Texas,48061,Cameron,36.275,2018,2022
48,Texas,48063,Camp,29.75,2018,2022
48,Texas,48065,Carson,22.575,2018,2022
48,Texas,48067,Cass,29.650000000000002,2018,2022
48,Texas,48069,Castro,32.324999999999996,2018,2022
48,Texas,48071,Chambers,25.7,2018,2022
48,Texas,48073,Cherokee,31.725,2018,2022
48,Texas,48075,Childress,30.25,2018,2022
48,Texas,48077,Clay,24.425,2018,2022
48,Texas,48079,Cochran,38.75,2018,2022
48,Texas,48081,Coke,27.575,2018,2022
48,Texas,48083,Coleman,27.95,2018,2022
48,Texas,48085,Collin,20.3,2018,2022
48,Texas,48087,Collingsworth,31.224999999999998,2018,2022
48,Texas,48089,Colorado,29.175,2018,2022
48,Texas,48091,Comal,22.425,2018,2022
48,Texas,48093,Comanche,27.625,2018,2022
48,Texas,48095,Concho,31.75,2018,2022
48,Texas,48097,Cooke,25.95,2018,2022
48,Texas,48099,Coryell,28.2,2018,2022
48,Texas,48101,Cottle,33.25,2018,2022
48,Texas,48103,Crane,30.425,2018,2022
48,Texas,48105,Crockett,31.55,2018,2022
48,Texas,48107,Crosby,35.2,2018,2022
48,Texas,48109,Culberson,40.625,2018,2022
48,Texas,48111,Dallam,32.875,2018,2022
48,Texas,48113,Dallas,29.3,2018,2022
48,Texas,48115,Dawson,37.5,2018,2022
48,Texas,48117,Deaf Smith,34.9,2018,2022
48,Texas,48119,Delta,26.675,2018,2022
48,Texas,48121,Denton,21.675,2018,2022
48,Texas,48123,DeWitt,31.150000000000002,2018,2022
48,Texas,48125,Dickens,30.450000000000003,2018,2022
48,Texas,48127,Dimmit,43.075,2018,2022
48,Texas,48129,Donley,26.475,2018,2022
48,Texas,48131,Duval,38.099999999999994,2018,2022
48,Texas,48133,Eastland,29.15,2018,2022
48,Texas,48135,Ector,32.075,2018,2022
48,Texas,48137,Edwards,34.224999999999994,2018,2022
48,Texas,48139,Ellis,25.375,2018,2022
48,Texas,48141,El Paso,30.15,2018,2022
48,Texas,48143,Erath,26.15,2018,2022
48,Texas,48145,Falls,33.8,2018,2022
48,Texas,48147,Fannin,26.675,2018,2022
48,Texas,48149,Fayette,26.825,2018,2022
48,Texas,48151,Fisher,27.425,2018,2022
48,Texas,48153,Floyd,32.55,2018,2022
48,Texas,48155,Foard,29.675,2018,2022
48,Texas,48157,Fort Bend,23.175,2018,2022
48,Texas,48159,Franklin,23.15,2018,2022
48,Texas,48161,Freestone,29.225,2018,2022
48,Texas,48163,Frio,37.7,2018,2022
48,Texas,48165,Gaines,32.95,2018,2022
48,Texas,48167,Galveston,25.8,2018,2022
48,Texas,48169,Garza,33.4,2018,2022
48,Texas,48171,Gillespie,23.8,2018,2022
48,Texas,48173,Glasscock,28.975,2018,2022
48,Texas,48175,Goliad,28.3,2018,2022
48,Texas,48177,Gonzales,33.475,2018,2022
48,Texas,48179,Gray,30.474999999999998,2018,2022
48,Texas,48181,Grayson,25.85,2018,2022
48,Texas,48183,Gregg,29.3,2018,2022
48,Texas,48185,Grimes,30.45,2018,2022
48,Texas,48187,Guadalupe,26.175,2018,2022
48,Texas,48189,Hale,33.0,2018,2022
48,Texas,48191,Hall,34.15,2018,2022
48,Texas,48193,Hamilton,28.15,2018,2022
48,Texas,48195,Hansford,32.925,2018,2022
48,Texas,48197,Hardeman,29.25,2018,2022
48,Texas,48199,Hardin,27.475,2018,2022
48,Texas,48201,Harris,28.25,2018,2022
48,Texas,48203,Harrison,28.275,2018,2022
48,Texas,48205,Hartley,24.925,2018,2022
48,Texas,48207,Haskell,33.2,2018,2022
48,Texas,48209,Hays,23.525,2018,2022
48,Texas,48211,Hemphill,26.65,2018,2022
48,Texas,48213,Henderson,29.275000000000002,2018,2022
48,Texas,48215,Hidalgo,34.75,2018,2022
48,Texas,48217,Hill,28.15,2018,2022
48,Texas,48219,Hockley,31.675,2018,2022
48,Texas,48221,Hood,23.275,2018,2022
48,Texas,48223,Hopkins,28.225,2018,2022
48,Texas,48225,Houston,32.625,2018,2022
48,Texas,48227,Howard,31.425,2018,2022
48,Texas,48229,Hudspeth,41.675,2018,2022
48,Texas,48231,Hunt,27.55,2018,2022
48,Texas,48233,Hutchinson,27.925,2018,2022
48,Texas,48235,Irion,25.625,2018,2022
48,Texas,48237,Jack,29.95,2018,2022
48,Texas,48239,Jackson,28.650000000000002,2018,2022
48,Texas,48241,Jasper,31.05,2018,2022
48,Texas,48243,Jeff Davis,28.475,2018,2022
48,Texas,48245,Jefferson,31.525,2018,2022
48,Texas,48247,Jim Hogg,39.75,2018,2022
48,Texas,48249,Jim Wells,35.45,2018,2022
48,Texas,48251,Johnson,26.95,2018,2022
48,Texas,48253,Jones,30.9,2018,2022
48,Texas,48255,Karnes,32.8,2018,2022
48,Texas,48257,Kaufman,27.1,2018,2022
48,Texas,48259,Kendall,20.95,2018,2022
48,Texas,48261,Kenedy,35.975,2018,2022
48,Texas,48263,Kent,23.625,2018,2022
48,Texas,48265,Kerr,25.95,2018,2022
48,Texas,48267,Kimble,28.95,2018,2022
48,Texas,48269,King,30.75,2018,2022
48,Texas,48271,Kinney,34.6,2018,2022
48,Texas,48273,Kleberg,33.425,2018,2022
48,Texas,48275,Knox,30.55,2018,2022
48,Texas,48277,Lamar,28.325,2018,2022
48,Texas,48279,Lamb,35.1,2018,2022
48,Texas,48281,Lampasas,25.875,2018,2022
48,Texas,48283,La Salle,36.5,2018,2022
48,Texas,48285,Lavaca,27.375,2018,2022
48,Texas,48287,Lee,28.65,2018,2022
48,Texas,48289,Leon,29.849999999999998,2018,2022
48,Texas,48291,Liberty,32.375,2018,2022
48,Texas,48293,Limestone,31.25,2018,2022
48,Texas,48295,Lipscomb,27.2,2018,2022
48,Texas,48297,Live Oak,33.1,2018,2022
48,Texas,48299,Llano,24.9,2018,2022
48,Texas,48301,Loving,22.925,2018,2022
48,Texas,48303,Lubbock,28.325,2018,2022
48,Texas,48305,Lynn,32.9,2018,2022
48,Texas,48307,McCulloch,29.924999999999997,2018,2022
48,Texas,48309,McLennan,28.9,2018,2022
48,Texas,48311,McMullen,28.85,2018,2022
48,Texas,48313,Madison,29.95,2018,2022
48,Texas,48315,Marion,29.825,2018,2022
48,Texas,48317,Martin,29.1,2018,2022
48,Texas,48319,Mason,24.975,2018,2022
48,Texas,48321,Matagorda,31.925,2018,2022
48,Texas,48323,Maverick,39.175,2018,2022
48,Texas,48325,Medina,28.225,2018,2022
48,Texas,48327,Menard,28.775,2018,2022
48,Texas,48329,Midland,26.4,2018,2022
48,Texas,48331,Milam,30.325,2018,2022
48,Texas,48333,Mills,27.375,2018,2022
48,Texas,48335,Mitchell,31.0,2018,2022
48,Texas,48337,Montague,27.05,2018,2022
48,Texas,48339,Montgomery,23.925,2018,2022
48,Texas,48341,Moore,32.8,2018,2022
48,Texas,48343,Morris,29.3,2018,2022
48,Texas,48345,Motley,26.200000000000003,2018,2022
48,Texas,48347,Nacogdoches,29.7,2018,2022
48,Texas,48349,Navarro,30.85,2018,2022
48,Texas,48351,Newton,31.95,2018,2022
48,Texas,48353,Nolan,31.675,2018,2022
48,Texas,48355,Nueces,30.85,2018,2022
48,Texas,48357,Ochiltree,31.9,2018,2022
48,Texas,48359,Oldham,25.55,2018,2022
48,Texas,48361,Orange,27.325,2018,2022
48,Texas,48363,Palo Pinto,28.625,2018,2022
48,Texas,48365,Panola,28.075,2018,2022
48,Texas,48367,Parker,23.275,2018,2022
48,Texas,48369,Parmer,33.175,2018,2022
48,Texas,48371,Pecos,34.125,2018,2022
48,Texas,48373,Polk,31.45,2018,2022
48,Texas,48375,Potter,33.65,2018,2022
48,Texas,48377,Presidio,44.15,2018,2022
48,Texas,48379,Rains,26.625,2018,2022
48,Texas,48381,Randall,23.05,2018,2022
48,Texas,48383,Reagan,31.6,2018,2022
48,Texas,48385,Real,31.9,2018,2022
48,Texas,48387,Red River,29.875,2018,2022
48,Texas,48389,Reeves,35.45,2018,2022
48,Texas,48391,Refugio,32.1,2018,2022
48,Texas,48393,Roberts,23.55,2018,2022
48,Texas,48395,Robertson,29.5,2018,2022
48,Texas,48397,Rockwall,20.325,2018,2022
48,Texas,48399,Runnels,30.0,2018,2022
48,Texas,48401,Rusk,28.75,2018,2022
48,Texas,48403,Sabine,28.85,2018,2022
48,Texas,48405,San Augustine,32.675,2018,2022
48,Texas,48407,San Jacinto,30.0,2018,2022
48,Texas,48409,San Patricio,33.475,2018,2022
48,Texas,48411,San Saba,31.0,2018,2022
48,Texas,48413,Schleicher,29.4,2018,2022
48,Texas,48415,Scurry,30.825,2018,2022
48,Texas,48417,Shackelford,24.075,2018,2022
48,Texas,48419,Shelby,32.525,2018,2022
48,Texas,48421,Sherman,28.95,2018,2022
48,Texas,48423,Smith,26.25,2018,2022
48,Texas,48425,Somervell,26.0,2018,2022
48,Texas,48427,Starr,44.5,2018,2022
48,Texas,48429,Stephens,29.674999999999997,2018,2022
48,Texas,48431,Sterling,28.275,2018,2022
48,Texas,48433,Stonewall,28.525,2018,2022
48,Texas,48435,Sutton,30.775,2018,2022
48,Texas,48437,Swisher,35.475,2018,2022
48,Texas,48439,Tarrant,26.0,2018,2022
48,Texas,48441,Taylor,26.799999999999997,2018,2022
48,Texas,48443,Terrell,30.725,2018,2022
48,Texas,48445,Terry,36.55,2018,2022
48,Texas,48447,Throckmorton,27.3,2018,2022
48,Texas,48449,Titus,32.625,2018,2022
48,Texas,48451,Tom Green,27.275,2018,2022
48,Texas,48453,Travis,19.825,2018,2022
48,Texas,48455,Trinity,30.25,2018,2022
48,Texas,48457,Tyler,29.724999999999998,2018,2022
48,Texas,48459,Upshur,27.725,2018,2022
48,Texas,48461,Upton,31.85,2018,2022
48,Texas,48463,Uvalde,34.6,2018,2022
48,Texas,48465,Val Verde,36.175,2018,2022
48,Texas,48467,Van Zandt,27.125,2018,2022
48,Texas,48469,Victoria,29.825,2018,2022
48,Texas,48471,Walker,29.525,2018,2022
48,Texas,48473,Waller,28.625,2018,2022
48,Texas,48475,Ward,32.225,2018,2022
48,Texas,48477,Washington,26.325,2018,2022
48,Texas,48479,Webb,38.225,2018,2022
48,Texas,48481,Wharton,31.45,2018,2022
48,Texas,48483,Wheeler,29.725,2018,2022
48,Texas,48485,Wichita,27.950000000000003,2018,2022
48,Texas,48487,Wilbarger,33.724999999999994,2018,2022
48,Texas,48489,Willacy,41.5,2018,2022
48,Texas,48491,Williamson,20.925,2018,2022
48,Texas,48493,Wilson,26.5,2018,2022
48,Texas,48495,Winkler,32.625,2018,2022
48,Texas,48497,Wise,26.925,2018,2022
48,Texas,48499,Wood,26.725,2018,2022
48,Texas,48501,Yoakum,32.15,2018,2022
48,Texas,48503,Young,27.65,2018,2022
48,Texas,48505,Zapata,42.625,2018,2022
48,Texas,48507,Zavala,43.4,2018,2022
49,Utah,49001,Beaver,19.65,2018,2022
49,Utah,49003,Box Elder,19.174999999999997,2018,2022
49,Utah,49005,Cache,17.925,2018,2022
49,Utah,49007,Carbon,22.925,2018,2022
49,Utah,49009,Daggett,18.275,2018,2022
49,Utah,49011,Davis,17.125,2018,2022
49,Utah,49013,Duchesne,21.875,2018,2022
49,Utah,49015,Emery,20.4,2018,2022
49,Utah,49017,Garfield,20.5,2018,2022
49,Utah,49019,Grand,19.475,2018,2022
49,Utah,49021,Iron,19.6,2018,2022
49,Utah,49023,Juab,20.2,2018,2022
49,Utah,49025,Kane,18.85,2018,2022
49,Utah,49027,Millard,21.225,2018,2022
49,Utah,49029,Morgan,15.425,2018,2022
49,Utah,49031,Piute,23.5,2018,2022
49,Utah,49033,Rich,19.5,2018,2022
49,Utah,49035,Salt Lake,19.025,2018,2022
49,Utah,49037,San Juan,23.65,2018,2022
49,Utah,49039,Sanpete,20.825,2018,2022
49,Utah,49041,Sevier,20.5,2018,2022
49,Utah,49043,Summit,13.6,2018,2022
49,Utah,49045,Tooele,20.700000000000003,2018,2022
49,Utah,49047,Uintah,22.625,2018,2022
49,Utah,49049,Utah,17.2,2018,2022
49,Utah,49051,Wasatch,15.875,2018,2022
49,Utah,49053,Washington,17.25,2018,2022
49,Utah,49055,Wayne,19.45,2018,2022
49,Utah,49057,Weber,20.975,2018,2022
50,Vermont,50001,Addison,17.35,2018,2022
50,Vermont,50003,Bennington,18.925,2018,2022
50,Vermont,50005,Caledonia,21.325,2018,2022
50,Vermont,50007,Chittenden,15.05,2018,2022
50,Vermont,50009,Essex,24.225,2018,2022
50,Vermont,50011,Franklin,21.675,2018,2022
50,Vermont,50013,Grand Isle,17.674999999999997,2018,2022
50,Vermont,50015,Lamoille,18.575,2018,2022
50,Vermont,50017,Orange,18.8,2018,2022
50,Vermont,50019,Orleans,22.375,2018,2022
50,Vermont,50021,Rutland,19.6,2018,2022
50,Vermont,50023,Washington,17.0,2018,2022
50,Vermont,50025,Windham,17.65,2018,2022
50,Vermont,50027,Windsor,18.175,2018,2022
51,Virginia,51001,Accomack,30.474999999999998,2018,2022
51,Virginia,51003,Albemarle,18.875,2018,2022
51,Virginia,51005,Alleghany,27.525,2018,2022
51,Virginia,51007,Amelia,26.9,2018,2022
51,Virginia,51009,Amherst,26.275,2018,2022
51,Virginia,51011,Appomattox,26.325,2018,2022
51,Virginia,51013,Arlington,15.85,2018,2022
51,Virginia,51015,Augusta,24.675,2018,2022
51,Virginia,51017,Bath,28.7,2018,2022
51,Virginia,51019,Bedford,21.65,2018,2022
51,Virginia,51021,Bland,24.575000000000003,2018,2022
51,Virginia,51023,Botetourt,21.825,2018,2022
51,Virginia,51025,Brunswick,31.45,2018,2022
51,Virginia,51027,Buchanan,32.925,2018,2022
51,Virginia,51029,Buckingham,30.25,2018,2022
51,Virginia,51031,Campbell,26.275,2018,2022
51,Virginia,51033,Caroline,25.450000000000003,2018,2022
51,Virginia,51035,Carroll,27.45,2018,2022
51,Virginia,51036,Charles City,29.05,2018,2022
51,Virginia,51037,Charlotte,30.625,2018,2022
51,Virginia,51041,Chesterfield,22.575,2018,2022
51,Virginia,51043,Clarke,21.575,2018,2022
51,Virginia,51045,Craig,23.45,2018,2022
51,Virginia,51047,Culpeper,24.875,2018,2022
51,Virginia,51049,Cumberland,27.475,2018,2022
51,Virginia,51051,Dickenson,31.675,2018,2022
51,Virginia,51053,Dinwiddie,26.875,2018,2022
51,Virginia,51057,Essex,30.075,2018,2022
51,Virginia,51059,Fairfax,17.349999999999998,2018,2022
51,Virginia,51061,Fauquier,20.8,2018,2022
51,Virginia,51063,Floyd,24.65,2018,2022
51,Virginia,51065,Fluvanna,21.125,2018,2022
51,Virginia,51067,Franklin,25.7,2018,2022
51,Virginia,51069,Frederick,23.174999999999997,2018,2022
51,Virginia,51071,Giles,25.5,2018,2022
51,Virginia,51073,Gloucester,22.7,2018,2022
51,Virginia,51075,Goochland,20.05,2018,2022
51,Virginia,51077,Grayson,28.975,2018,2022
51,Virginia,51079,Greene,23.9,2018,2022
51,Virginia,51081,Greensville,31.725,2018,2022
51,Virginia,51083,Halifax,29.775,2018,2022
51,Virginia,51085,Hanover,19.5,2018,2022
51,Virginia,51087,Henrico,22.55,2018,2022
51,Virginia,51089,Henry,31.325000000000003,2018,2022
51,Virginia,51091,Highland,24.0,2018,2022
51,Virginia,51093,Isle of Wight,24.0,2018,2022
51,Virginia,51095,James City,19.025,2018,2022
51,Virginia,51097,King and Queen,26.45,2018,2022
51,Virginia,51099,King George,21.675,2018,2022
51,Virginia,51101,King William,23.975,2018,2022
51,Virginia,51103,Lancaster,24.5,2018,2022
51,Virginia,51105,Lee,32.325,2018,2022
51,Virginia,51107,Loudoun,17.650000000000002,2018,2022
51,Virginia,51109,Louisa,25.65,2018,2022
51,Virginia,51111,Lunenburg,30.599999999999998,2018,2022
51,Virginia,51113,Madison,25.475,2018,2022
51,Virginia,51115,Mathews,22.225,2018,2022
51,Virginia,51117,Mecklenburg,29.9,2018,2022
51,Virginia,51119,Middlesex,24.625,2018,2022
51,Virginia,51121,Montgomery,23.125,2018,2022
51,Virginia,51125,Nelson,24.625,2018,2022
51,Virginia,51127,New Kent,21.65,2018,2022
51,Virginia,51131,Northampton,28.575,2018,2022
51,Virginia,51133,Northumberland,24.45,2018,2022
51,Virginia,51135,Nottoway,31.25,2018,2022
51,Virginia,51137,Orange,23.9,2018,2022
51,Virginia,51139,Page,27.975,2018,2022
51,Virginia,51141,Patrick,26.775,2018,2022
51,Virginia,51143,Pittsylvania,29.425,2018,2022
51,Virginia,51145,Powhatan,21.275,2018,2022
51,Virginia,51147,Prince Edward,28.475,2018,2022
51,Virginia,51149,Prince George,24.85,2018,2022
51,Virginia,51153,Prince William,22.525,2018,2022
51,Virginia,51155,Pulaski,25.95,2018,2022
51,Virginia,51157,Rappahannock,22.075,2018,2022
51,Virginia,51159,Richmond,29.65,2018,2022
51,Virginia,51161,Roanoke,22.375,2018,2022
51,Virginia,51163,Rockbridge,24.55,2018,2022
51,Virginia,51165,Rockingham,24.65,2018,2022
51,Virginia,51167,Russell,30.325,2018,2022
51,Virginia,51169,Scott,28.6,2018,2022
51,Virginia,51171,Shenandoah,25.725,2018,2022
51,Virginia,51173,Smyth,28.7,2018,2022
51,Virginia,51175,Southampton,26.65,2018,2022
51,Virginia,51177,Spotsylvania,23.424999999999997,2018,2022
51,Virginia,51179,Stafford,20.825,2018,2022
51,Virginia,51181,Surry,28.075000000000003,2018,2022
51,Virginia,51183,Sussex,30.75,2018,2022
51,Virginia,51185,Tazewell,28.75,2018,2022
51,Virginia,51187,Warren,24.85,2018,2022
51,Virginia,51191,Washington,25.875,2018,2022
51,Virginia,51193,Westmoreland,27.35,2018,2022
51,Virginia,51195,Wise,30.975,2018,2022
51,Virginia,51197,Wythe,26.45,2018,2022
51,Virginia,51199,York,19.075,2018,2022
51,Virginia,51510,Alexandria,18.725,2018,2022
51,Virginia,51520,Bristol,28.45,2018,2022
51,Virginia,51530,Buena Vista,29.825,2018,2022
51,Virginia,51540,Charlottesville,23.225,2018,2022
51,Virginia,51550,Chesapeake,23.575,2018,2022
51,Virginia,51570,Colonial Heights,24.9,2018,2022
51,Virginia,51580,Covington,28.05,2018,2022
51,Virginia,51590,Danville,32.3,2018,2022
51,Virginia,51595,Emporia,37.35,2018,2022
51,Virginia,51600,Fairfax City,19.725,2018,2022
51,Virginia,51610,Falls Church,14.75,2018,2022
51,Virginia,51620,Franklin City,31.150000000000002,2018,2022
51,Virginia,51630,Fredericksburg,23.45,2018,2022
51,Virginia,51640,Galax,32.225,2018,2022
51,Virginia,51650,Hampton,26.775,2018,2022
51,Virginia,51660,Harrisonburg,29.1,2018,2022
51,Virginia,51670,Hopewell,33.85,2018,2022
51,Virginia,51678,Lexington,24.9,2018,2022
51,Virginia,51680,Lynchburg,25.825,2018,2022
51,Virginia,51683,Manassas,25.5,2018,2022
51,Virginia,51685,Manassas Park,27.325,2018,2022
51,Virginia,51690,Martinsville,31.475,2018,2022
51,Virginia,51700,Newport News,27.3,2018,2022
51,Virginia,51710,Norfolk,25.45,2018,2022
51,Virginia,51720,Norton,29.425,2018,2022
51,Virginia,51730,Petersburg,33.525,2018,2022
51,Virginia,51735,Poquoson,19.175,2018,2022
51,Virginia,51740,Portsmouth,29.925,2018,2022
51,Virginia,51750,Radford,28.25,2018,2022
51,Virginia,51760,Richmond City,25.525,2018,2022
51,Virginia,51770,Roanoke City,28.15,2018,2022
51,Virginia,51775,Salem,22.925,2018,2022
51,Virginia,51790,Staunton,23.8,2018,2022
51,Virginia,51800,Suffolk,25.15,2018,2022
51,Virginia,51810,Virginia Beach,20.975,2018,2022
51,Virginia,51820,Waynesboro,27.375,2018,2022
51,Virginia,51830,Williamsburg,22.95,2018,2022
51,Virginia,51840,Winchester,25.400000000000002,2018,2022
53,Washington,53001,Adams,30.25,2018,2022
53,Washington,53003,Asotin,20.425,2018,2022
53,Washington,53005,Benton,20.4,2018,2022
53,Washington,53007,Chelan,20.6,2018,2022
53,Washington,53009,Clallam,19.075,2018,2022
53,Washington,53011,Clark,17.525,2018,2022
53,Washington,53013,Columbia,19.275,2018,2022
53,Washington,53015,Cowlitz,20.175,2018,2022
53,Washington,53017,Douglas,22.1,2018,2022
53,Washington,53019,Ferry,22.575,2018,2022
53,Washington,53021,Franklin,24.275,2018,2022
53,Washington,53023,Garfield,19.25,2018,2022
53,Washington,53025,Grant,25.2,2018,2022
53,Washington,53027,Grays Harbor,22.0,2018,2022
53,Washington,53029,Island,17.175,2018,2022
53,Washington,53031,Jefferson,15.475,2018,2022
53,Washington,53033,King,14.75,2018,2022
53,Washington,53035,Kitsap,16.975,2018,2022
53,Washington,53037,Kittitas,18.9,2018,2022
53,Washington,53039,Klickitat,19.975,2018,2022
53,Washington,53041,Lewis,21.15,2018,2022
53,Washington,53043,Lincoln,19.575,2018,2022
53,Washington,53045,Mason,20.875,2018,2022
53,Washington,53047,Okanogan,23.225,2018,2022
53,Washington,53049,Pacific,21.55,2018,2022
53,Washington,53051,Pend Oreille,20.450000000000003,2018,2022
53,Washington,53053,Pierce,19.674999999999997,2018,2022
53,Washington,53055,San Juan,14.575,2018,2022
53,Washington,53057,Skagit,18.65,2018,2022
53,Washington,53059,Skamania,19.25,2018,2022
53,Washington,53061,Snohomish,18.625,2018,2022
53,Washington,53063,Spokane,18.975,2018,2022
53,Washington,53065,Stevens,20.625,2018,2022
53,Washington,53067,Thurston,16.625,2018,2022
53,Washington,53069,Wahkiakum,19.625,2018,2022
53,Washington,53071,Walla Walla,20.1,2018,2022
53,Washington,53073,Whatcom,17.15,2018,2022
53,Washington,53075,Whitman,20.25,2018,2022
53,Washington,53077,Yakima,26.25,2018,2022
54,West Virginia,54001,Barbour,31.45,2018,2022
54,West Virginia,54003,Berkeley,27.15,2018,2022
54,West Virginia,54005,Boone,33.45,2018,2022
54,West Virginia,54007,Braxton,32.85,2018,2022
54,West Virginia,54009,Brooke,27.2,2018,2022
54,West Virginia,54011,Cabell,28.3,2018,2022
54,West Virginia,54013,Calhoun,33.675,2018,2022
54,West Virginia,54015,Clay,34.425,2018,2022
54,West Virginia,54017,Doddridge,29.825,2018,2022
54,West Virginia,54019,Fayette,32.974999999999994,2018,2022
54,West Virginia,54021,Gilmer,30.3,2018,2022
54,West Virginia,54023,Grant,31.05,2018,2022
54,West Virginia,54025,Greenbrier,29.725,2018,2022
54,West Virginia,54027,Hampshire,30.125,2018,2022
54,West Virginia,54029,Hancock,27.95,2018,2022
54,West Virginia,54031,Hardy,30.525,2018,2022
54,West Virginia,54033,Harrison,28.675,2018,2022
54,West Virginia,54035,Jackson,28.425,2018,2022
54,West Virginia,54037,Jefferson,24.225,2018,2022
54,West Virginia,54039,Kanawha,29.675,2018,2022
54,West Virginia,54041,Lewis,31.275,2018,2022
54,West Virginia,54043,Lincoln,34.65,2018,2022
54,West Virginia,54045,Logan,35.8,2018,2022
54,West Virginia,54047,McDowell,40.45,2018,2022
54,West Virginia,54049,Marion,28.575,2018,2022
54,West Virginia,54051,Marshall,28.5,2018,2022
54,West Virginia,54053,Mason,32.025,2018,2022
54,West Virginia,54055,Mercer,31.525,2018,2022
54,West Virginia,54057,Mineral,27.875,2018,2022
54,West Virginia,54059,Mingo,36.925,2018,2022
54,West Virginia,54061,Monongalia,23.975,2018,2022
54,West Virginia,54063,Monroe,29.875,2018,2022
54,West Virginia,54065,Morgan,27.25,2018,2022
54,West Virginia,54067,Nicholas,30.125,2018,2022
54,West Virginia,54069,Ohio,25.7,2018,2022
54,West Virginia,54071,Pendleton,30.950000000000003,2018,2022
54,West Virginia,54073,Pleasants,28.975,2018,2022
54,West Virginia,54075,Pocahontas,31.200000000000003,2018,2022
54,West Virginia,54077,Preston,28.525,2018,2022
54,West Virginia,54079,Putnam,25.6,2018,2022
54,West Virginia,54081,Raleigh,31.0,2018,2022
54,West Virginia,54083,Randolph,30.225,2018,2022
54,West Virginia,54085,Ritchie,31.425,2018,2022
54,West Virginia,54087,Roane,32.5,2018,2022
54,West Virginia,54089,Summers,32.525,2018,2022
54,West Virginia,54091,Taylor,29.925,2018,2022
54,West Virginia,54093,Tucker,27.85,2018,2022
54,West Virginia,54095,Tyler,29.35,2018,2022
54,West Virginia,54097,Upshur,31.175,2018,2022
54,West Virginia,54099,Wayne,32.325,2018,2022
54,West Virginia,54101,Webster,34.7,2018,2022
54,West Virginia,54103,Wetzel,30.475,2018,2022
54,West Virginia,54105,Wirt,32.1,2018,2022
54,West Virginia,54107,Wood,28.275,2018,2022
54,West Virginia,54109,Wyoming,35.025,2018,2022
55,Wisconsin,55001,Adams,24.975,2018,2022
55,Wisconsin,55003,Ashland,22.825,2018,2022
55,Wisconsin,55005,Barron,22.525,2018,2022
55,Wisconsin,55007,Bayfield,19.924999999999997,2018,2022
55,Wisconsin,55009,Brown,20.049999999999997,2018,2022
55,Wisconsin,55011,Buffalo,21.75,2018,2022
55,Wisconsin,55013,Burnett,22.6,2018,2022
55,Wisconsin,55015,Calumet,19.15,2018,2022
55,Wisconsin,55017,Chippewa,21.625,2018,2022
55,Wisconsin,55019,Clark,25.775,2018,2022
55,Wisconsin,55021,Columbia,20.325,2018,2022
55,Wisconsin,55023,Crawford,22.325,2018,2022
55,Wisconsin,55025,Dane,16.725,2018,2022
55,Wisconsin,55027,Dodge,22.3,2018,2022
55,Wisconsin,55029,Door,19.3,2018,2022
55,Wisconsin,55031,Douglas,21.275,2018,2022
55,Wisconsin,55033,Dunn,21.35,2018,2022
55,Wisconsin,55035,Eau Claire,20.1,2018,2022
55,Wisconsin,55037,Florence,22.1,2018,2022
55,Wisconsin,55039,Fond du Lac,21.375,2018,2022
55,Wisconsin,55041,Forest,24.5,2018,2022
55,Wisconsin,55043,Grant,22.375,2018,2022
55,Wisconsin,55045,Green,20.799999999999997,2018,2022
55,Wisconsin,55047,Green Lake,22.675,2018,2022
55,Wisconsin,55049,Iowa,19.7,2018,2022
55,Wisconsin,55051,Iron,22.025,2018,2022
55,Wisconsin,55053,Jackson,24.35,2018,2022
55,Wisconsin,55055,Jefferson,20.575,2018,2022
55,Wisconsin,55057,Juneau,24.825,2018,2022
55,Wisconsin,55059,Kenosha,22.4,2018,2022
55,Wisconsin,55061,Kewaunee,20.85,2018,2022
55,Wisconsin,55063,La Crosse,19.55,2018,2022
55,Wisconsin,55065,Lafayette,22.75,2018,2022
55,Wisconsin,55067,Langlade,23.9,2018,2022
55,Wisconsin,55069,Lincoln,22.05,2018,2022
55,Wisconsin,55071,Manitowoc,22.275,2018,2022
55,Wisconsin,55073,Marathon,21.475,2018,2022
55,Wisconsin,55075,Marinette,23.1,2018,2022
55,Wisconsin,55077,Marquette,23.175,2018,2022
55,Wisconsin,55078,Menominee,29.25,2018,2022
55,Wisconsin,55079,Milwaukee,24.25,2018,2022
55,Wisconsin,55081,Monroe,22.95,2018,2022
55,Wisconsin,55083,Oconto,21.675,2018,2022
55,Wisconsin,55085,Oneida,19.85,2018,2022
55,Wisconsin,55087,Outagamie,19.725,2018,2022
55,Wisconsin,55089,Ozaukee,16.25,2018,2022
55,Wisconsin,55091,Pepin,22.1,2018,2022
55,Wisconsin,55093,Pierce,19.075,2018,2022
55,Wisconsin,55095,Polk,21.0,2018,2022
55,Wisconsin,55097,Portage,20.35,2018,2022
55,Wisconsin,55099,Price,22.6,2018,2022
55,Wisconsin,55101,Racine,23.0,2018,2022
55,Wisconsin,55103,Richland,23.825,2018,2022
55,Wisconsin,55105,Rock,22.475,2018,2022
55,Wisconsin,55107,Rusk,24.525,2018,2022
55,Wisconsin,55109,St. Croix,17.975,2018,2022
55,Wisconsin,55111,Sauk,21.375,2018,2022
55,Wisconsin,55113,Sawyer,23.05,2018,2022
55,Wisconsin,55115,Shawano,23.75,2018,2022
55,Wisconsin,55117,Sheboygan,20.6,2018,2022
55,Wisconsin,55119,Taylor,23.35,2018,2022
55,Wisconsin,55121,Trempealeau,21.9,2018,2022
55,Wisconsin,55123,Vernon,23.3,2018,2022
55,Wisconsin,55125,Vilas,20.975,2018,2022
55,Wisconsin,55127,Walworth,20.925,2018,2022
55,Wisconsin,55129,Washburn,21.975,2018,2022
55,Wisconsin,55131,Washington,17.975,2018,2022
55,Wisconsin,55133,Waukesha,16.85,2018,2022
55,Wisconsin,55135,Waupaca,22.125,2018,2022
55,Wisconsin,55137,Waushara,23.5,2018,2022
55,Wisconsin,55139,Winnebago,20.625,2018,2022
55,Wisconsin,55141,Wood,21.925,2018,2022
56,Wyoming,56001,Albany,20.425,2018,2022
56,Wyoming,56003,Big Horn,24.65,2018,2022
56,Wyoming,56005,Campbell,25.1,2018,2022
56,Wyoming,56007,Carbon,26.925,2018,2022
56,Wyoming,56009,Converse,24.35,2018,2022
56,Wyoming,56011,Crook,22.875,2018,2022
56,Wyoming,56013,Fremont,24.375,2018,2022
56,Wyoming,56015,Goshen,24.5,2018,2022
56,Wyoming,56017,Hot Springs,24.6,2018,2022
56,Wyoming,56019,Johnson,22.525,2018,2022
56,Wyoming,56021,Laramie,23.025,2018,2022
56,Wyoming,56023,Lincoln,22.7,2018,2022
56,Wyoming,56025,Natrona,24.6,2018,2022
56,Wyoming,56027,Niobrara,28.325000000000003,2018,2022
56,Wyoming,56029,Park,21.325,2018,2022
56,Wyoming,56031,Platte,24.425,2018,2022
56,Wyoming,56033,Sheridan,20.675,2018,2022
56,Wyoming,56035,Sublette,20.925,2018,2022
56,Wyoming,56037,Sweetwater,24.525,2018,2022
56,Wyoming,56039,Teton,16.7,2018,2022
56,Wyoming,56041,Uinta,24.575,2018,2022
56,Wyoming,56043,Washakie,23.549999999999997,2018,2022
56,Wyoming,56045,Weston,25.4,2018,2022
