StateFIPS,State,CountyFIPS,County,Value,Start Year,End Year
10,Alabama,1001,Autauga County,82.02000000000001,2019,2023
10,Alabama,1003,Baldwin County,63.6,2019,2023
10,Alabama,1005,Barbour County,18.06,2019,2023
10,Alabama,1007,Bibb County,29.160000000000004,2019,2023
10,Alabama,1009,Blount County,20.740000000000002,2019,2023
10,Alabama,1011,Bullock County,20.54,2019,2023
10,Alabama,1013,Butler County,31.439999999999998,2019,2023
10,Alabama,1015,Calhoun County,92.34,2019,2023
10,Alabama,1017,Chambers County,59.6,2019,2023
10,Alabama,1019,Cherokee County,42.959999999999994,2019,2023
10,Alabama,1021,Chilton County,35.96,2019,2023
10,Alabama,1023,Choctaw County,33.04,2019,2023
10,Alabama,1025,Clarke County,59.220000000000006,2019,2023
10,Alabama,1027,Clay County,73.3,2019,2023
10,Alabama,1029,Cleburne County,7.0200000000000005,2019,2023
10,Alabama,1031,Coffee County,85.78,2019,2023
10,Alabama,1033,Colbert County,140.42000000000002,2019,2023
10,Alabama,1035,Conecuh County,122.34,2019,2023
10,Alabama,1037,Coosa County,0.0,2019,2023
10,Alabama,1039,Covington County,76.4,2019,2023
10,Alabama,1041,Crenshaw County,32.56,2019,2023
10,Alabama,1043,Cullman County,76.36,2019,2023
10,Alabama,1045,Dale County,32.8,2019,2023
10,Alabama,1047,Dallas County,57.64,2019,2023
10,Alabama,1049,DeKalb County,61.3,2019,2023
10,Alabama,1051,Elmore County,22.380000000000003,2019,2023
10,Alabama,1053,Escambia County,70.58,2019,2023
10,Alabama,1055,Etowah County,92.94,2019,2023
10,Alabama,1057,Fayette County,40.5,2019,2023
10,Alabama,1059,Franklin County,78.1,2019,2023
10,Alabama,1061,Geneva County,17.08,2019,2023
10,Alabama,1063,Greene County,17.64,2019,2023
10,Alabama,1065,Hale County,19.72,2019,2023
10,Alabama,1067,Henry County,43.82,2019,2023
10,Alabama,1069,Houston County,136.88,2019,2023
10,Alabama,1071,Jackson County,68.66,2019,2023
10,Alabama,1073,Jefferson County,134.4,2019,2023
10,Alabama,1075,Lamar County,11.42,2019,2023
10,Alabama,1077,Lauderdale County,58.879999999999995,2019,2023
10,Alabama,1079,Lawrence County,30.6,2019,2023
10,Alabama,1081,Lee County,31.98,2019,2023
10,Alabama,1083,Limestone County,28.46,2019,2023
10,Alabama,1085,Lowndes County,5.119999999999999,2019,2023
10,Alabama,1087,Macon County,11.059999999999999,2019,2023
10,Alabama,1089,Madison County,86.14,2019,2023
10,Alabama,1091,Marengo County,59.6,2019,2023
10,Alabama,1093,Marion County,100.24,2019,2023
10,Alabama,1095,Marshall County,88.2,2019,2023
10,Alabama,1097,Mobile County,96.24,2019,2023
10,Alabama,1099,Monroe County,54.660000000000004,2019,2023
11,Alabama,1101,Montgomery County,87.24,2019,2023
11,Alabama,1103,Morgan County,64.03999999999999,2019,2023
11,Alabama,1105,Perry County,17.419999999999998,2019,2023
11,Alabama,1107,Pickens County,42.78,2019,2023
11,Alabama,1109,Pike County,35.58,2019,2023
11,Alabama,1111,Randolph County,50.82,2019,2023
11,Alabama,1113,Russell County,34.1,2019,2023
11,Alabama,1115,St. Clair County,63.82000000000001,2019,2023
11,Alabama,1117,Shelby County,67.88,2019,2023
11,Alabama,1119,Sumter County,29.5,2019,2023
11,Alabama,1121,Talladega County,37.739999999999995,2019,2023
11,Alabama,1123,Tallapoosa County,43.760000000000005,2019,2023
11,Alabama,1125,Tuscaloosa County,78.38,2019,2023
11,Alabama,1127,Walker County,110.54,2019,2023
11,Alabama,1129,Washington County,25.860000000000003,2019,2023
11,Alabama,1131,Wilcox County,16.919999999999998,2019,2023
11,Alabama,1133,Winston County,65.47999999999999,2019,2023
20,Alaska,2013,Aleutians East Borough,5.0600000000000005,2019,2023
20,Alaska,2016,Aleutians West Census Area,3.44,2019,2023
20,Alaska,2020,Anchorage Municipality,45.92,2019,2023
20,Alaska,2050,Bethel Census Area,9.48,2019,2023
20,Alaska,2060,Bristol Bay Borough,4.3,2019,2023
20,Alaska,2063,Chugach Census Area,,2019,2023
20,Alaska,2066,Copper River Census Area,,2019,2023
20,Alaska,2068,Denali Borough,5.96,2019,2023
20,Alaska,2070,Dillingham Census Area,2.7,2019,2023
20,Alaska,2090,Fairbanks North Star Borough,28.3,2019,2023
21,Alaska,2100,Haines Borough,0.72,2019,2023
21,Alaska,2105,Hoonah-Angoon Census Area,2.68,2019,2023
21,Alaska,2110,Juneau City and Borough,29.380000000000003,2019,2023
21,Alaska,2122,Kenai Peninsula Borough,47.019999999999996,2019,2023
21,Alaska,2130,Ketchikan Gateway Borough,43.519999999999996,2019,2023
21,Alaska,2150,Kodiak Island Borough,17.34,2019,2023
21,Alaska,2158,Kusilvak Census Area,0.45,2019,2023
21,Alaska,2164,Lake and Peninsula Borough,0.3,2019,2023
21,Alaska,2170,Matanuska-Susitna Borough,33.839999999999996,2019,2023
21,Alaska,2180,Nome Census Area,2.3,2019,2023
21,Alaska,2185,North Slope Borough,1.3199999999999998,2019,2023
21,Alaska,2188,Northwest Arctic Borough,8.24,2019,2023
21,Alaska,2195,Petersburg Borough,71.94,2019,2023
21,Alaska,2198,Prince of Wales-Hyder Census Area,20.5,2019,2023
22,Alaska,2220,Sitka City and Borough,20.98,2019,2023
22,Alaska,2230,Skagway Municipality,7.0200000000000005,2019,2023
22,Alaska,2240,Southeast Fairbanks Census Area,7.4,2019,2023
22,Alaska,2261,Valdez-Cordova Census Area,18.0,2019,2023
22,Alaska,2275,Wrangell City and Borough,3.6399999999999997,2019,2023
22,Alaska,2282,Yakutat City and Borough,11.82,2019,2023
22,Alaska,2290,Yukon-Koyukuk Census Area,3.0,2019,2023
40,Arizona,4001,Apache County,8.26,2019,2023
40,Arizona,4003,Cochise County,35.019999999999996,2019,2023
40,Arizona,4005,Coconino County,30.339999999999996,2019,2023
40,Arizona,4007,Gila County,44.14,2019,2023
40,Arizona,4009,Graham County,39.239999999999995,2019,2023
40,Arizona,4011,Greenlee County,2.06,2019,2023
40,Arizona,4012,La Paz County,18.759999999999998,2019,2023
40,Arizona,4013,Maricopa County,41.839999999999996,2019,2023
40,Arizona,4015,Mohave County,59.160000000000004,2019,2023
40,Arizona,4017,Navajo County,41.4,2019,2023
40,Arizona,4019,Pima County,45.480000000000004,2019,2023
40,Arizona,4021,Pinal County,10.64,2019,2023
40,Arizona,4023,Santa Cruz County,6.0200000000000005,2019,2023
40,Arizona,4025,Yavapai County,46.18,2019,2023
40,Arizona,4027,Yuma County,27.360000000000003,2019,2023
50,Arkansas,5001,Arkansas County,71.72,2019,2023
50,Arkansas,5003,Ashley County,25.74,2019,2023
50,Arkansas,5005,Baxter County,149.92000000000002,2019,2023
50,Arkansas,5007,Benton County,38.86,2019,2023
50,Arkansas,5009,Boone County,65.0,2019,2023
50,Arkansas,5011,Bradley County,77.96000000000001,2019,2023
50,Arkansas,5013,Calhoun County,17.84,2019,2023
50,Arkansas,5015,Carroll County,33.8,2019,2023
50,Arkansas,5017,Chicot County,96.17999999999999,2019,2023
50,Arkansas,5019,Clark County,59.86,2019,2023
50,Arkansas,5021,Clay County,67.5,2019,2023
50,Arkansas,5023,Cleburne County,55.879999999999995,2019,2023
50,Arkansas,5025,Cleveland County,5.94,2019,2023
50,Arkansas,5027,Columbia County,53.5,2019,2023
50,Arkansas,5029,Conway County,34.4,2019,2023
50,Arkansas,5031,Craighead County,153.51999999999998,2019,2023
50,Arkansas,5033,Crawford County,51.160000000000004,2019,2023
50,Arkansas,5035,Crittenden County,59.46,2019,2023
50,Arkansas,5037,Cross County,61.64,2019,2023
50,Arkansas,5039,Dallas County,41.86,2019,2023
50,Arkansas,5041,Desha County,87.84,2019,2023
50,Arkansas,5043,Drew County,101.8,2019,2023
50,Arkansas,5045,Faulkner County,73.2,2019,2023
50,Arkansas,5047,Franklin County,34.6,2019,2023
50,Arkansas,5049,Fulton County,63.8,2019,2023
50,Arkansas,5051,Garland County,120.46,2019,2023
50,Arkansas,5053,Grant County,17.919999999999998,2019,2023
50,Arkansas,5055,Greene County,84.5,2019,2023
50,Arkansas,5057,Hempstead County,41.440000000000005,2019,2023
50,Arkansas,5059,Hot Spring County,35.9,2019,2023
50,Arkansas,5061,Howard County,48.42,2019,2023
50,Arkansas,5063,Independence County,130.82,2019,2023
50,Arkansas,5065,Izard County,67.86,2019,2023
50,Arkansas,5067,Jackson County,48.5,2019,2023
50,Arkansas,5069,Jefferson County,97.88,2019,2023
50,Arkansas,5071,Johnson County,51.48,2019,2023
50,Arkansas,5073,Lafayette County,90.52000000000001,2019,2023
50,Arkansas,5075,Lawrence County,43.82000000000001,2019,2023
50,Arkansas,5077,Lee County,62.220000000000006,2019,2023
50,Arkansas,5079,Lincoln County,11.6,2019,2023
50,Arkansas,5081,Little River County,69.12,2019,2023
50,Arkansas,5083,Logan County,26.52,2019,2023
50,Arkansas,5085,Lonoke County,16.660000000000004,2019,2023
50,Arkansas,5087,Madison County,28.24,2019,2023
50,Arkansas,5089,Marion County,8.52,2019,2023
50,Arkansas,5091,Miller County,84.64,2019,2023
50,Arkansas,5093,Mississippi County,56.94,2019,2023
50,Arkansas,5095,Monroe County,7.92,2019,2023
50,Arkansas,5097,Montgomery County,58.1,2019,2023
50,Arkansas,5099,Nevada County,25.96,2019,2023
51,Arkansas,5101,Newton County,1.6800000000000002,2019,2023
51,Arkansas,5103,Ouachita County,69.26,2019,2023
51,Arkansas,5105,Perry County,8.559999999999999,2019,2023
51,Arkansas,5107,Phillips County,89.22,2019,2023
51,Arkansas,5109,Pike County,24.380000000000003,2019,2023
51,Arkansas,5111,Poinsett County,65.64,2019,2023
51,Arkansas,5113,Polk County,56.760000000000005,2019,2023
51,Arkansas,5115,Pope County,39.04,2019,2023
51,Arkansas,5117,Prairie County,8.879999999999999,2019,2023
51,Arkansas,5119,Pulaski County,136.34,2019,2023
51,Arkansas,5121,Randolph County,28.02,2019,2023
51,Arkansas,5123,St. Francis County,49.28,2019,2023
51,Arkansas,5125,Saline County,37.46,2019,2023
51,Arkansas,5127,Scott County,62.44,2019,2023
51,Arkansas,5129,Searcy County,26.560000000000002,2019,2023
51,Arkansas,5131,Sebastian County,123.04,2019,2023
51,Arkansas,5133,Sevier County,10.4,2019,2023
51,Arkansas,5135,Sharp County,47.519999999999996,2019,2023
51,Arkansas,5137,Stone County,73.72,2019,2023
51,Arkansas,5139,Union County,114.05999999999999,2019,2023
51,Arkansas,5141,Van Buren County,34.6,2019,2023
51,Arkansas,5143,Washington County,69.06,2019,2023
51,Arkansas,5145,White County,55.2,2019,2023
51,Arkansas,5147,Woodruff County,19.240000000000002,2019,2023
51,Arkansas,5149,Yell County,34.540000000000006,2019,2023
60,California,6001,Alameda County,17.520000000000003,2019,2023
60,California,6003,Alpine County,10.22,2019,2023
60,California,6005,Amador County,27.159999999999997,2019,2023
60,California,6007,Butte County,57.42,2019,2023
60,California,6009,Calaveras County,23.94,2019,2023
60,California,6011,Colusa County,23.580000000000002,2019,2023
60,California,6013,Contra Costa County,22.580000000000002,2019,2023
60,California,6015,Del Norte County,55.14,2019,2023
60,California,6017,El Dorado County,26.6,2019,2023
60,California,6019,Fresno County,38.14,2019,2023
60,California,6021,Glenn County,24.240000000000002,2019,2023
60,California,6023,Humboldt County,46.36,2019,2023
60,California,6025,Imperial County,26.639999999999997,2019,2023
60,California,6027,Inyo County,27.54,2019,2023
60,California,6029,Kern County,33.1,2019,2023
60,California,6031,Kings County,31.78,2019,2023
60,California,6033,Lake County,23.82,2019,2023
60,California,6035,Lassen County,30.439999999999998,2019,2023
60,California,6037,Los Angeles County,23.5,2019,2023
60,California,6039,Madera County,17.8,2019,2023
60,California,6041,Marin County,19.56,2019,2023
60,California,6043,Mariposa County,14.1,2019,2023
60,California,6045,Mendocino County,51.0,2019,2023
60,California,6047,Merced County,28.04,2019,2023
60,California,6049,Modoc County,29.78,2019,2023
60,California,6051,Mono County,32.660000000000004,2019,2023
60,California,6053,Monterey County,25.119999999999997,2019,2023
60,California,6055,Napa County,23.160000000000004,2019,2023
60,California,6057,Nevada County,37.36,2019,2023
60,California,6059,Orange County,28.76,2019,2023
60,California,6061,Placer County,44.3,2019,2023
60,California,6063,Plumas County,40.46,2019,2023
60,California,6065,Riverside County,28.060000000000002,2019,2023
60,California,6067,Sacramento County,32.1,2019,2023
60,California,6069,San Benito County,12.5,2019,2023
60,California,6071,San Bernardino County,32.08,2019,2023
60,California,6073,San Diego County,24.72,2019,2023
60,California,6075,San Francisco County,31.060000000000002,2019,2023
60,California,6077,San Joaquin County,23.06,2019,2023
60,California,6079,San Luis Obispo County,38.760000000000005,2019,2023
60,California,6081,San Mateo County,17.34,2019,2023
60,California,6083,Santa Barbara County,37.44,2019,2023
60,California,6085,Santa Clara County,18.259999999999998,2019,2023
60,California,6087,Santa Cruz County,26.48,2019,2023
60,California,6089,Shasta County,59.239999999999995,2019,2023
60,California,6091,Sierra County,7.7,2019,2023
60,California,6093,Siskiyou County,48.260000000000005,2019,2023
60,California,6095,Solano County,21.259999999999998,2019,2023
60,California,6097,Sonoma County,30.919999999999998,2019,2023
60,California,6099,Stanislaus County,53.04,2019,2023
61,California,6101,Sutter County,63.94,2019,2023
61,California,6103,Tehama County,33.22,2019,2023
61,California,6105,Trinity County,25.76,2019,2023
61,California,6107,Tulare County,35.64,2019,2023
61,California,6109,Tuolumne County,60.08,2019,2023
61,California,6111,Ventura County,29.839999999999996,2019,2023
61,California,6113,Yolo County,21.9,2019,2023
61,California,6115,Yuba County,25.22,2019,2023
80,Colorado,8001,Adams County,28.160000000000004,2019,2023
80,Colorado,8003,Alamosa County,37.14,2019,2023
80,Colorado,8005,Arapahoe County,40.86,2019,2023
80,Colorado,8007,Archuleta County,34.44,2019,2023
80,Colorado,8009,Baca County,38.7,2019,2023
80,Colorado,8011,Bent County,38.74,2019,2023
80,Colorado,8013,Boulder County,38.28,2019,2023
80,Colorado,8014,Broomfield County,39.940000000000005,2019,2023
80,Colorado,8015,Chaffee County,39.42,2019,2023
80,Colorado,8017,Cheyenne County,42.339999999999996,2019,2023
80,Colorado,8019,Clear Creek County,6.279999999999999,2019,2023
80,Colorado,8021,Conejos County,26.02,2019,2023
80,Colorado,8023,Costilla County,2.92,2019,2023
80,Colorado,8025,Crowley County,4.08,2019,2023
80,Colorado,8027,Custer County,2.7199999999999998,2019,2023
80,Colorado,8029,Delta County,39.6,2019,2023
80,Colorado,8031,Denver County,36.62,2019,2023
80,Colorado,8033,Dolores County,60.120000000000005,2019,2023
80,Colorado,8035,Douglas County,25.619999999999997,2019,2023
80,Colorado,8037,Eagle County,45.04,2019,2023
80,Colorado,8039,Elbert County,9.28,2019,2023
80,Colorado,8041,El Paso County,45.42,2019,2023
80,Colorado,8043,Fremont County,35.839999999999996,2019,2023
80,Colorado,8045,Garfield County,27.9,2019,2023
80,Colorado,8047,Gilpin County,1.48,2019,2023
80,Colorado,8049,Grand County,13.24,2019,2023
80,Colorado,8051,Gunnison County,21.54,2019,2023
80,Colorado,8053,Hinsdale County,12.919999999999998,2019,2023
80,Colorado,8055,Huerfano County,27.68,2019,2023
80,Colorado,8057,Jackson County,11.32,2019,2023
80,Colorado,8059,Jefferson County,34.86,2019,2023
80,Colorado,8061,Kiowa County,26.78,2019,2023
80,Colorado,8063,Kit Carson County,21.52,2019,2023
80,Colorado,8065,Lake County,10.9,2019,2023
80,Colorado,8067,La Plata County,50.54,2019,2023
80,Colorado,8069,Larimer County,36.42,2019,2023
80,Colorado,8071,Las Animas County,60.32000000000001,2019,2023
80,Colorado,8073,Lincoln County,19.46,2019,2023
80,Colorado,8075,Logan County,30.439999999999998,2019,2023
80,Colorado,8077,Mesa County,51.18,2019,2023
80,Colorado,8079,Mineral County,0.15000000000000002,2019,2023
80,Colorado,8081,Moffat County,30.96,2019,2023
80,Colorado,8083,Montezuma County,30.119999999999997,2019,2023
80,Colorado,8085,Montrose County,34.6,2019,2023
80,Colorado,8087,Morgan County,22.2,2019,2023
80,Colorado,8089,Otero County,36.08,2019,2023
80,Colorado,8091,Ouray County,15.919999999999998,2019,2023
80,Colorado,8093,Park County,1.24,2019,2023
80,Colorado,8095,Phillips County,26.72,2019,2023
80,Colorado,8097,Pitkin County,28.139999999999997,2019,2023
80,Colorado,8099,Prowers County,20.419999999999998,2019,2023
81,Colorado,8101,Pueblo County,68.52000000000001,2019,2023
81,Colorado,8103,Rio Blanco County,25.479999999999997,2019,2023
81,Colorado,8105,Rio Grande County,62.5,2019,2023
81,Colorado,8107,Routt County,34.980000000000004,2019,2023
81,Colorado,8109,Saguache County,0.0,2019,2023
81,Colorado,8111,San Juan County,,2019,2023
81,Colorado,8113,San Miguel County,20.68,2019,2023
81,Colorado,8115,Sedgwick County,47.86,2019,2023
81,Colorado,8117,Summit County,26.22,2019,2023
81,Colorado,8119,Teller County,15.940000000000001,2019,2023
81,Colorado,8121,Washington County,3.0,2019,2023
81,Colorado,8123,Weld County,20.72,2019,2023
81,Colorado,8125,Yuma County,34.980000000000004,2019,2023
90,Connecticut,9001,Fairfield County,31.7,2019,2023
90,Connecticut,9003,Hartford County,38.88,2019,2023
90,Connecticut,9005,Litchfield County,21.54,2019,2023
90,Connecticut,9007,Middlesex County,25.52,2019,2023
90,Connecticut,9009,New Haven County,47.58,2019,2023
90,Connecticut,9011,New London County,34.42,2019,2023
90,Connecticut,9013,Tolland County,17.419999999999998,2019,2023
90,Connecticut,9015,Windham County,27.6,2019,2023
10,Delaware,10001,Kent County,28.660000000000004,2019,2023
10,Delaware,10003,New Castle County,46.260000000000005,2019,2023
10,Delaware,10005,Sussex County,51.96,2019,2023
11,District of Columbia,11001,District of Columbia,34.0,2019,2023
12,Florida,12001,Alachua County,91.4,2019,2023
12,Florida,12003,Baker County,13.7,2019,2023
12,Florida,12005,Bay County,65.84,2019,2023
12,Florida,12007,Bradford County,22.54,2019,2023
12,Florida,12009,Brevard County,49.92,2019,2023
12,Florida,12011,Broward County,31.419999999999998,2019,2023
12,Florida,12013,Calhoun County,28.919999999999998,2019,2023
12,Florida,12015,Charlotte County,60.2,2019,2023
12,Florida,12017,Citrus County,47.94,2019,2023
12,Florida,12019,Clay County,44.46,2019,2023
12,Florida,12021,Collier County,35.68,2019,2023
12,Florida,12023,Columbia County,38.88,2019,2023
12,Florida,12027,DeSoto County,11.120000000000001,2019,2023
12,Florida,12029,Dixie County,11.68,2019,2023
12,Florida,12031,Duval County,70.5,2019,2023
12,Florida,12033,Escambia County,85.17999999999999,2019,2023
12,Florida,12035,Flagler County,29.9,2019,2023
12,Florida,12037,Franklin County,21.419999999999998,2019,2023
12,Florida,12039,Gadsden County,7.76,2019,2023
12,Florida,12041,Gilchrist County,8.3,2019,2023
12,Florida,12043,Glades County,0.09999999999999999,2019,2023
12,Florida,12045,Gulf County,41.480000000000004,2019,2023
12,Florida,12047,Hamilton County,6.659999999999999,2019,2023
12,Florida,12049,Hardee County,6.76,2019,2023
12,Florida,12051,Hendry County,9.82,2019,2023
12,Florida,12053,Hernando County,66.17999999999999,2019,2023
12,Florida,12055,Highlands County,36.32000000000001,2019,2023
12,Florida,12057,Hillsborough County,45.62,2019,2023
12,Florida,12059,Holmes County,50.7,2019,2023
12,Florida,12061,Indian River County,55.0,2019,2023
12,Florida,12063,Jackson County,45.42,2019,2023
12,Florida,12065,Jefferson County,2.7399999999999998,2019,2023
12,Florida,12067,Lafayette County,22.56,2019,2023
12,Florida,12069,Lake County,42.12,2019,2023
12,Florida,12071,Lee County,41.08,2019,2023
12,Florida,12073,Leon County,60.42,2019,2023
12,Florida,12075,Levy County,46.160000000000004,2019,2023
12,Florida,12077,Liberty County,4.0600000000000005,2019,2023
12,Florida,12079,Madison County,21.9,2019,2023
12,Florida,12081,Manatee County,35.28,2019,2023
12,Florida,12083,Marion County,55.17999999999999,2019,2023
12,Florida,12085,Martin County,65.17999999999999,2019,2023
12,Florida,12086,Miami-Dade County,22.54,2019,2023
12,Florida,12087,Monroe County,29.72,2019,2023
12,Florida,12089,Nassau County,37.62,2019,2023
12,Florida,12091,Okaloosa County,48.8,2019,2023
12,Florida,12093,Okeechobee County,62.67999999999999,2019,2023
12,Florida,12095,Orange County,34.58,2019,2023
12,Florida,12097,Osceola County,22.96,2019,2023
12,Florida,12099,Palm Beach County,40.839999999999996,2019,2023
12,Florida,12101,Pasco County,57.739999999999995,2019,2023
12,Florida,12103,Pinellas County,62.779999999999994,2019,2023
12,Florida,12105,Polk County,32.260000000000005,2019,2023
12,Florida,12107,Putnam County,34.72,2019,2023
12,Florida,12109,St. Johns County,30.02,2019,2023
12,Florida,12111,St. Lucie County,30.18,2019,2023
12,Florida,12113,Santa Rosa County,42.980000000000004,2019,2023
12,Florida,12115,Sarasota County,52.620000000000005,2019,2023
12,Florida,12117,Seminole County,35.42,2019,2023
12,Florida,12119,Sumter County,14.64,2019,2023
12,Florida,12121,Suwannee County,13.76,2019,2023
12,Florida,12123,Taylor County,44.64,2019,2023
12,Florida,12125,Union County,16.46,2019,2023
12,Florida,12127,Volusia County,46.94,2019,2023
12,Florida,12129,Wakulla County,6.959999999999999,2019,2023
12,Florida,12131,Walton County,26.8,2019,2023
12,Florida,12133,Washington County,28.080000000000002,2019,2023
13,Georgia,13001,Appling County,44.839999999999996,2019,2023
13,Georgia,13003,Atkinson County,54.44,2019,2023
13,Georgia,13005,Bacon County,122.47999999999999,2019,2023
13,Georgia,13007,Baker County,41.940000000000005,2019,2023
13,Georgia,13009,Baldwin County,41.36,2019,2023
13,Georgia,13011,Banks County,9.580000000000002,2019,2023
13,Georgia,13013,Barrow County,57.58,2019,2023
13,Georgia,13015,Bartow County,61.260000000000005,2019,2023
13,Georgia,13017,Ben Hill County,64.56,2019,2023
13,Georgia,13019,Berrien County,22.66,2019,2023
13,Georgia,13021,Bibb County,121.88,2019,2023
13,Georgia,13023,Bleckley County,24.880000000000003,2019,2023
13,Georgia,13025,Brantley County,7.459999999999999,2019,2023
13,Georgia,13027,Brooks County,81.72,2019,2023
13,Georgia,13029,Bryan County,23.68,2019,2023
13,Georgia,13031,Bulloch County,78.62,2019,2023
13,Georgia,13033,Burke County,34.86,2019,2023
13,Georgia,13035,Butts County,33.2,2019,2023
13,Georgia,13037,Calhoun County,18.82,2019,2023
13,Georgia,13039,Camden County,32.4,2019,2023
13,Georgia,13043,Candler County,66.82000000000001,2019,2023
13,Georgia,13045,Carroll County,71.66,2019,2023
13,Georgia,13047,Catoosa County,32.8,2019,2023
13,Georgia,13049,Charlton County,56.2,2019,2023
13,Georgia,13051,Chatham County,75.38,2019,2023
13,Georgia,13053,Chattahoochee County,0.6599999999999999,2019,2023
13,Georgia,13055,Chattooga County,21.02,2019,2023
13,Georgia,13057,Cherokee County,51.64,2019,2023
13,Georgia,13059,Clarke County,128.95999999999998,2019,2023
13,Georgia,13061,Clay County,56.720000000000006,2019,2023
13,Georgia,13063,Clayton County,21.18,2019,2023
13,Georgia,13065,Clinch County,67.08,2019,2023
13,Georgia,13067,Cobb County,37.160000000000004,2019,2023
13,Georgia,13069,Coffee County,127.24000000000001,2019,2023
13,Georgia,13071,Colquitt County,65.94,2019,2023
13,Georgia,13073,Columbia County,55.0,2019,2023
13,Georgia,13075,Cook County,42.5,2019,2023
13,Georgia,13077,Coweta County,53.32000000000001,2019,2023
13,Georgia,13079,Crawford County,47.08,2019,2023
13,Georgia,13081,Crisp County,85.67999999999999,2019,2023
13,Georgia,13083,Dade County,12.88,2019,2023
13,Georgia,13085,Dawson County,34.1,2019,2023
13,Georgia,13087,Decatur County,64.42,2019,2023
13,Georgia,13089,DeKalb County,43.46,2019,2023
13,Georgia,13091,Dodge County,28.6,2019,2023
13,Georgia,13093,Dooly County,1.7600000000000002,2019,2023
13,Georgia,13095,Dougherty County,110.92,2019,2023
13,Georgia,13097,Douglas County,43.339999999999996,2019,2023
13,Georgia,13099,Early County,39.08,2019,2023
13,Georgia,13101,Echols County,,2019,2023
13,Georgia,13103,Effingham County,21.0,2019,2023
13,Georgia,13105,Elbert County,59.36,2019,2023
13,Georgia,13107,Emanuel County,59.28000000000001,2019,2023
13,Georgia,13109,Evans County,39.96,2019,2023
13,Georgia,13111,Fannin County,72.62,2019,2023
13,Georgia,13113,Fayette County,70.32000000000001,2019,2023
13,Georgia,13115,Floyd County,144.52,2019,2023
13,Georgia,13117,Forsyth County,22.66,2019,2023
13,Georgia,13119,Franklin County,35.42,2019,2023
13,Georgia,13121,Fulton County,64.46000000000001,2019,2023
13,Georgia,13123,Gilmer County,44.64,2019,2023
13,Georgia,13125,Glascock County,1.35,2019,2023
13,Georgia,13127,Glynn County,71.7,2019,2023
13,Georgia,13129,Gordon County,72.4,2019,2023
13,Georgia,13131,Grady County,30.139999999999997,2019,2023
13,Georgia,13133,Greene County,49.260000000000005,2019,2023
13,Georgia,13135,Gwinnett County,29.360000000000003,2019,2023
13,Georgia,13137,Habersham County,24.119999999999997,2019,2023
13,Georgia,13139,Hall County,80.08,2019,2023
13,Georgia,13141,Hancock County,9.8,2019,2023
13,Georgia,13143,Haralson County,48.160000000000004,2019,2023
13,Georgia,13145,Harris County,4.08,2019,2023
13,Georgia,13147,Hart County,30.72,2019,2023
13,Georgia,13149,Heard County,0.06000000000000001,2019,2023
13,Georgia,13151,Henry County,43.980000000000004,2019,2023
13,Georgia,13153,Houston County,55.04,2019,2023
13,Georgia,13155,Irwin County,32.5,2019,2023
13,Georgia,13157,Jackson County,45.38,2019,2023
13,Georgia,13159,Jasper County,20.64,2019,2023
13,Georgia,13161,Jeff Davis County,37.04,2019,2023
13,Georgia,13163,Jefferson County,37.64,2019,2023
13,Georgia,13165,Jenkins County,40.12,2019,2023
13,Georgia,13167,Johnson County,14.379999999999999,2019,2023
13,Georgia,13169,Jones County,23.7,2019,2023
13,Georgia,13171,Lamar County,18.080000000000002,2019,2023
13,Georgia,13173,Lanier County,26.860000000000003,2019,2023
13,Georgia,13175,Laurens County,87.34,2019,2023
13,Georgia,13177,Lee County,27.360000000000003,2019,2023
13,Georgia,13179,Liberty County,30.72,2019,2023
13,Georgia,13181,Lincoln County,59.08,2019,2023
13,Georgia,13183,Long County,0.4666666666666666,2019,2023
13,Georgia,13185,Lowndes County,73.0,2019,2023
13,Georgia,13187,Lumpkin County,21.68,2019,2023
13,Georgia,13189,McDuffie County,58.58,2019,2023
13,Georgia,13191,McIntosh County,4.9,2019,2023
13,Georgia,13193,Macon County,26.580000000000002,2019,2023
13,Georgia,13195,Madison County,5.16,2019,2023
13,Georgia,13197,Marion County,2.08,2019,2023
13,Georgia,13199,Meriwether County,21.479999999999997,2019,2023
13,Georgia,13201,Miller County,71.74,2019,2023
13,Georgia,13205,Mitchell County,37.760000000000005,2019,2023
13,Georgia,13207,Monroe County,19.380000000000003,2019,2023
13,Georgia,13209,Montgomery County,8.48,2019,2023
13,Georgia,13211,Morgan County,24.7,2019,2023
13,Georgia,13213,Murray County,28.619999999999997,2019,2023
13,Georgia,13215,Muscogee County,93.85999999999999,2019,2023
13,Georgia,13217,Newton County,28.139999999999997,2019,2023
13,Georgia,13219,Oconee County,41.9,2019,2023
13,Georgia,13221,Oglethorpe County,3.02,2019,2023
13,Georgia,13223,Paulding County,24.56,2019,2023
13,Georgia,13225,Peach County,41.2,2019,2023
13,Georgia,13227,Pickens County,38.56,2019,2023
13,Georgia,13229,Pierce County,36.339999999999996,2019,2023
13,Georgia,13231,Pike County,4.38,2019,2023
13,Georgia,13233,Polk County,25.139999999999997,2019,2023
13,Georgia,13235,Pulaski County,44.7,2019,2023
13,Georgia,13237,Putnam County,20.4,2019,2023
13,Georgia,13239,Quitman County,1.78,2019,2023
13,Georgia,13241,Rabun County,73.82000000000001,2019,2023
13,Georgia,13243,Randolph County,17.8,2019,2023
13,Georgia,13245,Richmond County,92.6,2019,2023
13,Georgia,13247,Rockdale County,53.04,2019,2023
13,Georgia,13249,Schley County,14.38,2019,2023
13,Georgia,13251,Screven County,21.919999999999998,2019,2023
13,Georgia,13253,Seminole County,111.28,2019,2023
13,Georgia,13255,Spalding County,96.4,2019,2023
13,Georgia,13257,Stephens County,57.3,2019,2023
13,Georgia,13259,Stewart County,24.36,2019,2023
13,Georgia,13261,Sumter County,75.9,2019,2023
13,Georgia,13263,Talbot County,3.02,2019,2023
13,Georgia,13265,Taliaferro County,0.1,2019,2023
13,Georgia,13267,Tattnall County,33.32,2019,2023
13,Georgia,13269,Taylor County,2.96,2019,2023
13,Georgia,13271,Telfair County,12.88,2019,2023
13,Georgia,13273,Terrell County,8.76,2019,2023
13,Georgia,13275,Thomas County,113.67999999999999,2019,2023
13,Georgia,13277,Tift County,178.82,2019,2023
13,Georgia,13279,Toombs County,50.54,2019,2023
13,Georgia,13281,Towns County,88.26,2019,2023
13,Georgia,13283,Treutlen County,0.76,2019,2023
13,Georgia,13285,Troup County,75.38,2019,2023
13,Georgia,13287,Turner County,31.7,2019,2023
13,Georgia,13289,Twiggs County,0.32,2019,2023
13,Georgia,13291,Union County,58.339999999999996,2019,2023
13,Georgia,13293,Upson County,77.12,2019,2023
13,Georgia,13295,Walker County,13.12,2019,2023
13,Georgia,13297,Walton County,20.4,2019,2023
13,Georgia,13299,Ware County,154.44,2019,2023
13,Georgia,13301,Warren County,7.24,2019,2023
13,Georgia,13303,Washington County,23.26,2019,2023
13,Georgia,13305,Wayne County,85.74,2019,2023
13,Georgia,13307,Webster County,7.32,2019,2023
13,Georgia,13309,Wheeler County,0.02,2019,2023
13,Georgia,13311,White County,19.98,2019,2023
13,Georgia,13313,Whitfield County,68.4,2019,2023
13,Georgia,13315,Wilcox County,3.78,2019,2023
13,Georgia,13317,Wilkes County,45.480000000000004,2019,2023
13,Georgia,13319,Wilkinson County,49.8,2019,2023
13,Georgia,13321,Worth County,29.52,2019,2023
15,Hawaii,15001,Hawaii County,35.78,2019,2023
15,Hawaii,15003,Honolulu County,23.32,2019,2023
15,Hawaii,15005,Kalawao County,,2019,2023
15,Hawaii,15007,Kauai County,30.060000000000002,2019,2023
15,Hawaii,15009,Maui County,26.26,2019,2023
16,Idaho,16001,Ada County,53.339999999999996,2019,2023
16,Idaho,16003,Adams County,9.24,2019,2023
16,Idaho,16005,Bannock County,75.08,2019,2023
16,Idaho,16007,Bear Lake County,56.1,2019,2023
16,Idaho,16009,Benewah County,22.1,2019,2023
16,Idaho,16011,Bingham County,54.2,2019,2023
16,Idaho,16013,Blaine County,21.14,2019,2023
16,Idaho,16015,Boise County,12.26,2019,2023
16,Idaho,16017,Bonner County,40.980000000000004,2019,2023
16,Idaho,16019,Bonneville County,73.36,2019,2023
16,Idaho,16021,Boundary County,37.92,2019,2023
16,Idaho,16023,Butte County,92.26,2019,2023
16,Idaho,16025,Camas County,,2019,2023
16,Idaho,16027,Canyon County,26.9,2019,2023
16,Idaho,16029,Caribou County,102.42,2019,2023
16,Idaho,16031,Cassia County,59.98,2019,2023
16,Idaho,16033,Clark County,,2019,2023
16,Idaho,16035,Clearwater County,14.98,2019,2023
16,Idaho,16037,Custer County,8.3,2019,2023
16,Idaho,16039,Elmore County,22.3,2019,2023
16,Idaho,16041,Franklin County,46.08,2019,2023
16,Idaho,16043,Fremont County,12.819999999999999,2019,2023
16,Idaho,16045,Gem County,22.26,2019,2023
16,Idaho,16047,Gooding County,28.74,2019,2023
16,Idaho,16049,Idaho County,23.04,2019,2023
16,Idaho,16051,Jefferson County,18.46,2019,2023
16,Idaho,16053,Jerome County,23.4,2019,2023
16,Idaho,16055,Kootenai County,57.64,2019,2023
16,Idaho,16057,Latah County,22.34,2019,2023
16,Idaho,16059,Lemhi County,51.42,2019,2023
16,Idaho,16061,Lewis County,11.0,2019,2023
16,Idaho,16063,Lincoln County,11.6,2019,2023
16,Idaho,16065,Madison County,23.48,2019,2023
16,Idaho,16067,Minidoka County,14.680000000000001,2019,2023
16,Idaho,16069,Nez Perce County,113.44000000000001,2019,2023
16,Idaho,16071,Oneida County,88.62,2019,2023
16,Idaho,16073,Owyhee County,4.8,2019,2023
16,Idaho,16075,Payette County,47.519999999999996,2019,2023
16,Idaho,16077,Power County,33.42,2019,2023
16,Idaho,16079,Shoshone County,25.22,2019,2023
16,Idaho,16081,Teton County,20.84,2019,2023
16,Idaho,16083,Twin Falls County,79.17999999999999,2019,2023
16,Idaho,16085,Valley County,19.56,2019,2023
16,Idaho,16087,Washington County,42.04,2019,2023
17,Illinois,17001,Adams County,87.66,2019,2023
17,Illinois,17003,Alexander County,45.160000000000004,2019,2023
17,Illinois,17005,Bond County,23.7,2019,2023
17,Illinois,17007,Boone County,23.759999999999998,2019,2023
17,Illinois,17009,Brown County,53.220000000000006,2019,2023
17,Illinois,17011,Bureau County,50.019999999999996,2019,2023
17,Illinois,17013,Calhoun County,4.96,2019,2023
17,Illinois,17015,Carroll County,13.8,2019,2023
17,Illinois,17017,Cass County,9.120000000000001,2019,2023
17,Illinois,17019,Champaign County,44.18,2019,2023
17,Illinois,17021,Christian County,24.580000000000002,2019,2023
17,Illinois,17023,Clark County,42.28,2019,2023
17,Illinois,17025,Clay County,20.259999999999998,2019,2023
17,Illinois,17027,Clinton County,12.98,2019,2023
17,Illinois,17029,Coles County,63.620000000000005,2019,2023
17,Illinois,17031,Cook County,34.519999999999996,2019,2023
17,Illinois,17033,Crawford County,15.64,2019,2023
17,Illinois,17035,Cumberland County,22.56,2019,2023
17,Illinois,17037,DeKalb County,27.060000000000002,2019,2023
17,Illinois,17039,De Witt County,21.7,2019,2023
17,Illinois,17041,Douglas County,13.540000000000001,2019,2023
17,Illinois,17043,DuPage County,42.239999999999995,2019,2023
17,Illinois,17045,Edgar County,35.260000000000005,2019,2023
17,Illinois,17047,Edwards County,37.42,2019,2023
17,Illinois,17049,Effingham County,71.16,2019,2023
17,Illinois,17051,Fayette County,21.46,2019,2023
17,Illinois,17053,Ford County,17.64,2019,2023
17,Illinois,17055,Franklin County,30.5,2019,2023
17,Illinois,17057,Fulton County,45.279999999999994,2019,2023
17,Illinois,17059,Gallatin County,22.68,2019,2023
17,Illinois,17061,Greene County,31.059999999999995,2019,2023
17,Illinois,17063,Grundy County,47.92,2019,2023
17,Illinois,17065,Hamilton County,12.48,2019,2023
17,Illinois,17067,Hancock County,35.1,2019,2023
17,Illinois,17069,Hardin County,161.26,2019,2023
17,Illinois,17071,Henderson County,4.14,2019,2023
17,Illinois,17073,Henry County,24.52,2019,2023
17,Illinois,17075,Iroquois County,34.739999999999995,2019,2023
17,Illinois,17077,Jackson County,106.2,2019,2023
17,Illinois,17079,Jasper County,23.080000000000002,2019,2023
17,Illinois,17081,Jefferson County,96.53999999999999,2019,2023
17,Illinois,17083,Jersey County,59.260000000000005,2019,2023
17,Illinois,17085,Jo Daviess County,23.7,2019,2023
17,Illinois,17087,Johnson County,12.0,2019,2023
17,Illinois,17089,Kane County,21.740000000000002,2019,2023
17,Illinois,17091,Kankakee County,52.4,2019,2023
17,Illinois,17093,Kendall County,10.739999999999998,2019,2023
17,Illinois,17095,Knox County,58.52,2019,2023
17,Illinois,17097,Lake County,34.08,2019,2023
17,Illinois,17099,LaSalle County,26.419999999999998,2019,2023
17,Illinois,17101,Lawrence County,44.44,2019,2023
17,Illinois,17103,Lee County,25.04,2019,2023
17,Illinois,17105,Livingston County,44.260000000000005,2019,2023
17,Illinois,17107,Logan County,30.0,2019,2023
17,Illinois,17109,McDonough County,51.06,2019,2023
17,Illinois,17111,McHenry County,28.119999999999997,2019,2023
17,Illinois,17113,McLean County,49.72,2019,2023
17,Illinois,17115,Macon County,69.24,2019,2023
17,Illinois,17117,Macoupin County,19.96,2019,2023
17,Illinois,17119,Madison County,50.260000000000005,2019,2023
17,Illinois,17121,Marion County,50.260000000000005,2019,2023
17,Illinois,17123,Marshall County,18.8,2019,2023
17,Illinois,17125,Mason County,20.0,2019,2023
17,Illinois,17127,Massac County,83.72,2019,2023
17,Illinois,17129,Menard County,3.6199999999999997,2019,2023
17,Illinois,17131,Mercer County,15.960000000000003,2019,2023
17,Illinois,17133,Monroe County,25.880000000000003,2019,2023
17,Illinois,17135,Montgomery County,49.04,2019,2023
17,Illinois,17137,Morgan County,53.36,2019,2023
17,Illinois,17139,Moultrie County,6.540000000000001,2019,2023
17,Illinois,17141,Ogle County,15.9,2019,2023
17,Illinois,17143,Peoria County,92.78,2019,2023
17,Illinois,17145,Perry County,52.4,2019,2023
17,Illinois,17147,Piatt County,23.34,2019,2023
17,Illinois,17149,Pike County,37.38,2019,2023
17,Illinois,17151,Pope County,25.06,2019,2023
17,Illinois,17153,Pulaski County,0.25,2019,2023
17,Illinois,17155,Putnam County,34.839999999999996,2019,2023
17,Illinois,17157,Randolph County,41.06,2019,2023
17,Illinois,17159,Richland County,39.78,2019,2023
17,Illinois,17161,Rock Island County,45.3,2019,2023
17,Illinois,17163,St. Clair County,53.32000000000001,2019,2023
17,Illinois,17165,Saline County,126.74000000000001,2019,2023
17,Illinois,17167,Sangamon County,83.8,2019,2023
17,Illinois,17169,Schuyler County,29.880000000000003,2019,2023
17,Illinois,17171,Scott County,1.6400000000000001,2019,2023
17,Illinois,17173,Shelby County,15.3,2019,2023
17,Illinois,17175,Stark County,0.5,2019,2023
17,Illinois,17177,Stephenson County,47.94,2019,2023
17,Illinois,17179,Tazewell County,29.0,2019,2023
17,Illinois,17181,Union County,68.06,2019,2023
17,Illinois,17183,Vermilion County,45.480000000000004,2019,2023
17,Illinois,17185,Wabash County,49.17999999999999,2019,2023
17,Illinois,17187,Warren County,33.4,2019,2023
17,Illinois,17189,Washington County,24.54,2019,2023
17,Illinois,17191,Wayne County,52.14,2019,2023
17,Illinois,17193,White County,29.119999999999997,2019,2023
17,Illinois,17195,Whiteside County,35.160000000000004,2019,2023
17,Illinois,17197,Will County,29.939999999999998,2019,2023
17,Illinois,17199,Williamson County,84.4,2019,2023
17,Illinois,17201,Winnebago County,64.7,2019,2023
17,Illinois,17203,Woodford County,28.6,2019,2023
18,Indiana,18001,Adams County,25.8,2019,2023
18,Indiana,18003,Allen County,80.78,2019,2023
18,Indiana,18005,Bartholomew County,55.08,2019,2023
18,Indiana,18007,Benton County,9.440000000000001,2019,2023
18,Indiana,18009,Blackford County,28.580000000000002,2019,2023
18,Indiana,18011,Boone County,35.480000000000004,2019,2023
18,Indiana,18013,Brown County,14.280000000000001,2019,2023
18,Indiana,18015,Carroll County,4.5600000000000005,2019,2023
18,Indiana,18017,Cass County,18.16,2019,2023
18,Indiana,18019,Clark County,78.14,2019,2023
18,Indiana,18021,Clay County,19.419999999999998,2019,2023
18,Indiana,18023,Clinton County,13.76,2019,2023
18,Indiana,18025,Crawford County,9.5,2019,2023
18,Indiana,18027,Daviess County,29.9,2019,2023
18,Indiana,18029,Dearborn County,70.12,2019,2023
18,Indiana,18031,Decatur County,33.68,2019,2023
18,Indiana,18033,DeKalb County,18.259999999999998,2019,2023
18,Indiana,18035,Delaware County,76.06,2019,2023
18,Indiana,18037,Dubois County,59.6,2019,2023
18,Indiana,18039,Elkhart County,39.480000000000004,2019,2023
18,Indiana,18041,Fayette County,26.8,2019,2023
18,Indiana,18043,Floyd County,120.66,2019,2023
18,Indiana,18045,Fountain County,17.96,2019,2023
18,Indiana,18047,Franklin County,26.72,2019,2023
18,Indiana,18049,Fulton County,31.52,2019,2023
18,Indiana,18051,Gibson County,35.46,2019,2023
18,Indiana,18053,Grant County,32.9,2019,2023
18,Indiana,18055,Greene County,33.760000000000005,2019,2023
18,Indiana,18057,Hamilton County,40.78,2019,2023
18,Indiana,18059,Hancock County,29.860000000000003,2019,2023
18,Indiana,18061,Harrison County,49.46,2019,2023
18,Indiana,18063,Hendricks County,39.239999999999995,2019,2023
18,Indiana,18065,Henry County,48.46,2019,2023
18,Indiana,18067,Howard County,66.32000000000001,2019,2023
18,Indiana,18069,Huntington County,14.440000000000001,2019,2023
18,Indiana,18071,Jackson County,54.1,2019,2023
18,Indiana,18073,Jasper County,67.84,2019,2023
18,Indiana,18075,Jay County,17.740000000000002,2019,2023
18,Indiana,18077,Jefferson County,56.08,2019,2023
18,Indiana,18079,Jennings County,20.24,2019,2023
18,Indiana,18081,Johnson County,66.8,2019,2023
18,Indiana,18083,Knox County,103.14000000000001,2019,2023
18,Indiana,18085,Kosciusko County,17.98,2019,2023
18,Indiana,18087,LaGrange County,10.540000000000001,2019,2023
18,Indiana,18089,Lake County,58.7,2019,2023
18,Indiana,18091,LaPorte County,56.739999999999995,2019,2023
18,Indiana,18093,Lawrence County,31.439999999999998,2019,2023
18,Indiana,18095,Madison County,56.160000000000004,2019,2023
18,Indiana,18097,Marion County,65.26,2019,2023
18,Indiana,18099,Marshall County,22.080000000000002,2019,2023
18,Indiana,18101,Martin County,47.839999999999996,2019,2023
18,Indiana,18103,Miami County,24.240000000000002,2019,2023
18,Indiana,18105,Monroe County,61.56,2019,2023
18,Indiana,18107,Montgomery County,20.479999999999997,2019,2023
18,Indiana,18109,Morgan County,34.86,2019,2023
18,Indiana,18111,Newton County,1.9,2019,2023
18,Indiana,18113,Noble County,16.54,2019,2023
18,Indiana,18115,Ohio County,60.7,2019,2023
18,Indiana,18117,Orange County,25.72,2019,2023
18,Indiana,18119,Owen County,24.380000000000003,2019,2023
18,Indiana,18121,Parke County,30.139999999999997,2019,2023
18,Indiana,18123,Perry County,22.94,2019,2023
18,Indiana,18125,Pike County,39.019999999999996,2019,2023
18,Indiana,18127,Porter County,50.58,2019,2023
18,Indiana,18129,Posey County,45.3,2019,2023
18,Indiana,18131,Pulaski County,32.18,2019,2023
18,Indiana,18133,Putnam County,26.32,2019,2023
18,Indiana,18135,Randolph County,52.1,2019,2023
18,Indiana,18137,Ripley County,34.28,2019,2023
18,Indiana,18139,Rush County,20.66,2019,2023
18,Indiana,18141,St. Joseph County,60.6,2019,2023
18,Indiana,18143,Scott County,122.05999999999999,2019,2023
18,Indiana,18145,Shelby County,25.9,2019,2023
18,Indiana,18147,Spencer County,17.94,2019,2023
18,Indiana,18149,Starke County,48.42,2019,2023
18,Indiana,18151,Steuben County,24.84,2019,2023
18,Indiana,18153,Sullivan County,55.620000000000005,2019,2023
18,Indiana,18155,Switzerland County,6.68,2019,2023
18,Indiana,18157,Tippecanoe County,57.92,2019,2023
18,Indiana,18159,Tipton County,22.18,2019,2023
18,Indiana,18161,Union County,29.72,2019,2023
18,Indiana,18163,Vanderburgh County,137.54000000000002,2019,2023
18,Indiana,18165,Vermillion County,19.64,2019,2023
18,Indiana,18167,Vigo County,81.42,2019,2023
18,Indiana,18169,Wabash County,21.720000000000002,2019,2023
18,Indiana,18171,Warren County,4.9799999999999995,2019,2023
18,Indiana,18173,Warrick County,65.76,2019,2023
18,Indiana,18175,Washington County,30.74,2019,2023
18,Indiana,18177,Wayne County,72.86,2019,2023
18,Indiana,18179,Wells County,31.28,2019,2023
18,Indiana,18181,White County,14.64,2019,2023
18,Indiana,18183,Whitley County,20.1,2019,2023
19,Iowa,19001,Adair County,11.84,2019,2023
19,Iowa,19003,Adams County,21.28,2019,2023
19,Iowa,19005,Allamakee County,30.080000000000002,2019,2023
19,Iowa,19007,Appanoose County,44.4,2019,2023
19,Iowa,19009,Audubon County,29.76,2019,2023
19,Iowa,19011,Benton County,15.74,2019,2023
19,Iowa,19013,Black Hawk County,54.94,2019,2023
19,Iowa,19015,Boone County,25.419999999999998,2019,2023
19,Iowa,19017,Bremer County,25.240000000000002,2019,2023
19,Iowa,19019,Buchanan County,13.559999999999999,2019,2023
19,Iowa,19021,Buena Vista County,17.82,2019,2023
19,Iowa,19023,Butler County,10.7,2019,2023
19,Iowa,19025,Calhoun County,50.36,2019,2023
19,Iowa,19027,Carroll County,40.38,2019,2023
19,Iowa,19029,Cass County,41.78,2019,2023
19,Iowa,19031,Cedar County,17.080000000000002,2019,2023
19,Iowa,19033,Cerro Gordo County,67.61999999999999,2019,2023
19,Iowa,19035,Cherokee County,20.44,2019,2023
19,Iowa,19037,Chickasaw County,7.260000000000001,2019,2023
19,Iowa,19039,Clarke County,19.36,2019,2023
19,Iowa,19041,Clay County,55.06,2019,2023
19,Iowa,19043,Clayton County,10.42,2019,2023
19,Iowa,19045,Clinton County,36.17999999999999,2019,2023
19,Iowa,19047,Crawford County,26.18,2019,2023
19,Iowa,19049,Dallas County,9.32,2019,2023
19,Iowa,19051,Davis County,32.16,2019,2023
19,Iowa,19053,Decatur County,38.059999999999995,2019,2023
19,Iowa,19055,Delaware County,23.78,2019,2023
19,Iowa,19057,Des Moines County,46.54,2019,2023
19,Iowa,19059,Dickinson County,27.439999999999998,2019,2023
19,Iowa,19061,Dubuque County,34.239999999999995,2019,2023
19,Iowa,19063,Emmet County,24.52,2019,2023
19,Iowa,19065,Fayette County,19.119999999999997,2019,2023
19,Iowa,19067,Floyd County,37.260000000000005,2019,2023
19,Iowa,19069,Franklin County,4.5,2019,2023
19,Iowa,19071,Fremont County,22.9,2019,2023
19,Iowa,19073,Greene County,38.18,2019,2023
19,Iowa,19075,Grundy County,29.28,2019,2023
19,Iowa,19077,Guthrie County,31.360000000000003,2019,2023
19,Iowa,19079,Hamilton County,40.879999999999995,2019,2023
19,Iowa,19081,Hancock County,22.240000000000002,2019,2023
19,Iowa,19083,Hardin County,34.72,2019,2023
19,Iowa,19085,Harrison County,55.7,2019,2023
19,Iowa,19087,Henry County,30.860000000000003,2019,2023
19,Iowa,19089,Howard County,6.26,2019,2023
19,Iowa,19091,Humboldt County,21.580000000000002,2019,2023
19,Iowa,19093,Ida County,33.8,2019,2023
19,Iowa,19095,Iowa County,18.94,2019,2023
19,Iowa,19097,Jackson County,15.84,2019,2023
19,Iowa,19099,Jasper County,28.919999999999998,2019,2023
19,Iowa,19101,Jefferson County,42.480000000000004,2019,2023
19,Iowa,19103,Johnson County,63.379999999999995,2019,2023
19,Iowa,19105,Jones County,15.219999999999999,2019,2023
19,Iowa,19107,Keokuk County,4.9,2019,2023
19,Iowa,19109,Kossuth County,14.940000000000001,2019,2023
19,Iowa,19111,Lee County,34.739999999999995,2019,2023
19,Iowa,19113,Linn County,34.379999999999995,2019,2023
19,Iowa,19115,Louisa County,9.66,2019,2023
19,Iowa,19117,Lucas County,38.88,2019,2023
19,Iowa,19119,Lyon County,21.34,2019,2023
19,Iowa,19121,Madison County,25.78,2019,2023
19,Iowa,19123,Mahaska County,39.12,2019,2023
19,Iowa,19125,Marion County,32.8,2019,2023
19,Iowa,19127,Marshall County,29.439999999999998,2019,2023
19,Iowa,19129,Mills County,34.46,2019,2023
19,Iowa,19131,Mitchell County,21.32,2019,2023
19,Iowa,19133,Monona County,37.660000000000004,2019,2023
19,Iowa,19135,Monroe County,96.28,2019,2023
19,Iowa,19137,Montgomery County,33.18,2019,2023
19,Iowa,19139,Muscatine County,31.339999999999996,2019,2023
19,Iowa,19141,O'Brien County,38.88,2019,2023
19,Iowa,19143,Osceola County,13.040000000000001,2019,2023
19,Iowa,19145,Page County,47.58,2019,2023
19,Iowa,19147,Palo Alto County,11.34,2019,2023
19,Iowa,19149,Plymouth County,16.94,2019,2023
19,Iowa,19151,Pocahontas County,26.96,2019,2023
19,Iowa,19153,Polk County,58.36,2019,2023
19,Iowa,19155,Pottawattamie County,41.06,2019,2023
19,Iowa,19157,Poweshiek County,34.5,2019,2023
19,Iowa,19159,Ringgold County,55.98,2019,2023
19,Iowa,19161,Sac County,23.56,2019,2023
19,Iowa,19163,Scott County,51.04,2019,2023
19,Iowa,19165,Shelby County,32.4,2019,2023
19,Iowa,19167,Sioux County,16.82,2019,2023
19,Iowa,19169,Story County,28.7,2019,2023
19,Iowa,19171,Tama County,21.34,2019,2023
19,Iowa,19173,Taylor County,31.82,2019,2023
19,Iowa,19175,Union County,52.160000000000004,2019,2023
19,Iowa,19177,Van Buren County,38.36,2019,2023
19,Iowa,19179,Wapello County,35.88,2019,2023
19,Iowa,19181,Warren County,18.56,2019,2023
19,Iowa,19183,Washington County,22.02,2019,2023
19,Iowa,19185,Wayne County,71.56,2019,2023
19,Iowa,19187,Webster County,50.86,2019,2023
19,Iowa,19189,Winnebago County,28.4,2019,2023
19,Iowa,19191,Winneshiek County,24.439999999999998,2019,2023
19,Iowa,19193,Woodbury County,40.82,2019,2023
19,Iowa,19195,Worth County,2.6399999999999997,2019,2023
19,Iowa,19197,Wright County,29.080000000000002,2019,2023
20,Kansas,20001,Allen County,79.16,2019,2023
20,Kansas,20003,Anderson County,12.040000000000001,2019,2023
20,Kansas,20005,Atchison County,56.7,2019,2023
20,Kansas,20007,Barber County,22.36,2019,2023
20,Kansas,20009,Barton County,61.58,2019,2023
20,Kansas,20011,Bourbon County,54.8,2019,2023
20,Kansas,20013,Brown County,57.56,2019,2023
20,Kansas,20015,Butler County,60.04,2019,2023
20,Kansas,20017,Chase County,14.4,2019,2023
20,Kansas,20019,Chautauqua County,42.66,2019,2023
20,Kansas,20021,Cherokee County,32.58,2019,2023
20,Kansas,20023,Cheyenne County,133.86,2019,2023
20,Kansas,20025,Clark County,77.46000000000001,2019,2023
20,Kansas,20027,Clay County,69.46000000000001,2019,2023
20,Kansas,20029,Cloud County,14.420000000000002,2019,2023
20,Kansas,20031,Coffey County,54.14,2019,2023
20,Kansas,20033,Comanche County,10.26,2019,2023
20,Kansas,20035,Cowley County,59.339999999999996,2019,2023
20,Kansas,20037,Crawford County,65.97999999999999,2019,2023
20,Kansas,20039,Decatur County,30.46,2019,2023
20,Kansas,20041,Dickinson County,45.260000000000005,2019,2023
20,Kansas,20043,Doniphan County,2.96,2019,2023
20,Kansas,20045,Douglas County,42.22,2019,2023
20,Kansas,20047,Edwards County,46.760000000000005,2019,2023
20,Kansas,20049,Elk County,6.220000000000001,2019,2023
20,Kansas,20051,Ellis County,51.3,2019,2023
20,Kansas,20053,Ellsworth County,54.5,2019,2023
20,Kansas,20055,Finney County,28.160000000000004,2019,2023
20,Kansas,20057,Ford County,60.44,2019,2023
20,Kansas,20059,Franklin County,37.42,2019,2023
20,Kansas,20061,Geary County,37.58,2019,2023
20,Kansas,20063,Gove County,28.339999999999996,2019,2023
20,Kansas,20065,Graham County,24.5,2019,2023
20,Kansas,20067,Grant County,26.82,2019,2023
20,Kansas,20069,Gray County,22.740000000000002,2019,2023
20,Kansas,20071,Greeley County,110.3,2019,2023
20,Kansas,20073,Greenwood County,22.36,2019,2023
20,Kansas,20075,Hamilton County,5.6,2019,2023
20,Kansas,20077,Harper County,37.58,2019,2023
20,Kansas,20079,Harvey County,72.3,2019,2023
20,Kansas,20081,Haskell County,25.56,2019,2023
20,Kansas,20083,Hodgeman County,18.9,2019,2023
20,Kansas,20085,Jackson County,23.380000000000003,2019,2023
20,Kansas,20087,Jefferson County,12.8,2019,2023
20,Kansas,20089,Jewell County,0.6799999999999999,2019,2023
20,Kansas,20091,Johnson County,54.82000000000001,2019,2023
20,Kansas,20093,Kearny County,70.7,2019,2023
20,Kansas,20095,Kingman County,23.2,2019,2023
20,Kansas,20097,Kiowa County,75.16,2019,2023
20,Kansas,20099,Labette County,65.28,2019,2023
20,Kansas,20101,Lane County,43.38,2019,2023
20,Kansas,20103,Leavenworth County,26.139999999999997,2019,2023
20,Kansas,20105,Lincoln County,14.12,2019,2023
20,Kansas,20107,Linn County,12.919999999999998,2019,2023
20,Kansas,20109,Logan County,54.760000000000005,2019,2023
20,Kansas,20111,Lyon County,42.6,2019,2023
20,Kansas,20113,McPherson County,32.94,2019,2023
20,Kansas,20115,Marion County,10.86,2019,2023
20,Kansas,20117,Marshall County,36.34,2019,2023
20,Kansas,20119,Meade County,41.56,2019,2023
20,Kansas,20121,Miami County,27.839999999999996,2019,2023
20,Kansas,20123,Mitchell County,62.86,2019,2023
20,Kansas,20125,Montgomery County,39.4,2019,2023
20,Kansas,20127,Morris County,11.3,2019,2023
20,Kansas,20129,Morton County,88.58,2019,2023
20,Kansas,20131,Nemaha County,16.4,2019,2023
20,Kansas,20133,Neosho County,93.42,2019,2023
20,Kansas,20135,Ness County,58.82000000000001,2019,2023
20,Kansas,20137,Norton County,62.879999999999995,2019,2023
20,Kansas,20139,Osage County,16.0,2019,2023
20,Kansas,20141,Osborne County,61.96,2019,2023
20,Kansas,20143,Ottawa County,12.86,2019,2023
20,Kansas,20145,Pawnee County,20.98,2019,2023
20,Kansas,20147,Phillips County,69.67999999999999,2019,2023
20,Kansas,20149,Pottawatomie County,11.7,2019,2023
20,Kansas,20151,Pratt County,92.78,2019,2023
20,Kansas,20153,Rawlins County,32.64,2019,2023
20,Kansas,20155,Reno County,67.66,2019,2023
20,Kansas,20157,Republic County,11.78,2019,2023
20,Kansas,20159,Rice County,11.84,2019,2023
20,Kansas,20161,Riley County,42.879999999999995,2019,2023
20,Kansas,20163,Rooks County,46.5,2019,2023
20,Kansas,20165,Rush County,39.36,2019,2023
20,Kansas,20167,Russell County,75.0,2019,2023
20,Kansas,20169,Saline County,87.78,2019,2023
20,Kansas,20171,Scott County,74.12,2019,2023
20,Kansas,20173,Sedgwick County,86.68,2019,2023
20,Kansas,20175,Seward County,42.96,2019,2023
20,Kansas,20177,Shawnee County,54.279999999999994,2019,2023
20,Kansas,20179,Sheridan County,13.62,2019,2023
20,Kansas,20181,Sherman County,31.580000000000002,2019,2023
20,Kansas,20183,Smith County,85.8,2019,2023
20,Kansas,20185,Stafford County,23.119999999999997,2019,2023
20,Kansas,20187,Stanton County,98.86,2019,2023
20,Kansas,20189,Stevens County,10.34,2019,2023
20,Kansas,20191,Sumner County,43.86,2019,2023
20,Kansas,20193,Thomas County,53.120000000000005,2019,2023
20,Kansas,20195,Trego County,88.88,2019,2023
20,Kansas,20197,Wabaunsee County,7.56,2019,2023
20,Kansas,20199,Wallace County,4.8,2019,2023
20,Kansas,20201,Washington County,46.040000000000006,2019,2023
20,Kansas,20203,Wichita County,7.26,2019,2023
20,Kansas,20205,Wilson County,110.8,2019,2023
20,Kansas,20207,Woodson County,8.08,2019,2023
20,Kansas,20209,Wyandotte County,90.22,2019,2023
21,Kentucky,21001,Adair County,54.0,2019,2023
21,Kentucky,21003,Allen County,38.12,2019,2023
21,Kentucky,21005,Anderson County,19.82,2019,2023
21,Kentucky,21007,Ballard County,3.94,2019,2023
21,Kentucky,21009,Barren County,77.36,2019,2023
21,Kentucky,21011,Bath County,6.12,2019,2023
21,Kentucky,21013,Bell County,128.52,2019,2023
21,Kentucky,21015,Boone County,39.0,2019,2023
21,Kentucky,21017,Bourbon County,25.96,2019,2023
21,Kentucky,21019,Boyd County,91.47999999999999,2019,2023
21,Kentucky,21021,Boyle County,91.6,2019,2023
21,Kentucky,21023,Bracken County,18.64,2019,2023
21,Kentucky,21025,Breathitt County,60.379999999999995,2019,2023
21,Kentucky,21027,Breckinridge County,22.46,2019,2023
21,Kentucky,21029,Bullitt County,14.819999999999999,2019,2023
21,Kentucky,21031,Butler County,26.28,2019,2023
21,Kentucky,21033,Caldwell County,38.88,2019,2023
21,Kentucky,21035,Calloway County,55.279999999999994,2019,2023
21,Kentucky,21037,Campbell County,38.739999999999995,2019,2023
21,Kentucky,21039,Carlisle County,67.97999999999999,2019,2023
21,Kentucky,21041,Carroll County,41.739999999999995,2019,2023
21,Kentucky,21043,Carter County,20.94,2019,2023
21,Kentucky,21045,Casey County,29.360000000000003,2019,2023
21,Kentucky,21047,Christian County,35.260000000000005,2019,2023
21,Kentucky,21049,Clark County,184.66,2019,2023
21,Kentucky,21051,Clay County,132.48,2019,2023
21,Kentucky,21053,Clinton County,74.44,2019,2023
21,Kentucky,21055,Crittenden County,42.519999999999996,2019,2023
21,Kentucky,21057,Cumberland County,55.48,2019,2023
21,Kentucky,21059,Daviess County,73.46000000000001,2019,2023
21,Kentucky,21061,Edmonson County,12.34,2019,2023
21,Kentucky,21063,Elliott County,12.14,2019,2023
21,Kentucky,21065,Estill County,36.0,2019,2023
21,Kentucky,21067,Fayette County,110.4,2019,2023
21,Kentucky,21069,Fleming County,34.72,2019,2023
21,Kentucky,21071,Floyd County,123.0,2019,2023
21,Kentucky,21073,Franklin County,59.0,2019,2023
21,Kentucky,21075,Fulton County,12.7,2019,2023
21,Kentucky,21077,Gallatin County,48.64,2019,2023
21,Kentucky,21079,Garrard County,25.26,2019,2023
21,Kentucky,21081,Grant County,18.48,2019,2023
21,Kentucky,21083,Graves County,28.24,2019,2023
21,Kentucky,21085,Grayson County,42.16,2019,2023
21,Kentucky,21087,Green County,24.56,2019,2023
21,Kentucky,21089,Greenup County,29.439999999999998,2019,2023
21,Kentucky,21091,Hancock County,2.9,2019,2023
21,Kentucky,21093,Hardin County,62.54,2019,2023
21,Kentucky,21095,Harlan County,60.81999999999999,2019,2023
21,Kentucky,21097,Harrison County,52.58,2019,2023
21,Kentucky,21099,Hart County,11.440000000000001,2019,2023
21,Kentucky,21101,Henderson County,59.98,2019,2023
21,Kentucky,21103,Henry County,22.18,2019,2023
21,Kentucky,21105,Hickman County,39.12,2019,2023
21,Kentucky,21107,Hopkins County,85.88,2019,2023
21,Kentucky,21109,Jackson County,10.879999999999999,2019,2023
21,Kentucky,21111,Jefferson County,78.92,2019,2023
21,Kentucky,21113,Jessamine County,30.96,2019,2023
21,Kentucky,21115,Johnson County,88.82000000000001,2019,2023
21,Kentucky,21117,Kenton County,71.36,2019,2023
21,Kentucky,21119,Knott County,43.480000000000004,2019,2023
21,Kentucky,21121,Knox County,60.52,2019,2023
21,Kentucky,21123,Larue County,25.36,2019,2023
21,Kentucky,21125,Laurel County,82.64,2019,2023
21,Kentucky,21127,Lawrence County,50.86,2019,2023
21,Kentucky,21129,Lee County,67.6,2019,2023
21,Kentucky,21131,Leslie County,37.9,2019,2023
21,Kentucky,21133,Letcher County,34.58,2019,2023
21,Kentucky,21135,Lewis County,16.98,2019,2023
21,Kentucky,21137,Lincoln County,10.540000000000001,2019,2023
21,Kentucky,21139,Livingston County,34.160000000000004,2019,2023
21,Kentucky,21141,Logan County,21.6,2019,2023
21,Kentucky,21143,Lyon County,44.660000000000004,2019,2023
21,Kentucky,21145,McCracken County,225.42,2019,2023
21,Kentucky,21147,McCreary County,25.98,2019,2023
21,Kentucky,21149,McLean County,13.9,2019,2023
21,Kentucky,21151,Madison County,32.04,2019,2023
21,Kentucky,21153,Magoffin County,63.660000000000004,2019,2023
21,Kentucky,21155,Marion County,40.980000000000004,2019,2023
21,Kentucky,21157,Marshall County,31.48,2019,2023
21,Kentucky,21159,Martin County,74.92,2019,2023
21,Kentucky,21161,Mason County,49.46,2019,2023
21,Kentucky,21163,Meade County,8.16,2019,2023
21,Kentucky,21165,Menifee County,15.16,2019,2023
21,Kentucky,21167,Mercer County,16.5,2019,2023
21,Kentucky,21169,Metcalfe County,16.119999999999997,2019,2023
21,Kentucky,21171,Monroe County,31.2,2019,2023
21,Kentucky,21173,Montgomery County,62.44,2019,2023
21,Kentucky,21175,Morgan County,43.260000000000005,2019,2023
21,Kentucky,21177,Muhlenberg County,42.56,2019,2023
21,Kentucky,21179,Nelson County,44.62,2019,2023
21,Kentucky,21181,Nicholas County,1.92,2019,2023
21,Kentucky,21183,Ohio County,79.53999999999999,2019,2023
21,Kentucky,21185,Oldham County,15.86,2019,2023
21,Kentucky,21187,Owen County,7.840000000000001,2019,2023
21,Kentucky,21189,Owsley County,187.35999999999999,2019,2023
21,Kentucky,21191,Pendleton County,23.06,2019,2023
21,Kentucky,21193,Perry County,283.78000000000003,2019,2023
21,Kentucky,21195,Pike County,133.02,2019,2023
21,Kentucky,21197,Powell County,60.220000000000006,2019,2023
21,Kentucky,21199,Pulaski County,52.4,2019,2023
21,Kentucky,21201,Robertson County,,2019,2023
21,Kentucky,21203,Rockcastle County,54.44,2019,2023
21,Kentucky,21205,Rowan County,52.98,2019,2023
21,Kentucky,21207,Russell County,39.06,2019,2023
21,Kentucky,21209,Scott County,36.14,2019,2023
21,Kentucky,21211,Shelby County,24.52,2019,2023
21,Kentucky,21213,Simpson County,20.02,2019,2023
21,Kentucky,21215,Spencer County,6.720000000000001,2019,2023
21,Kentucky,21217,Taylor County,86.4,2019,2023
21,Kentucky,21219,Todd County,9.32,2019,2023
21,Kentucky,21221,Trigg County,18.4,2019,2023
21,Kentucky,21223,Trimble County,32.62,2019,2023
21,Kentucky,21225,Union County,37.339999999999996,2019,2023
21,Kentucky,21227,Warren County,87.0,2019,2023
21,Kentucky,21229,Washington County,12.379999999999999,2019,2023
21,Kentucky,21231,Wayne County,98.26,2019,2023
21,Kentucky,21233,Webster County,38.92,2019,2023
21,Kentucky,21235,Whitley County,130.94,2019,2023
21,Kentucky,21237,Wolfe County,74.02000000000001,2019,2023
21,Kentucky,21239,Woodford County,28.880000000000003,2019,2023
22,Louisiana,22001,Acadia Parish,29.380000000000003,2019,2023
22,Louisiana,22003,Allen Parish,40.64,2019,2023
22,Louisiana,22005,Ascension Parish,33.760000000000005,2019,2023
22,Louisiana,22007,Assumption Parish,19.38,2019,2023
22,Louisiana,22009,Avoyelles Parish,34.58,2019,2023
22,Louisiana,22011,Beauregard Parish,31.48,2019,2023
22,Louisiana,22013,Bienville Parish,11.040000000000001,2019,2023
22,Louisiana,22015,Bossier Parish,58.86,2019,2023
22,Louisiana,22017,Caddo Parish,139.5,2019,2023
22,Louisiana,22019,Calcasieu Parish,59.86,2019,2023
22,Louisiana,22021,Caldwell Parish,37.160000000000004,2019,2023
22,Louisiana,22023,Cameron Parish,4.86,2019,2023
22,Louisiana,22025,Catahoula Parish,14.940000000000001,2019,2023
22,Louisiana,22027,Claiborne Parish,74.14,2019,2023
22,Louisiana,22029,Concordia Parish,88.06,2019,2023
22,Louisiana,22031,De Soto Parish,15.8,2019,2023
22,Louisiana,22033,East Baton Rouge Parish,91.94,2019,2023
22,Louisiana,22035,East Carroll Parish,70.47999999999999,2019,2023
22,Louisiana,22037,East Feliciana Parish,19.240000000000002,2019,2023
22,Louisiana,22039,Evangeline Parish,103.16,2019,2023
22,Louisiana,22041,Franklin Parish,62.1,2019,2023
22,Louisiana,22043,Grant Parish,5.9,2019,2023
22,Louisiana,22045,Iberia Parish,87.74000000000001,2019,2023
22,Louisiana,22047,Iberville Parish,10.02,2019,2023
22,Louisiana,22049,Jackson Parish,20.580000000000002,2019,2023
22,Louisiana,22051,Jefferson Parish,89.14,2019,2023
22,Louisiana,22053,Jefferson Davis Parish,39.12,2019,2023
22,Louisiana,22055,Lafayette Parish,87.08000000000001,2019,2023
22,Louisiana,22057,Lafourche Parish,43.7,2019,2023
22,Louisiana,22059,LaSalle Parish,62.739999999999995,2019,2023
22,Louisiana,22061,Lincoln Parish,39.62,2019,2023
22,Louisiana,22063,Livingston Parish,16.259999999999998,2019,2023
22,Louisiana,22065,Madison Parish,5.96,2019,2023
22,Louisiana,22067,Morehouse Parish,43.22,2019,2023
22,Louisiana,22069,Natchitoches Parish,29.24,2019,2023
22,Louisiana,22071,Orleans Parish,83.94,2019,2023
22,Louisiana,22073,Ouachita Parish,86.84,2019,2023
22,Louisiana,22075,Plaquemines Parish,16.119999999999997,2019,2023
22,Louisiana,22077,Pointe Coupee Parish,26.119999999999997,2019,2023
22,Louisiana,22079,Rapides Parish,107.97999999999999,2019,2023
22,Louisiana,22081,Red River Parish,55.08,2019,2023
22,Louisiana,22083,Richland Parish,88.96000000000001,2019,2023
22,Louisiana,22085,Sabine Parish,27.82,2019,2023
22,Louisiana,22087,St. Bernard Parish,22.94,2019,2023
22,Louisiana,22089,St. Charles Parish,10.26,2019,2023
22,Louisiana,22091,St. Helena Parish,27.160000000000004,2019,2023
22,Louisiana,22093,St. James Parish,59.04,2019,2023
22,Louisiana,22095,St. John the Baptist Parish,45.94,2019,2023
22,Louisiana,22097,St. Landry Parish,77.14000000000001,2019,2023
22,Louisiana,22099,St. Martin Parish,15.4,2019,2023
22,Louisiana,22101,St. Mary Parish,33.480000000000004,2019,2023
22,Louisiana,22103,St. Tammany Parish,84.82000000000001,2019,2023
22,Louisiana,22105,Tangipahoa Parish,41.64,2019,2023
22,Louisiana,22107,Tensas Parish,24.18,2019,2023
22,Louisiana,22109,Terrebonne Parish,66.67999999999999,2019,2023
22,Louisiana,22111,Union Parish,37.78,2019,2023
22,Louisiana,22113,Vermilion Parish,21.740000000000002,2019,2023
22,Louisiana,22115,Vernon Parish,46.42,2019,2023
22,Louisiana,22117,Washington Parish,38.08,2019,2023
22,Louisiana,22119,Webster Parish,44.68,2019,2023
22,Louisiana,22121,West Baton Rouge Parish,22.36,2019,2023
22,Louisiana,22123,West Carroll Parish,17.8,2019,2023
22,Louisiana,22125,West Feliciana Parish,13.819999999999999,2019,2023
22,Louisiana,22127,Winn Parish,33.28,2019,2023
23,Maine,23001,Androscoggin County,42.68,2019,2023
23,Maine,23003,Aroostook County,50.019999999999996,2019,2023
23,Maine,23005,Cumberland County,43.620000000000005,2019,2023
23,Maine,23007,Franklin County,27.5,2019,2023
23,Maine,23009,Hancock County,35.42,2019,2023
23,Maine,23011,Kennebec County,59.17999999999999,2019,2023
23,Maine,23013,Knox County,30.160000000000004,2019,2023
23,Maine,23015,Lincoln County,33.14,2019,2023
23,Maine,23017,Oxford County,24.580000000000002,2019,2023
23,Maine,23019,Penobscot County,42.06,2019,2023
23,Maine,23021,Piscataquis County,21.9,2019,2023
23,Maine,23023,Sagadahoc County,26.5,2019,2023
23,Maine,23025,Somerset County,26.939999999999998,2019,2023
23,Maine,23027,Waldo County,28.560000000000002,2019,2023
23,Maine,23029,Washington County,29.2,2019,2023
23,Maine,23031,York County,27.4,2019,2023
24,Maryland,24001,Allegany County,85.38,2019,2023
24,Maryland,24003,Anne Arundel County,41.18,2019,2023
24,Maryland,24005,Baltimore County,37.72,2019,2023
24,Maryland,24009,Calvert County,42.04,2019,2023
24,Maryland,24011,Caroline County,22.46,2019,2023
24,Maryland,24013,Carroll County,30.82,2019,2023
24,Maryland,24015,Cecil County,17.52,2019,2023
24,Maryland,24017,Charles County,34.86,2019,2023
24,Maryland,24019,Dorchester County,26.26,2019,2023
24,Maryland,24021,Frederick County,51.779999999999994,2019,2023
24,Maryland,24023,Garrett County,37.94,2019,2023
24,Maryland,24025,Harford County,33.18,2019,2023
24,Maryland,24027,Howard County,26.439999999999998,2019,2023
24,Maryland,24029,Kent County,66.38,2019,2023
24,Maryland,24031,Montgomery County,24.7,2019,2023
24,Maryland,24033,Prince George's County,21.98,2019,2023
24,Maryland,24035,Queen Anne's County,28.880000000000003,2019,2023
24,Maryland,24037,St. Mary's County,25.96,2019,2023
24,Maryland,24039,Somerset County,6.68,2019,2023
24,Maryland,24041,Talbot County,94.66,2019,2023
24,Maryland,24043,Washington County,82.86,2019,2023
24,Maryland,24045,Wicomico County,62.3,2019,2023
24,Maryland,24047,Worcester County,25.380000000000003,2019,2023
24,Maryland,24510,Baltimore city,67.88,2019,2023
25,Massachusetts,25001,Barnstable County,29.139999999999997,2019,2023
25,Massachusetts,25003,Berkshire County,35.28,2019,2023
25,Massachusetts,25005,Bristol County,39.0,2019,2023
25,Massachusetts,25007,Dukes County,18.880000000000003,2019,2023
25,Massachusetts,25009,Essex County,24.94,2019,2023
25,Massachusetts,25011,Franklin County,25.4,2019,2023
25,Massachusetts,25013,Hampden County,43.14,2019,2023
25,Massachusetts,25015,Hampshire County,32.62,2019,2023
25,Massachusetts,25017,Middlesex County,22.18,2019,2023
25,Massachusetts,25019,Nantucket County,16.5,2019,2023
25,Massachusetts,25021,Norfolk County,24.339999999999996,2019,2023
25,Massachusetts,25023,Plymouth County,24.880000000000003,2019,2023
25,Massachusetts,25025,Suffolk County,62.9,2019,2023
25,Massachusetts,25027,Worcester County,31.02,2019,2023
26,Michigan,26001,Alcona County,24.46,2019,2023
26,Michigan,26003,Alger County,38.14,2019,2023
26,Michigan,26005,Allegan County,13.26,2019,2023
26,Michigan,26007,Alpena County,52.32000000000001,2019,2023
26,Michigan,26009,Antrim County,41.519999999999996,2019,2023
26,Michigan,26011,Arenac County,26.32,2019,2023
26,Michigan,26013,Baraga County,30.6,2019,2023
26,Michigan,26015,Barry County,21.56,2019,2023
26,Michigan,26017,Bay County,62.52,2019,2023
26,Michigan,26019,Benzie County,37.08,2019,2023
26,Michigan,26021,Berrien County,41.5,2019,2023
26,Michigan,26023,Branch County,29.3,2019,2023
26,Michigan,26025,Calhoun County,56.4,2019,2023
26,Michigan,26027,Cass County,10.42,2019,2023
26,Michigan,26029,Charlevoix County,32.0,2019,2023
26,Michigan,26031,Cheboygan County,43.54,2019,2023
26,Michigan,26033,Chippewa County,33.760000000000005,2019,2023
26,Michigan,26035,Clare County,39.12,2019,2023
26,Michigan,26037,Clinton County,22.139999999999997,2019,2023
26,Michigan,26039,Crawford County,77.02000000000001,2019,2023
26,Michigan,26041,Delta County,54.32000000000001,2019,2023
26,Michigan,26043,Dickinson County,38.46,2019,2023
26,Michigan,26045,Eaton County,28.82,2019,2023
26,Michigan,26047,Emmet County,100.5,2019,2023
26,Michigan,26049,Genesee County,71.7,2019,2023
26,Michigan,26051,Gladwin County,27.02,2019,2023
26,Michigan,26053,Gogebic County,53.760000000000005,2019,2023
26,Michigan,26055,Grand Traverse County,80.94,2019,2023
26,Michigan,26057,Gratiot County,30.119999999999997,2019,2023
26,Michigan,26059,Hillsdale County,29.939999999999998,2019,2023
26,Michigan,26061,Houghton County,29.8,2019,2023
26,Michigan,26063,Huron County,36.019999999999996,2019,2023
26,Michigan,26065,Ingham County,74.28,2019,2023
26,Michigan,26067,Ionia County,30.060000000000002,2019,2023
26,Michigan,26069,Iosco County,49.58,2019,2023
26,Michigan,26071,Iron County,42.379999999999995,2019,2023
26,Michigan,26073,Isabella County,34.1,2019,2023
26,Michigan,26075,Jackson County,38.239999999999995,2019,2023
26,Michigan,26077,Kalamazoo County,66.94,2019,2023
26,Michigan,26079,Kalkaska County,33.24,2019,2023
26,Michigan,26081,Kent County,58.32000000000001,2019,2023
26,Michigan,26083,Keweenaw County,,2019,2023
26,Michigan,26085,Lake County,7.56,2019,2023
26,Michigan,26087,Lapeer County,30.7,2019,2023
26,Michigan,26089,Leelanau County,7.32,2019,2023
26,Michigan,26091,Lenawee County,36.44,2019,2023
26,Michigan,26093,Livingston County,24.1,2019,2023
26,Michigan,26095,Luce County,42.2,2019,2023
26,Michigan,26097,Mackinac County,45.42,2019,2023
26,Michigan,26099,Macomb County,51.5,2019,2023
26,Michigan,26101,Manistee County,58.379999999999995,2019,2023
26,Michigan,26103,Marquette County,57.779999999999994,2019,2023
26,Michigan,26105,Mason County,46.58,2019,2023
26,Michigan,26107,Mecosta County,70.5,2019,2023
26,Michigan,26109,Menominee County,13.040000000000001,2019,2023
26,Michigan,26111,Midland County,50.7,2019,2023
26,Michigan,26113,Missaukee County,7.6,2019,2023
26,Michigan,26115,Monroe County,39.08,2019,2023
26,Michigan,26117,Montcalm County,45.86,2019,2023
26,Michigan,26119,Montmorency County,20.259999999999998,2019,2023
26,Michigan,26121,Muskegon County,64.94,2019,2023
26,Michigan,26123,Newaygo County,37.14,2019,2023
26,Michigan,26125,Oakland County,67.67999999999999,2019,2023
26,Michigan,26127,Oceana County,37.5,2019,2023
26,Michigan,26129,Ogemaw County,66.72,2019,2023
26,Michigan,26131,Ontonagon County,43.46,2019,2023
26,Michigan,26133,Osceola County,17.96,2019,2023
26,Michigan,26135,Oscoda County,11.620000000000001,2019,2023
26,Michigan,26137,Otsego County,106.16,2019,2023
26,Michigan,26139,Ottawa County,27.8,2019,2023
26,Michigan,26141,Presque Isle County,21.0,2019,2023
26,Michigan,26143,Roscommon County,41.78,2019,2023
26,Michigan,26145,Saginaw County,79.76,2019,2023
26,Michigan,26147,St. Clair County,54.56,2019,2023
26,Michigan,26149,St. Joseph County,29.98,2019,2023
26,Michigan,26151,Sanilac County,15.959999999999999,2019,2023
26,Michigan,26153,Schoolcraft County,45.44,2019,2023
26,Michigan,26155,Shiawassee County,33.58,2019,2023
26,Michigan,26157,Tuscola County,43.22,2019,2023
26,Michigan,26159,Van Buren County,33.44,2019,2023
26,Michigan,26161,Washtenaw County,69.8,2019,2023
26,Michigan,26163,Wayne County,52.98,2019,2023
26,Michigan,26165,Wexford County,59.739999999999995,2019,2023
27,Minnesota,27001,Aitkin County,39.56,2019,2023
27,Minnesota,27003,Anoka County,19.4,2019,2023
27,Minnesota,27005,Becker County,23.84,2019,2023
27,Minnesota,27007,Beltrami County,30.880000000000003,2019,2023
27,Minnesota,27009,Benton County,1.56,2019,2023
27,Minnesota,27011,Big Stone County,44.88,2019,2023
27,Minnesota,27013,Blue Earth County,45.720000000000006,2019,2023
27,Minnesota,27015,Brown County,26.360000000000003,2019,2023
27,Minnesota,27017,Carlton County,27.7,2019,2023
27,Minnesota,27019,Carver County,24.380000000000003,2019,2023
27,Minnesota,27021,Cass County,9.64,2019,2023
27,Minnesota,27023,Chippewa County,19.380000000000003,2019,2023
27,Minnesota,27025,Chisago County,14.459999999999999,2019,2023
27,Minnesota,27027,Clay County,9.64,2019,2023
27,Minnesota,27029,Clearwater County,53.8,2019,2023
27,Minnesota,27031,Cook County,8.5,2019,2023
27,Minnesota,27033,Cottonwood County,20.259999999999998,2019,2023
27,Minnesota,27035,Crow Wing County,34.2,2019,2023
27,Minnesota,27037,Dakota County,18.580000000000002,2019,2023
27,Minnesota,27039,Dodge County,2.2199999999999998,2019,2023
27,Minnesota,27041,Douglas County,37.279999999999994,2019,2023
27,Minnesota,27043,Faribault County,22.98,2019,2023
27,Minnesota,27045,Fillmore County,15.52,2019,2023
27,Minnesota,27047,Freeborn County,19.580000000000002,2019,2023
27,Minnesota,27049,Goodhue County,17.48,2019,2023
27,Minnesota,27051,Grant County,26.24,2019,2023
27,Minnesota,27053,Hennepin County,37.4,2019,2023
27,Minnesota,27055,Houston County,11.7,2019,2023
27,Minnesota,27057,Hubbard County,29.5,2019,2023
27,Minnesota,27059,Isanti County,21.419999999999998,2019,2023
27,Minnesota,27061,Itasca County,27.2,2019,2023
27,Minnesota,27063,Jackson County,15.24,2019,2023
27,Minnesota,27065,Kanabec County,32.760000000000005,2019,2023
27,Minnesota,27067,Kandiyohi County,29.3,2019,2023
27,Minnesota,27069,Kittson County,20.3,2019,2023
27,Minnesota,27071,Koochiching County,35.3,2019,2023
27,Minnesota,27073,Lac qui Parle County,37.239999999999995,2019,2023
27,Minnesota,27075,Lake County,12.26,2019,2023
27,Minnesota,27077,Lake of the Woods County,4.38,2019,2023
27,Minnesota,27079,Le Sueur County,2.34,2019,2023
27,Minnesota,27081,Lincoln County,43.4,2019,2023
27,Minnesota,27083,Lyon County,28.880000000000003,2019,2023
27,Minnesota,27085,McLeod County,23.36,2019,2023
27,Minnesota,27087,Mahnomen County,5.54,2019,2023
27,Minnesota,27089,Marshall County,9.34,2019,2023
27,Minnesota,27091,Martin County,53.339999999999996,2019,2023
27,Minnesota,27093,Meeker County,8.3,2019,2023
27,Minnesota,27095,Mille Lacs County,25.96,2019,2023
27,Minnesota,27097,Morrison County,30.18,2019,2023
27,Minnesota,27099,Mower County,15.5,2019,2023
27,Minnesota,27101,Murray County,19.880000000000003,2019,2023
27,Minnesota,27103,Nicollet County,14.719999999999999,2019,2023
27,Minnesota,27105,Nobles County,17.52,2019,2023
27,Minnesota,27107,Norman County,10.6,2019,2023
27,Minnesota,27109,Olmsted County,78.08,2019,2023
27,Minnesota,27111,Otter Tail County,22.919999999999998,2019,2023
27,Minnesota,27113,Pennington County,32.96,2019,2023
27,Minnesota,27115,Pine County,22.32,2019,2023
27,Minnesota,27117,Pipestone County,28.26,2019,2023
27,Minnesota,27119,Polk County,29.919999999999998,2019,2023
27,Minnesota,27121,Pope County,37.260000000000005,2019,2023
27,Minnesota,27123,Ramsey County,36.6,2019,2023
27,Minnesota,27125,Red Lake County,6.04,2019,2023
27,Minnesota,27127,Redwood County,14.179999999999998,2019,2023
27,Minnesota,27129,Renville County,36.82,2019,2023
27,Minnesota,27131,Rice County,19.1,2019,2023
27,Minnesota,27133,Rock County,33.16,2019,2023
27,Minnesota,27135,Roseau County,38.4,2019,2023
27,Minnesota,27137,St. Louis County,47.08,2019,2023
27,Minnesota,27139,Scott County,9.0,2019,2023
27,Minnesota,27141,Sherburne County,11.58,2019,2023
27,Minnesota,27143,Sibley County,11.58,2019,2023
27,Minnesota,27145,Stearns County,38.54,2019,2023
27,Minnesota,27147,Steele County,22.7,2019,2023
27,Minnesota,27149,Stevens County,32.3,2019,2023
27,Minnesota,27151,Swift County,33.78,2019,2023
27,Minnesota,27153,Todd County,5.88,2019,2023
27,Minnesota,27155,Traverse County,10.0,2019,2023
27,Minnesota,27157,Wabasha County,10.7,2019,2023
27,Minnesota,27159,Wadena County,80.32000000000001,2019,2023
27,Minnesota,27161,Waseca County,14.559999999999999,2019,2023
27,Minnesota,27163,Washington County,24.419999999999998,2019,2023
27,Minnesota,27165,Watonwan County,35.88,2019,2023
27,Minnesota,27167,Wilkin County,9.66,2019,2023
27,Minnesota,27169,Winona County,20.4,2019,2023
27,Minnesota,27171,Wright County,14.7,2019,2023
27,Minnesota,27173,Yellow Medicine County,36.08,2019,2023
28,Mississippi,28001,Adams County,65.64,2019,2023
28,Mississippi,28003,Alcorn County,120.4,2019,2023
28,Mississippi,28005,Amite County,12.459999999999999,2019,2023
28,Mississippi,28007,Attala County,34.36,2019,2023
28,Mississippi,28009,Benton County,10.2,2019,2023
28,Mississippi,28011,Bolivar County,33.46,2019,2023
28,Mississippi,28013,Calhoun County,37.559999999999995,2019,2023
28,Mississippi,28015,Carroll County,9.040000000000001,2019,2023
28,Mississippi,28017,Chickasaw County,28.98,2019,2023
28,Mississippi,28019,Choctaw County,20.880000000000003,2019,2023
28,Mississippi,28021,Claiborne County,22.98,2019,2023
28,Mississippi,28023,Clarke County,18.759999999999998,2019,2023
28,Mississippi,28025,Clay County,36.5,2019,2023
28,Mississippi,28027,Coahoma County,33.2,2019,2023
28,Mississippi,28029,Copiah County,52.260000000000005,2019,2023
28,Mississippi,28031,Covington County,38.480000000000004,2019,2023
28,Mississippi,28033,DeSoto County,57.3,2019,2023
28,Mississippi,28035,Forrest County,190.66,2019,2023
28,Mississippi,28037,Franklin County,5.9,2019,2023
28,Mississippi,28039,George County,51.67999999999999,2019,2023
28,Mississippi,28041,Greene County,16.759999999999998,2019,2023
28,Mississippi,28043,Grenada County,66.22,2019,2023
28,Mississippi,28045,Hancock County,35.68,2019,2023
28,Mississippi,28047,Harrison County,78.02000000000001,2019,2023
28,Mississippi,28049,Hinds County,117.75999999999999,2019,2023
28,Mississippi,28051,Holmes County,25.0,2019,2023
28,Mississippi,28053,Humphreys County,16.18,2019,2023
28,Mississippi,28055,Issaquena County,,2019,2023
28,Mississippi,28057,Itawamba County,26.160000000000004,2019,2023
28,Mississippi,28059,Jackson County,65.53999999999999,2019,2023
28,Mississippi,28061,Jasper County,3.5799999999999996,2019,2023
28,Mississippi,28063,Jefferson County,7.6,2019,2023
28,Mississippi,28065,Jefferson Davis County,21.74,2019,2023
28,Mississippi,28067,Jones County,134.92000000000002,2019,2023
28,Mississippi,28069,Kemper County,5.12,2019,2023
28,Mississippi,28071,Lafayette County,65.76,2019,2023
28,Mississippi,28073,Lamar County,13.780000000000001,2019,2023
28,Mississippi,28075,Lauderdale County,157.57999999999998,2019,2023
28,Mississippi,28077,Lawrence County,38.94,2019,2023
28,Mississippi,28079,Leake County,48.86,2019,2023
28,Mississippi,28081,Lee County,122.47999999999999,2019,2023
28,Mississippi,28083,Leflore County,100.88,2019,2023
28,Mississippi,28085,Lincoln County,70.58,2019,2023
28,Mississippi,28087,Lowndes County,58.379999999999995,2019,2023
28,Mississippi,28089,Madison County,44.62,2019,2023
28,Mississippi,28091,Marion County,55.48,2019,2023
28,Mississippi,28093,Marshall County,24.52,2019,2023
28,Mississippi,28095,Monroe County,40.92,2019,2023
28,Mississippi,28097,Montgomery County,19.139999999999997,2019,2023
28,Mississippi,28099,Neshoba County,26.139999999999997,2019,2023
28,Mississippi,28101,Newton County,14.419999999999998,2019,2023
28,Mississippi,28103,Noxubee County,18.3,2019,2023
28,Mississippi,28105,Oktibbeha County,74.46000000000001,2019,2023
28,Mississippi,28107,Panola County,27.4,2019,2023
28,Mississippi,28109,Pearl River County,27.1,2019,2023
28,Mississippi,28111,Perry County,34.0,2019,2023
28,Mississippi,28113,Pike County,51.08,2019,2023
28,Mississippi,28115,Pontotoc County,24.4,2019,2023
28,Mississippi,28117,Prentiss County,42.160000000000004,2019,2023
28,Mississippi,28119,Quitman County,9.92,2019,2023
28,Mississippi,28121,Rankin County,62.44,2019,2023
28,Mississippi,28123,Scott County,23.7,2019,2023
28,Mississippi,28125,Sharkey County,8.120000000000001,2019,2023
28,Mississippi,28127,Simpson County,33.160000000000004,2019,2023
28,Mississippi,28129,Smith County,8.0,2019,2023
28,Mississippi,28131,Stone County,43.94,2019,2023
28,Mississippi,28133,Sunflower County,27.68,2019,2023
28,Mississippi,28135,Tallahatchie County,17.740000000000002,2019,2023
28,Mississippi,28137,Tate County,56.1,2019,2023
28,Mississippi,28139,Tippah County,21.619999999999997,2019,2023
28,Mississippi,28141,Tishomingo County,60.379999999999995,2019,2023
28,Mississippi,28143,Tunica County,7.32,2019,2023
28,Mississippi,28145,Union County,79.61999999999999,2019,2023
28,Mississippi,28147,Walthall County,25.06,2019,2023
28,Mississippi,28149,Warren County,76.7,2019,2023
28,Mississippi,28151,Washington County,64.62,2019,2023
28,Mississippi,28153,Wayne County,33.18,2019,2023
28,Mississippi,28155,Webster County,103.55999999999999,2019,2023
28,Mississippi,28157,Wilkinson County,49.48,2019,2023
28,Mississippi,28159,Winston County,32.88,2019,2023
28,Mississippi,28161,Yalobusha County,16.240000000000002,2019,2023
28,Mississippi,28163,Yazoo County,10.68,2019,2023
29,Missouri,29001,Adair County,89.24,2019,2023
29,Missouri,29003,Andrew County,2.4,2019,2023
29,Missouri,29005,Atchison County,54.779999999999994,2019,2023
29,Missouri,29007,Audrain County,27.96,2019,2023
29,Missouri,29009,Barry County,57.86,2019,2023
29,Missouri,29011,Barton County,31.360000000000003,2019,2023
29,Missouri,29013,Bates County,30.6,2019,2023
29,Missouri,29015,Benton County,27.9,2019,2023
29,Missouri,29017,Bollinger County,17.28,2019,2023
29,Missouri,29019,Boone County,75.74,2019,2023
29,Missouri,29021,Buchanan County,53.279999999999994,2019,2023
29,Missouri,29023,Butler County,105.72,2019,2023
29,Missouri,29025,Caldwell County,17.3,2019,2023
29,Missouri,29027,Callaway County,15.74,2019,2023
29,Missouri,29029,Camden County,49.480000000000004,2019,2023
29,Missouri,29031,Cape Girardeau County,112.52000000000001,2019,2023
29,Missouri,29033,Carroll County,59.239999999999995,2019,2023
29,Missouri,29035,Carter County,12.16,2019,2023
29,Missouri,29037,Cass County,40.7,2019,2023
29,Missouri,29039,Cedar County,62.8,2019,2023
29,Missouri,29041,Chariton County,3.5200000000000005,2019,2023
29,Missouri,29043,Christian County,41.4,2019,2023
29,Missouri,29045,Clark County,42.1,2019,2023
29,Missouri,29047,Clay County,48.88,2019,2023
29,Missouri,29049,Clinton County,32.17999999999999,2019,2023
29,Missouri,29051,Cole County,65.9,2019,2023
29,Missouri,29053,Cooper County,15.819999999999999,2019,2023
29,Missouri,29055,Crawford County,3.08,2019,2023
29,Missouri,29057,Dade County,57.0,2019,2023
29,Missouri,29059,Dallas County,19.419999999999998,2019,2023
29,Missouri,29061,Daviess County,30.18,2019,2023
29,Missouri,29063,DeKalb County,3.5799999999999996,2019,2023
29,Missouri,29065,Dent County,52.32000000000001,2019,2023
29,Missouri,29067,Douglas County,8.72,2019,2023
29,Missouri,29069,Dunklin County,72.88,2019,2023
29,Missouri,29071,Franklin County,49.92,2019,2023
29,Missouri,29073,Gasconade County,27.6,2019,2023
29,Missouri,29075,Gentry County,25.38,2019,2023
29,Missouri,29077,Greene County,77.94,2019,2023
29,Missouri,29079,Grundy County,31.880000000000003,2019,2023
29,Missouri,29081,Harrison County,34.86,2019,2023
29,Missouri,29083,Henry County,70.41999999999999,2019,2023
29,Missouri,29085,Hickory County,18.5,2019,2023
29,Missouri,29087,Holt County,2.3600000000000003,2019,2023
29,Missouri,29089,Howard County,64.67999999999999,2019,2023
29,Missouri,29091,Howell County,91.72,2019,2023
29,Missouri,29093,Iron County,14.02,2019,2023
29,Missouri,29095,Jackson County,55.739999999999995,2019,2023
29,Missouri,29097,Jasper County,85.06,2019,2023
29,Missouri,29099,Jefferson County,31.7,2019,2023
29,Missouri,29101,Johnson County,31.1,2019,2023
29,Missouri,29103,Knox County,3.1,2019,2023
29,Missouri,29105,Laclede County,33.94,2019,2023
29,Missouri,29107,Lafayette County,30.339999999999996,2019,2023
29,Missouri,29109,Lawrence County,29.140000000000004,2019,2023
29,Missouri,29111,Lewis County,47.92,2019,2023
29,Missouri,29113,Lincoln County,25.68,2019,2023
29,Missouri,29115,Linn County,15.080000000000002,2019,2023
29,Missouri,29117,Livingston County,27.18,2019,2023
29,Missouri,29119,McDonald County,8.36,2019,2023
29,Missouri,29121,Macon County,31.619999999999997,2019,2023
29,Missouri,29123,Madison County,34.68,2019,2023
29,Missouri,29125,Maries County,5.14,2019,2023
29,Missouri,29127,Marion County,86.28,2019,2023
29,Missouri,29129,Mercer County,21.72,2019,2023
29,Missouri,29131,Miller County,23.98,2019,2023
29,Missouri,29133,Mississippi County,58.779999999999994,2019,2023
29,Missouri,29135,Moniteau County,9.28,2019,2023
29,Missouri,29137,Monroe County,7.040000000000001,2019,2023
29,Missouri,29139,Montgomery County,35.22,2019,2023
29,Missouri,29141,Morgan County,7.220000000000001,2019,2023
29,Missouri,29143,New Madrid County,6.720000000000001,2019,2023
29,Missouri,29145,Newton County,20.52,2019,2023
29,Missouri,29147,Nodaway County,36.64,2019,2023
29,Missouri,29149,Oregon County,13.02,2019,2023
29,Missouri,29151,Osage County,17.64,2019,2023
29,Missouri,29153,Ozark County,11.459999999999999,2019,2023
29,Missouri,29155,Pemiscot County,39.82,2019,2023
29,Missouri,29157,Perry County,9.7,2019,2023
29,Missouri,29159,Pettis County,34.64,2019,2023
29,Missouri,29161,Phelps County,76.14,2019,2023
29,Missouri,29163,Pike County,30.3,2019,2023
29,Missouri,29165,Platte County,33.6,2019,2023
29,Missouri,29167,Polk County,59.32000000000001,2019,2023
29,Missouri,29169,Pulaski County,32.22,2019,2023
29,Missouri,29171,Putnam County,9.92,2019,2023
29,Missouri,29173,Ralls County,10.280000000000001,2019,2023
29,Missouri,29175,Randolph County,33.18,2019,2023
29,Missouri,29177,Ray County,33.059999999999995,2019,2023
29,Missouri,29179,Reynolds County,2.4,2019,2023
29,Missouri,29181,Ripley County,41.06,2019,2023
29,Missouri,29183,St. Charles County,33.6,2019,2023
29,Missouri,29185,St. Clair County,34.08,2019,2023
29,Missouri,29186,Ste. Genevieve County,14.98,2019,2023
29,Missouri,29187,St. Francois County,92.82000000000001,2019,2023
29,Missouri,29189,St. Louis County,65.74,2019,2023
29,Missouri,29195,Saline County,38.96,2019,2023
29,Missouri,29197,Schuyler County,7.8,2019,2023
29,Missouri,29199,Scotland County,41.54,2019,2023
29,Missouri,29201,Scott County,73.12,2019,2023
29,Missouri,29203,Shannon County,5.58,2019,2023
29,Missouri,29205,Shelby County,3.9799999999999995,2019,2023
29,Missouri,29207,Stoddard County,37.68,2019,2023
29,Missouri,29209,Stone County,24.84,2019,2023
29,Missouri,29211,Sullivan County,57.14,2019,2023
29,Missouri,29213,Taney County,67.6,2019,2023
29,Missouri,29215,Texas County,25.82,2019,2023
29,Missouri,29217,Vernon County,39.8,2019,2023
29,Missouri,29219,Warren County,8.6,2019,2023
29,Missouri,29221,Washington County,11.959999999999999,2019,2023
29,Missouri,29223,Wayne County,5.86,2019,2023
29,Missouri,29225,Webster County,30.660000000000004,2019,2023
29,Missouri,29227,Worth County,0.6,2019,2023
29,Missouri,29229,Wright County,67.66,2019,2023
29,Missouri,29510,St. Louis city,77.35999999999999,2019,2023
30,Montana,30001,Beaverhead County,34.14,2019,2023
30,Montana,30003,Big Horn County,10.440000000000001,2019,2023
30,Montana,30005,Blaine County,11.66,2019,2023
30,Montana,30007,Broadwater County,10.08,2019,2023
30,Montana,30009,Carbon County,11.98,2019,2023
30,Montana,30011,Carter County,4.36,2019,2023
30,Montana,30013,Cascade County,53.1,2019,2023
30,Montana,30015,Chouteau County,14.84,2019,2023
30,Montana,30017,Custer County,70.16,2019,2023
30,Montana,30019,Daniels County,7.8,2019,2023
30,Montana,30021,Dawson County,30.419999999999998,2019,2023
30,Montana,30023,Deer Lodge County,63.660000000000004,2019,2023
30,Montana,30025,Fallon County,5.96,2019,2023
30,Montana,30027,Fergus County,35.62,2019,2023
30,Montana,30029,Flathead County,63.2,2019,2023
30,Montana,30031,Gallatin County,28.54,2019,2023
30,Montana,30033,Garfield County,11.66,2019,2023
30,Montana,30035,Glacier County,23.3,2019,2023
30,Montana,30037,Golden Valley County,0.1,2019,2023
30,Montana,30039,Granite County,23.880000000000003,2019,2023
30,Montana,30041,Hill County,33.18,2019,2023
30,Montana,30043,Jefferson County,16.06,2019,2023
30,Montana,30045,Judith Basin County,0.5,2019,2023
30,Montana,30047,Lake County,37.3,2019,2023
30,Montana,30049,Lewis and Clark County,42.68,2019,2023
30,Montana,30051,Liberty County,11.72,2019,2023
30,Montana,30053,Lincoln County,55.120000000000005,2019,2023
30,Montana,30055,McCone County,26.439999999999998,2019,2023
30,Montana,30057,Madison County,11.58,2019,2023
30,Montana,30059,Meagher County,27.74,2019,2023
30,Montana,30061,Mineral County,30.660000000000004,2019,2023
30,Montana,30063,Missoula County,56.54,2019,2023
30,Montana,30065,Musselshell County,22.56,2019,2023
30,Montana,30067,Park County,25.06,2019,2023
30,Montana,30069,Petroleum County,,2019,2023
30,Montana,30071,Phillips County,36.2,2019,2023
30,Montana,30073,Pondera County,43.760000000000005,2019,2023
30,Montana,30075,Powder River County,2.425,2019,2023
30,Montana,30077,Powell County,42.38,2019,2023
30,Montana,30079,Prairie County,23.16,2019,2023
30,Montana,30081,Ravalli County,29.380000000000003,2019,2023
30,Montana,30083,Richland County,18.98,2019,2023
30,Montana,30085,Roosevelt County,23.56,2019,2023
30,Montana,30087,Rosebud County,13.64,2019,2023
30,Montana,30089,Sanders County,37.739999999999995,2019,2023
30,Montana,30091,Sheridan County,1.8,2019,2023
30,Montana,30093,Silver Bow County,44.56,2019,2023
30,Montana,30095,Stillwater County,26.68,2019,2023
30,Montana,30097,Sweet Grass County,6.92,2019,2023
30,Montana,30099,Teton County,14.76,2019,2023
30,Montana,30101,Toole County,97.82,2019,2023
30,Montana,30103,Treasure County,,2019,2023
30,Montana,30105,Valley County,18.419999999999998,2019,2023
30,Montana,30107,Wheatland County,4.9399999999999995,2019,2023
30,Montana,30109,Wibaux County,0.1,2019,2023
30,Montana,30111,Yellowstone County,65.47999999999999,2019,2023
31,Nebraska,31001,Adams County,44.46,2019,2023
31,Nebraska,31003,Antelope County,35.08,2019,2023
31,Nebraska,31005,Arthur County,,2019,2023
31,Nebraska,31007,Banner County,,2019,2023
31,Nebraska,31009,Blaine County,,2019,2023
31,Nebraska,31011,Boone County,26.5,2019,2023
31,Nebraska,31013,Box Butte County,61.3,2019,2023
31,Nebraska,31015,Boyd County,33.68,2019,2023
31,Nebraska,31017,Brown County,18.02,2019,2023
31,Nebraska,31019,Buffalo County,74.34,2019,2023
31,Nebraska,31021,Burt County,16.32,2019,2023
31,Nebraska,31023,Butler County,35.36,2019,2023
31,Nebraska,31025,Cass County,9.0,2019,2023
31,Nebraska,31027,Cedar County,15.16,2019,2023
31,Nebraska,31029,Chase County,51.3,2019,2023
31,Nebraska,31031,Cherry County,20.919999999999998,2019,2023
31,Nebraska,31033,Cheyenne County,32.54,2019,2023
31,Nebraska,31035,Clay County,3.1,2019,2023
31,Nebraska,31037,Colfax County,9.48,2019,2023
31,Nebraska,31039,Cuming County,12.08,2019,2023
31,Nebraska,31041,Custer County,41.660000000000004,2019,2023
31,Nebraska,31043,Dakota County,21.06,2019,2023
31,Nebraska,31045,Dawes County,35.379999999999995,2019,2023
31,Nebraska,31047,Dawson County,23.28,2019,2023
31,Nebraska,31049,Deuel County,1.8800000000000001,2019,2023
31,Nebraska,31051,Dixon County,7.4799999999999995,2019,2023
31,Nebraska,31053,Dodge County,37.36,2019,2023
31,Nebraska,31055,Douglas County,62.48,2019,2023
31,Nebraska,31057,Dundy County,22.68,2019,2023
31,Nebraska,31059,Fillmore County,29.560000000000002,2019,2023
31,Nebraska,31061,Franklin County,53.86,2019,2023
31,Nebraska,31063,Frontier County,5.42,2019,2023
31,Nebraska,31065,Furnas County,25.660000000000004,2019,2023
31,Nebraska,31067,Gage County,29.060000000000002,2019,2023
31,Nebraska,31069,Garden County,63.28000000000001,2019,2023
31,Nebraska,31071,Garfield County,79.58000000000001,2019,2023
31,Nebraska,31073,Gosper County,0.44999999999999996,2019,2023
31,Nebraska,31075,Grant County,5.1,2019,2023
31,Nebraska,31077,Greeley County,,2019,2023
31,Nebraska,31079,Hall County,60.3,2019,2023
31,Nebraska,31081,Hamilton County,47.4,2019,2023
31,Nebraska,31083,Harlan County,50.7,2019,2023
31,Nebraska,31085,Hayes County,1.8800000000000001,2019,2023
31,Nebraska,31087,Hitchcock County,14.34,2019,2023
31,Nebraska,31089,Holt County,42.3,2019,2023
31,Nebraska,31091,Hooker County,12.14,2019,2023
31,Nebraska,31093,Howard County,31.46,2019,2023
31,Nebraska,31095,Jefferson County,31.939999999999998,2019,2023
31,Nebraska,31097,Johnson County,55.5,2019,2023
31,Nebraska,31099,Kearney County,26.2,2019,2023
31,Nebraska,31101,Keith County,41.78,2019,2023
31,Nebraska,31103,Keya Paha County,,2019,2023
31,Nebraska,31105,Kimball County,33.6,2019,2023
31,Nebraska,31107,Knox County,26.119999999999997,2019,2023
31,Nebraska,31109,Lancaster County,47.68,2019,2023
31,Nebraska,31111,Lincoln County,75.86,2019,2023
31,Nebraska,31113,Logan County,,2019,2023
31,Nebraska,31115,Loup County,,2019,2023
31,Nebraska,31117,McPherson County,,2019,2023
31,Nebraska,31119,Madison County,89.12,2019,2023
31,Nebraska,31121,Merrick County,32.58,2019,2023
31,Nebraska,31123,Morrill County,12.379999999999999,2019,2023
31,Nebraska,31125,Nance County,4.86,2019,2023
31,Nebraska,31127,Nemaha County,71.91999999999999,2019,2023
31,Nebraska,31129,Nuckolls County,6.779999999999999,2019,2023
31,Nebraska,31131,Otoe County,30.98,2019,2023
31,Nebraska,31133,Pawnee County,33.260000000000005,2019,2023
31,Nebraska,31135,Perkins County,79.03999999999999,2019,2023
31,Nebraska,31137,Phelps County,58.54,2019,2023
31,Nebraska,31139,Pierce County,36.04,2019,2023
31,Nebraska,31141,Platte County,27.5,2019,2023
31,Nebraska,31143,Polk County,8.66,2019,2023
31,Nebraska,31145,Red Willow County,40.9,2019,2023
31,Nebraska,31147,Richardson County,15.4,2019,2023
31,Nebraska,31149,Rock County,11.82,2019,2023
31,Nebraska,31151,Saline County,24.2,2019,2023
31,Nebraska,31153,Sarpy County,24.94,2019,2023
31,Nebraska,31155,Saunders County,15.779999999999998,2019,2023
31,Nebraska,31157,Scotts Bluff County,71.92,2019,2023
31,Nebraska,31159,Seward County,24.119999999999997,2019,2023
31,Nebraska,31161,Sheridan County,6.58,2019,2023
31,Nebraska,31163,Sherman County,3.4,2019,2023
31,Nebraska,31165,Sioux County,,2019,2023
31,Nebraska,31167,Stanton County,1.725,2019,2023
31,Nebraska,31169,Thayer County,8.4,2019,2023
31,Nebraska,31171,Thomas County,2.38,2019,2023
31,Nebraska,31173,Thurston County,35.3,2019,2023
31,Nebraska,31175,Valley County,58.46,2019,2023
31,Nebraska,31177,Washington County,14.8,2019,2023
31,Nebraska,31179,Wayne County,32.660000000000004,2019,2023
31,Nebraska,31181,Webster County,6.840000000000001,2019,2023
31,Nebraska,31183,Wheeler County,,2019,2023
31,Nebraska,31185,York County,59.02,2019,2023
32,Nevada,32001,Churchill County,34.86,2019,2023
32,Nevada,32003,Clark County,44.980000000000004,2019,2023
32,Nevada,32005,Douglas County,35.12,2019,2023
32,Nevada,32007,Elko County,25.72,2019,2023
32,Nevada,32009,Esmeralda County,,2019,2023
32,Nevada,32011,Eureka County,5.36,2019,2023
32,Nevada,32013,Humboldt County,10.440000000000001,2019,2023
32,Nevada,32015,Lander County,1.4,2019,2023
32,Nevada,32017,Lincoln County,47.88,2019,2023
32,Nevada,32019,Lyon County,7.18,2019,2023
32,Nevada,32021,Mineral County,45.72,2019,2023
32,Nevada,32023,Nye County,39.96,2019,2023
32,Nevada,32027,Pershing County,11.4,2019,2023
32,Nevada,32029,Storey County,61.36,2019,2023
32,Nevada,32031,Washoe County,51.120000000000005,2019,2023
32,Nevada,32033,White Pine County,25.639999999999997,2019,2023
32,Nevada,32510,Carson City,81.16,2019,2023
33,New Hampshire,33001,Belknap County,22.259999999999998,2019,2023
33,New Hampshire,33003,Carroll County,44.660000000000004,2019,2023
33,New Hampshire,33005,Cheshire County,26.52,2019,2023
33,New Hampshire,33007,Coos County,38.9,2019,2023
33,New Hampshire,33009,Grafton County,53.96,2019,2023
33,New Hampshire,33011,Hillsborough County,31.76,2019,2023
33,New Hampshire,33013,Merrimack County,44.7,2019,2023
33,New Hampshire,33015,Rockingham County,26.72,2019,2023
33,New Hampshire,33017,Strafford County,41.58,2019,2023
33,New Hampshire,33019,Sullivan County,19.240000000000002,2019,2023
34,New Jersey,34001,Atlantic County,46.62,2019,2023
34,New Jersey,34003,Bergen County,25.52,2019,2023
34,New Jersey,34005,Burlington County,48.94,2019,2023
34,New Jersey,34007,Camden County,57.879999999999995,2019,2023
34,New Jersey,34009,Cape May County,23.58,2019,2023
34,New Jersey,34011,Cumberland County,37.64,2019,2023
34,New Jersey,34013,Essex County,29.339999999999996,2019,2023
34,New Jersey,34015,Gloucester County,33.36,2019,2023
34,New Jersey,34017,Hudson County,17.28,2019,2023
34,New Jersey,34019,Hunterdon County,19.8,2019,2023
34,New Jersey,34021,Mercer County,32.7,2019,2023
34,New Jersey,34023,Middlesex County,26.4,2019,2023
34,New Jersey,34025,Monmouth County,36.54,2019,2023
34,New Jersey,34027,Morris County,32.16,2019,2023
34,New Jersey,34029,Ocean County,18.880000000000003,2019,2023
34,New Jersey,34031,Passaic County,26.119999999999997,2019,2023
34,New Jersey,34033,Salem County,22.3,2019,2023
34,New Jersey,34035,Somerset County,20.919999999999998,2019,2023
34,New Jersey,34037,Sussex County,21.84,2019,2023
34,New Jersey,34039,Union County,21.919999999999998,2019,2023
34,New Jersey,34041,Warren County,27.919999999999998,2019,2023
35,New Mexico,35001,Bernalillo County,51.4,2019,2023
35,New Mexico,35003,Catron County,16.080000000000002,2019,2023
35,New Mexico,35005,Chaves County,51.279999999999994,2019,2023
35,New Mexico,35006,Cibola County,13.819999999999999,2019,2023
35,New Mexico,35007,Colfax County,59.6,2019,2023
35,New Mexico,35009,Curry County,18.740000000000002,2019,2023
35,New Mexico,35011,De Baca County,6.7,2019,2023
35,New Mexico,35013,Doña Ana County,31.439999999999998,2019,2023
35,New Mexico,35015,Eddy County,60.8,2019,2023
35,New Mexico,35017,Grant County,38.22,2019,2023
35,New Mexico,35019,Guadalupe County,68.4,2019,2023
35,New Mexico,35021,Harding County,31.52,2019,2023
35,New Mexico,35023,Hidalgo County,15.36,2019,2023
35,New Mexico,35025,Lea County,33.54,2019,2023
35,New Mexico,35027,Lincoln County,26.939999999999998,2019,2023
35,New Mexico,35028,Los Alamos County,32.9,2019,2023
35,New Mexico,35029,Luna County,37.54,2019,2023
35,New Mexico,35031,McKinley County,11.92,2019,2023
35,New Mexico,35033,Mora County,3.7399999999999998,2019,2023
35,New Mexico,35035,Otero County,30.419999999999998,2019,2023
35,New Mexico,35037,Quay County,43.58,2019,2023
35,New Mexico,35039,Rio Arriba County,28.6,2019,2023
35,New Mexico,35041,Roosevelt County,29.9,2019,2023
35,New Mexico,35043,Sandoval County,20.66,2019,2023
35,New Mexico,35045,San Juan County,34.220000000000006,2019,2023
35,New Mexico,35047,San Miguel County,31.2,2019,2023
35,New Mexico,35049,Santa Fe County,43.339999999999996,2019,2023
35,New Mexico,35051,Sierra County,22.18,2019,2023
35,New Mexico,35053,Socorro County,37.2,2019,2023
35,New Mexico,35055,Taos County,52.8,2019,2023
35,New Mexico,35057,Torrance County,6.16,2019,2023
35,New Mexico,35059,Union County,40.839999999999996,2019,2023
35,New Mexico,35061,Valencia County,19.919999999999998,2019,2023
36,New York,36001,Albany County,53.9,2019,2023
36,New York,36003,Allegany County,25.6,2019,2023
36,New York,36005,Bronx County,16.880000000000003,2019,2023
36,New York,36007,Broome County,51.44,2019,2023
36,New York,36009,Cattaraugus County,37.14,2019,2023
36,New York,36011,Cayuga County,23.5,2019,2023
36,New York,36013,Chautauqua County,37.94,2019,2023
36,New York,36015,Chemung County,67.1,2019,2023
36,New York,36017,Chenango County,25.240000000000002,2019,2023
36,New York,36019,Clinton County,65.16,2019,2023
36,New York,36021,Columbia County,31.880000000000003,2019,2023
36,New York,36023,Cortland County,21.919999999999998,2019,2023
36,New York,36025,Delaware County,16.88,2019,2023
36,New York,36027,Dutchess County,30.72,2019,2023
36,New York,36029,Erie County,54.46,2019,2023
36,New York,36031,Essex County,30.24,2019,2023
36,New York,36033,Franklin County,35.44,2019,2023
36,New York,36035,Fulton County,30.8,2019,2023
36,New York,36037,Genesee County,44.92,2019,2023
36,New York,36039,Greene County,19.119999999999997,2019,2023
36,New York,36041,Hamilton County,23.4,2019,2023
36,New York,36043,Herkimer County,16.82,2019,2023
36,New York,36045,Jefferson County,44.9,2019,2023
36,New York,36047,Kings County,13.86,2019,2023
36,New York,36049,Lewis County,19.48,2019,2023
36,New York,36051,Livingston County,31.860000000000003,2019,2023
36,New York,36053,Madison County,35.22,2019,2023
36,New York,36055,Monroe County,37.339999999999996,2019,2023
36,New York,36057,Montgomery County,50.260000000000005,2019,2023
36,New York,36059,Nassau County,38.72,2019,2023
36,New York,36061,New York County,55.760000000000005,2019,2023
36,New York,36063,Niagara County,26.02,2019,2023
36,New York,36065,Oneida County,37.14,2019,2023
36,New York,36067,Onondaga County,56.04,2019,2023
36,New York,36069,Ontario County,32.1,2019,2023
36,New York,36071,Orange County,26.52,2019,2023
36,New York,36073,Orleans County,20.240000000000002,2019,2023
36,New York,36075,Oswego County,21.380000000000003,2019,2023
36,New York,36077,Otsego County,46.68,2019,2023
36,New York,36079,Putnam County,26.580000000000002,2019,2023
36,New York,36081,Queens County,11.9,2019,2023
36,New York,36083,Rensselaer County,24.82,2019,2023
36,New York,36085,Richmond County,25.68,2019,2023
36,New York,36087,Rockland County,23.86,2019,2023
36,New York,36089,St. Lawrence County,35.64,2019,2023
36,New York,36091,Saratoga County,29.839999999999996,2019,2023
36,New York,36093,Schenectady County,27.68,2019,2023
36,New York,36095,Schoharie County,29.28,2019,2023
36,New York,36097,Schuyler County,36.38,2019,2023
36,New York,36099,Seneca County,25.14,2019,2023
36,New York,36101,Steuben County,34.980000000000004,2019,2023
36,New York,36103,Suffolk County,28.8,2019,2023
36,New York,36105,Sullivan County,58.17999999999999,2019,2023
36,New York,36107,Tioga County,18.04,2019,2023
36,New York,36109,Tompkins County,44.88,2019,2023
36,New York,36111,Ulster County,30.72,2019,2023
36,New York,36113,Warren County,67.2,2019,2023
36,New York,36115,Washington County,21.1,2019,2023
36,New York,36117,Wayne County,12.6,2019,2023
36,New York,36119,Westchester County,22.639999999999997,2019,2023
36,New York,36121,Wyoming County,22.380000000000003,2019,2023
36,New York,36123,Yates County,15.440000000000001,2019,2023
37,North Carolina,37001,Alamance County,30.24,2019,2023
37,North Carolina,37003,Alexander County,8.8,2019,2023
37,North Carolina,37005,Alleghany County,38.72,2019,2023
37,North Carolina,37007,Anson County,7.279999999999999,2019,2023
37,North Carolina,37009,Ashe County,46.12,2019,2023
37,North Carolina,37011,Avery County,32.68,2019,2023
37,North Carolina,37013,Beaufort County,46.36,2019,2023
37,North Carolina,37015,Bertie County,58.3,2019,2023
37,North Carolina,37017,Bladen County,28.0,2019,2023
37,North Carolina,37019,Brunswick County,38.739999999999995,2019,2023
37,North Carolina,37021,Buncombe County,73.66,2019,2023
37,North Carolina,37023,Burke County,66.58,2019,2023
37,North Carolina,37025,Cabarrus County,47.3,2019,2023
37,North Carolina,37027,Caldwell County,45.480000000000004,2019,2023
37,North Carolina,37029,Camden County,0.48,2019,2023
37,North Carolina,37031,Carteret County,57.64,2019,2023
37,North Carolina,37033,Caswell County,4.5200000000000005,2019,2023
37,North Carolina,37035,Catawba County,97.14,2019,2023
37,North Carolina,37037,Chatham County,14.319999999999999,2019,2023
37,North Carolina,37039,Cherokee County,64.64,2019,2023
37,North Carolina,37041,Chowan County,38.62,2019,2023
37,North Carolina,37043,Clay County,39.58,2019,2023
37,North Carolina,37045,Cleveland County,101.12,2019,2023
37,North Carolina,37047,Columbus County,77.88,2019,2023
37,North Carolina,37049,Craven County,74.66,2019,2023
37,North Carolina,37051,Cumberland County,60.38000000000001,2019,2023
37,North Carolina,37053,Currituck County,11.76,2019,2023
37,North Carolina,37055,Dare County,63.739999999999995,2019,2023
37,North Carolina,37057,Davidson County,24.22,2019,2023
37,North Carolina,37059,Davie County,31.9,2019,2023
37,North Carolina,37061,Duplin County,26.26,2019,2023
37,North Carolina,37063,Durham County,62.660000000000004,2019,2023
37,North Carolina,37065,Edgecombe County,24.54,2019,2023
37,North Carolina,37067,Forsyth County,93.35999999999999,2019,2023
37,North Carolina,37069,Franklin County,11.42,2019,2023
37,North Carolina,37071,Gaston County,60.839999999999996,2019,2023
37,North Carolina,37073,Gates County,1.8199999999999998,2019,2023
37,North Carolina,37075,Graham County,11.959999999999999,2019,2023
37,North Carolina,37077,Granville County,26.8,2019,2023
37,North Carolina,37079,Greene County,20.98,2019,2023
37,North Carolina,37081,Guilford County,57.14,2019,2023
37,North Carolina,37083,Halifax County,47.739999999999995,2019,2023
37,North Carolina,37085,Harnett County,49.6,2019,2023
37,North Carolina,37087,Haywood County,56.86,2019,2023
37,North Carolina,37089,Henderson County,37.239999999999995,2019,2023
37,North Carolina,37091,Hertford County,59.120000000000005,2019,2023
37,North Carolina,37093,Hoke County,16.619999999999997,2019,2023
37,North Carolina,37095,Hyde County,2.94,2019,2023
37,North Carolina,37097,Iredell County,68.72,2019,2023
37,North Carolina,37099,Jackson County,38.519999999999996,2019,2023
37,North Carolina,37101,Johnston County,31.1,2019,2023
37,North Carolina,37103,Jones County,9.72,2019,2023
37,North Carolina,37105,Lee County,56.48,2019,2023
37,North Carolina,37107,Lenoir County,45.3,2019,2023
37,North Carolina,37109,Lincoln County,30.160000000000004,2019,2023
37,North Carolina,37111,McDowell County,40.519999999999996,2019,2023
37,North Carolina,37113,Macon County,23.880000000000003,2019,2023
37,North Carolina,37115,Madison County,10.879999999999999,2019,2023
37,North Carolina,37117,Martin County,22.78,2019,2023
37,North Carolina,37119,Mecklenburg County,49.82,2019,2023
37,North Carolina,37121,Mitchell County,77.66,2019,2023
37,North Carolina,37123,Montgomery County,27.3,2019,2023
37,North Carolina,37125,Moore County,124.17999999999999,2019,2023
37,North Carolina,37127,Nash County,75.42,2019,2023
37,North Carolina,37129,New Hanover County,81.42,2019,2023
37,North Carolina,37131,Northampton County,10.74,2019,2023
37,North Carolina,37133,Onslow County,48.32,2019,2023
37,North Carolina,37135,Orange County,86.8,2019,2023
37,North Carolina,37137,Pamlico County,4.5,2019,2023
37,North Carolina,37139,Pasquotank County,50.6,2019,2023
37,North Carolina,37141,Pender County,18.72,2019,2023
37,North Carolina,37143,Perquimans County,19.94,2019,2023
37,North Carolina,37145,Person County,18.22,2019,2023
37,North Carolina,37147,Pitt County,104.78,2019,2023
37,North Carolina,37149,Polk County,29.7,2019,2023
37,North Carolina,37151,Randolph County,27.939999999999998,2019,2023
37,North Carolina,37153,Richmond County,82.78,2019,2023
37,North Carolina,37155,Robeson County,59.17999999999999,2019,2023
37,North Carolina,37157,Rockingham County,48.62,2019,2023
37,North Carolina,37159,Rowan County,50.980000000000004,2019,2023
37,North Carolina,37161,Rutherford County,47.2,2019,2023
37,North Carolina,37163,Sampson County,31.74,2019,2023
37,North Carolina,37165,Scotland County,88.12,2019,2023
37,North Carolina,37167,Stanly County,31.6,2019,2023
37,North Carolina,37169,Stokes County,28.339999999999996,2019,2023
37,North Carolina,37171,Surry County,82.66,2019,2023
37,North Carolina,37173,Swain County,113.72,2019,2023
37,North Carolina,37175,Transylvania County,37.68,2019,2023
37,North Carolina,37177,Tyrrell County,8.059999999999999,2019,2023
37,North Carolina,37179,Union County,22.64,2019,2023
37,North Carolina,37181,Vance County,41.86,2019,2023
37,North Carolina,37183,Wake County,37.019999999999996,2019,2023
37,North Carolina,37185,Warren County,2.7600000000000002,2019,2023
37,North Carolina,37187,Washington County,33.68,2019,2023
37,North Carolina,37189,Watauga County,54.4,2019,2023
37,North Carolina,37191,Wayne County,38.44,2019,2023
37,North Carolina,37193,Wilkes County,37.660000000000004,2019,2023
37,North Carolina,37195,Wilson County,37.18,2019,2023
37,North Carolina,37197,Yadkin County,23.5,2019,2023
37,North Carolina,37199,Yancey County,31.560000000000002,2019,2023
38,North Dakota,38001,Adams County,98.24,2019,2023
38,North Dakota,38003,Barnes County,33.68,2019,2023
38,North Dakota,38005,Benson County,2.68,2019,2023
38,North Dakota,38007,Billings County,,2019,2023
38,North Dakota,38009,Bottineau County,12.5,2019,2023
38,North Dakota,38011,Bowman County,12.559999999999999,2019,2023
38,North Dakota,38013,Burke County,5.34,2019,2023
38,North Dakota,38015,Burleigh County,62.92,2019,2023
38,North Dakota,38017,Cass County,34.980000000000004,2019,2023
38,North Dakota,38019,Cavalier County,39.82,2019,2023
38,North Dakota,38021,Dickey County,26.880000000000003,2019,2023
38,North Dakota,38023,Divide County,2.12,2019,2023
38,North Dakota,38025,Dunn County,2.2199999999999998,2019,2023
38,North Dakota,38027,Eddy County,0.275,2019,2023
38,North Dakota,38029,Emmons County,32.14,2019,2023
38,North Dakota,38031,Foster County,64.6,2019,2023
38,North Dakota,38033,Golden Valley County,4.26,2019,2023
38,North Dakota,38035,Grand Forks County,56.46,2019,2023
38,North Dakota,38037,Grant County,5.8,2019,2023
38,North Dakota,38039,Griggs County,6.26,2019,2023
38,North Dakota,38041,Hettinger County,1.72,2019,2023
38,North Dakota,38043,Kidder County,19.919999999999998,2019,2023
38,North Dakota,38045,LaMoure County,7.460000000000001,2019,2023
38,North Dakota,38047,Logan County,13.7,2019,2023
38,North Dakota,38049,McHenry County,10.4,2019,2023
38,North Dakota,38051,McIntosh County,22.46,2019,2023
38,North Dakota,38053,McKenzie County,11.64,2019,2023
38,North Dakota,38055,McLean County,22.96,2019,2023
38,North Dakota,38057,Mercer County,31.54,2019,2023
38,North Dakota,38059,Morton County,8.459999999999999,2019,2023
38,North Dakota,38061,Mountrail County,3.06,2019,2023
38,North Dakota,38063,Nelson County,6.9,2019,2023
38,North Dakota,38065,Oliver County,0.1,2019,2023
38,North Dakota,38067,Pembina County,30.98,2019,2023
38,North Dakota,38069,Pierce County,42.2,2019,2023
38,North Dakota,38071,Ramsey County,57.96,2019,2023
38,North Dakota,38073,Ransom County,24.259999999999998,2019,2023
38,North Dakota,38075,Renville County,0.275,2019,2023
38,North Dakota,38077,Richland County,20.119999999999997,2019,2023
38,North Dakota,38079,Rolette County,4.04,2019,2023
38,North Dakota,38081,Sargent County,1.58,2019,2023
38,North Dakota,38083,Sheridan County,2.7399999999999998,2019,2023
38,North Dakota,38085,Sioux County,0.35,2019,2023
38,North Dakota,38087,Slope County,,2019,2023
38,North Dakota,38089,Stark County,37.7,2019,2023
38,North Dakota,38091,Steele County,,2019,2023
38,North Dakota,38093,Stutsman County,31.6,2019,2023
38,North Dakota,38095,Towner County,17.22,2019,2023
38,North Dakota,38097,Traill County,12.22,2019,2023
38,North Dakota,38099,Walsh County,15.040000000000001,2019,2023
38,North Dakota,38101,Ward County,44.58,2019,2023
38,North Dakota,38103,Wells County,51.94,2019,2023
38,North Dakota,38105,Williams County,30.74,2019,2023
39,Ohio,39001,Adams County,30.24,2019,2023
39,Ohio,39003,Allen County,69.16,2019,2023
39,Ohio,39005,Ashland County,19.4,2019,2023
39,Ohio,39007,Ashtabula County,34.22,2019,2023
39,Ohio,39009,Athens County,45.08,2019,2023
39,Ohio,39011,Auglaize County,19.66,2019,2023
39,Ohio,39013,Belmont County,26.76,2019,2023
39,Ohio,39015,Brown County,34.760000000000005,2019,2023
39,Ohio,39017,Butler County,39.72,2019,2023
39,Ohio,39019,Carroll County,16.48,2019,2023
39,Ohio,39021,Champaign County,12.2,2019,2023
39,Ohio,39023,Clark County,46.2,2019,2023
39,Ohio,39025,Clermont County,27.580000000000002,2019,2023
39,Ohio,39027,Clinton County,43.62,2019,2023
39,Ohio,39029,Columbiana County,21.02,2019,2023
39,Ohio,39031,Coshocton County,26.439999999999998,2019,2023
39,Ohio,39033,Crawford County,39.22,2019,2023
39,Ohio,39035,Cuyahoga County,50.1,2019,2023
39,Ohio,39037,Darke County,17.84,2019,2023
39,Ohio,39039,Defiance County,54.02,2019,2023
39,Ohio,39041,Delaware County,30.619999999999997,2019,2023
39,Ohio,39043,Erie County,39.44,2019,2023
39,Ohio,39045,Fairfield County,46.160000000000004,2019,2023
39,Ohio,39047,Fayette County,60.2,2019,2023
39,Ohio,39049,Franklin County,58.4,2019,2023
39,Ohio,39051,Fulton County,18.0,2019,2023
39,Ohio,39053,Gallia County,51.8,2019,2023
39,Ohio,39055,Geauga County,22.36,2019,2023
39,Ohio,39057,Greene County,51.86,2019,2023
39,Ohio,39059,Guernsey County,30.6,2019,2023
39,Ohio,39061,Hamilton County,64.52000000000001,2019,2023
39,Ohio,39063,Hancock County,46.019999999999996,2019,2023
39,Ohio,39065,Hardin County,17.66,2019,2023
39,Ohio,39067,Harrison County,10.34,2019,2023
39,Ohio,39069,Henry County,13.98,2019,2023
39,Ohio,39071,Highland County,31.68,2019,2023
39,Ohio,39073,Hocking County,22.66,2019,2023
39,Ohio,39075,Holmes County,8.1,2019,2023
39,Ohio,39077,Huron County,40.519999999999996,2019,2023
39,Ohio,39079,Jackson County,38.82,2019,2023
39,Ohio,39081,Jefferson County,68.26,2019,2023
39,Ohio,39083,Knox County,19.5,2019,2023
39,Ohio,39085,Lake County,35.44,2019,2023
39,Ohio,39087,Lawrence County,42.4,2019,2023
39,Ohio,39089,Licking County,20.44,2019,2023
39,Ohio,39091,Logan County,28.2,2019,2023
39,Ohio,39093,Lorain County,29.639999999999997,2019,2023
39,Ohio,39095,Lucas County,76.84,2019,2023
39,Ohio,39097,Madison County,21.04,2019,2023
39,Ohio,39099,Mahoning County,72.5,2019,2023
39,Ohio,39101,Marion County,66.38,2019,2023
39,Ohio,39103,Medina County,20.240000000000002,2019,2023
39,Ohio,39105,Meigs County,7.58,2019,2023
39,Ohio,39107,Mercer County,22.26,2019,2023
39,Ohio,39109,Miami County,22.98,2019,2023
39,Ohio,39111,Monroe County,11.32,2019,2023
39,Ohio,39113,Montgomery County,66.32000000000001,2019,2023
39,Ohio,39115,Morgan County,11.66,2019,2023
39,Ohio,39117,Morrow County,7.8,2019,2023
39,Ohio,39119,Muskingum County,57.52,2019,2023
39,Ohio,39121,Noble County,7.68,2019,2023
39,Ohio,39123,Ottawa County,18.56,2019,2023
39,Ohio,39125,Paulding County,13.440000000000001,2019,2023
39,Ohio,39127,Perry County,29.580000000000002,2019,2023
39,Ohio,39129,Pickaway County,30.360000000000003,2019,2023
39,Ohio,39131,Pike County,49.62,2019,2023
39,Ohio,39133,Portage County,22.439999999999998,2019,2023
39,Ohio,39135,Preble County,15.7,2019,2023
39,Ohio,39137,Putnam County,14.219999999999999,2019,2023
39,Ohio,39139,Richland County,30.060000000000002,2019,2023
39,Ohio,39141,Ross County,60.14,2019,2023
39,Ohio,39143,Sandusky County,23.9,2019,2023
39,Ohio,39145,Scioto County,72.52000000000001,2019,2023
39,Ohio,39147,Seneca County,18.28,2019,2023
39,Ohio,39149,Shelby County,26.74,2019,2023
39,Ohio,39151,Stark County,52.6,2019,2023
39,Ohio,39153,Summit County,52.739999999999995,2019,2023
39,Ohio,39155,Trumbull County,37.22,2019,2023
39,Ohio,39157,Tuscarawas County,49.620000000000005,2019,2023
39,Ohio,39159,Union County,31.0,2019,2023
39,Ohio,39161,Van Wert County,27.160000000000004,2019,2023
39,Ohio,39163,Vinton County,4.14,2019,2023
39,Ohio,39165,Warren County,26.72,2019,2023
39,Ohio,39167,Washington County,63.080000000000005,2019,2023
39,Ohio,39169,Wayne County,23.2,2019,2023
39,Ohio,39171,Williams County,17.740000000000002,2019,2023
39,Ohio,39173,Wood County,28.74,2019,2023
39,Ohio,39175,Wyandot County,13.180000000000001,2019,2023
40,Oklahoma,40001,Adair County,69.5,2019,2023
40,Oklahoma,40003,Alfalfa County,10.64,2019,2023
40,Oklahoma,40005,Atoka County,10.9,2019,2023
40,Oklahoma,40007,Beaver County,4.92,2019,2023
40,Oklahoma,40009,Beckham County,64.4,2019,2023
40,Oklahoma,40011,Blaine County,19.04,2019,2023
40,Oklahoma,40013,Bryan County,59.64,2019,2023
40,Oklahoma,40015,Caddo County,20.48,2019,2023
40,Oklahoma,40017,Canadian County,22.2,2019,2023
40,Oklahoma,40019,Carter County,82.58,2019,2023
40,Oklahoma,40021,Cherokee County,44.36,2019,2023
40,Oklahoma,40023,Choctaw County,19.4,2019,2023
40,Oklahoma,40025,Cimarron County,10.1,2019,2023
40,Oklahoma,40027,Cleveland County,36.760000000000005,2019,2023
40,Oklahoma,40029,Coal County,32.94,2019,2023
40,Oklahoma,40031,Comanche County,58.379999999999995,2019,2023
40,Oklahoma,40033,Cotton County,2.32,2019,2023
40,Oklahoma,40035,Craig County,20.46,2019,2023
40,Oklahoma,40037,Creek County,19.6,2019,2023
40,Oklahoma,40039,Custer County,22.32,2019,2023
40,Oklahoma,40041,Delaware County,38.68,2019,2023
40,Oklahoma,40043,Dewey County,8.78,2019,2023
40,Oklahoma,40045,Ellis County,38.3,2019,2023
40,Oklahoma,40047,Garfield County,64.76,2019,2023
40,Oklahoma,40049,Garvin County,34.9,2019,2023
40,Oklahoma,40051,Grady County,24.84,2019,2023
40,Oklahoma,40053,Grant County,7.82,2019,2023
40,Oklahoma,40055,Greer County,17.259999999999998,2019,2023
40,Oklahoma,40057,Harmon County,153.38,2019,2023
40,Oklahoma,40059,Harper County,100.7,2019,2023
40,Oklahoma,40061,Haskell County,38.78,2019,2023
40,Oklahoma,40063,Hughes County,14.819999999999999,2019,2023
40,Oklahoma,40065,Jackson County,47.4,2019,2023
40,Oklahoma,40067,Jefferson County,25.4,2019,2023
40,Oklahoma,40069,Johnston County,14.36,2019,2023
40,Oklahoma,40071,Kay County,36.9,2019,2023
40,Oklahoma,40073,Kingfisher County,116.28,2019,2023
40,Oklahoma,40075,Kiowa County,21.44,2019,2023
40,Oklahoma,40077,Latimer County,58.46,2019,2023
40,Oklahoma,40079,Le Flore County,39.38,2019,2023
40,Oklahoma,40081,Lincoln County,23.04,2019,2023
40,Oklahoma,40083,Logan County,7.68,2019,2023
40,Oklahoma,40085,Love County,112.38,2019,2023
40,Oklahoma,40087,McClain County,23.380000000000003,2019,2023
40,Oklahoma,40089,McCurtain County,19.86,2019,2023
40,Oklahoma,40091,McIntosh County,11.76,2019,2023
40,Oklahoma,40093,Major County,18.380000000000003,2019,2023
40,Oklahoma,40095,Marshall County,16.16,2019,2023
40,Oklahoma,40097,Mayes County,27.1,2019,2023
40,Oklahoma,40099,Murray County,43.18,2019,2023
40,Oklahoma,40101,Muskogee County,66.36,2019,2023
40,Oklahoma,40103,Noble County,12.76,2019,2023
40,Oklahoma,40105,Nowata County,38.160000000000004,2019,2023
40,Oklahoma,40107,Okfuskee County,4.5200000000000005,2019,2023
40,Oklahoma,40109,Oklahoma County,94.24,2019,2023
40,Oklahoma,40111,Okmulgee County,15.84,2019,2023
40,Oklahoma,40113,Osage County,11.72,2019,2023
40,Oklahoma,40115,Ottawa County,42.82,2019,2023
40,Oklahoma,40117,Pawnee County,32.519999999999996,2019,2023
40,Oklahoma,40119,Payne County,43.46,2019,2023
40,Oklahoma,40121,Pittsburg County,61.42,2019,2023
40,Oklahoma,40123,Pontotoc County,64.08000000000001,2019,2023
40,Oklahoma,40125,Pottawatomie County,50.3,2019,2023
40,Oklahoma,40127,Pushmataha County,7.640000000000001,2019,2023
40,Oklahoma,40129,Roger Mills County,21.44,2019,2023
40,Oklahoma,40131,Rogers County,26.639999999999997,2019,2023
40,Oklahoma,40133,Seminole County,24.46,2019,2023
40,Oklahoma,40135,Sequoyah County,14.98,2019,2023
40,Oklahoma,40137,Stephens County,59.56,2019,2023
40,Oklahoma,40139,Texas County,14.62,2019,2023
40,Oklahoma,40141,Tillman County,49.059999999999995,2019,2023
40,Oklahoma,40143,Tulsa County,99.02000000000001,2019,2023
40,Oklahoma,40145,Wagoner County,11.959999999999999,2019,2023
40,Oklahoma,40147,Washington County,40.0,2019,2023
40,Oklahoma,40149,Washita County,16.44,2019,2023
40,Oklahoma,40151,Woods County,11.540000000000001,2019,2023
40,Oklahoma,40153,Woodward County,39.42,2019,2023
41,Oregon,41001,Baker County,59.14,2019,2023
41,Oregon,41003,Benton County,56.0,2019,2023
41,Oregon,41005,Clackamas County,29.98,2019,2023
41,Oregon,41007,Clatsop County,47.980000000000004,2019,2023
41,Oregon,41009,Columbia County,22.84,2019,2023
41,Oregon,41011,Coos County,65.76,2019,2023
41,Oregon,41013,Crook County,32.22,2019,2023
41,Oregon,41015,Curry County,76.0,2019,2023
41,Oregon,41017,Deschutes County,52.120000000000005,2019,2023
41,Oregon,41019,Douglas County,53.5,2019,2023
41,Oregon,41021,Gilliam County,21.18,2019,2023
41,Oregon,41023,Grant County,44.7,2019,2023
41,Oregon,41025,Harney County,48.980000000000004,2019,2023
41,Oregon,41027,Hood River County,72.36,2019,2023
41,Oregon,41029,Jackson County,81.28,2019,2023
41,Oregon,41031,Jefferson County,21.86,2019,2023
41,Oregon,41033,Josephine County,46.239999999999995,2019,2023
41,Oregon,41035,Klamath County,36.94,2019,2023
41,Oregon,41037,Lake County,41.42,2019,2023
41,Oregon,41039,Lane County,60.02,2019,2023
41,Oregon,41041,Lincoln County,36.58,2019,2023
41,Oregon,41043,Linn County,27.32,2019,2023
41,Oregon,41045,Malheur County,75.78,2019,2023
41,Oregon,41047,Marion County,38.72,2019,2023
41,Oregon,41049,Morrow County,15.5,2019,2023
41,Oregon,41051,Multnomah County,46.58,2019,2023
41,Oregon,41053,Polk County,19.36,2019,2023
41,Oregon,41055,Sherman County,9.466666666666667,2019,2023
41,Oregon,41057,Tillamook County,53.1,2019,2023
41,Oregon,41059,Umatilla County,28.160000000000004,2019,2023
41,Oregon,41061,Union County,51.379999999999995,2019,2023
41,Oregon,41063,Wallowa County,50.78,2019,2023
41,Oregon,41065,Wasco County,49.1,2019,2023
41,Oregon,41067,Washington County,34.18,2019,2023
41,Oregon,41069,Wheeler County,37.2,2019,2023
41,Oregon,41071,Yamhill County,30.119999999999997,2019,2023
42,Pennsylvania,42001,Adams County,22.82,2019,2023
42,Pennsylvania,42003,Allegheny County,59.94,2019,2023
42,Pennsylvania,42005,Armstrong County,26.580000000000002,2019,2023
42,Pennsylvania,42007,Beaver County,27.74,2019,2023
42,Pennsylvania,42009,Bedford County,21.14,2019,2023
42,Pennsylvania,42011,Berks County,27.54,2019,2023
42,Pennsylvania,42013,Blair County,63.56,2019,2023
42,Pennsylvania,42015,Bradford County,51.44,2019,2023
42,Pennsylvania,42017,Bucks County,37.339999999999996,2019,2023
42,Pennsylvania,42019,Butler County,27.6,2019,2023
42,Pennsylvania,42021,Cambria County,53.58,2019,2023
42,Pennsylvania,42023,Cameron County,17.619999999999997,2019,2023
42,Pennsylvania,42025,Carbon County,23.380000000000003,2019,2023
42,Pennsylvania,42027,Centre County,29.580000000000002,2019,2023
42,Pennsylvania,42029,Chester County,27.439999999999998,2019,2023
42,Pennsylvania,42031,Clarion County,32.88,2019,2023
42,Pennsylvania,42033,Clearfield County,45.480000000000004,2019,2023
42,Pennsylvania,42035,Clinton County,42.019999999999996,2019,2023
42,Pennsylvania,42037,Columbia County,42.92,2019,2023
42,Pennsylvania,42039,Crawford County,53.96,2019,2023
42,Pennsylvania,42041,Cumberland County,36.64,2019,2023
42,Pennsylvania,42043,Dauphin County,51.879999999999995,2019,2023
42,Pennsylvania,42045,Delaware County,38.96,2019,2023
42,Pennsylvania,42047,Elk County,33.9,2019,2023
42,Pennsylvania,42049,Erie County,57.44,2019,2023
42,Pennsylvania,42051,Fayette County,78.66,2019,2023
42,Pennsylvania,42053,Forest County,2.2399999999999998,2019,2023
42,Pennsylvania,42055,Franklin County,30.139999999999997,2019,2023
42,Pennsylvania,42057,Fulton County,14.9,2019,2023
42,Pennsylvania,42059,Greene County,18.1,2019,2023
42,Pennsylvania,42061,Huntingdon County,17.6,2019,2023
42,Pennsylvania,42063,Indiana County,27.3,2019,2023
42,Pennsylvania,42065,Jefferson County,27.68,2019,2023
42,Pennsylvania,42067,Juniata County,22.56,2019,2023
42,Pennsylvania,42069,Lackawanna County,59.44,2019,2023
42,Pennsylvania,42071,Lancaster County,30.78,2019,2023
42,Pennsylvania,42073,Lawrence County,44.260000000000005,2019,2023
42,Pennsylvania,42075,Lebanon County,26.18,2019,2023
42,Pennsylvania,42077,Lehigh County,39.78,2019,2023
42,Pennsylvania,42079,Luzerne County,44.72,2019,2023
42,Pennsylvania,42081,Lycoming County,48.220000000000006,2019,2023
42,Pennsylvania,42083,McKean County,47.839999999999996,2019,2023
42,Pennsylvania,42085,Mercer County,67.24,2019,2023
42,Pennsylvania,42087,Mifflin County,34.94,2019,2023
42,Pennsylvania,42089,Monroe County,27.24,2019,2023
42,Pennsylvania,42091,Montgomery County,44.94,2019,2023
42,Pennsylvania,42093,Montour County,255.4,2019,2023
42,Pennsylvania,42095,Northampton County,47.94,2019,2023
42,Pennsylvania,42097,Northumberland County,32.1,2019,2023
42,Pennsylvania,42099,Perry County,14.02,2019,2023
42,Pennsylvania,42101,Philadelphia County,41.68,2019,2023
42,Pennsylvania,42103,Pike County,22.5,2019,2023
42,Pennsylvania,42105,Potter County,35.14,2019,2023
42,Pennsylvania,42107,Schuylkill County,25.0,2019,2023
42,Pennsylvania,42109,Snyder County,32.18,2019,2023
42,Pennsylvania,42111,Somerset County,23.18,2019,2023
42,Pennsylvania,42113,Sullivan County,13.12,2019,2023
42,Pennsylvania,42115,Susquehanna County,19.44,2019,2023
42,Pennsylvania,42117,Tioga County,30.060000000000002,2019,2023
42,Pennsylvania,42119,Union County,56.92,2019,2023
42,Pennsylvania,42121,Venango County,44.96,2019,2023
42,Pennsylvania,42123,Warren County,36.96,2019,2023
42,Pennsylvania,42125,Washington County,38.36,2019,2023
42,Pennsylvania,42127,Wayne County,18.279999999999998,2019,2023
42,Pennsylvania,42129,Westmoreland County,35.480000000000004,2019,2023
42,Pennsylvania,42131,Wyoming County,33.4,2019,2023
42,Pennsylvania,42133,York County,36.0,2019,2023
44,Rhode Island,44001,Bristol County,16.979999999999997,2019,2023
44,Rhode Island,44003,Kent County,45.660000000000004,2019,2023
44,Rhode Island,44005,Newport County,23.72,2019,2023
44,Rhode Island,44007,Providence County,34.7,2019,2023
44,Rhode Island,44009,Washington County,30.52,2019,2023
45,South Carolina,45001,Abbeville County,29.139999999999997,2019,2023
45,South Carolina,45003,Aiken County,37.18,2019,2023
45,South Carolina,45005,Allendale County,59.14,2019,2023
45,South Carolina,45007,Anderson County,65.76,2019,2023
45,South Carolina,45009,Bamberg County,36.92,2019,2023
45,South Carolina,45011,Barnwell County,47.98,2019,2023
45,South Carolina,45013,Beaufort County,44.980000000000004,2019,2023
45,South Carolina,45015,Berkeley County,19.4,2019,2023
45,South Carolina,45017,Calhoun County,6.779999999999999,2019,2023
45,South Carolina,45019,Charleston County,100.72,2019,2023
45,South Carolina,45021,Cherokee County,49.36,2019,2023
45,South Carolina,45023,Chester County,34.88,2019,2023
45,South Carolina,45025,Chesterfield County,24.36,2019,2023
45,South Carolina,45027,Clarendon County,53.02,2019,2023
45,South Carolina,45029,Colleton County,43.220000000000006,2019,2023
45,South Carolina,45031,Darlington County,87.47999999999999,2019,2023
45,South Carolina,45033,Dillon County,50.720000000000006,2019,2023
45,South Carolina,45035,Dorchester County,21.8,2019,2023
45,South Carolina,45037,Edgefield County,17.240000000000002,2019,2023
45,South Carolina,45039,Fairfield County,22.240000000000002,2019,2023
45,South Carolina,45041,Florence County,116.05999999999999,2019,2023
45,South Carolina,45043,Georgetown County,44.739999999999995,2019,2023
45,South Carolina,45045,Greenville County,65.5,2019,2023
45,South Carolina,45047,Greenwood County,79.52000000000001,2019,2023
45,South Carolina,45049,Hampton County,22.639999999999997,2019,2023
45,South Carolina,45051,Horry County,56.339999999999996,2019,2023
45,South Carolina,45053,Jasper County,17.16,2019,2023
45,South Carolina,45055,Kershaw County,33.42,2019,2023
45,South Carolina,45057,Lancaster County,28.54,2019,2023
45,South Carolina,45059,Laurens County,32.28,2019,2023
45,South Carolina,45061,Lee County,10.42,2019,2023
45,South Carolina,45063,Lexington County,55.760000000000005,2019,2023
45,South Carolina,45065,McCormick County,11.36,2019,2023
45,South Carolina,45067,Marion County,37.92,2019,2023
45,South Carolina,45069,Marlboro County,17.5,2019,2023
45,South Carolina,45071,Newberry County,37.04,2019,2023
45,South Carolina,45073,Oconee County,52.82000000000001,2019,2023
45,South Carolina,45075,Orangeburg County,40.5,2019,2023
45,South Carolina,45077,Pickens County,65.62,2019,2023
45,South Carolina,45079,Richland County,58.620000000000005,2019,2023
45,South Carolina,45081,Saluda County,9.28,2019,2023
45,South Carolina,45083,Spartanburg County,72.03999999999999,2019,2023
45,South Carolina,45085,Sumter County,46.6,2019,2023
45,South Carolina,45087,Union County,11.3,2019,2023
45,South Carolina,45089,Williamsburg County,19.759999999999998,2019,2023
45,South Carolina,45091,York County,27.52,2019,2023
46,South Dakota,46003,Aurora County,22.259999999999998,2019,2023
46,South Dakota,46005,Beadle County,33.480000000000004,2019,2023
46,South Dakota,46007,Bennett County,4.3,2019,2023
46,South Dakota,46009,Bon Homme County,7.8,2019,2023
46,South Dakota,46011,Brookings County,21.6,2019,2023
46,South Dakota,46013,Brown County,57.0,2019,2023
46,South Dakota,46015,Brule County,53.98,2019,2023
46,South Dakota,46017,Buffalo County,4.4799999999999995,2019,2023
46,South Dakota,46019,Butte County,6.04,2019,2023
46,South Dakota,46021,Campbell County,3.62,2019,2023
46,South Dakota,46023,Charles Mix County,22.639999999999997,2019,2023
46,South Dakota,46025,Clark County,14.419999999999998,2019,2023
46,South Dakota,46027,Clay County,21.96,2019,2023
46,South Dakota,46029,Codington County,33.6,2019,2023
46,South Dakota,46031,Corson County,5.720000000000001,2019,2023
46,South Dakota,46033,Custer County,25.96,2019,2023
46,South Dakota,46035,Davison County,45.519999999999996,2019,2023
46,South Dakota,46037,Day County,12.0,2019,2023
46,South Dakota,46039,Deuel County,3.62,2019,2023
46,South Dakota,46041,Dewey County,3.22,2019,2023
46,South Dakota,46043,Douglas County,22.04,2019,2023
46,South Dakota,46045,Edmunds County,28.28,2019,2023
46,South Dakota,46047,Fall River County,33.94,2019,2023
46,South Dakota,46049,Faulk County,10.6,2019,2023
46,South Dakota,46051,Grant County,26.1,2019,2023
46,South Dakota,46053,Gregory County,54.839999999999996,2019,2023
46,South Dakota,46055,Haakon County,103.04,2019,2023
46,South Dakota,46057,Hamlin County,1.98,2019,2023
46,South Dakota,46059,Hand County,2.46,2019,2023
46,South Dakota,46061,Hanson County,0.44999999999999996,2019,2023
46,South Dakota,46063,Harding County,2.32,2019,2023
46,South Dakota,46065,Hughes County,37.760000000000005,2019,2023
46,South Dakota,46067,Hutchinson County,49.239999999999995,2019,2023
46,South Dakota,46069,Hyde County,33.94,2019,2023
46,South Dakota,46071,Jackson County,7.220000000000001,2019,2023
46,South Dakota,46073,Jerauld County,102.12,2019,2023
46,South Dakota,46075,Jones County,20.72,2019,2023
46,South Dakota,46077,Kingsbury County,20.72,2019,2023
46,South Dakota,46079,Lake County,22.24,2019,2023
46,South Dakota,46081,Lawrence County,30.54,2019,2023
46,South Dakota,46083,Lincoln County,29.339999999999996,2019,2023
46,South Dakota,46085,Lyman County,5.34,2019,2023
46,South Dakota,46087,McCook County,12.360000000000001,2019,2023
46,South Dakota,46089,McPherson County,2.7199999999999998,2019,2023
46,South Dakota,46091,Marshall County,13.48,2019,2023
46,South Dakota,46093,Meade County,9.18,2019,2023
46,South Dakota,46095,Mellette County,3.08,2019,2023
46,South Dakota,46097,Miner County,9.08,2019,2023
46,South Dakota,46099,Minnehaha County,54.44,2019,2023
46,South Dakota,46101,Moody County,12.98,2019,2023
46,South Dakota,46102,Oglala Lakota County,1.48,2019,2023
46,South Dakota,46103,Pennington County,51.3,2019,2023
46,South Dakota,46105,Perkins County,73.64,2019,2023
46,South Dakota,46107,Potter County,4.0200000000000005,2019,2023
46,South Dakota,46109,Roberts County,31.560000000000002,2019,2023
46,South Dakota,46111,Sanborn County,3.0,2019,2023
46,South Dakota,46115,Spink County,14.940000000000001,2019,2023
46,South Dakota,46117,Stanley County,4.7,2019,2023
46,South Dakota,46119,Sully County,2.94,2019,2023
46,South Dakota,46121,Todd County,8.26,2019,2023
46,South Dakota,46123,Tripp County,35.980000000000004,2019,2023
46,South Dakota,46125,Turner County,12.52,2019,2023
46,South Dakota,46127,Union County,206.38000000000002,2019,2023
46,South Dakota,46129,Walworth County,30.4,2019,2023
46,South Dakota,46135,Yankton County,45.96,2019,2023
46,South Dakota,46137,Ziebach County,,2019,2023
47,Tennessee,47001,Anderson County,52.720000000000006,2019,2023
47,Tennessee,47003,Bedford County,29.74,2019,2023
47,Tennessee,47005,Benton County,40.08,2019,2023
47,Tennessee,47007,Bledsoe County,53.2,2019,2023
47,Tennessee,47009,Blount County,41.42,2019,2023
47,Tennessee,47011,Bradley County,94.66,2019,2023
47,Tennessee,47013,Campbell County,34.92,2019,2023
47,Tennessee,47015,Cannon County,19.22,2019,2023
47,Tennessee,47017,Carroll County,116.1,2019,2023
47,Tennessee,47019,Carter County,31.52,2019,2023
47,Tennessee,47021,Cheatham County,34.660000000000004,2019,2023
47,Tennessee,47023,Chester County,39.0,2019,2023
47,Tennessee,47025,Claiborne County,96.97999999999999,2019,2023
47,Tennessee,47027,Clay County,30.68,2019,2023
47,Tennessee,47029,Cocke County,67.96000000000001,2019,2023
47,Tennessee,47031,Coffee County,124.94000000000001,2019,2023
47,Tennessee,47033,Crockett County,18.36,2019,2023
47,Tennessee,47035,Cumberland County,41.78,2019,2023
47,Tennessee,47037,Davidson County,82.16,2019,2023
47,Tennessee,47039,Decatur County,57.67999999999999,2019,2023
47,Tennessee,47041,DeKalb County,41.94,2019,2023
47,Tennessee,47043,Dickson County,61.879999999999995,2019,2023
47,Tennessee,47045,Dyer County,67.28,2019,2023
47,Tennessee,47047,Fayette County,26.939999999999998,2019,2023
47,Tennessee,47049,Fentress County,47.92,2019,2023
47,Tennessee,47051,Franklin County,56.379999999999995,2019,2023
47,Tennessee,47053,Gibson County,57.919999999999995,2019,2023
47,Tennessee,47055,Giles County,43.94,2019,2023
47,Tennessee,47057,Grainger County,15.66,2019,2023
47,Tennessee,47059,Greene County,56.6,2019,2023
47,Tennessee,47061,Grundy County,21.880000000000003,2019,2023
47,Tennessee,47063,Hamblen County,112.75999999999999,2019,2023
47,Tennessee,47065,Hamilton County,100.74,2019,2023
47,Tennessee,47067,Hancock County,53.17999999999999,2019,2023
47,Tennessee,47069,Hardeman County,35.660000000000004,2019,2023
47,Tennessee,47071,Hardin County,112.92,2019,2023
47,Tennessee,47073,Hawkins County,29.860000000000003,2019,2023
47,Tennessee,47075,Haywood County,23.2,2019,2023
47,Tennessee,47077,Henderson County,37.239999999999995,2019,2023
47,Tennessee,47079,Henry County,71.12,2019,2023
47,Tennessee,47081,Hickman County,16.32,2019,2023
47,Tennessee,47083,Houston County,57.2,2019,2023
47,Tennessee,47085,Humphreys County,27.02,2019,2023
47,Tennessee,47087,Jackson County,6.640000000000001,2019,2023
47,Tennessee,47089,Jefferson County,56.339999999999996,2019,2023
47,Tennessee,47091,Johnson County,36.019999999999996,2019,2023
47,Tennessee,47093,Knox County,97.92,2019,2023
47,Tennessee,47095,Lake County,12.459999999999999,2019,2023
47,Tennessee,47097,Lauderdale County,55.48,2019,2023
47,Tennessee,47099,Lawrence County,33.5,2019,2023
47,Tennessee,47101,Lewis County,25.68,2019,2023
47,Tennessee,47103,Lincoln County,27.22,2019,2023
47,Tennessee,47105,Loudon County,20.18,2019,2023
47,Tennessee,47107,McMinn County,61.2,2019,2023
47,Tennessee,47109,McNairy County,65.26,2019,2023
47,Tennessee,47111,Macon County,14.040000000000001,2019,2023
47,Tennessee,47113,Madison County,139.18,2019,2023
47,Tennessee,47115,Marion County,26.080000000000002,2019,2023
47,Tennessee,47117,Marshall County,41.239999999999995,2019,2023
47,Tennessee,47119,Maury County,81.7,2019,2023
47,Tennessee,47121,Meigs County,21.14,2019,2023
47,Tennessee,47123,Monroe County,55.46,2019,2023
47,Tennessee,47125,Montgomery County,38.72,2019,2023
47,Tennessee,47127,Moore County,12.5,2019,2023
47,Tennessee,47129,Morgan County,30.02,2019,2023
47,Tennessee,47131,Obion County,83.52000000000001,2019,2023
47,Tennessee,47133,Overton County,58.17999999999999,2019,2023
47,Tennessee,47135,Perry County,84.4,2019,2023
47,Tennessee,47137,Pickett County,27.6,2019,2023
47,Tennessee,47139,Polk County,28.160000000000004,2019,2023
47,Tennessee,47141,Putnam County,90.66,2019,2023
47,Tennessee,47143,Rhea County,39.64,2019,2023
47,Tennessee,47145,Roane County,48.3,2019,2023
47,Tennessee,47147,Robertson County,36.0,2019,2023
47,Tennessee,47149,Rutherford County,48.88,2019,2023
47,Tennessee,47151,Scott County,72.42,2019,2023
47,Tennessee,47153,Sequatchie County,23.380000000000003,2019,2023
47,Tennessee,47155,Sevier County,45.22,2019,2023
47,Tennessee,47157,Shelby County,59.279999999999994,2019,2023
47,Tennessee,47159,Smith County,57.7,2019,2023
47,Tennessee,47161,Stewart County,14.62,2019,2023
47,Tennessee,47163,Sullivan County,126.55999999999999,2019,2023
47,Tennessee,47165,Sumner County,51.14,2019,2023
47,Tennessee,47167,Tipton County,38.42,2019,2023
47,Tennessee,47169,Trousdale County,23.240000000000002,2019,2023
47,Tennessee,47171,Unicoi County,61.739999999999995,2019,2023
47,Tennessee,47173,Union County,12.8,2019,2023
47,Tennessee,47175,Van Buren County,3.2600000000000002,2019,2023
47,Tennessee,47177,Warren County,45.160000000000004,2019,2023
47,Tennessee,47179,Washington County,134.12,2019,2023
47,Tennessee,47181,Wayne County,67.64,2019,2023
47,Tennessee,47183,Weakley County,77.67999999999999,2019,2023
47,Tennessee,47185,White County,22.9,2019,2023
47,Tennessee,47187,Williamson County,49.54,2019,2023
47,Tennessee,47189,Wilson County,46.88,2019,2023
48,Texas,48001,Anderson County,33.42,2019,2023
48,Texas,48003,Andrews County,13.64,2019,2023
48,Texas,48005,Angelina County,57.48,2019,2023
48,Texas,48007,Aransas County,18.34,2019,2023
48,Texas,48009,Archer County,0.74,2019,2023
48,Texas,48011,Armstrong County,40.56,2019,2023
48,Texas,48013,Atascosa County,18.92,2019,2023
48,Texas,48015,Austin County,14.940000000000001,2019,2023
48,Texas,48017,Bailey County,19.86,2019,2023
48,Texas,48019,Bandera County,9.6,2019,2023
48,Texas,48021,Bastrop County,11.6,2019,2023
48,Texas,48023,Baylor County,32.66,2019,2023
48,Texas,48025,Bee County,14.580000000000002,2019,2023
48,Texas,48027,Bell County,51.46,2019,2023
48,Texas,48029,Bexar County,42.64,2019,2023
48,Texas,48031,Blanco County,9.42,2019,2023
48,Texas,48033,Borden County,1.3,2019,2023
48,Texas,48035,Bosque County,14.12,2019,2023
48,Texas,48037,Bowie County,102.28,2019,2023
48,Texas,48039,Brazoria County,26.080000000000002,2019,2023
48,Texas,48041,Brazos County,36.8,2019,2023
48,Texas,48043,Brewster County,15.9,2019,2023
48,Texas,48045,Briscoe County,16.0,2019,2023
48,Texas,48047,Brooks County,19.1,2019,2023
48,Texas,48049,Brown County,54.2,2019,2023
48,Texas,48051,Burleson County,14.719999999999999,2019,2023
48,Texas,48053,Burnet County,18.86,2019,2023
48,Texas,48055,Caldwell County,6.26,2019,2023
48,Texas,48057,Calhoun County,28.060000000000002,2019,2023
48,Texas,48059,Callahan County,6.26,2019,2023
48,Texas,48061,Cameron County,20.839999999999996,2019,2023
48,Texas,48063,Camp County,29.68,2019,2023
48,Texas,48065,Carson County,2.88,2019,2023
48,Texas,48067,Cass County,46.3,2019,2023
48,Texas,48069,Castro County,6.659999999999999,2019,2023
48,Texas,48071,Chambers County,9.379999999999999,2019,2023
48,Texas,48073,Cherokee County,24.92,2019,2023
48,Texas,48075,Childress County,59.06,2019,2023
48,Texas,48077,Clay County,15.080000000000002,2019,2023
48,Texas,48079,Cochran County,19.06,2019,2023
48,Texas,48081,Coke County,0.0,2019,2023
48,Texas,48083,Coleman County,15.34,2019,2023
48,Texas,48085,Collin County,28.24,2019,2023
48,Texas,48087,Collingsworth County,13.059999999999999,2019,2023
48,Texas,48089,Colorado County,21.02,2019,2023
48,Texas,48091,Comal County,27.98,2019,2023
48,Texas,48093,Comanche County,45.86,2019,2023
48,Texas,48095,Concho County,7.359999999999999,2019,2023
48,Texas,48097,Cooke County,28.139999999999997,2019,2023
48,Texas,48099,Coryell County,12.559999999999999,2019,2023
48,Texas,48101,Cottle County,,2019,2023
48,Texas,48103,Crane County,16.78,2019,2023
48,Texas,48105,Crockett County,27.96,2019,2023
48,Texas,48107,Crosby County,16.34,2019,2023
48,Texas,48109,Culberson County,57.96,2019,2023
48,Texas,48111,Dallam County,18.36,2019,2023
48,Texas,48113,Dallas County,45.019999999999996,2019,2023
48,Texas,48115,Dawson County,14.0,2019,2023
48,Texas,48117,Deaf Smith County,5.720000000000001,2019,2023
48,Texas,48119,Delta County,12.28,2019,2023
48,Texas,48121,Denton County,29.5,2019,2023
48,Texas,48123,DeWitt County,34.36,2019,2023
48,Texas,48125,Dickens County,0.1,2019,2023
48,Texas,48127,Dimmit County,6.640000000000001,2019,2023
48,Texas,48129,Donley County,0.3666666666666667,2019,2023
48,Texas,48131,Duval County,3.44,2019,2023
48,Texas,48133,Eastland County,21.119999999999997,2019,2023
48,Texas,48135,Ector County,43.9,2019,2023
48,Texas,48137,Edwards County,1.275,2019,2023
48,Texas,48139,Ellis County,24.12,2019,2023
48,Texas,48141,El Paso County,26.28,2019,2023
48,Texas,48143,Erath County,34.839999999999996,2019,2023
48,Texas,48145,Falls County,25.5,2019,2023
48,Texas,48147,Fannin County,15.9,2019,2023
48,Texas,48149,Fayette County,58.06,2019,2023
48,Texas,48151,Fisher County,3.0,2019,2023
48,Texas,48153,Floyd County,29.26,2019,2023
48,Texas,48155,Foard County,30.919999999999998,2019,2023
48,Texas,48157,Fort Bend County,18.8,2019,2023
48,Texas,48159,Franklin County,18.4,2019,2023
48,Texas,48161,Freestone County,11.940000000000001,2019,2023
48,Texas,48163,Frio County,10.260000000000002,2019,2023
48,Texas,48165,Gaines County,11.6,2019,2023
48,Texas,48167,Galveston County,38.36,2019,2023
48,Texas,48169,Garza County,2.52,2019,2023
48,Texas,48171,Gillespie County,71.41999999999999,2019,2023
48,Texas,48173,Glasscock County,,2019,2023
48,Texas,48175,Goliad County,4.66,2019,2023
48,Texas,48177,Gonzales County,14.219999999999999,2019,2023
48,Texas,48179,Gray County,58.86,2019,2023
48,Texas,48181,Grayson County,66.02,2019,2023
48,Texas,48183,Gregg County,106.35999999999999,2019,2023
48,Texas,48185,Grimes County,7.94,2019,2023
48,Texas,48187,Guadalupe County,19.94,2019,2023
48,Texas,48189,Hale County,28.74,2019,2023
48,Texas,48191,Hall County,17.18,2019,2023
48,Texas,48193,Hamilton County,52.08,2019,2023
48,Texas,48195,Hansford County,6.18,2019,2023
48,Texas,48197,Hardeman County,58.1,2019,2023
48,Texas,48199,Hardin County,15.12,2019,2023
48,Texas,48201,Harris County,36.04,2019,2023
48,Texas,48203,Harrison County,33.14,2019,2023
48,Texas,48205,Hartley County,,2019,2023
48,Texas,48207,Haskell County,5.74,2019,2023
48,Texas,48209,Hays County,22.82,2019,2023
48,Texas,48211,Hemphill County,8.379999999999999,2019,2023
48,Texas,48213,Henderson County,35.32,2019,2023
48,Texas,48215,Hidalgo County,16.3,2019,2023
48,Texas,48217,Hill County,31.580000000000002,2019,2023
48,Texas,48219,Hockley County,23.740000000000002,2019,2023
48,Texas,48221,Hood County,56.92,2019,2023
48,Texas,48223,Hopkins County,41.7,2019,2023
48,Texas,48225,Houston County,11.26,2019,2023
48,Texas,48227,Howard County,18.48,2019,2023
48,Texas,48229,Hudspeth County,,2019,2023
48,Texas,48231,Hunt County,27.080000000000002,2019,2023
48,Texas,48233,Hutchinson County,31.24,2019,2023
48,Texas,48235,Irion County,,2019,2023
48,Texas,48237,Jack County,11.28,2019,2023
48,Texas,48239,Jackson County,15.219999999999999,2019,2023
48,Texas,48241,Jasper County,27.439999999999998,2019,2023
48,Texas,48243,Jeff Davis County,35.28,2019,2023
48,Texas,48245,Jefferson County,67.06,2019,2023
48,Texas,48247,Jim Hogg County,0.0,2019,2023
48,Texas,48249,Jim Wells County,35.86,2019,2023
48,Texas,48251,Johnson County,35.14,2019,2023
48,Texas,48253,Jones County,11.2,2019,2023
48,Texas,48255,Karnes County,23.1,2019,2023
48,Texas,48257,Kaufman County,19.6,2019,2023
48,Texas,48259,Kendall County,29.1,2019,2023
48,Texas,48261,Kenedy County,,2019,2023
48,Texas,48263,Kent County,,2019,2023
48,Texas,48265,Kerr County,38.160000000000004,2019,2023
48,Texas,48267,Kimble County,15.66,2019,2023
48,Texas,48269,King County,,2019,2023
48,Texas,48271,Kinney County,8.02,2019,2023
48,Texas,48273,Kleberg County,22.6,2019,2023
48,Texas,48275,Knox County,25.18,2019,2023
48,Texas,48277,Lamar County,61.120000000000005,2019,2023
48,Texas,48279,Lamb County,15.559999999999999,2019,2023
48,Texas,48281,Lampasas County,18.259999999999998,2019,2023
48,Texas,48283,La Salle County,10.16,2019,2023
48,Texas,48285,Lavaca County,10.9,2019,2023
48,Texas,48287,Lee County,8.26,2019,2023
48,Texas,48289,Leon County,8.58,2019,2023
48,Texas,48291,Liberty County,24.76,2019,2023
48,Texas,48293,Limestone County,30.26,2019,2023
48,Texas,48295,Lipscomb County,0.08,2019,2023
48,Texas,48297,Live Oak County,4.64,2019,2023
48,Texas,48299,Llano County,21.759999999999998,2019,2023
48,Texas,48301,Loving County,,2019,2023
48,Texas,48303,Lubbock County,82.36,2019,2023
48,Texas,48305,Lynn County,13.74,2019,2023
48,Texas,48307,McCulloch County,15.24,2019,2023
48,Texas,48309,McLennan County,46.980000000000004,2019,2023
48,Texas,48311,McMullen County,,2019,2023
48,Texas,48313,Madison County,15.88,2019,2023
48,Texas,48315,Marion County,8.28,2019,2023
48,Texas,48317,Martin County,24.84,2019,2023
48,Texas,48319,Mason County,2.08,2019,2023
48,Texas,48321,Matagorda County,33.839999999999996,2019,2023
48,Texas,48323,Maverick County,9.34,2019,2023
48,Texas,48325,Medina County,14.1,2019,2023
48,Texas,48327,Menard County,1.02,2019,2023
48,Texas,48329,Midland County,27.5,2019,2023
48,Texas,48331,Milam County,19.18,2019,2023
48,Texas,48333,Mills County,7.24,2019,2023
48,Texas,48335,Mitchell County,44.96,2019,2023
48,Texas,48337,Montague County,35.239999999999995,2019,2023
48,Texas,48339,Montgomery County,36.8,2019,2023
48,Texas,48341,Moore County,30.52,2019,2023
48,Texas,48343,Morris County,16.6,2019,2023
48,Texas,48345,Motley County,12.75,2019,2023
48,Texas,48347,Nacogdoches County,55.739999999999995,2019,2023
48,Texas,48349,Navarro County,19.580000000000002,2019,2023
48,Texas,48351,Newton County,5.62,2019,2023
48,Texas,48353,Nolan County,25.259999999999998,2019,2023
48,Texas,48355,Nueces County,68.4,2019,2023
48,Texas,48357,Ochiltree County,20.880000000000003,2019,2023
48,Texas,48359,Oldham County,0.1,2019,2023
48,Texas,48361,Orange County,48.6,2019,2023
48,Texas,48363,Palo Pinto County,27.02,2019,2023
48,Texas,48365,Panola County,19.68,2019,2023
48,Texas,48367,Parker County,27.46,2019,2023
48,Texas,48369,Parmer County,19.78,2019,2023
48,Texas,48371,Pecos County,20.64,2019,2023
48,Texas,48373,Polk County,26.7,2019,2023
48,Texas,48375,Potter County,98.02000000000001,2019,2023
48,Texas,48377,Presidio County,5.66,2019,2023
48,Texas,48379,Rains County,2.14,2019,2023
48,Texas,48381,Randall County,25.479999999999997,2019,2023
48,Texas,48383,Reagan County,2.02,2019,2023
48,Texas,48385,Real County,1.7600000000000002,2019,2023
48,Texas,48387,Red River County,90.86,2019,2023
48,Texas,48389,Reeves County,25.7,2019,2023
48,Texas,48391,Refugio County,13.059999999999999,2019,2023
48,Texas,48393,Roberts County,7.0,2019,2023
48,Texas,48395,Robertson County,4.68,2019,2023
48,Texas,48397,Rockwall County,38.46,2019,2023
48,Texas,48399,Runnels County,37.92,2019,2023
48,Texas,48401,Rusk County,19.54,2019,2023
48,Texas,48403,Sabine County,27.9,2019,2023
48,Texas,48405,San Augustine County,30.240000000000002,2019,2023
48,Texas,48407,San Jacinto County,2.9400000000000004,2019,2023
48,Texas,48409,San Patricio County,26.919999999999998,2019,2023
48,Texas,48411,San Saba County,7.58,2019,2023
48,Texas,48413,Schleicher County,12.42,2019,2023
48,Texas,48415,Scurry County,14.040000000000001,2019,2023
48,Texas,48417,Shackelford County,2.7399999999999998,2019,2023
48,Texas,48419,Shelby County,14.4,2019,2023
48,Texas,48421,Sherman County,0.4,2019,2023
48,Texas,48423,Smith County,98.74,2019,2023
48,Texas,48425,Somervell County,58.279999999999994,2019,2023
48,Texas,48427,Starr County,20.96,2019,2023
48,Texas,48429,Stephens County,17.68,2019,2023
48,Texas,48431,Sterling County,1.44,2019,2023
48,Texas,48433,Stonewall County,2.96,2019,2023
48,Texas,48435,Sutton County,26.660000000000004,2019,2023
48,Texas,48437,Swisher County,5.66,2019,2023
48,Texas,48439,Tarrant County,44.14,2019,2023
48,Texas,48441,Taylor County,73.76,2019,2023
48,Texas,48443,Terrell County,51.08,2019,2023
48,Texas,48445,Terry County,26.48,2019,2023
48,Texas,48447,Throckmorton County,16.7,2019,2023
48,Texas,48449,Titus County,43.260000000000005,2019,2023
48,Texas,48451,Tom Green County,44.9,2019,2023
48,Texas,48453,Travis County,37.58,2019,2023
48,Texas,48455,Trinity County,18.68,2019,2023
48,Texas,48457,Tyler County,12.2,2019,2023
48,Texas,48459,Upshur County,7.159999999999999,2019,2023
48,Texas,48461,Upton County,5.24,2019,2023
48,Texas,48463,Uvalde County,21.98,2019,2023
48,Texas,48465,Val Verde County,21.5,2019,2023
48,Texas,48467,Van Zandt County,15.66,2019,2023
48,Texas,48469,Victoria County,64.24,2019,2023
48,Texas,48471,Walker County,22.04,2019,2023
48,Texas,48473,Waller County,3.66,2019,2023
48,Texas,48475,Ward County,32.2,2019,2023
48,Texas,48477,Washington County,31.4,2019,2023
48,Texas,48479,Webb County,16.18,2019,2023
48,Texas,48481,Wharton County,29.060000000000002,2019,2023
48,Texas,48483,Wheeler County,7.82,2019,2023
48,Texas,48485,Wichita County,76.74,2019,2023
48,Texas,48487,Wilbarger County,47.14,2019,2023
48,Texas,48489,Willacy County,14.24,2019,2023
48,Texas,48491,Williamson County,27.98,2019,2023
48,Texas,48493,Wilson County,11.78,2019,2023
48,Texas,48495,Winkler County,7.1,2019,2023
48,Texas,48497,Wise County,39.42,2019,2023
48,Texas,48499,Wood County,28.080000000000002,2019,2023
48,Texas,48501,Yoakum County,17.880000000000003,2019,2023
48,Texas,48503,Young County,40.38,2019,2023
48,Texas,48505,Zapata County,3.4200000000000004,2019,2023
48,Texas,48507,Zavala County,1.94,2019,2023
49,Utah,49001,Beaver County,58.92,2019,2023
49,Utah,49003,Box Elder County,28.360000000000003,2019,2023
49,Utah,49005,Cache County,36.980000000000004,2019,2023
49,Utah,49007,Carbon County,126.47999999999999,2019,2023
49,Utah,49009,Daggett County,0.7,2019,2023
49,Utah,49011,Davis County,44.96,2019,2023
49,Utah,49013,Duchesne County,49.06,2019,2023
49,Utah,49015,Emery County,29.78,2019,2023
49,Utah,49017,Garfield County,49.739999999999995,2019,2023
49,Utah,49019,Grand County,43.4,2019,2023
49,Utah,49021,Iron County,52.8,2019,2023
49,Utah,49023,Juab County,33.44,2019,2023
49,Utah,49025,Kane County,45.18,2019,2023
49,Utah,49027,Millard County,39.96,2019,2023
49,Utah,49029,Morgan County,22.46,2019,2023
49,Utah,49031,Piute County,0.8333333333333334,2019,2023
49,Utah,49033,Rich County,7.18,2019,2023
49,Utah,49035,Salt Lake County,52.46,2019,2023
49,Utah,49037,San Juan County,15.2,2019,2023
49,Utah,49039,Sanpete County,42.38,2019,2023
49,Utah,49041,Sevier County,77.34,2019,2023
49,Utah,49043,Summit County,44.5,2019,2023
49,Utah,49045,Tooele County,19.759999999999998,2019,2023
49,Utah,49047,Uintah County,33.92,2019,2023
49,Utah,49049,Utah County,38.739999999999995,2019,2023
49,Utah,49051,Wasatch County,20.6,2019,2023
49,Utah,49053,Washington County,67.14,2019,2023
49,Utah,49055,Wayne County,21.939999999999998,2019,2023
49,Utah,49057,Weber County,58.02,2019,2023
50,Vermont,50001,Addison County,22.66,2019,2023
50,Vermont,50003,Bennington County,37.5,2019,2023
50,Vermont,50005,Caledonia County,24.4,2019,2023
50,Vermont,50007,Chittenden County,38.58,2019,2023
50,Vermont,50009,Essex County,36.56,2019,2023
50,Vermont,50011,Franklin County,31.72,2019,2023
50,Vermont,50013,Grand Isle County,6.859999999999999,2019,2023
50,Vermont,50015,Lamoille County,34.42,2019,2023
50,Vermont,50017,Orange County,20.880000000000003,2019,2023
50,Vermont,50019,Orleans County,34.46,2019,2023
50,Vermont,50021,Rutland County,37.92,2019,2023
50,Vermont,50023,Washington County,30.7,2019,2023
50,Vermont,50025,Windham County,32.8,2019,2023
50,Vermont,50027,Windsor County,23.14,2019,2023
51,Virginia,51001,Accomack County,18.28,2019,2023
51,Virginia,51003,Albemarle County,34.88,2019,2023
51,Virginia,51005,Alleghany County,43.339999999999996,2019,2023
51,Virginia,51007,Amelia County,1.8800000000000001,2019,2023
51,Virginia,51009,Amherst County,38.0,2019,2023
51,Virginia,51011,Appomattox County,16.36,2019,2023
51,Virginia,51013,Arlington County,30.04,2019,2023
51,Virginia,51015,Augusta County,37.88,2019,2023
51,Virginia,51017,Bath County,14.580000000000002,2019,2023
51,Virginia,51019,Bedford County,17.6,2019,2023
51,Virginia,51021,Bland County,87.06,2019,2023
51,Virginia,51023,Botetourt County,11.66,2019,2023
51,Virginia,51025,Brunswick County,7.540000000000001,2019,2023
51,Virginia,51027,Buchanan County,72.8,2019,2023
51,Virginia,51029,Buckingham County,4.6,2019,2023
51,Virginia,51031,Campbell County,5.0,2019,2023
51,Virginia,51033,Caroline County,3.56,2019,2023
51,Virginia,51035,Carroll County,37.6,2019,2023
51,Virginia,51036,Charles City County,15.86,2019,2023
51,Virginia,51037,Charlotte County,25.16,2019,2023
51,Virginia,51041,Chesterfield County,34.3,2019,2023
51,Virginia,51043,Clarke County,12.86,2019,2023
51,Virginia,51045,Craig County,1.52,2019,2023
51,Virginia,51047,Culpeper County,20.919999999999998,2019,2023
51,Virginia,51049,Cumberland County,0.1,2019,2023
51,Virginia,51051,Dickenson County,84.08,2019,2023
51,Virginia,51053,Dinwiddie County,2.18,2019,2023
51,Virginia,51057,Essex County,44.38,2019,2023
51,Virginia,51059,Fairfax County,25.4,2019,2023
51,Virginia,51061,Fauquier County,31.139999999999997,2019,2023
51,Virginia,51063,Floyd County,8.64,2019,2023
51,Virginia,51065,Fluvanna County,5.8,2019,2023
51,Virginia,51067,Franklin County,13.780000000000001,2019,2023
51,Virginia,51069,Frederick County,3.18,2019,2023
51,Virginia,51071,Giles County,24.759999999999998,2019,2023
51,Virginia,51073,Gloucester County,37.18,2019,2023
51,Virginia,51075,Goochland County,9.1,2019,2023
51,Virginia,51077,Grayson County,14.559999999999999,2019,2023
51,Virginia,51079,Greene County,11.84,2019,2023
51,Virginia,51081,Greensville County,1.1199999999999999,2019,2023
51,Virginia,51083,Halifax County,19.119999999999997,2019,2023
51,Virginia,51085,Hanover County,44.32,2019,2023
51,Virginia,51087,Henrico County,45.3,2019,2023
51,Virginia,51089,Henry County,6.720000000000001,2019,2023
51,Virginia,51091,Highland County,1.1,2019,2023
51,Virginia,51093,Isle of Wight County,12.440000000000001,2019,2023
51,Virginia,51095,James City County,36.9,2019,2023
51,Virginia,51097,King and Queen County,0.9666666666666668,2019,2023
51,Virginia,51099,King George County,6.040000000000001,2019,2023
51,Virginia,51101,King William County,8.48,2019,2023
51,Virginia,51103,Lancaster County,40.78,2019,2023
51,Virginia,51105,Lee County,58.720000000000006,2019,2023
51,Virginia,51107,Loudoun County,16.96,2019,2023
51,Virginia,51109,Louisa County,8.4,2019,2023
51,Virginia,51111,Lunenburg County,6.56,2019,2023
51,Virginia,51113,Madison County,4.48,2019,2023
51,Virginia,51115,Mathews County,7.5,2019,2023
51,Virginia,51117,Mecklenburg County,44.88,2019,2023
51,Virginia,51119,Middlesex County,8.64,2019,2023
51,Virginia,51121,Montgomery County,46.62,2019,2023
51,Virginia,51125,Nelson County,17.42,2019,2023
51,Virginia,51127,New Kent County,15.16,2019,2023
51,Virginia,51131,Northampton County,63.44,2019,2023
51,Virginia,51133,Northumberland County,7.1,2019,2023
51,Virginia,51135,Nottoway County,29.060000000000002,2019,2023
51,Virginia,51137,Orange County,16.380000000000003,2019,2023
51,Virginia,51139,Page County,33.2,2019,2023
51,Virginia,51141,Patrick County,39.58,2019,2023
51,Virginia,51143,Pittsylvania County,5.859999999999999,2019,2023
51,Virginia,51145,Powhatan County,14.7,2019,2023
51,Virginia,51147,Prince Edward County,23.4,2019,2023
51,Virginia,51149,Prince George County,8.040000000000001,2019,2023
51,Virginia,51153,Prince William County,13.6,2019,2023
51,Virginia,51155,Pulaski County,36.260000000000005,2019,2023
51,Virginia,51157,Rappahannock County,7.88,2019,2023
51,Virginia,51159,Richmond County,4.4,2019,2023
51,Virginia,51161,Roanoke County,75.32000000000001,2019,2023
51,Virginia,51163,Rockbridge County,15.52,2019,2023
51,Virginia,51165,Rockingham County,14.719999999999999,2019,2023
51,Virginia,51167,Russell County,58.08,2019,2023
51,Virginia,51169,Scott County,149.14000000000001,2019,2023
51,Virginia,51171,Shenandoah County,18.0,2019,2023
51,Virginia,51173,Smyth County,38.04,2019,2023
51,Virginia,51175,Southampton County,2.56,2019,2023
51,Virginia,51177,Spotsylvania County,25.04,2019,2023
51,Virginia,51179,Stafford County,16.8,2019,2023
51,Virginia,51181,Surry County,1.4,2019,2023
51,Virginia,51183,Sussex County,5.04,2019,2023
51,Virginia,51185,Tazewell County,68.24,2019,2023
51,Virginia,51187,Warren County,20.7,2019,2023
51,Virginia,51191,Washington County,55.160000000000004,2019,2023
51,Virginia,51193,Westmoreland County,3.8200000000000003,2019,2023
51,Virginia,51195,Wise County,72.44,2019,2023
51,Virginia,51197,Wythe County,43.260000000000005,2019,2023
51,Virginia,51199,York County,18.46,2019,2023
51,Virginia,51510,Alexandria city,20.04,2019,2023
51,Virginia,51520,Bristol city,32.38,2019,2023
51,Virginia,51530,Buena Vista city,25.080000000000002,2019,2023
51,Virginia,51540,Charlottesville city,146.3,2019,2023
51,Virginia,51550,Chesapeake city,35.739999999999995,2019,2023
51,Virginia,51570,Colonial Heights city,60.94,2019,2023
51,Virginia,51580,Covington city,95.47999999999999,2019,2023
51,Virginia,51590,Danville city,61.8,2019,2023
51,Virginia,51595,Emporia city,121.2,2019,2023
51,Virginia,51600,Fairfax city,64.58,2019,2023
51,Virginia,51610,Falls Church city,22.8,2019,2023
51,Virginia,51620,Franklin city,57.32000000000001,2019,2023
51,Virginia,51630,Fredericksburg city,221.08,2019,2023
51,Virginia,51640,Galax city,102.1,2019,2023
51,Virginia,51650,Hampton city,26.439999999999998,2019,2023
51,Virginia,51660,Harrisonburg city,84.96000000000001,2019,2023
51,Virginia,51670,Hopewell city,43.54,2019,2023
51,Virginia,51678,Lexington city,107.42,2019,2023
51,Virginia,51680,Lynchburg city,105.74000000000001,2019,2023
51,Virginia,51683,Manassas city,73.9,2019,2023
51,Virginia,51685,Manassas Park city,,2019,2023
51,Virginia,51690,Martinsville city,280.74,2019,2023
51,Virginia,51700,Newport News city,52.7,2019,2023
51,Virginia,51710,Norfolk city,67.66,2019,2023
51,Virginia,51720,Norton city,435.91999999999996,2019,2023
51,Virginia,51730,Petersburg city,43.28,2019,2023
51,Virginia,51735,Poquoson city,4.74,2019,2023
51,Virginia,51740,Portsmouth city,48.08,2019,2023
51,Virginia,51750,Radford city,45.0,2019,2023
51,Virginia,51760,Richmond city,57.44,2019,2023
51,Virginia,51770,Roanoke city,81.92,2019,2023
51,Virginia,51775,Salem city,377.15999999999997,2019,2023
51,Virginia,51790,Staunton city,46.94,2019,2023
51,Virginia,51800,Suffolk city,42.32,2019,2023
51,Virginia,51810,Virginia Beach city,35.46,2019,2023
51,Virginia,51820,Waynesboro city,42.059999999999995,2019,2023
51,Virginia,51830,Williamsburg city,0.1,2019,2023
51,Virginia,51840,Winchester city,220.88000000000002,2019,2023
53,Washington,53001,Adams County,14.86,2019,2023
53,Washington,53003,Asotin County,63.06,2019,2023
53,Washington,53005,Benton County,66.9,2019,2023
53,Washington,53007,Chelan County,56.82000000000001,2019,2023
53,Washington,53009,Clallam County,43.06,2019,2023
53,Washington,53011,Clark County,38.22,2019,2023
53,Washington,53013,Columbia County,91.8,2019,2023
53,Washington,53015,Cowlitz County,36.980000000000004,2019,2023
53,Washington,53017,Douglas County,19.82,2019,2023
53,Washington,53019,Ferry County,35.839999999999996,2019,2023
53,Washington,53021,Franklin County,13.440000000000001,2019,2023
53,Washington,53023,Garfield County,62.06,2019,2023
53,Washington,53025,Grant County,30.060000000000002,2019,2023
53,Washington,53027,Grays Harbor County,40.18,2019,2023
53,Washington,53029,Island County,16.72,2019,2023
53,Washington,53031,Jefferson County,40.94,2019,2023
53,Washington,53033,King County,35.78,2019,2023
53,Washington,53035,Kitsap County,36.660000000000004,2019,2023
53,Washington,53037,Kittitas County,20.34,2019,2023
53,Washington,53039,Klickitat County,29.4,2019,2023
53,Washington,53041,Lewis County,37.62,2019,2023
53,Washington,53043,Lincoln County,57.260000000000005,2019,2023
53,Washington,53045,Mason County,16.759999999999998,2019,2023
53,Washington,53047,Okanogan County,40.660000000000004,2019,2023
53,Washington,53049,Pacific County,26.139999999999997,2019,2023
53,Washington,53051,Pend Oreille County,73.88,2019,2023
53,Washington,53053,Pierce County,39.0,2019,2023
53,Washington,53055,San Juan County,25.660000000000004,2019,2023
53,Washington,53057,Skagit County,54.839999999999996,2019,2023
53,Washington,53059,Skamania County,11.559999999999999,2019,2023
53,Washington,53061,Snohomish County,28.339999999999996,2019,2023
53,Washington,53063,Spokane County,57.04,2019,2023
53,Washington,53065,Stevens County,47.88,2019,2023
53,Washington,53067,Thurston County,43.4,2019,2023
53,Washington,53069,Wahkiakum County,3.66,2019,2023
53,Washington,53071,Walla Walla County,44.78,2019,2023
53,Washington,53073,Whatcom County,39.3,2019,2023
53,Washington,53075,Whitman County,38.1,2019,2023
53,Washington,53077,Yakima County,36.160000000000004,2019,2023
54,West Virginia,54001,Barbour County,22.7,2019,2023
54,West Virginia,54003,Berkeley County,27.1,2019,2023
54,West Virginia,54005,Boone County,77.16,2019,2023
54,West Virginia,54007,Braxton County,23.66,2019,2023
54,West Virginia,54009,Brooke County,14.48,2019,2023
54,West Virginia,54011,Cabell County,120.3,2019,2023
54,West Virginia,54013,Calhoun County,49.68,2019,2023
54,West Virginia,54015,Clay County,20.86,2019,2023
54,West Virginia,54017,Doddridge County,0.44000000000000006,2019,2023
54,West Virginia,54019,Fayette County,23.380000000000003,2019,2023
54,West Virginia,54021,Gilmer County,8.68,2019,2023
54,West Virginia,54023,Grant County,59.160000000000004,2019,2023
54,West Virginia,54025,Greenbrier County,53.6,2019,2023
54,West Virginia,54027,Hampshire County,18.56,2019,2023
54,West Virginia,54029,Hancock County,84.17999999999999,2019,2023
54,West Virginia,54031,Hardy County,24.759999999999998,2019,2023
54,West Virginia,54033,Harrison County,84.1,2019,2023
54,West Virginia,54035,Jackson County,21.419999999999998,2019,2023
54,West Virginia,54037,Jefferson County,23.580000000000002,2019,2023
54,West Virginia,54039,Kanawha County,82.4,2019,2023
54,West Virginia,54041,Lewis County,47.54,2019,2023
54,West Virginia,54043,Lincoln County,25.939999999999998,2019,2023
54,West Virginia,54045,Logan County,74.4,2019,2023
54,West Virginia,54047,McDowell County,18.02,2019,2023
54,West Virginia,54049,Marion County,34.78,2019,2023
54,West Virginia,54051,Marshall County,68.74,2019,2023
54,West Virginia,54053,Mason County,55.239999999999995,2019,2023
54,West Virginia,54055,Mercer County,53.160000000000004,2019,2023
54,West Virginia,54057,Mineral County,25.1,2019,2023
54,West Virginia,54059,Mingo County,64.38,2019,2023
54,West Virginia,54061,Monongalia County,62.620000000000005,2019,2023
54,West Virginia,54063,Monroe County,15.38,2019,2023
54,West Virginia,54065,Morgan County,24.740000000000002,2019,2023
54,West Virginia,54067,Nicholas County,49.0,2019,2023
54,West Virginia,54069,Ohio County,78.53999999999999,2019,2023
54,West Virginia,54071,Pendleton County,8.040000000000001,2019,2023
54,West Virginia,54073,Pleasants County,10.76,2019,2023
54,West Virginia,54075,Pocahontas County,20.419999999999998,2019,2023
54,West Virginia,54077,Preston County,30.619999999999997,2019,2023
54,West Virginia,54079,Putnam County,45.86,2019,2023
54,West Virginia,54081,Raleigh County,58.720000000000006,2019,2023
54,West Virginia,54083,Randolph County,42.46,2019,2023
54,West Virginia,54085,Ritchie County,13.84,2019,2023
54,West Virginia,54087,Roane County,44.160000000000004,2019,2023
54,West Virginia,54089,Summers County,51.67999999999999,2019,2023
54,West Virginia,54091,Taylor County,27.02,2019,2023
54,West Virginia,54093,Tucker County,23.68,2019,2023
54,West Virginia,54095,Tyler County,16.86,2019,2023
54,West Virginia,54097,Upshur County,13.74,2019,2023
54,West Virginia,54099,Wayne County,11.22,2019,2023
54,West Virginia,54101,Webster County,108.46,2019,2023
54,West Virginia,54103,Wetzel County,32.94,2019,2023
54,West Virginia,54105,Wirt County,15.940000000000001,2019,2023
54,West Virginia,54107,Wood County,63.339999999999996,2019,2023
54,West Virginia,54109,Wyoming County,40.22,2019,2023
55,Wisconsin,55001,Adams County,6.0,2019,2023
55,Wisconsin,55003,Ashland County,51.56,2019,2023
55,Wisconsin,55005,Barron County,40.14,2019,2023
55,Wisconsin,55007,Bayfield County,5.12,2019,2023
55,Wisconsin,55009,Brown County,48.7,2019,2023
55,Wisconsin,55011,Buffalo County,2.88,2019,2023
55,Wisconsin,55013,Burnett County,23.98,2019,2023
55,Wisconsin,55015,Calumet County,9.24,2019,2023
55,Wisconsin,55017,Chippewa County,16.12,2019,2023
55,Wisconsin,55019,Clark County,14.9,2019,2023
55,Wisconsin,55021,Columbia County,30.939999999999998,2019,2023
55,Wisconsin,55023,Crawford County,30.880000000000003,2019,2023
55,Wisconsin,55025,Dane County,40.6,2019,2023
55,Wisconsin,55027,Dodge County,26.48,2019,2023
55,Wisconsin,55029,Door County,25.080000000000002,2019,2023
55,Wisconsin,55031,Douglas County,15.74,2019,2023
55,Wisconsin,55033,Dunn County,16.419999999999998,2019,2023
55,Wisconsin,55035,Eau Claire County,56.160000000000004,2019,2023
55,Wisconsin,55037,Florence County,13.080000000000002,2019,2023
55,Wisconsin,55039,Fond du Lac County,27.439999999999998,2019,2023
55,Wisconsin,55041,Forest County,8.92,2019,2023
55,Wisconsin,55043,Grant County,26.119999999999997,2019,2023
55,Wisconsin,55045,Green County,39.08,2019,2023
55,Wisconsin,55047,Green Lake County,21.56,2019,2023
55,Wisconsin,55049,Iowa County,25.939999999999998,2019,2023
55,Wisconsin,55051,Iron County,23.3,2019,2023
55,Wisconsin,55053,Jackson County,18.419999999999998,2019,2023
55,Wisconsin,55055,Jefferson County,19.8,2019,2023
55,Wisconsin,55057,Juneau County,31.68,2019,2023
55,Wisconsin,55059,Kenosha County,29.4,2019,2023
55,Wisconsin,55061,Kewaunee County,10.42,2019,2023
55,Wisconsin,55063,La Crosse County,50.8,2019,2023
55,Wisconsin,55065,Lafayette County,19.96,2019,2023
55,Wisconsin,55067,Langlade County,35.559999999999995,2019,2023
55,Wisconsin,55069,Lincoln County,24.8,2019,2023
55,Wisconsin,55071,Manitowoc County,26.060000000000002,2019,2023
55,Wisconsin,55073,Marathon County,42.32000000000001,2019,2023
55,Wisconsin,55075,Marinette County,35.8,2019,2023
55,Wisconsin,55077,Marquette County,2.7800000000000002,2019,2023
55,Wisconsin,55078,Menominee County,10.540000000000001,2019,2023
55,Wisconsin,55079,Milwaukee County,58.58,2019,2023
55,Wisconsin,55081,Monroe County,27.160000000000004,2019,2023
55,Wisconsin,55083,Oconto County,14.680000000000001,2019,2023
55,Wisconsin,55085,Oneida County,48.3,2019,2023
55,Wisconsin,55087,Outagamie County,39.14,2019,2023
55,Wisconsin,55089,Ozaukee County,41.019999999999996,2019,2023
55,Wisconsin,55091,Pepin County,22.44,2019,2023
55,Wisconsin,55093,Pierce County,14.919999999999998,2019,2023
55,Wisconsin,55095,Polk County,36.96,2019,2023
55,Wisconsin,55097,Portage County,23.619999999999997,2019,2023
55,Wisconsin,55099,Price County,23.880000000000003,2019,2023
55,Wisconsin,55101,Racine County,32.160000000000004,2019,2023
55,Wisconsin,55103,Richland County,17.64,2019,2023
55,Wisconsin,55105,Rock County,39.96,2019,2023
55,Wisconsin,55107,Rusk County,12.940000000000001,2019,2023
55,Wisconsin,55109,St. Croix County,18.04,2019,2023
55,Wisconsin,55111,Sauk County,35.72,2019,2023
55,Wisconsin,55113,Sawyer County,29.98,2019,2023
55,Wisconsin,55115,Shawano County,11.940000000000001,2019,2023
55,Wisconsin,55117,Sheboygan County,55.660000000000004,2019,2023
55,Wisconsin,55119,Taylor County,12.580000000000002,2019,2023
55,Wisconsin,55121,Trempealeau County,6.38,2019,2023
55,Wisconsin,55123,Vernon County,22.82,2019,2023
55,Wisconsin,55125,Vilas County,23.16,2019,2023
55,Wisconsin,55127,Walworth County,17.86,2019,2023
55,Wisconsin,55129,Washburn County,44.92,2019,2023
55,Wisconsin,55131,Washington County,23.98,2019,2023
55,Wisconsin,55133,Waukesha County,39.86,2019,2023
55,Wisconsin,55135,Waupaca County,30.459999999999997,2019,2023
55,Wisconsin,55137,Waushara County,13.26,2019,2023
55,Wisconsin,55139,Winnebago County,39.96,2019,2023
55,Wisconsin,55141,Wood County,44.86,2019,2023
56,Wyoming,56001,Albany County,23.82,2019,2023
56,Wyoming,56003,Big Horn County,28.72,2019,2023
56,Wyoming,56005,Campbell County,38.44,2019,2023
56,Wyoming,56007,Carbon County,38.96,2019,2023
56,Wyoming,56009,Converse County,33.96,2019,2023
56,Wyoming,56011,Crook County,6.08,2019,2023
56,Wyoming,56013,Fremont County,39.2,2019,2023
56,Wyoming,56015,Goshen County,14.459999999999999,2019,2023
56,Wyoming,56017,Hot Springs County,96.22,2019,2023
56,Wyoming,56019,Johnson County,26.7,2019,2023
56,Wyoming,56021,Laramie County,48.5,2019,2023
56,Wyoming,56023,Lincoln County,41.54,2019,2023
56,Wyoming,56025,Natrona County,64.72,2019,2023
56,Wyoming,56027,Niobrara County,8.64,2019,2023
56,Wyoming,56029,Park County,54.339999999999996,2019,2023
56,Wyoming,56031,Platte County,22.06,2019,2023
56,Wyoming,56033,Sheridan County,33.78,2019,2023
56,Wyoming,56035,Sublette County,29.619999999999997,2019,2023
56,Wyoming,56037,Sweetwater County,74.72,2019,2023
56,Wyoming,56039,Teton County,48.96,2019,2023
56,Wyoming,56041,Uinta County,58.04,2019,2023
56,Wyoming,56043,Washakie County,73.47999999999999,2019,2023
56,Wyoming,56045,Weston County,7.76,2019,2023
